grupo_id,producto_id,origen,activo
G-00000000000900,P-GR-004A76FB7E10,GrupLAC: producto listado en la ficha,1
G-00000000000900,P-GR-005607962918,GrupLAC: producto listado en la ficha,1
G-00000000000900,P-GR-007A3887D6E6,GrupLAC: producto listado en la ficha,1
G-00000000000900,P-GR-00FA63C15D26,GrupLAC: producto listado en la ficha,1
G-00000000000900,P-GR-010BCBCBF641,GrupLAC: producto listado en la ficha,1
G-00000000000900,P-GR-0181D96BDD14,GrupLAC: producto listado en la ficha,1
G-00000000000900,P-GR-01FE644CA78A,GrupLAC: producto listado en la ficha,1
G-00000000000900,P-GR-027281E8690D,GrupLAC: producto listado en la ficha,1
G-00000000000900,P-GR-038623C152F5,GrupLAC: producto listado en la ficha,1
G-00000000000900,P-GR-047E3425A4C1,GrupLAC: producto listado en la ficha,1
G-00000000000900,P-GR-04C823DD76E5,GrupLAC: producto listado en la ficha,1
G-00000000000900,P-GR-04EF9C477337,GrupLAC: producto listado en la ficha,1
G-00000000000900,P-GR-05799E2BA7AF,GrupLAC: producto listado en la ficha,1
G-00000000000900,P-GR-05DC58A161C9,GrupLAC: producto listado en la ficha,1
G-00000000000900,P-GR-06694842E6BD,GrupLAC: producto listado en la ficha,1
G-00000000000900,P-GR-077F947BFA23,GrupLAC: producto listado en la ficha,1
G-00000000000900,P-GR-086D16CC89E6,GrupLAC: producto listado en la ficha,1
G-00000000000900,P-GR-08C1A9961B3F,GrupLAC: producto listado en la ficha,1
G-00000000000900,P-GR-08E672BEBB9A,GrupLAC: producto listado en la ficha,1
G-00000000000900,P-GR-0AF57D074A8E,GrupLAC: producto listado en la ficha,1
G-00000000000900,P-GR-0C64252E947B,GrupLAC: producto listado en la ficha,1
G-00000000000900,P-GR-0D142841E474,GrupLAC: producto listado en la ficha,1
G-00000000000900,P-GR-0DCC3C509438,GrupLAC: producto listado en la ficha,1
G-00000000000900,P-GR-0E071DB03892,GrupLAC: producto listado en la ficha,1
G-00000000000900,P-GR-0F27C1E89ADC,GrupLAC: producto listado en la ficha,1
G-00000000000900,P-GR-0F7220CD6A6C,GrupLAC: producto listado en la ficha,1
G-00000000000900,P-GR-1084B25A4CD3,GrupLAC: producto listado en la ficha,1
G-00000000000900,P-GR-115BF922FEBA,GrupLAC: producto listado en la ficha,1
G-00000000000900,P-GR-11AEFCD3B300,GrupLAC: producto listado en la ficha,1
G-00000000000900,P-GR-1220F9A4B07A,GrupLAC: producto listado en la ficha,1
G-00000000000900,P-GR-13B160AC0FB1,GrupLAC: producto listado en la ficha,1
G-00000000000900,P-GR-1487684367B2,GrupLAC: producto listado en la ficha,1
G-00000000000900,P-GR-160DC4640047,GrupLAC: producto listado en la ficha,1
G-00000000000900,P-GR-16A0D31B14F0,GrupLAC: producto listado en la ficha,1
G-00000000000900,P-GR-16B82ABD886A,GrupLAC: producto listado en la ficha,1
G-00000000000900,P-GR-173B14161171,GrupLAC: producto listado en la ficha,1
G-00000000000900,P-GR-176887D2FD17,GrupLAC: producto listado en la ficha,1
G-00000000000900,P-GR-18BCF4B74937,GrupLAC: producto listado en la ficha,1
G-00000000000900,P-GR-19275442013A,GrupLAC: producto listado en la ficha,1
G-00000000000900,P-GR-198D6B97CD03,GrupLAC: producto listado en la ficha,1
G-00000000000900,P-GR-1A07BFB0D644,GrupLAC: producto listado en la ficha,1
G-00000000000900,P-GR-1A468449A3D5,GrupLAC: producto listado en la ficha,1
G-00000000000900,P-GR-1A56EB6FE3BF,GrupLAC: producto listado en la ficha,1
G-00000000000900,P-GR-1ADC37167180,GrupLAC: producto listado en la ficha,1
G-00000000000900,P-GR-1B7CDD6AD209,GrupLAC: producto listado en la ficha,1
G-00000000000900,P-GR-1C10EAE37000,GrupLAC: producto listado en la ficha,1
G-00000000000900,P-GR-1D378AF34141,GrupLAC: producto listado en la ficha,1
G-00000000000900,P-GR-1EFC6B5E16DB,GrupLAC: producto listado en la ficha,1
G-00000000000900,P-GR-1F8FB750B226,GrupLAC: producto listado en la ficha,1
G-00000000000900,P-GR-208B409428C4,GrupLAC: producto listado en la ficha,1
G-00000000000900,P-GR-211B2477F238,GrupLAC: producto listado en la ficha,1
G-00000000000900,P-GR-211DBEDCD623,GrupLAC: producto listado en la ficha,1
G-00000000000900,P-GR-21A1D7BBF78B,GrupLAC: producto listado en la ficha,1
G-00000000000900,P-GR-21A9ED9555D5,GrupLAC: producto listado en la ficha,1
G-00000000000900,P-GR-21BF855A9D46,GrupLAC: producto listado en la ficha,1
G-00000000000900,P-GR-21C9F487FCEA,GrupLAC: producto listado en la ficha,1
G-00000000000900,P-GR-228D09488B53,GrupLAC: producto listado en la ficha,1
G-00000000000900,P-GR-23331E609397,GrupLAC: producto listado en la ficha,1
G-00000000000900,P-GR-23C86FC8F83E,GrupLAC: producto listado en la ficha,1
G-00000000000900,P-GR-246CB4246DBB,GrupLAC: producto listado en la ficha,1
G-00000000000900,P-GR-2477C6516C9A,GrupLAC: producto listado en la ficha,1
G-00000000000900,P-GR-2481E3050CFD,GrupLAC: producto listado en la ficha,1
G-00000000000900,P-GR-2516ECC13517,GrupLAC: producto listado en la ficha,1
G-00000000000900,P-GR-257A0C0D2D51,GrupLAC: producto listado en la ficha,1
G-00000000000900,P-GR-25A1C36774AE,GrupLAC: producto listado en la ficha,1
G-00000000000900,P-GR-26BC3C9DC52E,GrupLAC: producto listado en la ficha,1
G-00000000000900,P-GR-27FCD3308B1F,GrupLAC: producto listado en la ficha,1
G-00000000000900,P-GR-2927C52EB25A,GrupLAC: producto listado en la ficha,1
G-00000000000900,P-GR-2A22403910D7,GrupLAC: producto listado en la ficha,1
G-00000000000900,P-GR-2A3E55754F3D,GrupLAC: producto listado en la ficha,1
G-00000000000900,P-GR-2C5D22FCD1A5,GrupLAC: producto listado en la ficha,1
G-00000000000900,P-GR-2E82F5185764,GrupLAC: producto listado en la ficha,1
G-00000000000900,P-GR-2EDAAB9371E1,GrupLAC: producto listado en la ficha,1
G-00000000000900,P-GR-2F8C53EDB73F,GrupLAC: producto listado en la ficha,1
G-00000000000900,P-GR-2FAEFFEAA2FC,GrupLAC: producto listado en la ficha,1
G-00000000000900,P-GR-3003E9999E04,GrupLAC: producto listado en la ficha,1
G-00000000000900,P-GR-308AAA7B5E32,GrupLAC: producto listado en la ficha,1
G-00000000000900,P-GR-3139932B5D4E,GrupLAC: producto listado en la ficha,1
G-00000000000900,P-GR-31BE24B2016F,GrupLAC: producto listado en la ficha,1
G-00000000000900,P-GR-31EC379C8E74,GrupLAC: producto listado en la ficha,1
G-00000000000900,P-GR-347E73A39C69,GrupLAC: producto listado en la ficha,1
G-00000000000900,P-GR-34C08C6A773C,GrupLAC: producto listado en la ficha,1
G-00000000000900,P-GR-350F70E210BF,GrupLAC: producto listado en la ficha,1
G-00000000000900,P-GR-351E051663B2,GrupLAC: producto listado en la ficha,1
G-00000000000900,P-GR-3543048A05B1,GrupLAC: producto listado en la ficha,1
G-00000000000900,P-GR-3684846ACB34,GrupLAC: producto listado en la ficha,1
G-00000000000900,P-GR-36A642CC1D96,GrupLAC: producto listado en la ficha,1
G-00000000000900,P-GR-3742035570D8,GrupLAC: producto listado en la ficha,1
G-00000000000900,P-GR-38CB8BB32652,GrupLAC: producto listado en la ficha,1
G-00000000000900,P-GR-38EF1822FC93,GrupLAC: producto listado en la ficha,1
G-00000000000900,P-GR-38F5A668E274,GrupLAC: producto listado en la ficha,1
G-00000000000900,P-GR-392D15F0CFD9,GrupLAC: producto listado en la ficha,1
G-00000000000900,P-GR-395480022EB3,GrupLAC: producto listado en la ficha,1
G-00000000000900,P-GR-39E227417FE9,GrupLAC: producto listado en la ficha,1
G-00000000000900,P-GR-3A46912CFDB6,GrupLAC: producto listado en la ficha,1
G-00000000000900,P-GR-3A5D1E511789,GrupLAC: producto listado en la ficha,1
G-00000000000900,P-GR-3B86F368D014,GrupLAC: producto listado en la ficha,1
G-00000000000900,P-GR-3BDAE5555EF3,GrupLAC: producto listado en la ficha,1
G-00000000000900,P-GR-3C9D5E7F1A41,GrupLAC: producto listado en la ficha,1
G-00000000000900,P-GR-3EB7D904FCE1,GrupLAC: producto listado en la ficha,1
G-00000000000900,P-GR-3FA61C268363,GrupLAC: producto listado en la ficha,1
G-00000000000900,P-GR-401D483B3B78,GrupLAC: producto listado en la ficha,1
G-00000000000900,P-GR-4088E274EBF4,GrupLAC: producto listado en la ficha,1
G-00000000000900,P-GR-410DE4FE4114,GrupLAC: producto listado en la ficha,1
G-00000000000900,P-GR-41906F16FB00,GrupLAC: producto listado en la ficha,1
G-00000000000900,P-GR-4197127B6763,GrupLAC: producto listado en la ficha,1
G-00000000000900,P-GR-42422D269376,GrupLAC: producto listado en la ficha,1
G-00000000000900,P-GR-42740286D07E,GrupLAC: producto listado en la ficha,1
G-00000000000900,P-GR-4380CDA02D09,GrupLAC: producto listado en la ficha,1
G-00000000000900,P-GR-444B11B58B26,GrupLAC: producto listado en la ficha,1
G-00000000000900,P-GR-447F62452F45,GrupLAC: producto listado en la ficha,1
G-00000000000900,P-GR-44C6C10E9E74,GrupLAC: producto listado en la ficha,1
G-00000000000900,P-GR-4628FAF3EE43,GrupLAC: producto listado en la ficha,1
G-00000000000900,P-GR-477F0BBE2DCD,GrupLAC: producto listado en la ficha,1
G-00000000000900,P-GR-47CF68A59F35,GrupLAC: producto listado en la ficha,1
G-00000000000900,P-GR-47FEFB0006B3,GrupLAC: producto listado en la ficha,1
G-00000000000900,P-GR-483D7AF4FCC7,GrupLAC: producto listado en la ficha,1
G-00000000000900,P-GR-4998AD515724,GrupLAC: producto listado en la ficha,1
G-00000000000900,P-GR-4A12643A0634,GrupLAC: producto listado en la ficha,1
G-00000000000900,P-GR-4A8337B55B03,GrupLAC: producto listado en la ficha,1
G-00000000000900,P-GR-4C12E52993B3,GrupLAC: producto listado en la ficha,1
G-00000000000900,P-GR-4C223099B6C6,GrupLAC: producto listado en la ficha,1
G-00000000000900,P-GR-4C3B0521C469,GrupLAC: producto listado en la ficha,1
G-00000000000900,P-GR-4CE6144F3003,GrupLAC: producto listado en la ficha,1
G-00000000000900,P-GR-4D6902DB481F,GrupLAC: producto listado en la ficha,1
G-00000000000900,P-GR-4E578B9243F4,GrupLAC: producto listado en la ficha,1
G-00000000000900,P-GR-4E7EECFC1BB0,GrupLAC: producto listado en la ficha,1
G-00000000000900,P-GR-4F2AEDD80082,GrupLAC: producto listado en la ficha,1
G-00000000000900,P-GR-50302058FEF2,GrupLAC: producto listado en la ficha,1
G-00000000000900,P-GR-509A965610FC,GrupLAC: producto listado en la ficha,1
G-00000000000900,P-GR-5119C05E5BBA,GrupLAC: producto listado en la ficha,1
G-00000000000900,P-GR-5185B10D5731,GrupLAC: producto listado en la ficha,1
G-00000000000900,P-GR-51A54B3A8B9A,GrupLAC: producto listado en la ficha,1
G-00000000000900,P-GR-51F374B304BF,GrupLAC: producto listado en la ficha,1
G-00000000000900,P-GR-522BE67262D5,GrupLAC: producto listado en la ficha,1
G-00000000000900,P-GR-527816646E50,GrupLAC: producto listado en la ficha,1
G-00000000000900,P-GR-527EA6910F2E,GrupLAC: producto listado en la ficha,1
G-00000000000900,P-GR-5284AC452B71,GrupLAC: producto listado en la ficha,1
G-00000000000900,P-GR-52B92C378F34,GrupLAC: producto listado en la ficha,1
G-00000000000900,P-GR-53423BBAE693,GrupLAC: producto listado en la ficha,1
G-00000000000900,P-GR-5386EE4F2FDA,GrupLAC: producto listado en la ficha,1
G-00000000000900,P-GR-53E457D9FE1A,GrupLAC: producto listado en la ficha,1
G-00000000000900,P-GR-546433942E48,GrupLAC: producto listado en la ficha,1
G-00000000000900,P-GR-5490D356C67E,GrupLAC: producto listado en la ficha,1
G-00000000000900,P-GR-55064C0DF4BA,GrupLAC: producto listado en la ficha,1
G-00000000000900,P-GR-552B3C0A8CFE,GrupLAC: producto listado en la ficha,1
G-00000000000900,P-GR-55BEC5103156,GrupLAC: producto listado en la ficha,1
G-00000000000900,P-GR-56149BD9E59F,GrupLAC: producto listado en la ficha,1
G-00000000000900,P-GR-565D4837400F,GrupLAC: producto listado en la ficha,1
G-00000000000900,P-GR-569894154E10,GrupLAC: producto listado en la ficha,1
G-00000000000900,P-GR-56BD695ECED6,GrupLAC: producto listado en la ficha,1
G-00000000000900,P-GR-5707034B088A,GrupLAC: producto listado en la ficha,1
G-00000000000900,P-GR-590217EC9BD5,GrupLAC: producto listado en la ficha,1
G-00000000000900,P-GR-599B4BB7F40B,GrupLAC: producto listado en la ficha,1
G-00000000000900,P-GR-59FC9CBCD2EA,GrupLAC: producto listado en la ficha,1
G-00000000000900,P-GR-5AE2492D63D3,GrupLAC: producto listado en la ficha,1
G-00000000000900,P-GR-5C43E609DFCB,GrupLAC: producto listado en la ficha,1
G-00000000000900,P-GR-5D1F5F9A9D55,GrupLAC: producto listado en la ficha,1
G-00000000000900,P-GR-5E38CD2C83A9,GrupLAC: producto listado en la ficha,1
G-00000000000900,P-GR-5FC1262322B5,GrupLAC: producto listado en la ficha,1
G-00000000000900,P-GR-5FDE5E61B095,GrupLAC: producto listado en la ficha,1
G-00000000000900,P-GR-5FE679EBB92C,GrupLAC: producto listado en la ficha,1
G-00000000000900,P-GR-6024F02CD37C,GrupLAC: producto listado en la ficha,1
G-00000000000900,P-GR-60454481FB5D,GrupLAC: producto listado en la ficha,1
G-00000000000900,P-GR-608CB37C4FA0,GrupLAC: producto listado en la ficha,1
G-00000000000900,P-GR-612B987F4D1F,GrupLAC: producto listado en la ficha,1
G-00000000000900,P-GR-62E5C29C928C,GrupLAC: producto listado en la ficha,1
G-00000000000900,P-GR-64818EC94141,GrupLAC: producto listado en la ficha,1
G-00000000000900,P-GR-64E35FEF7DEB,GrupLAC: producto listado en la ficha,1
G-00000000000900,P-GR-64EE0CBDCFDF,GrupLAC: producto listado en la ficha,1
G-00000000000900,P-GR-66172217FECA,GrupLAC: producto listado en la ficha,1
G-00000000000900,P-GR-6678755D3DD2,GrupLAC: producto listado en la ficha,1
G-00000000000900,P-GR-66EFC0D680C6,GrupLAC: producto listado en la ficha,1
G-00000000000900,P-GR-67B26789E5E2,GrupLAC: producto listado en la ficha,1
G-00000000000900,P-GR-6A532769FD81,GrupLAC: producto listado en la ficha,1
G-00000000000900,P-GR-6B2011E4A7BB,GrupLAC: producto listado en la ficha,1
G-00000000000900,P-GR-6B42819D3978,GrupLAC: producto listado en la ficha,1
G-00000000000900,P-GR-6B501F338E92,GrupLAC: producto listado en la ficha,1
G-00000000000900,P-GR-6C0621051422,GrupLAC: producto listado en la ficha,1
G-00000000000900,P-GR-6C1B650632D7,GrupLAC: producto listado en la ficha,1
G-00000000000900,P-GR-6C830E6E94DD,GrupLAC: producto listado en la ficha,1
G-00000000000900,P-GR-6DDE1923CE93,GrupLAC: producto listado en la ficha,1
G-00000000000900,P-GR-6EA1A2F4B6BA,GrupLAC: producto listado en la ficha,1
G-00000000000900,P-GR-6F68B04C6EF9,GrupLAC: producto listado en la ficha,1
G-00000000000900,P-GR-6F92AF78E813,GrupLAC: producto listado en la ficha,1
G-00000000000900,P-GR-6F9A3E65F061,GrupLAC: producto listado en la ficha,1
G-00000000000900,P-GR-7008E237D3E8,GrupLAC: producto listado en la ficha,1
G-00000000000900,P-GR-7009E63444DA,GrupLAC: producto listado en la ficha,1
G-00000000000900,P-GR-70329C400561,GrupLAC: producto listado en la ficha,1
G-00000000000900,P-GR-72F9DAF1812E,GrupLAC: producto listado en la ficha,1
G-00000000000900,P-GR-73362199F2CA,GrupLAC: producto listado en la ficha,1
G-00000000000900,P-GR-74F8A60FC6AE,GrupLAC: producto listado en la ficha,1
G-00000000000900,P-GR-752C8BC86373,GrupLAC: producto listado en la ficha,1
G-00000000000900,P-GR-75AA4B8401D3,GrupLAC: producto listado en la ficha,1
G-00000000000900,P-GR-75F1F4504EC4,GrupLAC: producto listado en la ficha,1
G-00000000000900,P-GR-778C36277378,GrupLAC: producto listado en la ficha,1
G-00000000000900,P-GR-789B8B5BFED3,GrupLAC: producto listado en la ficha,1
G-00000000000900,P-GR-7A9832C4F911,GrupLAC: producto listado en la ficha,1
G-00000000000900,P-GR-7ACF5E8A6810,GrupLAC: producto listado en la ficha,1
G-00000000000900,P-GR-7ADB9074403E,GrupLAC: producto listado en la ficha,1
G-00000000000900,P-GR-7B0E30BF5F23,GrupLAC: producto listado en la ficha,1
G-00000000000900,P-GR-7B1C4758FF42,GrupLAC: producto listado en la ficha,1
G-00000000000900,P-GR-7BC7ECEC5EB0,GrupLAC: producto listado en la ficha,1
G-00000000000900,P-GR-7C597A994AD6,GrupLAC: producto listado en la ficha,1
G-00000000000900,P-GR-7CA6B560EB2C,GrupLAC: producto listado en la ficha,1
G-00000000000900,P-GR-7E428B09D735,GrupLAC: producto listado en la ficha,1
G-00000000000900,P-GR-7E470747110E,GrupLAC: producto listado en la ficha,1
G-00000000000900,P-GR-7F7980218C70,GrupLAC: producto listado en la ficha,1
G-00000000000900,P-GR-7FFE9432DE63,GrupLAC: producto listado en la ficha,1
G-00000000000900,P-GR-800C059DEA1E,GrupLAC: producto listado en la ficha,1
G-00000000000900,P-GR-8045347B1920,GrupLAC: producto listado en la ficha,1
G-00000000000900,P-GR-80F91BA73655,GrupLAC: producto listado en la ficha,1
G-00000000000900,P-GR-826227AADD07,GrupLAC: producto listado en la ficha,1
G-00000000000900,P-GR-827E69FB6DBB,GrupLAC: producto listado en la ficha,1
G-00000000000900,P-GR-82FA726024E8,GrupLAC: producto listado en la ficha,1
G-00000000000900,P-GR-841FED665573,GrupLAC: producto listado en la ficha,1
G-00000000000900,P-GR-8430A766FFC5,GrupLAC: producto listado en la ficha,1
G-00000000000900,P-GR-8434D0FFBDF0,GrupLAC: producto listado en la ficha,1
G-00000000000900,P-GR-8450C1DE4F58,GrupLAC: producto listado en la ficha,1
G-00000000000900,P-GR-8484C33723A9,GrupLAC: producto listado en la ficha,1
G-00000000000900,P-GR-861F5D65637F,GrupLAC: producto listado en la ficha,1
G-00000000000900,P-GR-86A77012C97D,GrupLAC: producto listado en la ficha,1
G-00000000000900,P-GR-86C4AE9ACBA3,GrupLAC: producto listado en la ficha,1
G-00000000000900,P-GR-87CE86D18924,GrupLAC: producto listado en la ficha,1
G-00000000000900,P-GR-88CDD4563DB1,GrupLAC: producto listado en la ficha,1
G-00000000000900,P-GR-895691AAB12D,GrupLAC: producto listado en la ficha,1
G-00000000000900,P-GR-8A68A24EB982,GrupLAC: producto listado en la ficha,1
G-00000000000900,P-GR-8A6EB2FA46AC,GrupLAC: producto listado en la ficha,1
G-00000000000900,P-GR-8A779229BB4D,GrupLAC: producto listado en la ficha,1
G-00000000000900,P-GR-8C7F94D46475,GrupLAC: producto listado en la ficha,1
G-00000000000900,P-GR-8D02C7FA350A,GrupLAC: producto listado en la ficha,1
G-00000000000900,P-GR-8DCD14757D78,GrupLAC: producto listado en la ficha,1
G-00000000000900,P-GR-8E1EC3897EAC,GrupLAC: producto listado en la ficha,1
G-00000000000900,P-GR-8FD3DBC571EA,GrupLAC: producto listado en la ficha,1
G-00000000000900,P-GR-90325BD27A6F,GrupLAC: producto listado en la ficha,1
G-00000000000900,P-GR-907B1B9FAED4,GrupLAC: producto listado en la ficha,1
G-00000000000900,P-GR-908047D1497F,GrupLAC: producto listado en la ficha,1
G-00000000000900,P-GR-91894E5F6687,GrupLAC: producto listado en la ficha,1
G-00000000000900,P-GR-93D0AFF87444,GrupLAC: producto listado en la ficha,1
G-00000000000900,P-GR-94AB57301F12,GrupLAC: producto listado en la ficha,1
G-00000000000900,P-GR-95FD30DE1167,GrupLAC: producto listado en la ficha,1
G-00000000000900,P-GR-9626A0BF4793,GrupLAC: producto listado en la ficha,1
G-00000000000900,P-GR-963AD759F290,GrupLAC: producto listado en la ficha,1
G-00000000000900,P-GR-9761F569CB80,GrupLAC: producto listado en la ficha,1
G-00000000000900,P-GR-977DE20D6753,GrupLAC: producto listado en la ficha,1
G-00000000000900,P-GR-985D24338E6E,GrupLAC: producto listado en la ficha,1
G-00000000000900,P-GR-996E48A54688,GrupLAC: producto listado en la ficha,1
G-00000000000900,P-GR-99B73EA679CC,GrupLAC: producto listado en la ficha,1
G-00000000000900,P-GR-99F9BE36F7B5,GrupLAC: producto listado en la ficha,1
G-00000000000900,P-GR-9B21134D75C8,GrupLAC: producto listado en la ficha,1
G-00000000000900,P-GR-9C65D27B0141,GrupLAC: producto listado en la ficha,1
G-00000000000900,P-GR-9CD995BC39D8,GrupLAC: producto listado en la ficha,1
G-00000000000900,P-GR-9D9D5D1D6FA5,GrupLAC: producto listado en la ficha,1
G-00000000000900,P-GR-9E77DC301D4B,GrupLAC: producto listado en la ficha,1
G-00000000000900,P-GR-9F4BFDC11A32,GrupLAC: producto listado en la ficha,1
G-00000000000900,P-GR-A01271D54BF3,GrupLAC: producto listado en la ficha,1
G-00000000000900,P-GR-A0854CA49996,GrupLAC: producto listado en la ficha,1
G-00000000000900,P-GR-A139A1503FCD,GrupLAC: producto listado en la ficha,1
G-00000000000900,P-GR-A2436B546A61,GrupLAC: producto listado en la ficha,1
G-00000000000900,P-GR-A2FC751670EC,GrupLAC: producto listado en la ficha,1
G-00000000000900,P-GR-A3B637F950B6,GrupLAC: producto listado en la ficha,1
G-00000000000900,P-GR-A56E65F197FB,GrupLAC: producto listado en la ficha,1
G-00000000000900,P-GR-A58AB6D0F35C,GrupLAC: producto listado en la ficha,1
G-00000000000900,P-GR-A60C8253D956,GrupLAC: producto listado en la ficha,1
G-00000000000900,P-GR-A73907D6B4F0,GrupLAC: producto listado en la ficha,1
G-00000000000900,P-GR-A7DB082DD6CB,GrupLAC: producto listado en la ficha,1
G-00000000000900,P-GR-A7EB5D0814E4,GrupLAC: producto listado en la ficha,1
G-00000000000900,P-GR-A835E9590170,GrupLAC: producto listado en la ficha,1
G-00000000000900,P-GR-A9FB2A9C1D74,GrupLAC: producto listado en la ficha,1
G-00000000000900,P-GR-AA1AEB59915F,GrupLAC: producto listado en la ficha,1
G-00000000000900,P-GR-AA867D617661,GrupLAC: producto listado en la ficha,1
G-00000000000900,P-GR-ABD3FD8BCD09,GrupLAC: producto listado en la ficha,1
G-00000000000900,P-GR-AC1511E3CC5F,GrupLAC: producto listado en la ficha,1
G-00000000000900,P-GR-AC8425A25088,GrupLAC: producto listado en la ficha,1
G-00000000000900,P-GR-ACBA586F48EC,GrupLAC: producto listado en la ficha,1
G-00000000000900,P-GR-ADE82027C3ED,GrupLAC: producto listado en la ficha,1
G-00000000000900,P-GR-AFC84854CEB9,GrupLAC: producto listado en la ficha,1
G-00000000000900,P-GR-B075DF38750C,GrupLAC: producto listado en la ficha,1
G-00000000000900,P-GR-B20BD75CB381,GrupLAC: producto listado en la ficha,1
G-00000000000900,P-GR-B26A8F9DB419,GrupLAC: producto listado en la ficha,1
G-00000000000900,P-GR-B34547C58CF8,GrupLAC: producto listado en la ficha,1
G-00000000000900,P-GR-B3A2A454C19F,GrupLAC: producto listado en la ficha,1
G-00000000000900,P-GR-B41B3A9F8AE0,GrupLAC: producto listado en la ficha,1
G-00000000000900,P-GR-B4ADE39416A9,GrupLAC: producto listado en la ficha,1
G-00000000000900,P-GR-B4DB272DCF8E,GrupLAC: producto listado en la ficha,1
G-00000000000900,P-GR-B50B4CDF4FB5,GrupLAC: producto listado en la ficha,1
G-00000000000900,P-GR-B6DE80568D1E,GrupLAC: producto listado en la ficha,1
G-00000000000900,P-GR-B8AFB498D8A5,GrupLAC: producto listado en la ficha,1
G-00000000000900,P-GR-B92954FCBCF2,GrupLAC: producto listado en la ficha,1
G-00000000000900,P-GR-B95E283D37D3,GrupLAC: producto listado en la ficha,1
G-00000000000900,P-GR-B9E43383B20F,GrupLAC: producto listado en la ficha,1
G-00000000000900,P-GR-B9E7FB21A554,GrupLAC: producto listado en la ficha,1
G-00000000000900,P-GR-BA048360C4E3,GrupLAC: producto listado en la ficha,1
G-00000000000900,P-GR-BA4350231202,GrupLAC: producto listado en la ficha,1
G-00000000000900,P-GR-BB17CF969413,GrupLAC: producto listado en la ficha,1
G-00000000000900,P-GR-BB9BA1C32E2A,GrupLAC: producto listado en la ficha,1
G-00000000000900,P-GR-BBE75E947B20,GrupLAC: producto listado en la ficha,1
G-00000000000900,P-GR-BCBBB9B8717C,GrupLAC: producto listado en la ficha,1
G-00000000000900,P-GR-BD2F1D1911B8,GrupLAC: producto listado en la ficha,1
G-00000000000900,P-GR-BD851EA5D048,GrupLAC: producto listado en la ficha,1
G-00000000000900,P-GR-BDC562C274A7,GrupLAC: producto listado en la ficha,1
G-00000000000900,P-GR-BEF57D2B60DB,GrupLAC: producto listado en la ficha,1
G-00000000000900,P-GR-BFA042B2ADB5,GrupLAC: producto listado en la ficha,1
G-00000000000900,P-GR-BFC6E0DF2FEE,GrupLAC: producto listado en la ficha,1
G-00000000000900,P-GR-BFF4FF340924,GrupLAC: producto listado en la ficha,1
G-00000000000900,P-GR-C1468D0BB6B8,GrupLAC: producto listado en la ficha,1
G-00000000000900,P-GR-C1E315B3E8B8,GrupLAC: producto listado en la ficha,1
G-00000000000900,P-GR-C2125B6BB822,GrupLAC: producto listado en la ficha,1
G-00000000000900,P-GR-C24F7166AE28,GrupLAC: producto listado en la ficha,1
G-00000000000900,P-GR-C363CB26750A,GrupLAC: producto listado en la ficha,1
G-00000000000900,P-GR-C3925A8B7220,GrupLAC: producto listado en la ficha,1
G-00000000000900,P-GR-C3DB59784124,GrupLAC: producto listado en la ficha,1
G-00000000000900,P-GR-C58EBAEE9AA6,GrupLAC: producto listado en la ficha,1
G-00000000000900,P-GR-C6219470A8DD,GrupLAC: producto listado en la ficha,1
G-00000000000900,P-GR-C684993814B4,GrupLAC: producto listado en la ficha,1
G-00000000000900,P-GR-C695083EDE4D,GrupLAC: producto listado en la ficha,1
G-00000000000900,P-GR-C6D990673D8B,GrupLAC: producto listado en la ficha,1
G-00000000000900,P-GR-C77EB209FF57,GrupLAC: producto listado en la ficha,1
G-00000000000900,P-GR-C973D79FE372,GrupLAC: producto listado en la ficha,1
G-00000000000900,P-GR-C9D2350BC4E1,GrupLAC: producto listado en la ficha,1
G-00000000000900,P-GR-CA9CE4E21B34,GrupLAC: producto listado en la ficha,1
G-00000000000900,P-GR-CB2D7CAE7886,GrupLAC: producto listado en la ficha,1
G-00000000000900,P-GR-CC2045C00681,GrupLAC: producto listado en la ficha,1
G-00000000000900,P-GR-CD563795BCCA,GrupLAC: producto listado en la ficha,1
G-00000000000900,P-GR-CEB08826E714,GrupLAC: producto listado en la ficha,1
G-00000000000900,P-GR-CEFA13A70AC1,GrupLAC: producto listado en la ficha,1
G-00000000000900,P-GR-CFDF480177C8,GrupLAC: producto listado en la ficha,1
G-00000000000900,P-GR-D00F9899CA2B,GrupLAC: producto listado en la ficha,1
G-00000000000900,P-GR-D1E33D32BC70,GrupLAC: producto listado en la ficha,1
G-00000000000900,P-GR-D23DAE8F87CA,GrupLAC: producto listado en la ficha,1
G-00000000000900,P-GR-D2C2DD630E06,GrupLAC: producto listado en la ficha,1
G-00000000000900,P-GR-D35D0DD73D11,GrupLAC: producto listado en la ficha,1
G-00000000000900,P-GR-D381660D5AE4,GrupLAC: producto listado en la ficha,1
G-00000000000900,P-GR-D3DF0318FC08,GrupLAC: producto listado en la ficha,1
G-00000000000900,P-GR-D41105D3DDC0,GrupLAC: producto listado en la ficha,1
G-00000000000900,P-GR-D45AE7CFF938,GrupLAC: producto listado en la ficha,1
G-00000000000900,P-GR-D4ACC5B92A57,GrupLAC: producto listado en la ficha,1
G-00000000000900,P-GR-D503B94682A5,GrupLAC: producto listado en la ficha,1
G-00000000000900,P-GR-D5C49CF28C52,GrupLAC: producto listado en la ficha,1
G-00000000000900,P-GR-D68380770AD6,GrupLAC: producto listado en la ficha,1
G-00000000000900,P-GR-D715769316BD,GrupLAC: producto listado en la ficha,1
G-00000000000900,P-GR-D7392978F549,GrupLAC: producto listado en la ficha,1
G-00000000000900,P-GR-D7581FDD8001,GrupLAC: producto listado en la ficha,1
G-00000000000900,P-GR-D7D40768D894,GrupLAC: producto listado en la ficha,1
G-00000000000900,P-GR-D7DDCE65BA74,GrupLAC: producto listado en la ficha,1
G-00000000000900,P-GR-D8F9B59345FD,GrupLAC: producto listado en la ficha,1
G-00000000000900,P-GR-D9CF61308849,GrupLAC: producto listado en la ficha,1
G-00000000000900,P-GR-DAAEAA10B36B,GrupLAC: producto listado en la ficha,1
G-00000000000900,P-GR-DB5F31C8D02E,GrupLAC: producto listado en la ficha,1
G-00000000000900,P-GR-DC2F6EE4E53E,GrupLAC: producto listado en la ficha,1
G-00000000000900,P-GR-DC7C71E5E9EE,GrupLAC: producto listado en la ficha,1
G-00000000000900,P-GR-DC9E79B11D60,GrupLAC: producto listado en la ficha,1
G-00000000000900,P-GR-DDCEDB51894A,GrupLAC: producto listado en la ficha,1
G-00000000000900,P-GR-DDEEC92080BB,GrupLAC: producto listado en la ficha,1
G-00000000000900,P-GR-DF53F5EAE6D4,GrupLAC: producto listado en la ficha,1
G-00000000000900,P-GR-E034F7CA51F2,GrupLAC: producto listado en la ficha,1
G-00000000000900,P-GR-E23C095DAF32,GrupLAC: producto listado en la ficha,1
G-00000000000900,P-GR-E46B9BBA2BD2,GrupLAC: producto listado en la ficha,1
G-00000000000900,P-GR-E4762CD761CC,GrupLAC: producto listado en la ficha,1
G-00000000000900,P-GR-E502272367FB,GrupLAC: producto listado en la ficha,1
G-00000000000900,P-GR-E50844D7D91B,GrupLAC: producto listado en la ficha,1
G-00000000000900,P-GR-E51511BC46B8,GrupLAC: producto listado en la ficha,1
G-00000000000900,P-GR-E5E0C41B482A,GrupLAC: producto listado en la ficha,1
G-00000000000900,P-GR-E658BABAADE5,GrupLAC: producto listado en la ficha,1
G-00000000000900,P-GR-E67182C28850,GrupLAC: producto listado en la ficha,1
G-00000000000900,P-GR-E690B6205A78,GrupLAC: producto listado en la ficha,1
G-00000000000900,P-GR-E6AC26C59A61,GrupLAC: producto listado en la ficha,1
G-00000000000900,P-GR-E71E6223942B,GrupLAC: producto listado en la ficha,1
G-00000000000900,P-GR-E964D516F5FF,GrupLAC: producto listado en la ficha,1
G-00000000000900,P-GR-E978E1FFF82D,GrupLAC: producto listado en la ficha,1
G-00000000000900,P-GR-E99E1C88B350,GrupLAC: producto listado en la ficha,1
G-00000000000900,P-GR-EA84D31EC0B1,GrupLAC: producto listado en la ficha,1
G-00000000000900,P-GR-EAFD8AAA74FF,GrupLAC: producto listado en la ficha,1
G-00000000000900,P-GR-EB0E48B365E4,GrupLAC: producto listado en la ficha,1
G-00000000000900,P-GR-EB299194E4F0,GrupLAC: producto listado en la ficha,1
G-00000000000900,P-GR-EBF836CAC4D2,GrupLAC: producto listado en la ficha,1
G-00000000000900,P-GR-EC97886600B5,GrupLAC: producto listado en la ficha,1
G-00000000000900,P-GR-EE31F8D5CC6C,GrupLAC: producto listado en la ficha,1
G-00000000000900,P-GR-EE3338171A5D,GrupLAC: producto listado en la ficha,1
G-00000000000900,P-GR-EEDFBDAFE28E,GrupLAC: producto listado en la ficha,1
G-00000000000900,P-GR-EF7103C92F1A,GrupLAC: producto listado en la ficha,1
G-00000000000900,P-GR-F05CE925E4DA,GrupLAC: producto listado en la ficha,1
G-00000000000900,P-GR-F07E502812CF,GrupLAC: producto listado en la ficha,1
G-00000000000900,P-GR-F120B3B3CCB0,GrupLAC: producto listado en la ficha,1
G-00000000000900,P-GR-F3A2720BF047,GrupLAC: producto listado en la ficha,1
G-00000000000900,P-GR-F3F17B6C2FCA,GrupLAC: producto listado en la ficha,1
G-00000000000900,P-GR-F4F48C6C4C10,GrupLAC: producto listado en la ficha,1
G-00000000000900,P-GR-F51F127929CA,GrupLAC: producto listado en la ficha,1
G-00000000000900,P-GR-F5973B7F914A,GrupLAC: producto listado en la ficha,1
G-00000000000900,P-GR-F6285C2A0224,GrupLAC: producto listado en la ficha,1
G-00000000000900,P-GR-F7AF172F8012,GrupLAC: producto listado en la ficha,1
G-00000000000900,P-GR-F9FF79E0ED7A,GrupLAC: producto listado en la ficha,1
G-00000000000900,P-GR-FA5E808F64B8,GrupLAC: producto listado en la ficha,1
G-00000000000900,P-GR-FABEB9A4D59E,GrupLAC: producto listado en la ficha,1
G-00000000000900,P-GR-FAE2F6BF03C4,GrupLAC: producto listado en la ficha,1
G-00000000000900,P-GR-FAEAECE23683,GrupLAC: producto listado en la ficha,1
G-00000000000900,P-GR-FB2A48F16B10,GrupLAC: producto listado en la ficha,1
G-00000000000900,P-GR-FDD27F0B780C,GrupLAC: producto listado en la ficha,1
G-00000000000900,P-GR-FE0C61B3EE52,GrupLAC: producto listado en la ficha,1
G-00000000000900,P-GR-FE56D03984BB,GrupLAC: producto listado en la ficha,1
G-00000000000900,P-GR-FFA173D4636D,GrupLAC: producto listado en la ficha,1
G-00000000001307,P-GR-0099DB54B723,GrupLAC: producto listado en la ficha,1
G-00000000001307,P-GR-026E011F599F,GrupLAC: producto listado en la ficha,1
G-00000000001307,P-GR-0290898F8435,GrupLAC: producto listado en la ficha,1
G-00000000001307,P-GR-032E40E8EB49,GrupLAC: producto listado en la ficha,1
G-00000000001307,P-GR-045E44C03ECF,GrupLAC: producto listado en la ficha,1
G-00000000001307,P-GR-046C0F6B7735,GrupLAC: producto listado en la ficha,1
G-00000000001307,P-GR-0519439035D1,GrupLAC: producto listado en la ficha,1
G-00000000001307,P-GR-0AA0709FEAD7,GrupLAC: producto listado en la ficha,1
G-00000000001307,P-GR-0C45C27C7675,GrupLAC: producto listado en la ficha,1
G-00000000001307,P-GR-0C4C888E8156,GrupLAC: producto listado en la ficha,1
G-00000000001307,P-GR-0F1CD4F1AE39,GrupLAC: producto listado en la ficha,1
G-00000000001307,P-GR-102D6A28A2CE,GrupLAC: producto listado en la ficha,1
G-00000000001307,P-GR-136C7FEA6856,GrupLAC: producto listado en la ficha,1
G-00000000001307,P-GR-164C555ED4E6,GrupLAC: producto listado en la ficha,1
G-00000000001307,P-GR-1841434B8AAF,GrupLAC: producto listado en la ficha,1
G-00000000001307,P-GR-195EA30E52F2,GrupLAC: producto listado en la ficha,1
G-00000000001307,P-GR-197F53CCAFD7,GrupLAC: producto listado en la ficha,1
G-00000000001307,P-GR-1C4CFACA4B6E,GrupLAC: producto listado en la ficha,1
G-00000000001307,P-GR-1D2B5A980F23,GrupLAC: producto listado en la ficha,1
G-00000000001307,P-GR-1FFF1ED7EF2D,GrupLAC: producto listado en la ficha,1
G-00000000001307,P-GR-21D22D5F0091,GrupLAC: producto listado en la ficha,1
G-00000000001307,P-GR-21DFE1560BAF,GrupLAC: producto listado en la ficha,1
G-00000000001307,P-GR-243CC559FE35,GrupLAC: producto listado en la ficha,1
G-00000000001307,P-GR-24D225ECE3AC,GrupLAC: producto listado en la ficha,1
G-00000000001307,P-GR-26C0435EB296,GrupLAC: producto listado en la ficha,1
G-00000000001307,P-GR-26C9ED62DAFC,GrupLAC: producto listado en la ficha,1
G-00000000001307,P-GR-27AE16733C1E,GrupLAC: producto listado en la ficha,1
G-00000000001307,P-GR-282FA4B2CAAB,GrupLAC: producto listado en la ficha,1
G-00000000001307,P-GR-295D81EF6FBD,GrupLAC: producto listado en la ficha,1
G-00000000001307,P-GR-2C4C58D46F7D,GrupLAC: producto listado en la ficha,1
G-00000000001307,P-GR-3020AE74E68B,GrupLAC: producto listado en la ficha,1
G-00000000001307,P-GR-3087AA264696,GrupLAC: producto listado en la ficha,1
G-00000000001307,P-GR-3313D6CC6931,GrupLAC: producto listado en la ficha,1
G-00000000001307,P-GR-34AA3BB6E613,GrupLAC: producto listado en la ficha,1
G-00000000001307,P-GR-34C743A17EE3,GrupLAC: producto listado en la ficha,1
G-00000000001307,P-GR-3666CF3139A0,GrupLAC: producto listado en la ficha,1
G-00000000001307,P-GR-3721E43CDB09,GrupLAC: producto listado en la ficha,1
G-00000000001307,P-GR-37EBAB182275,GrupLAC: producto listado en la ficha,1
G-00000000001307,P-GR-3896B3B2DAB3,GrupLAC: producto listado en la ficha,1
G-00000000001307,P-GR-395AC3841CC3,GrupLAC: producto listado en la ficha,1
G-00000000001307,P-GR-3A3E6F9B5BE2,GrupLAC: producto listado en la ficha,1
G-00000000001307,P-GR-3E5E3758C8EB,GrupLAC: producto listado en la ficha,1
G-00000000001307,P-GR-40220C167F59,GrupLAC: producto listado en la ficha,1
G-00000000001307,P-GR-4146B4893DB7,GrupLAC: producto listado en la ficha,1
G-00000000001307,P-GR-43B100F365F4,GrupLAC: producto listado en la ficha,1
G-00000000001307,P-GR-43CAA8774D5F,GrupLAC: producto listado en la ficha,1
G-00000000001307,P-GR-447A2F581D32,GrupLAC: producto listado en la ficha,1
G-00000000001307,P-GR-47AEA5A8A9D9,GrupLAC: producto listado en la ficha,1
G-00000000001307,P-GR-4878D0614CDF,GrupLAC: producto listado en la ficha,1
G-00000000001307,P-GR-48C64BB63223,GrupLAC: producto listado en la ficha,1
G-00000000001307,P-GR-4A63342DADB2,GrupLAC: producto listado en la ficha,1
G-00000000001307,P-GR-4B23B113039C,GrupLAC: producto listado en la ficha,1
G-00000000001307,P-GR-4D59B84AA695,GrupLAC: producto listado en la ficha,1
G-00000000001307,P-GR-4E96ECCD982B,GrupLAC: producto listado en la ficha,1
G-00000000001307,P-GR-4F7B2D1655EA,GrupLAC: producto listado en la ficha,1
G-00000000001307,P-GR-4FAB1F890209,GrupLAC: producto listado en la ficha,1
G-00000000001307,P-GR-51CC12E020B5,GrupLAC: producto listado en la ficha,1
G-00000000001307,P-GR-53CE271CD1BE,GrupLAC: producto listado en la ficha,1
G-00000000001307,P-GR-544CFBD8C448,GrupLAC: producto listado en la ficha,1
G-00000000001307,P-GR-54E55D6FCAFB,GrupLAC: producto listado en la ficha,1
G-00000000001307,P-GR-5973C1C5F4D3,GrupLAC: producto listado en la ficha,1
G-00000000001307,P-GR-5B0C7795CF63,GrupLAC: producto listado en la ficha,1
G-00000000001307,P-GR-5B859A6087AB,GrupLAC: producto listado en la ficha,1
G-00000000001307,P-GR-60BAF944B431,GrupLAC: producto listado en la ficha,1
G-00000000001307,P-GR-60E76F75B001,GrupLAC: producto listado en la ficha,1
G-00000000001307,P-GR-6186E5EE87D9,GrupLAC: producto listado en la ficha,1
G-00000000001307,P-GR-62C750071421,GrupLAC: producto listado en la ficha,1
G-00000000001307,P-GR-64A1425FFC37,GrupLAC: producto listado en la ficha,1
G-00000000001307,P-GR-64F8C90B86F0,GrupLAC: producto listado en la ficha,1
G-00000000001307,P-GR-666523ABB55E,GrupLAC: producto listado en la ficha,1
G-00000000001307,P-GR-6A2869C57737,GrupLAC: producto listado en la ficha,1
G-00000000001307,P-GR-6B0208EBE45F,GrupLAC: producto listado en la ficha,1
G-00000000001307,P-GR-6B261D36ACD7,GrupLAC: producto listado en la ficha,1
G-00000000001307,P-GR-6D367B2BAFB2,GrupLAC: producto listado en la ficha,1
G-00000000001307,P-GR-6DB23EB9F659,GrupLAC: producto listado en la ficha,1
G-00000000001307,P-GR-6ED58E311ACE,GrupLAC: producto listado en la ficha,1
G-00000000001307,P-GR-6FCD4457E81D,GrupLAC: producto listado en la ficha,1
G-00000000001307,P-GR-6FD1ED4815A4,GrupLAC: producto listado en la ficha,1
G-00000000001307,P-GR-70345A5879F5,GrupLAC: producto listado en la ficha,1
G-00000000001307,P-GR-71C5D4458A1B,GrupLAC: producto listado en la ficha,1
G-00000000001307,P-GR-7348E2585879,GrupLAC: producto listado en la ficha,1
G-00000000001307,P-GR-775762A9F44B,GrupLAC: producto listado en la ficha,1
G-00000000001307,P-GR-7C2EB526CF33,GrupLAC: producto listado en la ficha,1
G-00000000001307,P-GR-7D54EBB79523,GrupLAC: producto listado en la ficha,1
G-00000000001307,P-GR-7E0D65B9D412,GrupLAC: producto listado en la ficha,1
G-00000000001307,P-GR-7F873FC4F778,GrupLAC: producto listado en la ficha,1
G-00000000001307,P-GR-802BC7D9DD22,GrupLAC: producto listado en la ficha,1
G-00000000001307,P-GR-805432FD3A86,GrupLAC: producto listado en la ficha,1
G-00000000001307,P-GR-8061FCF6B98F,GrupLAC: producto listado en la ficha,1
G-00000000001307,P-GR-80FFBD9A856C,GrupLAC: producto listado en la ficha,1
G-00000000001307,P-GR-8494925599A9,GrupLAC: producto listado en la ficha,1
G-00000000001307,P-GR-84BD7757E94A,GrupLAC: producto listado en la ficha,1
G-00000000001307,P-GR-8A68A24EB982,GrupLAC: producto listado en la ficha,1
G-00000000001307,P-GR-8B921DE97D80,GrupLAC: producto listado en la ficha,1
G-00000000001307,P-GR-8E430169A6AB,GrupLAC: producto listado en la ficha,1
G-00000000001307,P-GR-8E56BB97066F,GrupLAC: producto listado en la ficha,1
G-00000000001307,P-GR-91A021EB8FB2,GrupLAC: producto listado en la ficha,1
G-00000000001307,P-GR-940F6561AD03,GrupLAC: producto listado en la ficha,1
G-00000000001307,P-GR-9598A3092A07,GrupLAC: producto listado en la ficha,1
G-00000000001307,P-GR-959BA9200C06,GrupLAC: producto listado en la ficha,1
G-00000000001307,P-GR-95C7BE60EED8,GrupLAC: producto listado en la ficha,1
G-00000000001307,P-GR-96107E4923B1,GrupLAC: producto listado en la ficha,1
G-00000000001307,P-GR-9C2923899C64,GrupLAC: producto listado en la ficha,1
G-00000000001307,P-GR-9E471C5D3B72,GrupLAC: producto listado en la ficha,1
G-00000000001307,P-GR-9E74BCCAAEF9,GrupLAC: producto listado en la ficha,1
G-00000000001307,P-GR-A02390542B82,GrupLAC: producto listado en la ficha,1
G-00000000001307,P-GR-A0901910AD1A,GrupLAC: producto listado en la ficha,1
G-00000000001307,P-GR-A1C3C4C03A31,GrupLAC: producto listado en la ficha,1
G-00000000001307,P-GR-A339DF9C102E,GrupLAC: producto listado en la ficha,1
G-00000000001307,P-GR-A7D956607136,GrupLAC: producto listado en la ficha,1
G-00000000001307,P-GR-A888D95F1AE6,GrupLAC: producto listado en la ficha,1
G-00000000001307,P-GR-A9DCE36BFB96,GrupLAC: producto listado en la ficha,1
G-00000000001307,P-GR-A9E7884A5331,GrupLAC: producto listado en la ficha,1
G-00000000001307,P-GR-AA42861E7845,GrupLAC: producto listado en la ficha,1
G-00000000001307,P-GR-AB961E6DD472,GrupLAC: producto listado en la ficha,1
G-00000000001307,P-GR-ACB4A73FE2A3,GrupLAC: producto listado en la ficha,1
G-00000000001307,P-GR-AE2B41355884,GrupLAC: producto listado en la ficha,1
G-00000000001307,P-GR-B157F49897A2,GrupLAC: producto listado en la ficha,1
G-00000000001307,P-GR-B16E0781F19B,GrupLAC: producto listado en la ficha,1
G-00000000001307,P-GR-B2402363856D,GrupLAC: producto listado en la ficha,1
G-00000000001307,P-GR-B2E2093E1A8B,GrupLAC: producto listado en la ficha,1
G-00000000001307,P-GR-B4C9CD9B110C,GrupLAC: producto listado en la ficha,1
G-00000000001307,P-GR-B59E843CDB79,GrupLAC: producto listado en la ficha,1
G-00000000001307,P-GR-B5C52B649C11,GrupLAC: producto listado en la ficha,1
G-00000000001307,P-GR-B643BD2490E6,GrupLAC: producto listado en la ficha,1
G-00000000001307,P-GR-B7A15A57A8AD,GrupLAC: producto listado en la ficha,1
G-00000000001307,P-GR-BB752E04E220,GrupLAC: producto listado en la ficha,1
G-00000000001307,P-GR-BBFB8683706A,GrupLAC: producto listado en la ficha,1
G-00000000001307,P-GR-BC7363BAAB12,GrupLAC: producto listado en la ficha,1
G-00000000001307,P-GR-BFE98929C3CF,GrupLAC: producto listado en la ficha,1
G-00000000001307,P-GR-C22B8BAAFCED,GrupLAC: producto listado en la ficha,1
G-00000000001307,P-GR-C2643CE7659D,GrupLAC: producto listado en la ficha,1
G-00000000001307,P-GR-C35342F82C6C,GrupLAC: producto listado en la ficha,1
G-00000000001307,P-GR-C47B62DE097F,GrupLAC: producto listado en la ficha,1
G-00000000001307,P-GR-C8683BD7483C,GrupLAC: producto listado en la ficha,1
G-00000000001307,P-GR-CBED32A9FC8B,GrupLAC: producto listado en la ficha,1
G-00000000001307,P-GR-CD13342964F2,GrupLAC: producto listado en la ficha,1
G-00000000001307,P-GR-CE92D55BDB6F,GrupLAC: producto listado en la ficha,1
G-00000000001307,P-GR-D04C88E4C913,GrupLAC: producto listado en la ficha,1
G-00000000001307,P-GR-D0CFE3172E7C,GrupLAC: producto listado en la ficha,1
G-00000000001307,P-GR-D2F8282DCCDD,GrupLAC: producto listado en la ficha,1
G-00000000001307,P-GR-D511E760267F,GrupLAC: producto listado en la ficha,1
G-00000000001307,P-GR-D58D8AE2DC00,GrupLAC: producto listado en la ficha,1
G-00000000001307,P-GR-D69F17248F56,GrupLAC: producto listado en la ficha,1
G-00000000001307,P-GR-D8A0F8A8C310,GrupLAC: producto listado en la ficha,1
G-00000000001307,P-GR-D9EDFC83FDC9,GrupLAC: producto listado en la ficha,1
G-00000000001307,P-GR-DC86CF53064F,GrupLAC: producto listado en la ficha,1
G-00000000001307,P-GR-DD186FCEFFCE,GrupLAC: producto listado en la ficha,1
G-00000000001307,P-GR-DF7F77660EFF,GrupLAC: producto listado en la ficha,1
G-00000000001307,P-GR-E22A1C060768,GrupLAC: producto listado en la ficha,1
G-00000000001307,P-GR-E233A125A8B3,GrupLAC: producto listado en la ficha,1
G-00000000001307,P-GR-E2B1C0B13DBE,GrupLAC: producto listado en la ficha,1
G-00000000001307,P-GR-E405C5996071,GrupLAC: producto listado en la ficha,1
G-00000000001307,P-GR-E51DFD80A6CB,GrupLAC: producto listado en la ficha,1
G-00000000001307,P-GR-E67ACE12A372,GrupLAC: producto listado en la ficha,1
G-00000000001307,P-GR-EA831084D3E8,GrupLAC: producto listado en la ficha,1
G-00000000001307,P-GR-EB4B4C92921A,GrupLAC: producto listado en la ficha,1
G-00000000001307,P-GR-EC945AF8811B,GrupLAC: producto listado en la ficha,1
G-00000000001307,P-GR-ECF2F5FAA588,GrupLAC: producto listado en la ficha,1
G-00000000001307,P-GR-EF6CFE1ED2C2,GrupLAC: producto listado en la ficha,1
G-00000000001307,P-GR-EFBA9B61EBA7,GrupLAC: producto listado en la ficha,1
G-00000000001307,P-GR-F0567CB95703,GrupLAC: producto listado en la ficha,1
G-00000000001307,P-GR-F12AD864F2CE,GrupLAC: producto listado en la ficha,1
G-00000000001307,P-GR-F24A2C4531BF,GrupLAC: producto listado en la ficha,1
G-00000000001307,P-GR-F26DB252BFB9,GrupLAC: producto listado en la ficha,1
G-00000000001307,P-GR-F35C928FA4F6,GrupLAC: producto listado en la ficha,1
G-00000000001307,P-GR-F36BB77B6591,GrupLAC: producto listado en la ficha,1
G-00000000001307,P-GR-F53F4353AD39,GrupLAC: producto listado en la ficha,1
G-00000000001307,P-GR-F6D7BA9222DA,GrupLAC: producto listado en la ficha,1
G-00000000001307,P-GR-F70FE5B95A56,GrupLAC: producto listado en la ficha,1
G-00000000001307,P-GR-F79BE6963536,GrupLAC: producto listado en la ficha,1
G-00000000001307,P-GR-F9A8B0D0A52C,GrupLAC: producto listado en la ficha,1
G-00000000001307,P-GR-FAB6732A8755,GrupLAC: producto listado en la ficha,1
G-00000000001307,P-GR-FB1CE0276231,GrupLAC: producto listado en la ficha,1
G-00000000001307,P-GR-FBFF0A679986,GrupLAC: producto listado en la ficha,1
G-00000000001307,P-GR-FC1099D6F4ED,GrupLAC: producto listado en la ficha,1
G-00000000001307,P-GR-FDC26D6A01ED,GrupLAC: producto listado en la ficha,1
G-00000000001307,P-GR-FE5332E680F9,GrupLAC: producto listado en la ficha,1
G-00000000001727,P-GR-0002B9681BD0,GrupLAC: producto listado en la ficha,1
G-00000000001727,P-GR-06E2433B7FD2,GrupLAC: producto listado en la ficha,1
G-00000000001727,P-GR-08D15226CC3D,GrupLAC: producto listado en la ficha,1
G-00000000001727,P-GR-0A45F96A3362,GrupLAC: producto listado en la ficha,1
G-00000000001727,P-GR-0F27C0728C80,GrupLAC: producto listado en la ficha,1
G-00000000001727,P-GR-2F62C7F1C2B0,GrupLAC: producto listado en la ficha,1
G-00000000001727,P-GR-33FC6DFB683D,GrupLAC: producto listado en la ficha,1
G-00000000001727,P-GR-361E53C63EC8,GrupLAC: producto listado en la ficha,1
G-00000000001727,P-GR-36272E262A4D,GrupLAC: producto listado en la ficha,1
G-00000000001727,P-GR-3A0286E3C705,GrupLAC: producto listado en la ficha,1
G-00000000001727,P-GR-3A4772D0A6BC,GrupLAC: producto listado en la ficha,1
G-00000000001727,P-GR-3DE5295C96AF,GrupLAC: producto listado en la ficha,1
G-00000000001727,P-GR-48D0F59A491D,GrupLAC: producto listado en la ficha,1
G-00000000001727,P-GR-51DD91395C9A,GrupLAC: producto listado en la ficha,1
G-00000000001727,P-GR-53BF348112C6,GrupLAC: producto listado en la ficha,1
G-00000000001727,P-GR-599C631D2122,GrupLAC: producto listado en la ficha,1
G-00000000001727,P-GR-6024D51FED30,GrupLAC: producto listado en la ficha,1
G-00000000001727,P-GR-67F6088D8992,GrupLAC: producto listado en la ficha,1
G-00000000001727,P-GR-68917E9E661F,GrupLAC: producto listado en la ficha,1
G-00000000001727,P-GR-6FC7C4BC8AE2,GrupLAC: producto listado en la ficha,1
G-00000000001727,P-GR-7001EB89B26F,GrupLAC: producto listado en la ficha,1
G-00000000001727,P-GR-7219973BF57E,GrupLAC: producto listado en la ficha,1
G-00000000001727,P-GR-73CFFC4E9EFA,GrupLAC: producto listado en la ficha,1
G-00000000001727,P-GR-7511642AC5AD,GrupLAC: producto listado en la ficha,1
G-00000000001727,P-GR-767D15A7FB69,GrupLAC: producto listado en la ficha,1
G-00000000001727,P-GR-93966E84C874,GrupLAC: producto listado en la ficha,1
G-00000000001727,P-GR-9E0AFFD88CE8,GrupLAC: producto listado en la ficha,1
G-00000000001727,P-GR-B1EE823E022E,GrupLAC: producto listado en la ficha,1
G-00000000001727,P-GR-B9A01AEA701C,GrupLAC: producto listado en la ficha,1
G-00000000001727,P-GR-BE2306CAC41E,GrupLAC: producto listado en la ficha,1
G-00000000001727,P-GR-C3B4DA58781E,GrupLAC: producto listado en la ficha,1
G-00000000001727,P-GR-C9C6A650435A,GrupLAC: producto listado en la ficha,1
G-00000000001727,P-GR-D0C74B5FA088,GrupLAC: producto listado en la ficha,1
G-00000000001727,P-GR-DC3EE33DF364,GrupLAC: producto listado en la ficha,1
G-00000000001727,P-GR-DEBFF7AE29A0,GrupLAC: producto listado en la ficha,1
G-00000000001727,P-GR-E29AABFE44C4,GrupLAC: producto listado en la ficha,1
G-00000000001727,P-GR-EA4AC00E6BF2,GrupLAC: producto listado en la ficha,1
G-00000000001727,P-GR-ED12DB96C419,GrupLAC: producto listado en la ficha,1
G-00000000001727,P-GR-FD894C607B79,GrupLAC: producto listado en la ficha,1
G-00000000001883,P-GR-01577CCB6CBB,GrupLAC: producto listado en la ficha,1
G-00000000001883,P-GR-036B09ADA2D1,GrupLAC: producto listado en la ficha,1
G-00000000001883,P-GR-03DE299D4E28,GrupLAC: producto listado en la ficha,1
G-00000000001883,P-GR-0430A1BDC9F9,GrupLAC: producto listado en la ficha,1
G-00000000001883,P-GR-05A439C15E3D,GrupLAC: producto listado en la ficha,1
G-00000000001883,P-GR-06CAB49FAD76,GrupLAC: producto listado en la ficha,1
G-00000000001883,P-GR-07B7C7DE4550,GrupLAC: producto listado en la ficha,1
G-00000000001883,P-GR-0840C28A542D,GrupLAC: producto listado en la ficha,1
G-00000000001883,P-GR-09ADAE7E505E,GrupLAC: producto listado en la ficha,1
G-00000000001883,P-GR-0BA7FBCF6726,GrupLAC: producto listado en la ficha,1
G-00000000001883,P-GR-0DD1F9D80130,GrupLAC: producto listado en la ficha,1
G-00000000001883,P-GR-19F4EAE94E90,GrupLAC: producto listado en la ficha,1
G-00000000001883,P-GR-1A3FA0CACE46,GrupLAC: producto listado en la ficha,1
G-00000000001883,P-GR-1B3DCAB5E591,GrupLAC: producto listado en la ficha,1
G-00000000001883,P-GR-1BB850D67D44,GrupLAC: producto listado en la ficha,1
G-00000000001883,P-GR-1BBAD78D3E1A,GrupLAC: producto listado en la ficha,1
G-00000000001883,P-GR-1EA1909CC389,GrupLAC: producto listado en la ficha,1
G-00000000001883,P-GR-1EBCF1072137,GrupLAC: producto listado en la ficha,1
G-00000000001883,P-GR-2022A939169A,GrupLAC: producto listado en la ficha,1
G-00000000001883,P-GR-20362C40C00D,GrupLAC: producto listado en la ficha,1
G-00000000001883,P-GR-21DDC5FC2481,GrupLAC: producto listado en la ficha,1
G-00000000001883,P-GR-241CDD503BEA,GrupLAC: producto listado en la ficha,1
G-00000000001883,P-GR-258C7BB91738,GrupLAC: producto listado en la ficha,1
G-00000000001883,P-GR-2787F0E3FAC5,GrupLAC: producto listado en la ficha,1
G-00000000001883,P-GR-27F0BC0CFE98,GrupLAC: producto listado en la ficha,1
G-00000000001883,P-GR-28A17C7BC083,GrupLAC: producto listado en la ficha,1
G-00000000001883,P-GR-2A38CA9954EC,GrupLAC: producto listado en la ficha,1
G-00000000001883,P-GR-2CFBA7810A85,GrupLAC: producto listado en la ficha,1
G-00000000001883,P-GR-2D3BC6C1A014,GrupLAC: producto listado en la ficha,1
G-00000000001883,P-GR-31FAFE1F142B,GrupLAC: producto listado en la ficha,1
G-00000000001883,P-GR-3540FCA30B3F,GrupLAC: producto listado en la ficha,1
G-00000000001883,P-GR-354594D0DB52,GrupLAC: producto listado en la ficha,1
G-00000000001883,P-GR-36269154A512,GrupLAC: producto listado en la ficha,1
G-00000000001883,P-GR-367E4C08DE21,GrupLAC: producto listado en la ficha,1
G-00000000001883,P-GR-386CB2F34C7C,GrupLAC: producto listado en la ficha,1
G-00000000001883,P-GR-38D1DE2BE21A,GrupLAC: producto listado en la ficha,1
G-00000000001883,P-GR-3BA09C6DC7B5,GrupLAC: producto listado en la ficha,1
G-00000000001883,P-GR-3D8663FEA49C,GrupLAC: producto listado en la ficha,1
G-00000000001883,P-GR-3DD2C1CD50DE,GrupLAC: producto listado en la ficha,1
G-00000000001883,P-GR-3E09AB23F468,GrupLAC: producto listado en la ficha,1
G-00000000001883,P-GR-3E94F3B54C29,GrupLAC: producto listado en la ficha,1
G-00000000001883,P-GR-3F09A4547ACA,GrupLAC: producto listado en la ficha,1
G-00000000001883,P-GR-403A88FB5D48,GrupLAC: producto listado en la ficha,1
G-00000000001883,P-GR-41389E46650A,GrupLAC: producto listado en la ficha,1
G-00000000001883,P-GR-4359D6969EF0,GrupLAC: producto listado en la ficha,1
G-00000000001883,P-GR-43A9C5E34620,GrupLAC: producto listado en la ficha,1
G-00000000001883,P-GR-443073DC1654,GrupLAC: producto listado en la ficha,1
G-00000000001883,P-GR-4473E9DA7F1E,GrupLAC: producto listado en la ficha,1
G-00000000001883,P-GR-451BBA70700D,GrupLAC: producto listado en la ficha,1
G-00000000001883,P-GR-4684C54B1A40,GrupLAC: producto listado en la ficha,1
G-00000000001883,P-GR-488D94FAB8D2,GrupLAC: producto listado en la ficha,1
G-00000000001883,P-GR-4A516FB7FE34,GrupLAC: producto listado en la ficha,1
G-00000000001883,P-GR-4C44B2F37B25,GrupLAC: producto listado en la ficha,1
G-00000000001883,P-GR-4DC7CC2DD19F,GrupLAC: producto listado en la ficha,1
G-00000000001883,P-GR-4F75F2E36B2C,GrupLAC: producto listado en la ficha,1
G-00000000001883,P-GR-4FEA696AAF2E,GrupLAC: producto listado en la ficha,1
G-00000000001883,P-GR-4FF2B8BF0647,GrupLAC: producto listado en la ficha,1
G-00000000001883,P-GR-5066683D5282,GrupLAC: producto listado en la ficha,1
G-00000000001883,P-GR-5085705C84A5,GrupLAC: producto listado en la ficha,1
G-00000000001883,P-GR-510A3A80B4A1,GrupLAC: producto listado en la ficha,1
G-00000000001883,P-GR-524D152D057B,GrupLAC: producto listado en la ficha,1
G-00000000001883,P-GR-5381A7B40C22,GrupLAC: producto listado en la ficha,1
G-00000000001883,P-GR-53E685B97582,GrupLAC: producto listado en la ficha,1
G-00000000001883,P-GR-56B84DE2D869,GrupLAC: producto listado en la ficha,1
G-00000000001883,P-GR-580CEA669768,GrupLAC: producto listado en la ficha,1
G-00000000001883,P-GR-595FC02335E8,GrupLAC: producto listado en la ficha,1
G-00000000001883,P-GR-5A9D3590F7E4,GrupLAC: producto listado en la ficha,1
G-00000000001883,P-GR-5B2693572A9B,GrupLAC: producto listado en la ficha,1
G-00000000001883,P-GR-5BA04E474254,GrupLAC: producto listado en la ficha,1
G-00000000001883,P-GR-5BC4DD02274F,GrupLAC: producto listado en la ficha,1
G-00000000001883,P-GR-5CA071B23B64,GrupLAC: producto listado en la ficha,1
G-00000000001883,P-GR-5D4502712A53,GrupLAC: producto listado en la ficha,1
G-00000000001883,P-GR-5D5B9E6310B5,GrupLAC: producto listado en la ficha,1
G-00000000001883,P-GR-5E4F93A4C0C0,GrupLAC: producto listado en la ficha,1
G-00000000001883,P-GR-5EA241F147AD,GrupLAC: producto listado en la ficha,1
G-00000000001883,P-GR-5FE9710D3BD4,GrupLAC: producto listado en la ficha,1
G-00000000001883,P-GR-6053716B0119,GrupLAC: producto listado en la ficha,1
G-00000000001883,P-GR-614E78DC933E,GrupLAC: producto listado en la ficha,1
G-00000000001883,P-GR-619672CC46F9,GrupLAC: producto listado en la ficha,1
G-00000000001883,P-GR-61C9819548E7,GrupLAC: producto listado en la ficha,1
G-00000000001883,P-GR-61D4AD72533E,GrupLAC: producto listado en la ficha,1
G-00000000001883,P-GR-62D6F48A1EB5,GrupLAC: producto listado en la ficha,1
G-00000000001883,P-GR-63512F954CE9,GrupLAC: producto listado en la ficha,1
G-00000000001883,P-GR-6650778996E9,GrupLAC: producto listado en la ficha,1
G-00000000001883,P-GR-66F09BE7FB6D,GrupLAC: producto listado en la ficha,1
G-00000000001883,P-GR-6AD102F04FF9,GrupLAC: producto listado en la ficha,1
G-00000000001883,P-GR-6E12705A1623,GrupLAC: producto listado en la ficha,1
G-00000000001883,P-GR-6FB8EB2001FE,GrupLAC: producto listado en la ficha,1
G-00000000001883,P-GR-6FC9F3C67497,GrupLAC: producto listado en la ficha,1
G-00000000001883,P-GR-6FF555B624C9,GrupLAC: producto listado en la ficha,1
G-00000000001883,P-GR-73DA82D48384,GrupLAC: producto listado en la ficha,1
G-00000000001883,P-GR-762C92A748AA,GrupLAC: producto listado en la ficha,1
G-00000000001883,P-GR-76616C1A5652,GrupLAC: producto listado en la ficha,1
G-00000000001883,P-GR-7A40E8035685,GrupLAC: producto listado en la ficha,1
G-00000000001883,P-GR-7A68E9DE5A71,GrupLAC: producto listado en la ficha,1
G-00000000001883,P-GR-7AAD617D2F2C,GrupLAC: producto listado en la ficha,1
G-00000000001883,P-GR-8015B494635D,GrupLAC: producto listado en la ficha,1
G-00000000001883,P-GR-842FDA3F18BA,GrupLAC: producto listado en la ficha,1
G-00000000001883,P-GR-85837B0ECEC6,GrupLAC: producto listado en la ficha,1
G-00000000001883,P-GR-8DFC9261D2B2,GrupLAC: producto listado en la ficha,1
G-00000000001883,P-GR-8E8B49A3C9BC,GrupLAC: producto listado en la ficha,1
G-00000000001883,P-GR-8EDD7A3DD0BE,GrupLAC: producto listado en la ficha,1
G-00000000001883,P-GR-8F7BCD6A1828,GrupLAC: producto listado en la ficha,1
G-00000000001883,P-GR-90789A37D7D0,GrupLAC: producto listado en la ficha,1
G-00000000001883,P-GR-9087C92ABA00,GrupLAC: producto listado en la ficha,1
G-00000000001883,P-GR-92383AE5FB99,GrupLAC: producto listado en la ficha,1
G-00000000001883,P-GR-9446714F4153,GrupLAC: producto listado en la ficha,1
G-00000000001883,P-GR-9499BD4409EF,GrupLAC: producto listado en la ficha,1
G-00000000001883,P-GR-9545C69F49F2,GrupLAC: producto listado en la ficha,1
G-00000000001883,P-GR-965890F587F0,GrupLAC: producto listado en la ficha,1
G-00000000001883,P-GR-9A6DECB37A4A,GrupLAC: producto listado en la ficha,1
G-00000000001883,P-GR-9B747EE3FA5D,GrupLAC: producto listado en la ficha,1
G-00000000001883,P-GR-9D11C8430C39,GrupLAC: producto listado en la ficha,1
G-00000000001883,P-GR-A25475C74B2B,GrupLAC: producto listado en la ficha,1
G-00000000001883,P-GR-A564FA0F88DC,GrupLAC: producto listado en la ficha,1
G-00000000001883,P-GR-A6AB0ED7D1A4,GrupLAC: producto listado en la ficha,1
G-00000000001883,P-GR-A931FF568904,GrupLAC: producto listado en la ficha,1
G-00000000001883,P-GR-A97FA04E912D,GrupLAC: producto listado en la ficha,1
G-00000000001883,P-GR-A9A15C29B88A,GrupLAC: producto listado en la ficha,1
G-00000000001883,P-GR-AAFA4C7B3CD9,GrupLAC: producto listado en la ficha,1
G-00000000001883,P-GR-AB5374FE74B0,GrupLAC: producto listado en la ficha,1
G-00000000001883,P-GR-AB72A709060F,GrupLAC: producto listado en la ficha,1
G-00000000001883,P-GR-AB9E01972701,GrupLAC: producto listado en la ficha,1
G-00000000001883,P-GR-AC927940B345,GrupLAC: producto listado en la ficha,1
G-00000000001883,P-GR-ADFF03343F7F,GrupLAC: producto listado en la ficha,1
G-00000000001883,P-GR-AF25202FF478,GrupLAC: producto listado en la ficha,1
G-00000000001883,P-GR-B1580838B8EF,GrupLAC: producto listado en la ficha,1
G-00000000001883,P-GR-B997B85AC808,GrupLAC: producto listado en la ficha,1
G-00000000001883,P-GR-B9A5E647853A,GrupLAC: producto listado en la ficha,1
G-00000000001883,P-GR-BAE427F3B343,GrupLAC: producto listado en la ficha,1
G-00000000001883,P-GR-BAF8D4518723,GrupLAC: producto listado en la ficha,1
G-00000000001883,P-GR-BCB0B7D56E99,GrupLAC: producto listado en la ficha,1
G-00000000001883,P-GR-BD3C06C01FFD,GrupLAC: producto listado en la ficha,1
G-00000000001883,P-GR-BD60CED2B97D,GrupLAC: producto listado en la ficha,1
G-00000000001883,P-GR-BFD32C6AB90D,GrupLAC: producto listado en la ficha,1
G-00000000001883,P-GR-C0A36A92EA38,GrupLAC: producto listado en la ficha,1
G-00000000001883,P-GR-C1E0FE4CE99C,GrupLAC: producto listado en la ficha,1
G-00000000001883,P-GR-C4158E822468,GrupLAC: producto listado en la ficha,1
G-00000000001883,P-GR-C5BCA8DF1092,GrupLAC: producto listado en la ficha,1
G-00000000001883,P-GR-C79EF8156A12,GrupLAC: producto listado en la ficha,1
G-00000000001883,P-GR-C7E64D7FF7C2,GrupLAC: producto listado en la ficha,1
G-00000000001883,P-GR-C846663EE704,GrupLAC: producto listado en la ficha,1
G-00000000001883,P-GR-CA0F07DB8995,GrupLAC: producto listado en la ficha,1
G-00000000001883,P-GR-CBE4C46F7D9C,GrupLAC: producto listado en la ficha,1
G-00000000001883,P-GR-CBEEB1C9C6B0,GrupLAC: producto listado en la ficha,1
G-00000000001883,P-GR-CCD4F6A18FA2,GrupLAC: producto listado en la ficha,1
G-00000000001883,P-GR-CD3586255EF4,GrupLAC: producto listado en la ficha,1
G-00000000001883,P-GR-CDB9DFEF1B64,GrupLAC: producto listado en la ficha,1
G-00000000001883,P-GR-D19E80783E07,GrupLAC: producto listado en la ficha,1
G-00000000001883,P-GR-D228935394E1,GrupLAC: producto listado en la ficha,1
G-00000000001883,P-GR-D4AF0DA47571,GrupLAC: producto listado en la ficha,1
G-00000000001883,P-GR-D6252CBF3D42,GrupLAC: producto listado en la ficha,1
G-00000000001883,P-GR-D9552C417ED8,GrupLAC: producto listado en la ficha,1
G-00000000001883,P-GR-D9D82AD0CC63,GrupLAC: producto listado en la ficha,1
G-00000000001883,P-GR-E063F1E6BFA0,GrupLAC: producto listado en la ficha,1
G-00000000001883,P-GR-E18F3CA981E6,GrupLAC: producto listado en la ficha,1
G-00000000001883,P-GR-E4B22BC87C9D,GrupLAC: producto listado en la ficha,1
G-00000000001883,P-GR-E6EE01C38E11,GrupLAC: producto listado en la ficha,1
G-00000000001883,P-GR-E71A54A05CF8,GrupLAC: producto listado en la ficha,1
G-00000000001883,P-GR-E7DBEF92FD34,GrupLAC: producto listado en la ficha,1
G-00000000001883,P-GR-E91291620C40,GrupLAC: producto listado en la ficha,1
G-00000000001883,P-GR-E990341EA609,GrupLAC: producto listado en la ficha,1
G-00000000001883,P-GR-EA2C203A8DFD,GrupLAC: producto listado en la ficha,1
G-00000000001883,P-GR-EAC02D268ABB,GrupLAC: producto listado en la ficha,1
G-00000000001883,P-GR-EAF271D5C5D8,GrupLAC: producto listado en la ficha,1
G-00000000001883,P-GR-EAFB0A11B83F,GrupLAC: producto listado en la ficha,1
G-00000000001883,P-GR-EB759E9A0466,GrupLAC: producto listado en la ficha,1
G-00000000001883,P-GR-EEC2A1ECB241,GrupLAC: producto listado en la ficha,1
G-00000000001883,P-GR-F09BB40EA16D,GrupLAC: producto listado en la ficha,1
G-00000000001883,P-GR-F210989CC993,GrupLAC: producto listado en la ficha,1
G-00000000001883,P-GR-F517E5013F9F,GrupLAC: producto listado en la ficha,1
G-00000000001883,P-GR-F6A0C348D7A3,GrupLAC: producto listado en la ficha,1
G-00000000001883,P-GR-F78D7EB1262E,GrupLAC: producto listado en la ficha,1
G-00000000001883,P-GR-FA3F29076629,GrupLAC: producto listado en la ficha,1
G-00000000001883,P-GR-FABA99C88139,GrupLAC: producto listado en la ficha,1
G-00000000001883,P-GR-FBF844F4A0BD,GrupLAC: producto listado en la ficha,1
G-00000000001883,P-GR-FC951F7DC8A0,GrupLAC: producto listado en la ficha,1
G-00000000001883,P-GR-FEDCBCDABA67,GrupLAC: producto listado en la ficha,1
G-00000000001901,P-GR-000262D1840A,GrupLAC: producto listado en la ficha,1
G-00000000001901,P-GR-02595DBE8074,GrupLAC: producto listado en la ficha,1
G-00000000001901,P-GR-045D46A67A04,GrupLAC: producto listado en la ficha,1
G-00000000001901,P-GR-08F4F59C694B,GrupLAC: producto listado en la ficha,1
G-00000000001901,P-GR-098FBB1AF8B8,GrupLAC: producto listado en la ficha,1
G-00000000001901,P-GR-0A1B0213A31E,GrupLAC: producto listado en la ficha,1
G-00000000001901,P-GR-0B5F59B95982,GrupLAC: producto listado en la ficha,1
G-00000000001901,P-GR-0C2AAB08B463,GrupLAC: producto listado en la ficha,1
G-00000000001901,P-GR-0C50A2C397FD,GrupLAC: producto listado en la ficha,1
G-00000000001901,P-GR-0E8F45A1258D,GrupLAC: producto listado en la ficha,1
G-00000000001901,P-GR-0F108B4D8C35,GrupLAC: producto listado en la ficha,1
G-00000000001901,P-GR-0F9D186F941D,GrupLAC: producto listado en la ficha,1
G-00000000001901,P-GR-173EB251EDA1,GrupLAC: producto listado en la ficha,1
G-00000000001901,P-GR-1887F9878C55,GrupLAC: producto listado en la ficha,1
G-00000000001901,P-GR-198799BAF5CF,GrupLAC: producto listado en la ficha,1
G-00000000001901,P-GR-19F9E6E1DDD4,GrupLAC: producto listado en la ficha,1
G-00000000001901,P-GR-1C5D70324CA3,GrupLAC: producto listado en la ficha,1
G-00000000001901,P-GR-1C9CFE1DB17A,GrupLAC: producto listado en la ficha,1
G-00000000001901,P-GR-1CD15A50972C,GrupLAC: producto listado en la ficha,1
G-00000000001901,P-GR-1CE08D157978,GrupLAC: producto listado en la ficha,1
G-00000000001901,P-GR-1DEF59A323B1,GrupLAC: producto listado en la ficha,1
G-00000000001901,P-GR-1E60EEFB23E0,GrupLAC: producto listado en la ficha,1
G-00000000001901,P-GR-1FB75CD9A5D3,GrupLAC: producto listado en la ficha,1
G-00000000001901,P-GR-229B0B3CD761,GrupLAC: producto listado en la ficha,1
G-00000000001901,P-GR-229FED6E3534,GrupLAC: producto listado en la ficha,1
G-00000000001901,P-GR-240A606D6A91,GrupLAC: producto listado en la ficha,1
G-00000000001901,P-GR-2410135EFF71,GrupLAC: producto listado en la ficha,1
G-00000000001901,P-GR-2443674D297F,GrupLAC: producto listado en la ficha,1
G-00000000001901,P-GR-2638702398BE,GrupLAC: producto listado en la ficha,1
G-00000000001901,P-GR-266A698B4EE5,GrupLAC: producto listado en la ficha,1
G-00000000001901,P-GR-26C212D0FAD3,GrupLAC: producto listado en la ficha,1
G-00000000001901,P-GR-2A1CBDCF0F40,GrupLAC: producto listado en la ficha,1
G-00000000001901,P-GR-2A50F0F7D944,GrupLAC: producto listado en la ficha,1
G-00000000001901,P-GR-2A6839CCE3E7,GrupLAC: producto listado en la ficha,1
G-00000000001901,P-GR-2C70223FF90D,GrupLAC: producto listado en la ficha,1
G-00000000001901,P-GR-2DBAAF8B5315,GrupLAC: producto listado en la ficha,1
G-00000000001901,P-GR-2E441CBCC62B,GrupLAC: producto listado en la ficha,1
G-00000000001901,P-GR-2E8969BA8C48,GrupLAC: producto listado en la ficha,1
G-00000000001901,P-GR-300808842853,GrupLAC: producto listado en la ficha,1
G-00000000001901,P-GR-30BFE0A8E971,GrupLAC: producto listado en la ficha,1
G-00000000001901,P-GR-317FD19744C7,GrupLAC: producto listado en la ficha,1
G-00000000001901,P-GR-341DDBCB0376,GrupLAC: producto listado en la ficha,1
G-00000000001901,P-GR-3490AE0408BD,GrupLAC: producto listado en la ficha,1
G-00000000001901,P-GR-34BC6C86E7DD,GrupLAC: producto listado en la ficha,1
G-00000000001901,P-GR-356B68488902,GrupLAC: producto listado en la ficha,1
G-00000000001901,P-GR-365E2110E04B,GrupLAC: producto listado en la ficha,1
G-00000000001901,P-GR-41630245343D,GrupLAC: producto listado en la ficha,1
G-00000000001901,P-GR-4427A9033EFA,GrupLAC: producto listado en la ficha,1
G-00000000001901,P-GR-45A9AF696C58,GrupLAC: producto listado en la ficha,1
G-00000000001901,P-GR-4658024CEC8E,GrupLAC: producto listado en la ficha,1
G-00000000001901,P-GR-4675D3FA6E43,GrupLAC: producto listado en la ficha,1
G-00000000001901,P-GR-483C9D8D2BD1,GrupLAC: producto listado en la ficha,1
G-00000000001901,P-GR-49B37C1E1708,GrupLAC: producto listado en la ficha,1
G-00000000001901,P-GR-4A5DFD137953,GrupLAC: producto listado en la ficha,1
G-00000000001901,P-GR-4A9E32D9095F,GrupLAC: producto listado en la ficha,1
G-00000000001901,P-GR-4B219B8713DD,GrupLAC: producto listado en la ficha,1
G-00000000001901,P-GR-4B3777AB8325,GrupLAC: producto listado en la ficha,1
G-00000000001901,P-GR-4CC716F39BB2,GrupLAC: producto listado en la ficha,1
G-00000000001901,P-GR-4DF87C13224A,GrupLAC: producto listado en la ficha,1
G-00000000001901,P-GR-5135E699300A,GrupLAC: producto listado en la ficha,1
G-00000000001901,P-GR-51C9CFD5AE80,GrupLAC: producto listado en la ficha,1
G-00000000001901,P-GR-53F8E499AD7A,GrupLAC: producto listado en la ficha,1
G-00000000001901,P-GR-57B39DC91D4E,GrupLAC: producto listado en la ficha,1
G-00000000001901,P-GR-58FD535F8157,GrupLAC: producto listado en la ficha,1
G-00000000001901,P-GR-5DAC5AE3D770,GrupLAC: producto listado en la ficha,1
G-00000000001901,P-GR-5FD4C4185FB4,GrupLAC: producto listado en la ficha,1
G-00000000001901,P-GR-6157D4595C22,GrupLAC: producto listado en la ficha,1
G-00000000001901,P-GR-6180CBE08E46,GrupLAC: producto listado en la ficha,1
G-00000000001901,P-GR-61A519C1D5C9,GrupLAC: producto listado en la ficha,1
G-00000000001901,P-GR-627D4AA11B12,GrupLAC: producto listado en la ficha,1
G-00000000001901,P-GR-68194596F077,GrupLAC: producto listado en la ficha,1
G-00000000001901,P-GR-68BC8BA9AF5B,GrupLAC: producto listado en la ficha,1
G-00000000001901,P-GR-69983615FAD9,GrupLAC: producto listado en la ficha,1
G-00000000001901,P-GR-6A02ADC0CCEE,GrupLAC: producto listado en la ficha,1
G-00000000001901,P-GR-6A2A236E2DFB,GrupLAC: producto listado en la ficha,1
G-00000000001901,P-GR-6AF0E89F81E2,GrupLAC: producto listado en la ficha,1
G-00000000001901,P-GR-6C5522DDE248,GrupLAC: producto listado en la ficha,1
G-00000000001901,P-GR-6DED5B92688A,GrupLAC: producto listado en la ficha,1
G-00000000001901,P-GR-6E7EF04D0105,GrupLAC: producto listado en la ficha,1
G-00000000001901,P-GR-74139A980416,GrupLAC: producto listado en la ficha,1
G-00000000001901,P-GR-74AA5657F4DD,GrupLAC: producto listado en la ficha,1
G-00000000001901,P-GR-75D6A9A6BEED,GrupLAC: producto listado en la ficha,1
G-00000000001901,P-GR-76576F71858E,GrupLAC: producto listado en la ficha,1
G-00000000001901,P-GR-7CEBFD904573,GrupLAC: producto listado en la ficha,1
G-00000000001901,P-GR-7DB66782FEA3,GrupLAC: producto listado en la ficha,1
G-00000000001901,P-GR-7EB8E9689EF8,GrupLAC: producto listado en la ficha,1
G-00000000001901,P-GR-7F1F0E2B94C6,GrupLAC: producto listado en la ficha,1
G-00000000001901,P-GR-7FDE45EFA149,GrupLAC: producto listado en la ficha,1
G-00000000001901,P-GR-8058142B93C6,GrupLAC: producto listado en la ficha,1
G-00000000001901,P-GR-8273DA84C3F8,GrupLAC: producto listado en la ficha,1
G-00000000001901,P-GR-827BB0F329A5,GrupLAC: producto listado en la ficha,1
G-00000000001901,P-GR-85FF64C4C504,GrupLAC: producto listado en la ficha,1
G-00000000001901,P-GR-89DF0042DE12,GrupLAC: producto listado en la ficha,1
G-00000000001901,P-GR-89FF92E65056,GrupLAC: producto listado en la ficha,1
G-00000000001901,P-GR-8B45A9CAB267,GrupLAC: producto listado en la ficha,1
G-00000000001901,P-GR-8BE0FF65DC61,GrupLAC: producto listado en la ficha,1
G-00000000001901,P-GR-8C44353C3ECF,GrupLAC: producto listado en la ficha,1
G-00000000001901,P-GR-8D6DD77AFFF9,GrupLAC: producto listado en la ficha,1
G-00000000001901,P-GR-908956B92714,GrupLAC: producto listado en la ficha,1
G-00000000001901,P-GR-9216D91390DB,GrupLAC: producto listado en la ficha,1
G-00000000001901,P-GR-931BE1AE791D,GrupLAC: producto listado en la ficha,1
G-00000000001901,P-GR-9513BCCF662B,GrupLAC: producto listado en la ficha,1
G-00000000001901,P-GR-95F2B846BB79,GrupLAC: producto listado en la ficha,1
G-00000000001901,P-GR-977DE20D6753,GrupLAC: producto listado en la ficha,1
G-00000000001901,P-GR-978F2F337E37,GrupLAC: producto listado en la ficha,1
G-00000000001901,P-GR-97E3F86269FD,GrupLAC: producto listado en la ficha,1
G-00000000001901,P-GR-9D5BCC87EE4D,GrupLAC: producto listado en la ficha,1
G-00000000001901,P-GR-9DC53024875C,GrupLAC: producto listado en la ficha,1
G-00000000001901,P-GR-9E50A3B9F7CB,GrupLAC: producto listado en la ficha,1
G-00000000001901,P-GR-A2948E3E36BF,GrupLAC: producto listado en la ficha,1
G-00000000001901,P-GR-A3028BC1AC49,GrupLAC: producto listado en la ficha,1
G-00000000001901,P-GR-A308955785B5,GrupLAC: producto listado en la ficha,1
G-00000000001901,P-GR-B044F1F06153,GrupLAC: producto listado en la ficha,1
G-00000000001901,P-GR-B06A3E62D8BB,GrupLAC: producto listado en la ficha,1
G-00000000001901,P-GR-B18A9651C454,GrupLAC: producto listado en la ficha,1
G-00000000001901,P-GR-B191AF197088,GrupLAC: producto listado en la ficha,1
G-00000000001901,P-GR-B4201EA85CED,GrupLAC: producto listado en la ficha,1
G-00000000001901,P-GR-C53793AD2F55,GrupLAC: producto listado en la ficha,1
G-00000000001901,P-GR-C6C4AF4F34FE,GrupLAC: producto listado en la ficha,1
G-00000000001901,P-GR-C9CED7004DA5,GrupLAC: producto listado en la ficha,1
G-00000000001901,P-GR-D00631B0A022,GrupLAC: producto listado en la ficha,1
G-00000000001901,P-GR-D0D306A45B84,GrupLAC: producto listado en la ficha,1
G-00000000001901,P-GR-D346885B0FC8,GrupLAC: producto listado en la ficha,1
G-00000000001901,P-GR-D6D39CE7566D,GrupLAC: producto listado en la ficha,1
G-00000000001901,P-GR-DC184645895B,GrupLAC: producto listado en la ficha,1
G-00000000001901,P-GR-DC5B4762C34C,GrupLAC: producto listado en la ficha,1
G-00000000001901,P-GR-E218223DEA6B,GrupLAC: producto listado en la ficha,1
G-00000000001901,P-GR-E272CAA358C1,GrupLAC: producto listado en la ficha,1
G-00000000001901,P-GR-E347B640F8CA,GrupLAC: producto listado en la ficha,1
G-00000000001901,P-GR-E3E9CE568AF9,GrupLAC: producto listado en la ficha,1
G-00000000001901,P-GR-E42B8C2CFED9,GrupLAC: producto listado en la ficha,1
G-00000000001901,P-GR-E5F6D2DC6C1F,GrupLAC: producto listado en la ficha,1
G-00000000001901,P-GR-E673BACEC01E,GrupLAC: producto listado en la ficha,1
G-00000000001901,P-GR-E999F9648BB8,GrupLAC: producto listado en la ficha,1
G-00000000001901,P-GR-E9F0521F62A7,GrupLAC: producto listado en la ficha,1
G-00000000001901,P-GR-EE4EAE2ECBCA,GrupLAC: producto listado en la ficha,1
G-00000000001901,P-GR-EF9A11B31B28,GrupLAC: producto listado en la ficha,1
G-00000000001901,P-GR-F8026F5AE1E7,GrupLAC: producto listado en la ficha,1
G-00000000001901,P-GR-F81B24A9CCB2,GrupLAC: producto listado en la ficha,1
G-00000000001901,P-GR-F8EE52B0E03B,GrupLAC: producto listado en la ficha,1
G-00000000001901,P-GR-F928871B3FA7,GrupLAC: producto listado en la ficha,1
G-00000000001901,P-GR-FAD4947993CC,GrupLAC: producto listado en la ficha,1
G-00000000001901,P-GR-FB33B1085A3A,GrupLAC: producto listado en la ficha,1
G-00000000001901,P-GR-FD46AA4A4EFA,GrupLAC: producto listado en la ficha,1
G-00000000001901,P-GR-FEAD6C6F90D8,GrupLAC: producto listado en la ficha,1
G-00000000002093,P-GR-00E3DA6B951E,GrupLAC: producto listado en la ficha,1
G-00000000002093,P-GR-00FCD10E4B27,GrupLAC: producto listado en la ficha,1
G-00000000002093,P-GR-016F213B42E3,GrupLAC: producto listado en la ficha,1
G-00000000002093,P-GR-02B466472D5C,GrupLAC: producto listado en la ficha,1
G-00000000002093,P-GR-0340B260912C,GrupLAC: producto listado en la ficha,1
G-00000000002093,P-GR-03433C3F3169,GrupLAC: producto listado en la ficha,1
G-00000000002093,P-GR-037046A4E503,GrupLAC: producto listado en la ficha,1
G-00000000002093,P-GR-03928EDCA675,GrupLAC: producto listado en la ficha,1
G-00000000002093,P-GR-03D21674A6C7,GrupLAC: producto listado en la ficha,1
G-00000000002093,P-GR-04F316EBABBD,GrupLAC: producto listado en la ficha,1
G-00000000002093,P-GR-05C327AC4123,GrupLAC: producto listado en la ficha,1
G-00000000002093,P-GR-05F8E8F9CE55,GrupLAC: producto listado en la ficha,1
G-00000000002093,P-GR-0613804D6CE6,GrupLAC: producto listado en la ficha,1
G-00000000002093,P-GR-064951D22F17,GrupLAC: producto listado en la ficha,1
G-00000000002093,P-GR-06DC728FE0D6,GrupLAC: producto listado en la ficha,1
G-00000000002093,P-GR-08041DDCC759,GrupLAC: producto listado en la ficha,1
G-00000000002093,P-GR-090DD6393173,GrupLAC: producto listado en la ficha,1
G-00000000002093,P-GR-0924A786E7D2,GrupLAC: producto listado en la ficha,1
G-00000000002093,P-GR-09C4E0A88FD4,GrupLAC: producto listado en la ficha,1
G-00000000002093,P-GR-0A20777A6BF9,GrupLAC: producto listado en la ficha,1
G-00000000002093,P-GR-0A4B03B741EC,GrupLAC: producto listado en la ficha,1
G-00000000002093,P-GR-0A5694308D66,GrupLAC: producto listado en la ficha,1
G-00000000002093,P-GR-0A67C52B4B92,GrupLAC: producto listado en la ficha,1
G-00000000002093,P-GR-0B5AE21C9E5D,GrupLAC: producto listado en la ficha,1
G-00000000002093,P-GR-0D3D61717E82,GrupLAC: producto listado en la ficha,1
G-00000000002093,P-GR-0DA65D700BDE,GrupLAC: producto listado en la ficha,1
G-00000000002093,P-GR-0DF531E3140B,GrupLAC: producto listado en la ficha,1
G-00000000002093,P-GR-0E362C900378,GrupLAC: producto listado en la ficha,1
G-00000000002093,P-GR-0EDA7FBD52B0,GrupLAC: producto listado en la ficha,1
G-00000000002093,P-GR-0EE8207265DB,GrupLAC: producto listado en la ficha,1
G-00000000002093,P-GR-1013FA9CAB4B,GrupLAC: producto listado en la ficha,1
G-00000000002093,P-GR-12246AD47E82,GrupLAC: producto listado en la ficha,1
G-00000000002093,P-GR-12E4E5A6066B,GrupLAC: producto listado en la ficha,1
G-00000000002093,P-GR-13AC40AB09E8,GrupLAC: producto listado en la ficha,1
G-00000000002093,P-GR-13E3888BAC18,GrupLAC: producto listado en la ficha,1
G-00000000002093,P-GR-14AC463BDFD1,GrupLAC: producto listado en la ficha,1
G-00000000002093,P-GR-14F42E1B8836,GrupLAC: producto listado en la ficha,1
G-00000000002093,P-GR-155E47C705D1,GrupLAC: producto listado en la ficha,1
G-00000000002093,P-GR-168C69AAE920,GrupLAC: producto listado en la ficha,1
G-00000000002093,P-GR-174F8031DC77,GrupLAC: producto listado en la ficha,1
G-00000000002093,P-GR-1755D2FED1C8,GrupLAC: producto listado en la ficha,1
G-00000000002093,P-GR-18A54B31A03D,GrupLAC: producto listado en la ficha,1
G-00000000002093,P-GR-18EB0F0562F5,GrupLAC: producto listado en la ficha,1
G-00000000002093,P-GR-19BE0043DC1E,GrupLAC: producto listado en la ficha,1
G-00000000002093,P-GR-19D113A8C67B,GrupLAC: producto listado en la ficha,1
G-00000000002093,P-GR-1A88A3B04630,GrupLAC: producto listado en la ficha,1
G-00000000002093,P-GR-1BA2CA8A2962,GrupLAC: producto listado en la ficha,1
G-00000000002093,P-GR-1C2BA5C2EE04,GrupLAC: producto listado en la ficha,1
G-00000000002093,P-GR-1C5BE393247F,GrupLAC: producto listado en la ficha,1
G-00000000002093,P-GR-1CBA8085316E,GrupLAC: producto listado en la ficha,1
G-00000000002093,P-GR-1D6958EC8478,GrupLAC: producto listado en la ficha,1
G-00000000002093,P-GR-1D7B868C17BD,GrupLAC: producto listado en la ficha,1
G-00000000002093,P-GR-1E0A150E0ABD,GrupLAC: producto listado en la ficha,1
G-00000000002093,P-GR-1E41043344F4,GrupLAC: producto listado en la ficha,1
G-00000000002093,P-GR-201D7AEE4A91,GrupLAC: producto listado en la ficha,1
G-00000000002093,P-GR-20602207F3D7,GrupLAC: producto listado en la ficha,1
G-00000000002093,P-GR-20925C25A0C3,GrupLAC: producto listado en la ficha,1
G-00000000002093,P-GR-212989AF5D4A,GrupLAC: producto listado en la ficha,1
G-00000000002093,P-GR-22177A871400,GrupLAC: producto listado en la ficha,1
G-00000000002093,P-GR-22590AD3CE81,GrupLAC: producto listado en la ficha,1
G-00000000002093,P-GR-2274CF9EF6F3,GrupLAC: producto listado en la ficha,1
G-00000000002093,P-GR-229C5A959D59,GrupLAC: producto listado en la ficha,1
G-00000000002093,P-GR-22CDFF8F3AC1,GrupLAC: producto listado en la ficha,1
G-00000000002093,P-GR-23A2EEE0CF2D,GrupLAC: producto listado en la ficha,1
G-00000000002093,P-GR-23C1E40A1149,GrupLAC: producto listado en la ficha,1
G-00000000002093,P-GR-23CE1C69ED2F,GrupLAC: producto listado en la ficha,1
G-00000000002093,P-GR-23EBCDB02EBE,GrupLAC: producto listado en la ficha,1
G-00000000002093,P-GR-2443F1EBCE30,GrupLAC: producto listado en la ficha,1
G-00000000002093,P-GR-2446C9AC5444,GrupLAC: producto listado en la ficha,1
G-00000000002093,P-GR-258F95532D6C,GrupLAC: producto listado en la ficha,1
G-00000000002093,P-GR-26AEF459724D,GrupLAC: producto listado en la ficha,1
G-00000000002093,P-GR-26D3A9A4C560,GrupLAC: producto listado en la ficha,1
G-00000000002093,P-GR-2746C8510274,GrupLAC: producto listado en la ficha,1
G-00000000002093,P-GR-2829A9A19429,GrupLAC: producto listado en la ficha,1
G-00000000002093,P-GR-2C21A9870B6C,GrupLAC: producto listado en la ficha,1
G-00000000002093,P-GR-2C871B1F5CEF,GrupLAC: producto listado en la ficha,1
G-00000000002093,P-GR-2CE783775D80,GrupLAC: producto listado en la ficha,1
G-00000000002093,P-GR-2D0728C03F44,GrupLAC: producto listado en la ficha,1
G-00000000002093,P-GR-2D478002E80C,GrupLAC: producto listado en la ficha,1
G-00000000002093,P-GR-2D5977B522A6,GrupLAC: producto listado en la ficha,1
G-00000000002093,P-GR-30518E3AA59F,GrupLAC: producto listado en la ficha,1
G-00000000002093,P-GR-3069311C7BE5,GrupLAC: producto listado en la ficha,1
G-00000000002093,P-GR-311ED94F2CFB,GrupLAC: producto listado en la ficha,1
G-00000000002093,P-GR-327A06748865,GrupLAC: producto listado en la ficha,1
G-00000000002093,P-GR-32DB46C43D2A,GrupLAC: producto listado en la ficha,1
G-00000000002093,P-GR-32F372FD4EED,GrupLAC: producto listado en la ficha,1
G-00000000002093,P-GR-3442ADE04DDB,GrupLAC: producto listado en la ficha,1
G-00000000002093,P-GR-348CB37318ED,GrupLAC: producto listado en la ficha,1
G-00000000002093,P-GR-34E74708FC81,GrupLAC: producto listado en la ficha,1
G-00000000002093,P-GR-35095E32F81E,GrupLAC: producto listado en la ficha,1
G-00000000002093,P-GR-352F870AE497,GrupLAC: producto listado en la ficha,1
G-00000000002093,P-GR-352FAE7DA872,GrupLAC: producto listado en la ficha,1
G-00000000002093,P-GR-3576956B11B7,GrupLAC: producto listado en la ficha,1
G-00000000002093,P-GR-3590A8FC2E97,GrupLAC: producto listado en la ficha,1
G-00000000002093,P-GR-3623B30F8CEA,GrupLAC: producto listado en la ficha,1
G-00000000002093,P-GR-364A140630B8,GrupLAC: producto listado en la ficha,1
G-00000000002093,P-GR-36B6B5C1EEDF,GrupLAC: producto listado en la ficha,1
G-00000000002093,P-GR-375DAAEACB1C,GrupLAC: producto listado en la ficha,1
G-00000000002093,P-GR-38E8CB3E3D05,GrupLAC: producto listado en la ficha,1
G-00000000002093,P-GR-3978852F6111,GrupLAC: producto listado en la ficha,1
G-00000000002093,P-GR-3A3267FF04D7,GrupLAC: producto listado en la ficha,1
G-00000000002093,P-GR-3A3757B0612A,GrupLAC: producto listado en la ficha,1
G-00000000002093,P-GR-3A499EDA178C,GrupLAC: producto listado en la ficha,1
G-00000000002093,P-GR-3AC67E9E80E5,GrupLAC: producto listado en la ficha,1
G-00000000002093,P-GR-3B880E316919,GrupLAC: producto listado en la ficha,1
G-00000000002093,P-GR-3BD75770BA44,GrupLAC: producto listado en la ficha,1
G-00000000002093,P-GR-3CB3903E4E35,GrupLAC: producto listado en la ficha,1
G-00000000002093,P-GR-3CE187741187,GrupLAC: producto listado en la ficha,1
G-00000000002093,P-GR-3D1F80B20164,GrupLAC: producto listado en la ficha,1
G-00000000002093,P-GR-3D2753618080,GrupLAC: producto listado en la ficha,1
G-00000000002093,P-GR-3E9325093AA3,GrupLAC: producto listado en la ficha,1
G-00000000002093,P-GR-3ECD7E796255,GrupLAC: producto listado en la ficha,1
G-00000000002093,P-GR-3F8CF82CC93D,GrupLAC: producto listado en la ficha,1
G-00000000002093,P-GR-3FE7433E2CD0,GrupLAC: producto listado en la ficha,1
G-00000000002093,P-GR-41CF34AED417,GrupLAC: producto listado en la ficha,1
G-00000000002093,P-GR-432C6E966B24,GrupLAC: producto listado en la ficha,1
G-00000000002093,P-GR-435E9D34F81C,GrupLAC: producto listado en la ficha,1
G-00000000002093,P-GR-43C86DF54A62,GrupLAC: producto listado en la ficha,1
G-00000000002093,P-GR-4429F35E1078,GrupLAC: producto listado en la ficha,1
G-00000000002093,P-GR-44F5E5559F20,GrupLAC: producto listado en la ficha,1
G-00000000002093,P-GR-452797084729,GrupLAC: producto listado en la ficha,1
G-00000000002093,P-GR-4577DE5CF594,GrupLAC: producto listado en la ficha,1
G-00000000002093,P-GR-457BC3160510,GrupLAC: producto listado en la ficha,1
G-00000000002093,P-GR-466578C98691,GrupLAC: producto listado en la ficha,1
G-00000000002093,P-GR-46905F5937C4,GrupLAC: producto listado en la ficha,1
G-00000000002093,P-GR-46AD3F333F01,GrupLAC: producto listado en la ficha,1
G-00000000002093,P-GR-482937601539,GrupLAC: producto listado en la ficha,1
G-00000000002093,P-GR-48E24FB84363,GrupLAC: producto listado en la ficha,1
G-00000000002093,P-GR-4967E9409FCA,GrupLAC: producto listado en la ficha,1
G-00000000002093,P-GR-496FE30C3EC7,GrupLAC: producto listado en la ficha,1
G-00000000002093,P-GR-4AB1ADDD2F1D,GrupLAC: producto listado en la ficha,1
G-00000000002093,P-GR-4AFC2E5B3143,GrupLAC: producto listado en la ficha,1
G-00000000002093,P-GR-4B81912C2AEA,GrupLAC: producto listado en la ficha,1
G-00000000002093,P-GR-4C1854A18E62,GrupLAC: producto listado en la ficha,1
G-00000000002093,P-GR-4CA01424D230,GrupLAC: producto listado en la ficha,1
G-00000000002093,P-GR-4CB1F8D68F4A,GrupLAC: producto listado en la ficha,1
G-00000000002093,P-GR-4CBC4760A926,GrupLAC: producto listado en la ficha,1
G-00000000002093,P-GR-4D2AF31764B2,GrupLAC: producto listado en la ficha,1
G-00000000002093,P-GR-4D72A6087EE8,GrupLAC: producto listado en la ficha,1
G-00000000002093,P-GR-4D94B9193F0B,GrupLAC: producto listado en la ficha,1
G-00000000002093,P-GR-4DB4985AF0BD,GrupLAC: producto listado en la ficha,1
G-00000000002093,P-GR-4E7AAA62F10D,GrupLAC: producto listado en la ficha,1
G-00000000002093,P-GR-4E7D60256FA6,GrupLAC: producto listado en la ficha,1
G-00000000002093,P-GR-4F1A8C3A29FD,GrupLAC: producto listado en la ficha,1
G-00000000002093,P-GR-505E52A68422,GrupLAC: producto listado en la ficha,1
G-00000000002093,P-GR-50785C8F6416,GrupLAC: producto listado en la ficha,1
G-00000000002093,P-GR-511F04B0A5F8,GrupLAC: producto listado en la ficha,1
G-00000000002093,P-GR-5166D919F720,GrupLAC: producto listado en la ficha,1
G-00000000002093,P-GR-54FEAB147D0B,GrupLAC: producto listado en la ficha,1
G-00000000002093,P-GR-55866717C07D,GrupLAC: producto listado en la ficha,1
G-00000000002093,P-GR-55EDE03CC899,GrupLAC: producto listado en la ficha,1
G-00000000002093,P-GR-564967B273BE,GrupLAC: producto listado en la ficha,1
G-00000000002093,P-GR-56B28C957EAC,GrupLAC: producto listado en la ficha,1
G-00000000002093,P-GR-56C450E48F3F,GrupLAC: producto listado en la ficha,1
G-00000000002093,P-GR-5710640C0C81,GrupLAC: producto listado en la ficha,1
G-00000000002093,P-GR-599DBB1BD659,GrupLAC: producto listado en la ficha,1
G-00000000002093,P-GR-5AD071A8EA35,GrupLAC: producto listado en la ficha,1
G-00000000002093,P-GR-5B59710E7CE3,GrupLAC: producto listado en la ficha,1
G-00000000002093,P-GR-5B8F6E19CB6F,GrupLAC: producto listado en la ficha,1
G-00000000002093,P-GR-5BCABDBD490F,GrupLAC: producto listado en la ficha,1
G-00000000002093,P-GR-5CB14F219B45,GrupLAC: producto listado en la ficha,1
G-00000000002093,P-GR-5D1516B4BA96,GrupLAC: producto listado en la ficha,1
G-00000000002093,P-GR-5DB8EAED0A64,GrupLAC: producto listado en la ficha,1
G-00000000002093,P-GR-5DE9991247B8,GrupLAC: producto listado en la ficha,1
G-00000000002093,P-GR-5E468D1DE845,GrupLAC: producto listado en la ficha,1
G-00000000002093,P-GR-5F318D43229B,GrupLAC: producto listado en la ficha,1
G-00000000002093,P-GR-6000D0C68C65,GrupLAC: producto listado en la ficha,1
G-00000000002093,P-GR-6013BB857082,GrupLAC: producto listado en la ficha,1
G-00000000002093,P-GR-622E82E95893,GrupLAC: producto listado en la ficha,1
G-00000000002093,P-GR-623333E8405E,GrupLAC: producto listado en la ficha,1
G-00000000002093,P-GR-628F228656DF,GrupLAC: producto listado en la ficha,1
G-00000000002093,P-GR-6317EE1EC0E7,GrupLAC: producto listado en la ficha,1
G-00000000002093,P-GR-637FBED00269,GrupLAC: producto listado en la ficha,1
G-00000000002093,P-GR-63966C4677E8,GrupLAC: producto listado en la ficha,1
G-00000000002093,P-GR-63A371B9AF66,GrupLAC: producto listado en la ficha,1
G-00000000002093,P-GR-64D3B9C5FEE9,GrupLAC: producto listado en la ficha,1
G-00000000002093,P-GR-64FA7B359A95,GrupLAC: producto listado en la ficha,1
G-00000000002093,P-GR-65CFAE34B20E,GrupLAC: producto listado en la ficha,1
G-00000000002093,P-GR-66F83904A008,GrupLAC: producto listado en la ficha,1
G-00000000002093,P-GR-6705126CE2DE,GrupLAC: producto listado en la ficha,1
G-00000000002093,P-GR-672B14E14D23,GrupLAC: producto listado en la ficha,1
G-00000000002093,P-GR-676D771B0E70,GrupLAC: producto listado en la ficha,1
G-00000000002093,P-GR-67BD53DAE56D,GrupLAC: producto listado en la ficha,1
G-00000000002093,P-GR-67C6A050F01D,GrupLAC: producto listado en la ficha,1
G-00000000002093,P-GR-67DFBB753172,GrupLAC: producto listado en la ficha,1
G-00000000002093,P-GR-69178A1ABD52,GrupLAC: producto listado en la ficha,1
G-00000000002093,P-GR-699D9025108B,GrupLAC: producto listado en la ficha,1
G-00000000002093,P-GR-6A00607944DD,GrupLAC: producto listado en la ficha,1
G-00000000002093,P-GR-6A62A6954B47,GrupLAC: producto listado en la ficha,1
G-00000000002093,P-GR-6AC6CC3C8DCD,GrupLAC: producto listado en la ficha,1
G-00000000002093,P-GR-6ADD48009EE4,GrupLAC: producto listado en la ficha,1
G-00000000002093,P-GR-6B0980AEF019,GrupLAC: producto listado en la ficha,1
G-00000000002093,P-GR-6B4B8400D969,GrupLAC: producto listado en la ficha,1
G-00000000002093,P-GR-6B625E2F0CD2,GrupLAC: producto listado en la ficha,1
G-00000000002093,P-GR-6B87F3F27B85,GrupLAC: producto listado en la ficha,1
G-00000000002093,P-GR-6BAA69C0D00C,GrupLAC: producto listado en la ficha,1
G-00000000002093,P-GR-6C81DBB14A46,GrupLAC: producto listado en la ficha,1
G-00000000002093,P-GR-6D3A3861601F,GrupLAC: producto listado en la ficha,1
G-00000000002093,P-GR-6DE122C073DD,GrupLAC: producto listado en la ficha,1
G-00000000002093,P-GR-6E86235D6935,GrupLAC: producto listado en la ficha,1
G-00000000002093,P-GR-6EF2ADE732BC,GrupLAC: producto listado en la ficha,1
G-00000000002093,P-GR-6F5B9BE340E0,GrupLAC: producto listado en la ficha,1
G-00000000002093,P-GR-70967F6B267C,GrupLAC: producto listado en la ficha,1
G-00000000002093,P-GR-70FE9AAB43B1,GrupLAC: producto listado en la ficha,1
G-00000000002093,P-GR-7179CE0BB033,GrupLAC: producto listado en la ficha,1
G-00000000002093,P-GR-71FECDA90FDC,GrupLAC: producto listado en la ficha,1
G-00000000002093,P-GR-72824F25944F,GrupLAC: producto listado en la ficha,1
G-00000000002093,P-GR-72ADD3E42D9E,GrupLAC: producto listado en la ficha,1
G-00000000002093,P-GR-72FB3A613E5D,GrupLAC: producto listado en la ficha,1
G-00000000002093,P-GR-7341DE414953,GrupLAC: producto listado en la ficha,1
G-00000000002093,P-GR-73883D1EC737,GrupLAC: producto listado en la ficha,1
G-00000000002093,P-GR-748A2BFA60DC,GrupLAC: producto listado en la ficha,1
G-00000000002093,P-GR-7547FCF46582,GrupLAC: producto listado en la ficha,1
G-00000000002093,P-GR-7592B6302762,GrupLAC: producto listado en la ficha,1
G-00000000002093,P-GR-75D7A7DBA01E,GrupLAC: producto listado en la ficha,1
G-00000000002093,P-GR-75DF46CEA100,GrupLAC: producto listado en la ficha,1
G-00000000002093,P-GR-75FCF84BE060,GrupLAC: producto listado en la ficha,1
G-00000000002093,P-GR-7718F1B14E0B,GrupLAC: producto listado en la ficha,1
G-00000000002093,P-GR-7873A5E67338,GrupLAC: producto listado en la ficha,1
G-00000000002093,P-GR-78B1629E9DAA,GrupLAC: producto listado en la ficha,1
G-00000000002093,P-GR-7936AB8412CD,GrupLAC: producto listado en la ficha,1
G-00000000002093,P-GR-7943F0DF4FDB,GrupLAC: producto listado en la ficha,1
G-00000000002093,P-GR-7967792600CD,GrupLAC: producto listado en la ficha,1
G-00000000002093,P-GR-7B0D6B163B37,GrupLAC: producto listado en la ficha,1
G-00000000002093,P-GR-7BB0D3F10B91,GrupLAC: producto listado en la ficha,1
G-00000000002093,P-GR-7BBA0D7A3C69,GrupLAC: producto listado en la ficha,1
G-00000000002093,P-GR-7BCDFE71C2F2,GrupLAC: producto listado en la ficha,1
G-00000000002093,P-GR-7BEE9D8652B5,GrupLAC: producto listado en la ficha,1
G-00000000002093,P-GR-7C6C49A77C2C,GrupLAC: producto listado en la ficha,1
G-00000000002093,P-GR-7D431C0E4BDC,GrupLAC: producto listado en la ficha,1
G-00000000002093,P-GR-7E6971E369AD,GrupLAC: producto listado en la ficha,1
G-00000000002093,P-GR-7ECE90E7EAC3,GrupLAC: producto listado en la ficha,1
G-00000000002093,P-GR-7F12972F3B0E,GrupLAC: producto listado en la ficha,1
G-00000000002093,P-GR-7F7BD582DE01,GrupLAC: producto listado en la ficha,1
G-00000000002093,P-GR-7F8B3D1DE55D,GrupLAC: producto listado en la ficha,1
G-00000000002093,P-GR-7FB3C5EB887A,GrupLAC: producto listado en la ficha,1
G-00000000002093,P-GR-80971F792165,GrupLAC: producto listado en la ficha,1
G-00000000002093,P-GR-80C234B08C0D,GrupLAC: producto listado en la ficha,1
G-00000000002093,P-GR-819C281BBD92,GrupLAC: producto listado en la ficha,1
G-00000000002093,P-GR-81A8D315BB13,GrupLAC: producto listado en la ficha,1
G-00000000002093,P-GR-81CABB91EFDB,GrupLAC: producto listado en la ficha,1
G-00000000002093,P-GR-8289B9A5FA05,GrupLAC: producto listado en la ficha,1
G-00000000002093,P-GR-82F3893F74E3,GrupLAC: producto listado en la ficha,1
G-00000000002093,P-GR-83891AE62D8F,GrupLAC: producto listado en la ficha,1
G-00000000002093,P-GR-8566735015C8,GrupLAC: producto listado en la ficha,1
G-00000000002093,P-GR-862B7FA3B8E0,GrupLAC: producto listado en la ficha,1
G-00000000002093,P-GR-863C04729897,GrupLAC: producto listado en la ficha,1
G-00000000002093,P-GR-86C04171087F,GrupLAC: producto listado en la ficha,1
G-00000000002093,P-GR-87F2ECC19FAC,GrupLAC: producto listado en la ficha,1
G-00000000002093,P-GR-8845EDD13573,GrupLAC: producto listado en la ficha,1
G-00000000002093,P-GR-88858358AEF8,GrupLAC: producto listado en la ficha,1
G-00000000002093,P-GR-89018D115290,GrupLAC: producto listado en la ficha,1
G-00000000002093,P-GR-891CFF63B975,GrupLAC: producto listado en la ficha,1
G-00000000002093,P-GR-89CBBF649FAA,GrupLAC: producto listado en la ficha,1
G-00000000002093,P-GR-8A51F5B2C165,GrupLAC: producto listado en la ficha,1
G-00000000002093,P-GR-8A7207727739,GrupLAC: producto listado en la ficha,1
G-00000000002093,P-GR-8A760E7808A9,GrupLAC: producto listado en la ficha,1
G-00000000002093,P-GR-8A7998A3BD07,GrupLAC: producto listado en la ficha,1
G-00000000002093,P-GR-8B8245E7FD8C,GrupLAC: producto listado en la ficha,1
G-00000000002093,P-GR-8C06674101A6,GrupLAC: producto listado en la ficha,1
G-00000000002093,P-GR-8CA699C3A7F2,GrupLAC: producto listado en la ficha,1
G-00000000002093,P-GR-8D0C8FBB8B4C,GrupLAC: producto listado en la ficha,1
G-00000000002093,P-GR-8D89B8BE5B1A,GrupLAC: producto listado en la ficha,1
G-00000000002093,P-GR-8DBE22C923BC,GrupLAC: producto listado en la ficha,1
G-00000000002093,P-GR-8E426028C2BF,GrupLAC: producto listado en la ficha,1
G-00000000002093,P-GR-8E9E6087A015,GrupLAC: producto listado en la ficha,1
G-00000000002093,P-GR-8EA62CEBC4BB,GrupLAC: producto listado en la ficha,1
G-00000000002093,P-GR-8EE2F2FBA174,GrupLAC: producto listado en la ficha,1
G-00000000002093,P-GR-8EE592CC74D9,GrupLAC: producto listado en la ficha,1
G-00000000002093,P-GR-8FAF0F24F732,GrupLAC: producto listado en la ficha,1
G-00000000002093,P-GR-9129F6259182,GrupLAC: producto listado en la ficha,1
G-00000000002093,P-GR-951A8C7100E9,GrupLAC: producto listado en la ficha,1
G-00000000002093,P-GR-9575A2378371,GrupLAC: producto listado en la ficha,1
G-00000000002093,P-GR-9637764FA008,GrupLAC: producto listado en la ficha,1
G-00000000002093,P-GR-96ACC79AD87E,GrupLAC: producto listado en la ficha,1
G-00000000002093,P-GR-97C8E09F491E,GrupLAC: producto listado en la ficha,1
G-00000000002093,P-GR-984415307FF3,GrupLAC: producto listado en la ficha,1
G-00000000002093,P-GR-9848932AE26F,GrupLAC: producto listado en la ficha,1
G-00000000002093,P-GR-989541051299,GrupLAC: producto listado en la ficha,1
G-00000000002093,P-GR-9912CF53DD78,GrupLAC: producto listado en la ficha,1
G-00000000002093,P-GR-995D3A82FD2E,GrupLAC: producto listado en la ficha,1
G-00000000002093,P-GR-99D1BBB097A2,GrupLAC: producto listado en la ficha,1
G-00000000002093,P-GR-99D9C10870D8,GrupLAC: producto listado en la ficha,1
G-00000000002093,P-GR-9ADBE5B29E0A,GrupLAC: producto listado en la ficha,1
G-00000000002093,P-GR-9AE291CCFB6E,GrupLAC: producto listado en la ficha,1
G-00000000002093,P-GR-9C0FAD1A135B,GrupLAC: producto listado en la ficha,1
G-00000000002093,P-GR-9CC957DB1E8E,GrupLAC: producto listado en la ficha,1
G-00000000002093,P-GR-9D0ED41960AD,GrupLAC: producto listado en la ficha,1
G-00000000002093,P-GR-9D2F02A54FE5,GrupLAC: producto listado en la ficha,1
G-00000000002093,P-GR-9D5F7E1A6CCA,GrupLAC: producto listado en la ficha,1
G-00000000002093,P-GR-9E3BD785081D,GrupLAC: producto listado en la ficha,1
G-00000000002093,P-GR-9E9078F8A08C,GrupLAC: producto listado en la ficha,1
G-00000000002093,P-GR-9EA592DF3876,GrupLAC: producto listado en la ficha,1
G-00000000002093,P-GR-A0ADBF4D72C0,GrupLAC: producto listado en la ficha,1
G-00000000002093,P-GR-A0B54E5AA94D,GrupLAC: producto listado en la ficha,1
G-00000000002093,P-GR-A15754F53358,GrupLAC: producto listado en la ficha,1
G-00000000002093,P-GR-A195AC055886,GrupLAC: producto listado en la ficha,1
G-00000000002093,P-GR-A376701D7DF9,GrupLAC: producto listado en la ficha,1
G-00000000002093,P-GR-A3A553F7D2DF,GrupLAC: producto listado en la ficha,1
G-00000000002093,P-GR-A4DF484D0D41,GrupLAC: producto listado en la ficha,1
G-00000000002093,P-GR-A4ED92758272,GrupLAC: producto listado en la ficha,1
G-00000000002093,P-GR-A57801D64DF0,GrupLAC: producto listado en la ficha,1
G-00000000002093,P-GR-A5E5A67568C2,GrupLAC: producto listado en la ficha,1
G-00000000002093,P-GR-A614201D097D,GrupLAC: producto listado en la ficha,1
G-00000000002093,P-GR-A653DDFC49F6,GrupLAC: producto listado en la ficha,1
G-00000000002093,P-GR-A68DAB7B6057,GrupLAC: producto listado en la ficha,1
G-00000000002093,P-GR-A6B3FB800688,GrupLAC: producto listado en la ficha,1
G-00000000002093,P-GR-A70611608535,GrupLAC: producto listado en la ficha,1
G-00000000002093,P-GR-A7425F33DCDB,GrupLAC: producto listado en la ficha,1
G-00000000002093,P-GR-A749FFFAD9E1,GrupLAC: producto listado en la ficha,1
G-00000000002093,P-GR-A8C0FD1F79BB,GrupLAC: producto listado en la ficha,1
G-00000000002093,P-GR-A8CC55B1259E,GrupLAC: producto listado en la ficha,1
G-00000000002093,P-GR-AB49011E8F99,GrupLAC: producto listado en la ficha,1
G-00000000002093,P-GR-AB613E650834,GrupLAC: producto listado en la ficha,1
G-00000000002093,P-GR-AC48CE1239A7,GrupLAC: producto listado en la ficha,1
G-00000000002093,P-GR-AF027C8B7BFE,GrupLAC: producto listado en la ficha,1
G-00000000002093,P-GR-AFADFC9E1D6E,GrupLAC: producto listado en la ficha,1
G-00000000002093,P-GR-B0563A7F48DF,GrupLAC: producto listado en la ficha,1
G-00000000002093,P-GR-B087D8FF00CB,GrupLAC: producto listado en la ficha,1
G-00000000002093,P-GR-B0A6F704A095,GrupLAC: producto listado en la ficha,1
G-00000000002093,P-GR-B0EB5B1C101E,GrupLAC: producto listado en la ficha,1
G-00000000002093,P-GR-B1F034FE6802,GrupLAC: producto listado en la ficha,1
G-00000000002093,P-GR-B2739814896B,GrupLAC: producto listado en la ficha,1
G-00000000002093,P-GR-B39556456E7E,GrupLAC: producto listado en la ficha,1
G-00000000002093,P-GR-B39ACF3F8F5E,GrupLAC: producto listado en la ficha,1
G-00000000002093,P-GR-B4501013C181,GrupLAC: producto listado en la ficha,1
G-00000000002093,P-GR-B4D5A53A0048,GrupLAC: producto listado en la ficha,1
G-00000000002093,P-GR-B53F802E7CDF,GrupLAC: producto listado en la ficha,1
G-00000000002093,P-GR-B64FD758F12E,GrupLAC: producto listado en la ficha,1
G-00000000002093,P-GR-B6696BAD70DE,GrupLAC: producto listado en la ficha,1
G-00000000002093,P-GR-B6D3E0996BA2,GrupLAC: producto listado en la ficha,1
G-00000000002093,P-GR-B8303015D337,GrupLAC: producto listado en la ficha,1
G-00000000002093,P-GR-B845DBCB2D64,GrupLAC: producto listado en la ficha,1
G-00000000002093,P-GR-B89201E026AB,GrupLAC: producto listado en la ficha,1
G-00000000002093,P-GR-B92CC69B5D0B,GrupLAC: producto listado en la ficha,1
G-00000000002093,P-GR-BAFBE119B1A5,GrupLAC: producto listado en la ficha,1
G-00000000002093,P-GR-BB0B1F1089C5,GrupLAC: producto listado en la ficha,1
G-00000000002093,P-GR-BB40C73D85CB,GrupLAC: producto listado en la ficha,1
G-00000000002093,P-GR-BC14E9C6BCC2,GrupLAC: producto listado en la ficha,1
G-00000000002093,P-GR-BD3B4B0A2390,GrupLAC: producto listado en la ficha,1
G-00000000002093,P-GR-BDE5D399B7EA,GrupLAC: producto listado en la ficha,1
G-00000000002093,P-GR-BDEEC2007E45,GrupLAC: producto listado en la ficha,1
G-00000000002093,P-GR-BE0E9B2941E4,GrupLAC: producto listado en la ficha,1
G-00000000002093,P-GR-BE7AAEDA069C,GrupLAC: producto listado en la ficha,1
G-00000000002093,P-GR-BE90496BC5C4,GrupLAC: producto listado en la ficha,1
G-00000000002093,P-GR-BE90A07C6E09,GrupLAC: producto listado en la ficha,1
G-00000000002093,P-GR-BEA366941EAB,GrupLAC: producto listado en la ficha,1
G-00000000002093,P-GR-BF8CBEFB3E00,GrupLAC: producto listado en la ficha,1
G-00000000002093,P-GR-BFA862009B26,GrupLAC: producto listado en la ficha,1
G-00000000002093,P-GR-BFE835AA9DFB,GrupLAC: producto listado en la ficha,1
G-00000000002093,P-GR-C1130733A232,GrupLAC: producto listado en la ficha,1
G-00000000002093,P-GR-C1182E381994,GrupLAC: producto listado en la ficha,1
G-00000000002093,P-GR-C16CE2B5FCC4,GrupLAC: producto listado en la ficha,1
G-00000000002093,P-GR-C1A8219ED862,GrupLAC: producto listado en la ficha,1
G-00000000002093,P-GR-C232830783AA,GrupLAC: producto listado en la ficha,1
G-00000000002093,P-GR-C38FB49AB1AE,GrupLAC: producto listado en la ficha,1
G-00000000002093,P-GR-C47BDD13F867,GrupLAC: producto listado en la ficha,1
G-00000000002093,P-GR-C52B2EF0AD5D,GrupLAC: producto listado en la ficha,1
G-00000000002093,P-GR-C55924F57E10,GrupLAC: producto listado en la ficha,1
G-00000000002093,P-GR-C658070D8985,GrupLAC: producto listado en la ficha,1
G-00000000002093,P-GR-C674DC7D2161,GrupLAC: producto listado en la ficha,1
G-00000000002093,P-GR-C73799511099,GrupLAC: producto listado en la ficha,1
G-00000000002093,P-GR-C73E35249D17,GrupLAC: producto listado en la ficha,1
G-00000000002093,P-GR-C7ECCE60D903,GrupLAC: producto listado en la ficha,1
G-00000000002093,P-GR-C80928FDA999,GrupLAC: producto listado en la ficha,1
G-00000000002093,P-GR-C849A282125D,GrupLAC: producto listado en la ficha,1
G-00000000002093,P-GR-C8EA4AE737AF,GrupLAC: producto listado en la ficha,1
G-00000000002093,P-GR-C94D4DBE18D3,GrupLAC: producto listado en la ficha,1
G-00000000002093,P-GR-CA28C40F1943,GrupLAC: producto listado en la ficha,1
G-00000000002093,P-GR-CA81A38075DB,GrupLAC: producto listado en la ficha,1
G-00000000002093,P-GR-CAAAA80AFF82,GrupLAC: producto listado en la ficha,1
G-00000000002093,P-GR-CABAA2BCE902,GrupLAC: producto listado en la ficha,1
G-00000000002093,P-GR-CB2CADB6D1FB,GrupLAC: producto listado en la ficha,1
G-00000000002093,P-GR-CB2E35B02A8C,GrupLAC: producto listado en la ficha,1
G-00000000002093,P-GR-CCC415E0F759,GrupLAC: producto listado en la ficha,1
G-00000000002093,P-GR-CDDC5C2207EF,GrupLAC: producto listado en la ficha,1
G-00000000002093,P-GR-CE4DDDED59EE,GrupLAC: producto listado en la ficha,1
G-00000000002093,P-GR-CED187777F65,GrupLAC: producto listado en la ficha,1
G-00000000002093,P-GR-CEF840B335AB,GrupLAC: producto listado en la ficha,1
G-00000000002093,P-GR-CF95C55D588B,GrupLAC: producto listado en la ficha,1
G-00000000002093,P-GR-D1513B14FCCB,GrupLAC: producto listado en la ficha,1
G-00000000002093,P-GR-D1541DF27A01,GrupLAC: producto listado en la ficha,1
G-00000000002093,P-GR-D19569DA683C,GrupLAC: producto listado en la ficha,1
G-00000000002093,P-GR-D27D26D24785,GrupLAC: producto listado en la ficha,1
G-00000000002093,P-GR-D3233E0EC762,GrupLAC: producto listado en la ficha,1
G-00000000002093,P-GR-D33C6CA8B26F,GrupLAC: producto listado en la ficha,1
G-00000000002093,P-GR-D4582DEFB06E,GrupLAC: producto listado en la ficha,1
G-00000000002093,P-GR-D499A03F2F5D,GrupLAC: producto listado en la ficha,1
G-00000000002093,P-GR-D573EC8F3300,GrupLAC: producto listado en la ficha,1
G-00000000002093,P-GR-D5922F2B0923,GrupLAC: producto listado en la ficha,1
G-00000000002093,P-GR-D5DBE18F9681,GrupLAC: producto listado en la ficha,1
G-00000000002093,P-GR-D688599D9E3E,GrupLAC: producto listado en la ficha,1
G-00000000002093,P-GR-D6CC5848A7A3,GrupLAC: producto listado en la ficha,1
G-00000000002093,P-GR-D704CE069CF5,GrupLAC: producto listado en la ficha,1
G-00000000002093,P-GR-D71C35B3DBE8,GrupLAC: producto listado en la ficha,1
G-00000000002093,P-GR-D87E58FC3728,GrupLAC: producto listado en la ficha,1
G-00000000002093,P-GR-D89BD1FEDE9B,GrupLAC: producto listado en la ficha,1
G-00000000002093,P-GR-D8B573FF05F5,GrupLAC: producto listado en la ficha,1
G-00000000002093,P-GR-D92F7746AB2E,GrupLAC: producto listado en la ficha,1
G-00000000002093,P-GR-D9871337F762,GrupLAC: producto listado en la ficha,1
G-00000000002093,P-GR-D9E528AA0C36,GrupLAC: producto listado en la ficha,1
G-00000000002093,P-GR-D9EB6FAFB4A7,GrupLAC: producto listado en la ficha,1
G-00000000002093,P-GR-DB0C5F8346A4,GrupLAC: producto listado en la ficha,1
G-00000000002093,P-GR-DB17A9F8E565,GrupLAC: producto listado en la ficha,1
G-00000000002093,P-GR-DBEBD09576C9,GrupLAC: producto listado en la ficha,1
G-00000000002093,P-GR-DCA62C98A798,GrupLAC: producto listado en la ficha,1
G-00000000002093,P-GR-DCCB35DEAB3B,GrupLAC: producto listado en la ficha,1
G-00000000002093,P-GR-DCD0F4377DA2,GrupLAC: producto listado en la ficha,1
G-00000000002093,P-GR-DD23F0FC7DC9,GrupLAC: producto listado en la ficha,1
G-00000000002093,P-GR-DD496EB1DE5C,GrupLAC: producto listado en la ficha,1
G-00000000002093,P-GR-DD67FEBCBDA3,GrupLAC: producto listado en la ficha,1
G-00000000002093,P-GR-DD7F23C4D0A2,GrupLAC: producto listado en la ficha,1
G-00000000002093,P-GR-DDA14675CDB2,GrupLAC: producto listado en la ficha,1
G-00000000002093,P-GR-DDFD3C021278,GrupLAC: producto listado en la ficha,1
G-00000000002093,P-GR-DE028E59C08A,GrupLAC: producto listado en la ficha,1
G-00000000002093,P-GR-DE1BEEA6B49C,GrupLAC: producto listado en la ficha,1
G-00000000002093,P-GR-DE4DA1EC8397,GrupLAC: producto listado en la ficha,1
G-00000000002093,P-GR-DE55C6C5E6E0,GrupLAC: producto listado en la ficha,1
G-00000000002093,P-GR-DEE8F73C26A3,GrupLAC: producto listado en la ficha,1
G-00000000002093,P-GR-DFA099C0BB06,GrupLAC: producto listado en la ficha,1
G-00000000002093,P-GR-DFA3CF4AD0DA,GrupLAC: producto listado en la ficha,1
G-00000000002093,P-GR-E005C8428D58,GrupLAC: producto listado en la ficha,1
G-00000000002093,P-GR-E10057065AFF,GrupLAC: producto listado en la ficha,1
G-00000000002093,P-GR-E173553B1C23,GrupLAC: producto listado en la ficha,1
G-00000000002093,P-GR-E17DB6B1587C,GrupLAC: producto listado en la ficha,1
G-00000000002093,P-GR-E1BB195C4C05,GrupLAC: producto listado en la ficha,1
G-00000000002093,P-GR-E38777862358,GrupLAC: producto listado en la ficha,1
G-00000000002093,P-GR-E38DE82CCF85,GrupLAC: producto listado en la ficha,1
G-00000000002093,P-GR-E44CC94973E6,GrupLAC: producto listado en la ficha,1
G-00000000002093,P-GR-E4D6D7A1B0DD,GrupLAC: producto listado en la ficha,1
G-00000000002093,P-GR-E554569740E1,GrupLAC: producto listado en la ficha,1
G-00000000002093,P-GR-E62FEA80224A,GrupLAC: producto listado en la ficha,1
G-00000000002093,P-GR-E6C54CEE93F5,GrupLAC: producto listado en la ficha,1
G-00000000002093,P-GR-E6FBDCED340B,GrupLAC: producto listado en la ficha,1
G-00000000002093,P-GR-E7E88E395F6D,GrupLAC: producto listado en la ficha,1
G-00000000002093,P-GR-E808D6BAED41,GrupLAC: producto listado en la ficha,1
G-00000000002093,P-GR-E87FBBB0E92A,GrupLAC: producto listado en la ficha,1
G-00000000002093,P-GR-E8F3C00D724B,GrupLAC: producto listado en la ficha,1
G-00000000002093,P-GR-E946BB18C4E1,GrupLAC: producto listado en la ficha,1
G-00000000002093,P-GR-E9E288B278C4,GrupLAC: producto listado en la ficha,1
G-00000000002093,P-GR-E9F898219C99,GrupLAC: producto listado en la ficha,1
G-00000000002093,P-GR-EB15BFB9D652,GrupLAC: producto listado en la ficha,1
G-00000000002093,P-GR-EB26647F298C,GrupLAC: producto listado en la ficha,1
G-00000000002093,P-GR-EB3F2204823A,GrupLAC: producto listado en la ficha,1
G-00000000002093,P-GR-EBC4A358D67F,GrupLAC: producto listado en la ficha,1
G-00000000002093,P-GR-EBE8417696CD,GrupLAC: producto listado en la ficha,1
G-00000000002093,P-GR-EBF3555652A7,GrupLAC: producto listado en la ficha,1
G-00000000002093,P-GR-EC260042AF35,GrupLAC: producto listado en la ficha,1
G-00000000002093,P-GR-EC5CB9E3B7FA,GrupLAC: producto listado en la ficha,1
G-00000000002093,P-GR-EDE89D5AAA0D,GrupLAC: producto listado en la ficha,1
G-00000000002093,P-GR-EEC06DF5066F,GrupLAC: producto listado en la ficha,1
G-00000000002093,P-GR-EF32714FD153,GrupLAC: producto listado en la ficha,1
G-00000000002093,P-GR-F02457819CD5,GrupLAC: producto listado en la ficha,1
G-00000000002093,P-GR-F029CE9DB005,GrupLAC: producto listado en la ficha,1
G-00000000002093,P-GR-F07F96774629,GrupLAC: producto listado en la ficha,1
G-00000000002093,P-GR-F10F72C007BA,GrupLAC: producto listado en la ficha,1
G-00000000002093,P-GR-F12AD864F2CE,GrupLAC: producto listado en la ficha,1
G-00000000002093,P-GR-F1533D93D59A,GrupLAC: producto listado en la ficha,1
G-00000000002093,P-GR-F1A105BBBAD5,GrupLAC: producto listado en la ficha,1
G-00000000002093,P-GR-F31A3EAF4D32,GrupLAC: producto listado en la ficha,1
G-00000000002093,P-GR-F3662F7FBC9F,GrupLAC: producto listado en la ficha,1
G-00000000002093,P-GR-F3A383ABA3AC,GrupLAC: producto listado en la ficha,1
G-00000000002093,P-GR-F3A41C8CE89F,GrupLAC: producto listado en la ficha,1
G-00000000002093,P-GR-F4007BD582F6,GrupLAC: producto listado en la ficha,1
G-00000000002093,P-GR-F41592A41C3A,GrupLAC: producto listado en la ficha,1
G-00000000002093,P-GR-F47EE0F2E4B6,GrupLAC: producto listado en la ficha,1
G-00000000002093,P-GR-F520A2A7E78E,GrupLAC: producto listado en la ficha,1
G-00000000002093,P-GR-F5FFB616269D,GrupLAC: producto listado en la ficha,1
G-00000000002093,P-GR-F8C95B4BE5B0,GrupLAC: producto listado en la ficha,1
G-00000000002093,P-GR-F94A39BB3897,GrupLAC: producto listado en la ficha,1
G-00000000002093,P-GR-F9CF6583C304,GrupLAC: producto listado en la ficha,1
G-00000000002093,P-GR-FA2FB0659253,GrupLAC: producto listado en la ficha,1
G-00000000002093,P-GR-FA768D02C1A7,GrupLAC: producto listado en la ficha,1
G-00000000002093,P-GR-FACEDBE12A69,GrupLAC: producto listado en la ficha,1
G-00000000002093,P-GR-FAD8DD46C6F6,GrupLAC: producto listado en la ficha,1
G-00000000002093,P-GR-FB2EB1C15C02,GrupLAC: producto listado en la ficha,1
G-00000000002093,P-GR-FB769B1D7599,GrupLAC: producto listado en la ficha,1
G-00000000002093,P-GR-FBA5EC8D1DF3,GrupLAC: producto listado en la ficha,1
G-00000000002093,P-GR-FBC58DBE7FF2,GrupLAC: producto listado en la ficha,1
G-00000000002093,P-GR-FD37FAF2ACCB,GrupLAC: producto listado en la ficha,1
G-00000000002093,P-GR-FDC70C61CE1A,GrupLAC: producto listado en la ficha,1
G-00000000002093,P-GR-FE164DE55925,GrupLAC: producto listado en la ficha,1
G-00000000002093,P-GR-FEADEA7E21AE,GrupLAC: producto listado en la ficha,1
G-00000000002099,P-GR-005878A35E60,GrupLAC: producto listado en la ficha,1
G-00000000002099,P-GR-01F3316EFEF6,GrupLAC: producto listado en la ficha,1
G-00000000002099,P-GR-03B4434477AF,GrupLAC: producto listado en la ficha,1
G-00000000002099,P-GR-04AC59848F8D,GrupLAC: producto listado en la ficha,1
G-00000000002099,P-GR-0636B6B7DB64,GrupLAC: producto listado en la ficha,1
G-00000000002099,P-GR-07DF6597FC47,GrupLAC: producto listado en la ficha,1
G-00000000002099,P-GR-0865C5510B05,GrupLAC: producto listado en la ficha,1
G-00000000002099,P-GR-09A47BDF6DCD,GrupLAC: producto listado en la ficha,1
G-00000000002099,P-GR-09ADA1D4A0CF,GrupLAC: producto listado en la ficha,1
G-00000000002099,P-GR-0AEBF1670FFF,GrupLAC: producto listado en la ficha,1
G-00000000002099,P-GR-0BC18AD6E6A4,GrupLAC: producto listado en la ficha,1
G-00000000002099,P-GR-11648949F70E,GrupLAC: producto listado en la ficha,1
G-00000000002099,P-GR-11DCE3B2E7C0,GrupLAC: producto listado en la ficha,1
G-00000000002099,P-GR-12130B5262DE,GrupLAC: producto listado en la ficha,1
G-00000000002099,P-GR-12A21C0412F1,GrupLAC: producto listado en la ficha,1
G-00000000002099,P-GR-14CCF4D1DED5,GrupLAC: producto listado en la ficha,1
G-00000000002099,P-GR-153AC6C45730,GrupLAC: producto listado en la ficha,1
G-00000000002099,P-GR-17F6F346601A,GrupLAC: producto listado en la ficha,1
G-00000000002099,P-GR-18DAD3066DEA,GrupLAC: producto listado en la ficha,1
G-00000000002099,P-GR-18DDE3320DCF,GrupLAC: producto listado en la ficha,1
G-00000000002099,P-GR-1A2DAA1C3F2C,GrupLAC: producto listado en la ficha,1
G-00000000002099,P-GR-1D0CF334A92F,GrupLAC: producto listado en la ficha,1
G-00000000002099,P-GR-1E543C79B668,GrupLAC: producto listado en la ficha,1
G-00000000002099,P-GR-20D85C5BB990,GrupLAC: producto listado en la ficha,1
G-00000000002099,P-GR-21F965AC4CE4,GrupLAC: producto listado en la ficha,1
G-00000000002099,P-GR-22C693129F9E,GrupLAC: producto listado en la ficha,1
G-00000000002099,P-GR-252601033A96,GrupLAC: producto listado en la ficha,1
G-00000000002099,P-GR-2540AD9D8CD0,GrupLAC: producto listado en la ficha,1
G-00000000002099,P-GR-255C5F99442E,GrupLAC: producto listado en la ficha,1
G-00000000002099,P-GR-263CEE3AA447,GrupLAC: producto listado en la ficha,1
G-00000000002099,P-GR-26781899AB2B,GrupLAC: producto listado en la ficha,1
G-00000000002099,P-GR-280F8758663B,GrupLAC: producto listado en la ficha,1
G-00000000002099,P-GR-295E9637472D,GrupLAC: producto listado en la ficha,1
G-00000000002099,P-GR-29E8F8FC7CF0,GrupLAC: producto listado en la ficha,1
G-00000000002099,P-GR-2BC9A17C1FF7,GrupLAC: producto listado en la ficha,1
G-00000000002099,P-GR-2C9CDCC34776,GrupLAC: producto listado en la ficha,1
G-00000000002099,P-GR-2E2AB9781C6B,GrupLAC: producto listado en la ficha,1
G-00000000002099,P-GR-2EB88FE36C34,GrupLAC: producto listado en la ficha,1
G-00000000002099,P-GR-2EFCC14EC33E,GrupLAC: producto listado en la ficha,1
G-00000000002099,P-GR-2F18F3774F57,GrupLAC: producto listado en la ficha,1
G-00000000002099,P-GR-2F6ABAD3E53D,GrupLAC: producto listado en la ficha,1
G-00000000002099,P-GR-2F89FFBAC009,GrupLAC: producto listado en la ficha,1
G-00000000002099,P-GR-313BB63C0BDE,GrupLAC: producto listado en la ficha,1
G-00000000002099,P-GR-31C16E130328,GrupLAC: producto listado en la ficha,1
G-00000000002099,P-GR-344616433808,GrupLAC: producto listado en la ficha,1
G-00000000002099,P-GR-34C84FF3EEC3,GrupLAC: producto listado en la ficha,1
G-00000000002099,P-GR-350ECBCE9AFF,GrupLAC: producto listado en la ficha,1
G-00000000002099,P-GR-35407DC5D608,GrupLAC: producto listado en la ficha,1
G-00000000002099,P-GR-36588E2A6C44,GrupLAC: producto listado en la ficha,1
G-00000000002099,P-GR-381CE49F7C96,GrupLAC: producto listado en la ficha,1
G-00000000002099,P-GR-3844C6A41820,GrupLAC: producto listado en la ficha,1
G-00000000002099,P-GR-3BA0F3656809,GrupLAC: producto listado en la ficha,1
G-00000000002099,P-GR-3D30952E0010,GrupLAC: producto listado en la ficha,1
G-00000000002099,P-GR-3E98D041B1BD,GrupLAC: producto listado en la ficha,1
G-00000000002099,P-GR-3F9167F19CC7,GrupLAC: producto listado en la ficha,1
G-00000000002099,P-GR-40B29DD3BF41,GrupLAC: producto listado en la ficha,1
G-00000000002099,P-GR-42A5C15B2601,GrupLAC: producto listado en la ficha,1
G-00000000002099,P-GR-43E21FF5E5B0,GrupLAC: producto listado en la ficha,1
G-00000000002099,P-GR-45F237AB9CD0,GrupLAC: producto listado en la ficha,1
G-00000000002099,P-GR-46F92D3B7529,GrupLAC: producto listado en la ficha,1
G-00000000002099,P-GR-477C408A2D10,GrupLAC: producto listado en la ficha,1
G-00000000002099,P-GR-488E5E345A8F,GrupLAC: producto listado en la ficha,1
G-00000000002099,P-GR-48ADA0FECDA1,GrupLAC: producto listado en la ficha,1
G-00000000002099,P-GR-4938F09823E9,GrupLAC: producto listado en la ficha,1
G-00000000002099,P-GR-498EA8E89791,GrupLAC: producto listado en la ficha,1
G-00000000002099,P-GR-4BF0C2E0CBD8,GrupLAC: producto listado en la ficha,1
G-00000000002099,P-GR-4C98ABAAB18A,GrupLAC: producto listado en la ficha,1
G-00000000002099,P-GR-4CE808D54B9A,GrupLAC: producto listado en la ficha,1
G-00000000002099,P-GR-4EEC859A7879,GrupLAC: producto listado en la ficha,1
G-00000000002099,P-GR-5084964A8481,GrupLAC: producto listado en la ficha,1
G-00000000002099,P-GR-5084F5D36A0B,GrupLAC: producto listado en la ficha,1
G-00000000002099,P-GR-5111A5D4CC31,GrupLAC: producto listado en la ficha,1
G-00000000002099,P-GR-51E400EA87E8,GrupLAC: producto listado en la ficha,1
G-00000000002099,P-GR-5236E00D96BB,GrupLAC: producto listado en la ficha,1
G-00000000002099,P-GR-54B89F41841B,GrupLAC: producto listado en la ficha,1
G-00000000002099,P-GR-568716D19AD3,GrupLAC: producto listado en la ficha,1
G-00000000002099,P-GR-59F03160BA55,GrupLAC: producto listado en la ficha,1
G-00000000002099,P-GR-5A23874FD1A9,GrupLAC: producto listado en la ficha,1
G-00000000002099,P-GR-5AC71D09D190,GrupLAC: producto listado en la ficha,1
G-00000000002099,P-GR-5AF97CF262C6,GrupLAC: producto listado en la ficha,1
G-00000000002099,P-GR-5B62166B9F6A,GrupLAC: producto listado en la ficha,1
G-00000000002099,P-GR-5E21260A16DF,GrupLAC: producto listado en la ficha,1
G-00000000002099,P-GR-5E3BB261D94B,GrupLAC: producto listado en la ficha,1
G-00000000002099,P-GR-6063824CA251,GrupLAC: producto listado en la ficha,1
G-00000000002099,P-GR-62E702B639B2,GrupLAC: producto listado en la ficha,1
G-00000000002099,P-GR-65CA352C3DE1,GrupLAC: producto listado en la ficha,1
G-00000000002099,P-GR-69B41AAAFE04,GrupLAC: producto listado en la ficha,1
G-00000000002099,P-GR-6A4985DA3626,GrupLAC: producto listado en la ficha,1
G-00000000002099,P-GR-6AC60382AB72,GrupLAC: producto listado en la ficha,1
G-00000000002099,P-GR-6BE21C9B38E2,GrupLAC: producto listado en la ficha,1
G-00000000002099,P-GR-6CECC4B1E621,GrupLAC: producto listado en la ficha,1
G-00000000002099,P-GR-6D0BDB417EE7,GrupLAC: producto listado en la ficha,1
G-00000000002099,P-GR-6FE67D07E188,GrupLAC: producto listado en la ficha,1
G-00000000002099,P-GR-7013D8135B5E,GrupLAC: producto listado en la ficha,1
G-00000000002099,P-GR-70D7F65038A7,GrupLAC: producto listado en la ficha,1
G-00000000002099,P-GR-74022E5272F0,GrupLAC: producto listado en la ficha,1
G-00000000002099,P-GR-752C910DB990,GrupLAC: producto listado en la ficha,1
G-00000000002099,P-GR-7601C3BD6808,GrupLAC: producto listado en la ficha,1
G-00000000002099,P-GR-772FB810999F,GrupLAC: producto listado en la ficha,1
G-00000000002099,P-GR-7A625DB742A3,GrupLAC: producto listado en la ficha,1
G-00000000002099,P-GR-7B5B2838DF9D,GrupLAC: producto listado en la ficha,1
G-00000000002099,P-GR-7BD1E3A50D92,GrupLAC: producto listado en la ficha,1
G-00000000002099,P-GR-7C29B7E3300B,GrupLAC: producto listado en la ficha,1
G-00000000002099,P-GR-7CBAD0D0F8B1,GrupLAC: producto listado en la ficha,1
G-00000000002099,P-GR-7D6F0DEDBE6C,GrupLAC: producto listado en la ficha,1
G-00000000002099,P-GR-7E8B33709B65,GrupLAC: producto listado en la ficha,1
G-00000000002099,P-GR-7FAD3D736F37,GrupLAC: producto listado en la ficha,1
G-00000000002099,P-GR-80092F550158,GrupLAC: producto listado en la ficha,1
G-00000000002099,P-GR-80BFEEC5D8EE,GrupLAC: producto listado en la ficha,1
G-00000000002099,P-GR-827E6E5BCA34,GrupLAC: producto listado en la ficha,1
G-00000000002099,P-GR-86EEC5622178,GrupLAC: producto listado en la ficha,1
G-00000000002099,P-GR-87AFF9A9D802,GrupLAC: producto listado en la ficha,1
G-00000000002099,P-GR-8A82143F96C8,GrupLAC: producto listado en la ficha,1
G-00000000002099,P-GR-8ABAD17F0549,GrupLAC: producto listado en la ficha,1
G-00000000002099,P-GR-8AC932E7B76E,GrupLAC: producto listado en la ficha,1
G-00000000002099,P-GR-8C8BA41E1D55,GrupLAC: producto listado en la ficha,1
G-00000000002099,P-GR-907B4CE6E16D,GrupLAC: producto listado en la ficha,1
G-00000000002099,P-GR-92C34F7B12F6,GrupLAC: producto listado en la ficha,1
G-00000000002099,P-GR-9305C400CA4D,GrupLAC: producto listado en la ficha,1
G-00000000002099,P-GR-93B465CD3ACE,GrupLAC: producto listado en la ficha,1
G-00000000002099,P-GR-93FB0E312B06,GrupLAC: producto listado en la ficha,1
G-00000000002099,P-GR-9404D1F52134,GrupLAC: producto listado en la ficha,1
G-00000000002099,P-GR-9452550C25AD,GrupLAC: producto listado en la ficha,1
G-00000000002099,P-GR-94562A9A4731,GrupLAC: producto listado en la ficha,1
G-00000000002099,P-GR-94A161380D37,GrupLAC: producto listado en la ficha,1
G-00000000002099,P-GR-972AE047589A,GrupLAC: producto listado en la ficha,1
G-00000000002099,P-GR-986CDC308DFC,GrupLAC: producto listado en la ficha,1
G-00000000002099,P-GR-989F846FE99B,GrupLAC: producto listado en la ficha,1
G-00000000002099,P-GR-99D1BBB097A2,GrupLAC: producto listado en la ficha,1
G-00000000002099,P-GR-9B28930EA4D4,GrupLAC: producto listado en la ficha,1
G-00000000002099,P-GR-9B5B48B2378D,GrupLAC: producto listado en la ficha,1
G-00000000002099,P-GR-9D12008A401F,GrupLAC: producto listado en la ficha,1
G-00000000002099,P-GR-A0EA10703F1B,GrupLAC: producto listado en la ficha,1
G-00000000002099,P-GR-A359D2192C96,GrupLAC: producto listado en la ficha,1
G-00000000002099,P-GR-A4239CA6DC02,GrupLAC: producto listado en la ficha,1
G-00000000002099,P-GR-AA54A8011EA6,GrupLAC: producto listado en la ficha,1
G-00000000002099,P-GR-AC0195014581,GrupLAC: producto listado en la ficha,1
G-00000000002099,P-GR-B16E6B1DD4BD,GrupLAC: producto listado en la ficha,1
G-00000000002099,P-GR-B4ED2C95E1A0,GrupLAC: producto listado en la ficha,1
G-00000000002099,P-GR-B880EFD5067B,GrupLAC: producto listado en la ficha,1
G-00000000002099,P-GR-BE45F2FA6104,GrupLAC: producto listado en la ficha,1
G-00000000002099,P-GR-BEB154A15CD8,GrupLAC: producto listado en la ficha,1
G-00000000002099,P-GR-BEBA8325DC8C,GrupLAC: producto listado en la ficha,1
G-00000000002099,P-GR-BEF57EDF2BF9,GrupLAC: producto listado en la ficha,1
G-00000000002099,P-GR-C2ED698BB8EB,GrupLAC: producto listado en la ficha,1
G-00000000002099,P-GR-C3C43ACD50F6,GrupLAC: producto listado en la ficha,1
G-00000000002099,P-GR-C3CED096CEE1,GrupLAC: producto listado en la ficha,1
G-00000000002099,P-GR-C6BCC3B9487A,GrupLAC: producto listado en la ficha,1
G-00000000002099,P-GR-C726738E6443,GrupLAC: producto listado en la ficha,1
G-00000000002099,P-GR-C84F16C5EC5B,GrupLAC: producto listado en la ficha,1
G-00000000002099,P-GR-CB379ABE42B8,GrupLAC: producto listado en la ficha,1
G-00000000002099,P-GR-CD4D5352CBB2,GrupLAC: producto listado en la ficha,1
G-00000000002099,P-GR-CE880008BD36,GrupLAC: producto listado en la ficha,1
G-00000000002099,P-GR-CFD332317522,GrupLAC: producto listado en la ficha,1
G-00000000002099,P-GR-D3AA18125F6F,GrupLAC: producto listado en la ficha,1
G-00000000002099,P-GR-D473E392E7E9,GrupLAC: producto listado en la ficha,1
G-00000000002099,P-GR-D4DEF4AB9217,GrupLAC: producto listado en la ficha,1
G-00000000002099,P-GR-D7C2AB98AE9E,GrupLAC: producto listado en la ficha,1
G-00000000002099,P-GR-D9335A4721CC,GrupLAC: producto listado en la ficha,1
G-00000000002099,P-GR-DAEFFAABA2BF,GrupLAC: producto listado en la ficha,1
G-00000000002099,P-GR-DB5C04B69C15,GrupLAC: producto listado en la ficha,1
G-00000000002099,P-GR-DBA082D745E6,GrupLAC: producto listado en la ficha,1
G-00000000002099,P-GR-DD5C71BDE3D6,GrupLAC: producto listado en la ficha,1
G-00000000002099,P-GR-DDEA9CF46A5E,GrupLAC: producto listado en la ficha,1
G-00000000002099,P-GR-E0BEE67A607B,GrupLAC: producto listado en la ficha,1
G-00000000002099,P-GR-E1797D3AF9A4,GrupLAC: producto listado en la ficha,1
G-00000000002099,P-GR-E1EDE91E68E3,GrupLAC: producto listado en la ficha,1
G-00000000002099,P-GR-E2D3EE5543FB,GrupLAC: producto listado en la ficha,1
G-00000000002099,P-GR-E33A53C4CC47,GrupLAC: producto listado en la ficha,1
G-00000000002099,P-GR-E4FE25660FE1,GrupLAC: producto listado en la ficha,1
G-00000000002099,P-GR-E52B998BB650,GrupLAC: producto listado en la ficha,1
G-00000000002099,P-GR-E598EAB858FD,GrupLAC: producto listado en la ficha,1
G-00000000002099,P-GR-E6699A14DB11,GrupLAC: producto listado en la ficha,1
G-00000000002099,P-GR-E67808F3E48A,GrupLAC: producto listado en la ficha,1
G-00000000002099,P-GR-E685E358E3AC,GrupLAC: producto listado en la ficha,1
G-00000000002099,P-GR-E6A7D0660A44,GrupLAC: producto listado en la ficha,1
G-00000000002099,P-GR-E6AA513359A8,GrupLAC: producto listado en la ficha,1
G-00000000002099,P-GR-E6AE81CA1D89,GrupLAC: producto listado en la ficha,1
G-00000000002099,P-GR-E85E84C2F17B,GrupLAC: producto listado en la ficha,1
G-00000000002099,P-GR-E8E5BDCE8E93,GrupLAC: producto listado en la ficha,1
G-00000000002099,P-GR-EAD50922E74B,GrupLAC: producto listado en la ficha,1
G-00000000002099,P-GR-EBB86ED0CED1,GrupLAC: producto listado en la ficha,1
G-00000000002099,P-GR-EC068A32BDF8,GrupLAC: producto listado en la ficha,1
G-00000000002099,P-GR-ECB62EF7A016,GrupLAC: producto listado en la ficha,1
G-00000000002099,P-GR-EE14C14A20FC,GrupLAC: producto listado en la ficha,1
G-00000000002099,P-GR-F16BE26985BC,GrupLAC: producto listado en la ficha,1
G-00000000002099,P-GR-F26B7D5085A8,GrupLAC: producto listado en la ficha,1
G-00000000002099,P-GR-F39C5CD58054,GrupLAC: producto listado en la ficha,1
G-00000000002099,P-GR-F48D3ED2FDB4,GrupLAC: producto listado en la ficha,1
G-00000000002099,P-GR-F633D1F32BDE,GrupLAC: producto listado en la ficha,1
G-00000000002099,P-GR-F637903A79B1,GrupLAC: producto listado en la ficha,1
G-00000000002099,P-GR-F80B3B09187D,GrupLAC: producto listado en la ficha,1
G-00000000002099,P-GR-F93AE7AD2F2B,GrupLAC: producto listado en la ficha,1
G-00000000002099,P-GR-F992F7872D1E,GrupLAC: producto listado en la ficha,1
G-00000000002099,P-GR-FCD1894B0A33,GrupLAC: producto listado en la ficha,1
G-00000000002099,P-GR-FCF51B7D44D2,GrupLAC: producto listado en la ficha,1
G-00000000002099,P-GR-FCF874DBD7DC,GrupLAC: producto listado en la ficha,1
G-00000000002103,P-GR-02DFFE3533B6,GrupLAC: producto listado en la ficha,1
G-00000000002103,P-GR-032D5AA5BB6E,GrupLAC: producto listado en la ficha,1
G-00000000002103,P-GR-0BC70AEA5FF0,GrupLAC: producto listado en la ficha,1
G-00000000002103,P-GR-0BE7DEF7DCBD,GrupLAC: producto listado en la ficha,1
G-00000000002103,P-GR-0CBC63E3FB37,GrupLAC: producto listado en la ficha,1
G-00000000002103,P-GR-11B683C9D8E0,GrupLAC: producto listado en la ficha,1
G-00000000002103,P-GR-141F0DDEB364,GrupLAC: producto listado en la ficha,1
G-00000000002103,P-GR-16449FCBCE2D,GrupLAC: producto listado en la ficha,1
G-00000000002103,P-GR-1A0DEAAF3A1F,GrupLAC: producto listado en la ficha,1
G-00000000002103,P-GR-1ECEEDC18D45,GrupLAC: producto listado en la ficha,1
G-00000000002103,P-GR-21F8362031C6,GrupLAC: producto listado en la ficha,1
G-00000000002103,P-GR-2757312200F1,GrupLAC: producto listado en la ficha,1
G-00000000002103,P-GR-2A13C6D32F83,GrupLAC: producto listado en la ficha,1
G-00000000002103,P-GR-2BAAB9A8B442,GrupLAC: producto listado en la ficha,1
G-00000000002103,P-GR-2BEBDD6B2374,GrupLAC: producto listado en la ficha,1
G-00000000002103,P-GR-2E42922014D6,GrupLAC: producto listado en la ficha,1
G-00000000002103,P-GR-2E5448DE6545,GrupLAC: producto listado en la ficha,1
G-00000000002103,P-GR-2E8C826865A3,GrupLAC: producto listado en la ficha,1
G-00000000002103,P-GR-308513C1A87A,GrupLAC: producto listado en la ficha,1
G-00000000002103,P-GR-309469790E34,GrupLAC: producto listado en la ficha,1
G-00000000002103,P-GR-32BAE93400E1,GrupLAC: producto listado en la ficha,1
G-00000000002103,P-GR-32E6983A62A0,GrupLAC: producto listado en la ficha,1
G-00000000002103,P-GR-3315872C417C,GrupLAC: producto listado en la ficha,1
G-00000000002103,P-GR-3491FD542A31,GrupLAC: producto listado en la ficha,1
G-00000000002103,P-GR-3A64047D44C5,GrupLAC: producto listado en la ficha,1
G-00000000002103,P-GR-3A7407625519,GrupLAC: producto listado en la ficha,1
G-00000000002103,P-GR-3E69FCE232B3,GrupLAC: producto listado en la ficha,1
G-00000000002103,P-GR-3F82E9FB700D,GrupLAC: producto listado en la ficha,1
G-00000000002103,P-GR-4103FC751509,GrupLAC: producto listado en la ficha,1
G-00000000002103,P-GR-41353F372C7C,GrupLAC: producto listado en la ficha,1
G-00000000002103,P-GR-423DFAC18DA7,GrupLAC: producto listado en la ficha,1
G-00000000002103,P-GR-43EDE205FE33,GrupLAC: producto listado en la ficha,1
G-00000000002103,P-GR-456E3A3B118E,GrupLAC: producto listado en la ficha,1
G-00000000002103,P-GR-47390BFA0EBC,GrupLAC: producto listado en la ficha,1
G-00000000002103,P-GR-47D54AE65CCB,GrupLAC: producto listado en la ficha,1
G-00000000002103,P-GR-48170BFF445F,GrupLAC: producto listado en la ficha,1
G-00000000002103,P-GR-483846572829,GrupLAC: producto listado en la ficha,1
G-00000000002103,P-GR-4BBAF29F3725,GrupLAC: producto listado en la ficha,1
G-00000000002103,P-GR-4F9CBC763D62,GrupLAC: producto listado en la ficha,1
G-00000000002103,P-GR-519E3018DE02,GrupLAC: producto listado en la ficha,1
G-00000000002103,P-GR-51FAA799E5C9,GrupLAC: producto listado en la ficha,1
G-00000000002103,P-GR-520DF9B3DA22,GrupLAC: producto listado en la ficha,1
G-00000000002103,P-GR-536DF5162CB0,GrupLAC: producto listado en la ficha,1
G-00000000002103,P-GR-55948DBA4456,GrupLAC: producto listado en la ficha,1
G-00000000002103,P-GR-571F999B9083,GrupLAC: producto listado en la ficha,1
G-00000000002103,P-GR-581D1D16808D,GrupLAC: producto listado en la ficha,1
G-00000000002103,P-GR-58342454D150,GrupLAC: producto listado en la ficha,1
G-00000000002103,P-GR-608227045791,GrupLAC: producto listado en la ficha,1
G-00000000002103,P-GR-649D4D9FD860,GrupLAC: producto listado en la ficha,1
G-00000000002103,P-GR-65A043C4C6DC,GrupLAC: producto listado en la ficha,1
G-00000000002103,P-GR-678D34BFE790,GrupLAC: producto listado en la ficha,1
G-00000000002103,P-GR-69F5800BBC02,GrupLAC: producto listado en la ficha,1
G-00000000002103,P-GR-712D7607A7F6,GrupLAC: producto listado en la ficha,1
G-00000000002103,P-GR-7239954D5AA7,GrupLAC: producto listado en la ficha,1
G-00000000002103,P-GR-743CEB4141C2,GrupLAC: producto listado en la ficha,1
G-00000000002103,P-GR-745479AD4A2D,GrupLAC: producto listado en la ficha,1
G-00000000002103,P-GR-748B220F03FC,GrupLAC: producto listado en la ficha,1
G-00000000002103,P-GR-7E3F939A63CA,GrupLAC: producto listado en la ficha,1
G-00000000002103,P-GR-88FCF134DE6A,GrupLAC: producto listado en la ficha,1
G-00000000002103,P-GR-8B17D1C4B79F,GrupLAC: producto listado en la ficha,1
G-00000000002103,P-GR-8BE183DE4706,GrupLAC: producto listado en la ficha,1
G-00000000002103,P-GR-9238C0AA3F3B,GrupLAC: producto listado en la ficha,1
G-00000000002103,P-GR-944F37AD5D56,GrupLAC: producto listado en la ficha,1
G-00000000002103,P-GR-9682D5101430,GrupLAC: producto listado en la ficha,1
G-00000000002103,P-GR-991641304049,GrupLAC: producto listado en la ficha,1
G-00000000002103,P-GR-9B2EB922CE4E,GrupLAC: producto listado en la ficha,1
G-00000000002103,P-GR-A08B9D6702A2,GrupLAC: producto listado en la ficha,1
G-00000000002103,P-GR-A114C311684C,GrupLAC: producto listado en la ficha,1
G-00000000002103,P-GR-A4C66F1C4325,GrupLAC: producto listado en la ficha,1
G-00000000002103,P-GR-A71CA784A23C,GrupLAC: producto listado en la ficha,1
G-00000000002103,P-GR-ADABD82966E7,GrupLAC: producto listado en la ficha,1
G-00000000002103,P-GR-AE31A0D0D34A,GrupLAC: producto listado en la ficha,1
G-00000000002103,P-GR-AE9AA6DB0458,GrupLAC: producto listado en la ficha,1
G-00000000002103,P-GR-AFC78C16D8AC,GrupLAC: producto listado en la ficha,1
G-00000000002103,P-GR-B0260E98044E,GrupLAC: producto listado en la ficha,1
G-00000000002103,P-GR-B6640E9CFF5B,GrupLAC: producto listado en la ficha,1
G-00000000002103,P-GR-B6C496F826BC,GrupLAC: producto listado en la ficha,1
G-00000000002103,P-GR-B7D8423B8CBA,GrupLAC: producto listado en la ficha,1
G-00000000002103,P-GR-B8963481FD63,GrupLAC: producto listado en la ficha,1
G-00000000002103,P-GR-B9AFFD2B32A7,GrupLAC: producto listado en la ficha,1
G-00000000002103,P-GR-BA6B3FBAF625,GrupLAC: producto listado en la ficha,1
G-00000000002103,P-GR-BB59B0ECB66A,GrupLAC: producto listado en la ficha,1
G-00000000002103,P-GR-BF66FDE9DAA2,GrupLAC: producto listado en la ficha,1
G-00000000002103,P-GR-C0C1896E430F,GrupLAC: producto listado en la ficha,1
G-00000000002103,P-GR-C25B22C5B488,GrupLAC: producto listado en la ficha,1
G-00000000002103,P-GR-C3D18D7E81CD,GrupLAC: producto listado en la ficha,1
G-00000000002103,P-GR-C5C6582B70D6,GrupLAC: producto listado en la ficha,1
G-00000000002103,P-GR-C65B06BBBAAE,GrupLAC: producto listado en la ficha,1
G-00000000002103,P-GR-CCD331926B3D,GrupLAC: producto listado en la ficha,1
G-00000000002103,P-GR-CFFF6B25B9BB,GrupLAC: producto listado en la ficha,1
G-00000000002103,P-GR-D065458646D3,GrupLAC: producto listado en la ficha,1
G-00000000002103,P-GR-D07A101B182D,GrupLAC: producto listado en la ficha,1
G-00000000002103,P-GR-D22217AD2FF8,GrupLAC: producto listado en la ficha,1
G-00000000002103,P-GR-D6167B2E6418,GrupLAC: producto listado en la ficha,1
G-00000000002103,P-GR-DA5300A7E9F4,GrupLAC: producto listado en la ficha,1
G-00000000002103,P-GR-DE39C443ECFE,GrupLAC: producto listado en la ficha,1
G-00000000002103,P-GR-E5B9DDF667BA,GrupLAC: producto listado en la ficha,1
G-00000000002103,P-GR-E7B174F1272C,GrupLAC: producto listado en la ficha,1
G-00000000002103,P-GR-E7FCEDE0F7FF,GrupLAC: producto listado en la ficha,1
G-00000000002103,P-GR-EC28C7252385,GrupLAC: producto listado en la ficha,1
G-00000000002103,P-GR-F68178AED14E,GrupLAC: producto listado en la ficha,1
G-00000000002103,P-GR-F910FF6CE7DA,GrupLAC: producto listado en la ficha,1
G-00000000002103,P-GR-FA2893DC341F,GrupLAC: producto listado en la ficha,1
G-00000000002103,P-GR-FB7E6A13274A,GrupLAC: producto listado en la ficha,1
G-00000000002103,P-GR-FD9777AE54E4,GrupLAC: producto listado en la ficha,1
G-00000000002103,P-GR-FDD23D2F4A64,GrupLAC: producto listado en la ficha,1
G-00000000002103,P-GR-FFDF9B32B87D,GrupLAC: producto listado en la ficha,1
G-00000000002397,P-GR-004BF288B142,GrupLAC: producto listado en la ficha,1
G-00000000002397,P-GR-058456D5102C,GrupLAC: producto listado en la ficha,1
G-00000000002397,P-GR-06F8900EDAA4,GrupLAC: producto listado en la ficha,1
G-00000000002397,P-GR-0AAB021A2097,GrupLAC: producto listado en la ficha,1
G-00000000002397,P-GR-0E2CEE06332A,GrupLAC: producto listado en la ficha,1
G-00000000002397,P-GR-0EC994EDB05A,GrupLAC: producto listado en la ficha,1
G-00000000002397,P-GR-0F9874A1D21B,GrupLAC: producto listado en la ficha,1
G-00000000002397,P-GR-105E869B8280,GrupLAC: producto listado en la ficha,1
G-00000000002397,P-GR-17F2F84FC7D8,GrupLAC: producto listado en la ficha,1
G-00000000002397,P-GR-18CDA7BF710D,GrupLAC: producto listado en la ficha,1
G-00000000002397,P-GR-1AD56F10C9B4,GrupLAC: producto listado en la ficha,1
G-00000000002397,P-GR-1F9B1FF1C531,GrupLAC: producto listado en la ficha,1
G-00000000002397,P-GR-20E73B5521DE,GrupLAC: producto listado en la ficha,1
G-00000000002397,P-GR-2543197CFF66,GrupLAC: producto listado en la ficha,1
G-00000000002397,P-GR-29605E667D50,GrupLAC: producto listado en la ficha,1
G-00000000002397,P-GR-29ED226C8E9C,GrupLAC: producto listado en la ficha,1
G-00000000002397,P-GR-2E82E9DEEDC6,GrupLAC: producto listado en la ficha,1
G-00000000002397,P-GR-36E177D71DB8,GrupLAC: producto listado en la ficha,1
G-00000000002397,P-GR-371ED94B21E5,GrupLAC: producto listado en la ficha,1
G-00000000002397,P-GR-376FAE12E0F8,GrupLAC: producto listado en la ficha,1
G-00000000002397,P-GR-3C1C4CFAAFE2,GrupLAC: producto listado en la ficha,1
G-00000000002397,P-GR-3CBC4B67BAF9,GrupLAC: producto listado en la ficha,1
G-00000000002397,P-GR-416F82E01B8C,GrupLAC: producto listado en la ficha,1
G-00000000002397,P-GR-41F179059119,GrupLAC: producto listado en la ficha,1
G-00000000002397,P-GR-43ED9EB38001,GrupLAC: producto listado en la ficha,1
G-00000000002397,P-GR-46555A1A2AE3,GrupLAC: producto listado en la ficha,1
G-00000000002397,P-GR-471931B647EE,GrupLAC: producto listado en la ficha,1
G-00000000002397,P-GR-4DA9C7683DFA,GrupLAC: producto listado en la ficha,1
G-00000000002397,P-GR-4FA87DC45B4F,GrupLAC: producto listado en la ficha,1
G-00000000002397,P-GR-520F2E617C6F,GrupLAC: producto listado en la ficha,1
G-00000000002397,P-GR-56C8D1ACE5CD,GrupLAC: producto listado en la ficha,1
G-00000000002397,P-GR-57D786754684,GrupLAC: producto listado en la ficha,1
G-00000000002397,P-GR-5951BC012FD4,GrupLAC: producto listado en la ficha,1
G-00000000002397,P-GR-5BE45CEB312C,GrupLAC: producto listado en la ficha,1
G-00000000002397,P-GR-5E980B6E5082,GrupLAC: producto listado en la ficha,1
G-00000000002397,P-GR-5EE752175A0F,GrupLAC: producto listado en la ficha,1
G-00000000002397,P-GR-6417520DD5C8,GrupLAC: producto listado en la ficha,1
G-00000000002397,P-GR-669B4AC61BF4,GrupLAC: producto listado en la ficha,1
G-00000000002397,P-GR-66BA94A97680,GrupLAC: producto listado en la ficha,1
G-00000000002397,P-GR-66BE62509308,GrupLAC: producto listado en la ficha,1
G-00000000002397,P-GR-679615F5BA51,GrupLAC: producto listado en la ficha,1
G-00000000002397,P-GR-68DB099A1731,GrupLAC: producto listado en la ficha,1
G-00000000002397,P-GR-6A19A4858F02,GrupLAC: producto listado en la ficha,1
G-00000000002397,P-GR-6D8D570B3D5B,GrupLAC: producto listado en la ficha,1
G-00000000002397,P-GR-6E571A7E92AB,GrupLAC: producto listado en la ficha,1
G-00000000002397,P-GR-6E98741BCACE,GrupLAC: producto listado en la ficha,1
G-00000000002397,P-GR-73B1D7F98BFD,GrupLAC: producto listado en la ficha,1
G-00000000002397,P-GR-740A31D15465,GrupLAC: producto listado en la ficha,1
G-00000000002397,P-GR-7902335F6867,GrupLAC: producto listado en la ficha,1
G-00000000002397,P-GR-84D9395CE4FA,GrupLAC: producto listado en la ficha,1
G-00000000002397,P-GR-8670FA33B701,GrupLAC: producto listado en la ficha,1
G-00000000002397,P-GR-8675C2513D89,GrupLAC: producto listado en la ficha,1
G-00000000002397,P-GR-8717D506159F,GrupLAC: producto listado en la ficha,1
G-00000000002397,P-GR-875BD57F30FC,GrupLAC: producto listado en la ficha,1
G-00000000002397,P-GR-87E44A8FABE3,GrupLAC: producto listado en la ficha,1
G-00000000002397,P-GR-88EF9A6432C6,GrupLAC: producto listado en la ficha,1
G-00000000002397,P-GR-8A0A098FCBC4,GrupLAC: producto listado en la ficha,1
G-00000000002397,P-GR-8A196CDD989B,GrupLAC: producto listado en la ficha,1
G-00000000002397,P-GR-9347CACF8FDB,GrupLAC: producto listado en la ficha,1
G-00000000002397,P-GR-93B53EADBD64,GrupLAC: producto listado en la ficha,1
G-00000000002397,P-GR-94FEA5AD7E33,GrupLAC: producto listado en la ficha,1
G-00000000002397,P-GR-9876AC389463,GrupLAC: producto listado en la ficha,1
G-00000000002397,P-GR-9A7CF5B7F57A,GrupLAC: producto listado en la ficha,1
G-00000000002397,P-GR-9B04841028D1,GrupLAC: producto listado en la ficha,1
G-00000000002397,P-GR-9DE77CFEEF8A,GrupLAC: producto listado en la ficha,1
G-00000000002397,P-GR-A1CCCF86EF77,GrupLAC: producto listado en la ficha,1
G-00000000002397,P-GR-A286C8BB4014,GrupLAC: producto listado en la ficha,1
G-00000000002397,P-GR-A7AA95E91B5B,GrupLAC: producto listado en la ficha,1
G-00000000002397,P-GR-A7DB3A04E76C,GrupLAC: producto listado en la ficha,1
G-00000000002397,P-GR-AABD28BDE171,GrupLAC: producto listado en la ficha,1
G-00000000002397,P-GR-AAF0FD5F80EF,GrupLAC: producto listado en la ficha,1
G-00000000002397,P-GR-ADDD8D51F7AA,GrupLAC: producto listado en la ficha,1
G-00000000002397,P-GR-AEDB60C56498,GrupLAC: producto listado en la ficha,1
G-00000000002397,P-GR-B71AF23B6AD1,GrupLAC: producto listado en la ficha,1
G-00000000002397,P-GR-B8519879D4D6,GrupLAC: producto listado en la ficha,1
G-00000000002397,P-GR-B9F0ACE208C2,GrupLAC: producto listado en la ficha,1
G-00000000002397,P-GR-BAFD8D5F52F7,GrupLAC: producto listado en la ficha,1
G-00000000002397,P-GR-BCB4E2A8E534,GrupLAC: producto listado en la ficha,1
G-00000000002397,P-GR-BF1A2C5AB59B,GrupLAC: producto listado en la ficha,1
G-00000000002397,P-GR-BF850F16B13B,GrupLAC: producto listado en la ficha,1
G-00000000002397,P-GR-C41DBCE6BAB1,GrupLAC: producto listado en la ficha,1
G-00000000002397,P-GR-C42D81AB79CA,GrupLAC: producto listado en la ficha,1
G-00000000002397,P-GR-C6B445A27DED,GrupLAC: producto listado en la ficha,1
G-00000000002397,P-GR-C966B4CB557E,GrupLAC: producto listado en la ficha,1
G-00000000002397,P-GR-CCF3E6DF3F68,GrupLAC: producto listado en la ficha,1
G-00000000002397,P-GR-D735EB2EAEE2,GrupLAC: producto listado en la ficha,1
G-00000000002397,P-GR-D744E8A5B235,GrupLAC: producto listado en la ficha,1
G-00000000002397,P-GR-D9345ABE0F14,GrupLAC: producto listado en la ficha,1
G-00000000002397,P-GR-D93F47A93F5D,GrupLAC: producto listado en la ficha,1
G-00000000002397,P-GR-DA66F88DA22D,GrupLAC: producto listado en la ficha,1
G-00000000002397,P-GR-E29FEE26CD84,GrupLAC: producto listado en la ficha,1
G-00000000002397,P-GR-E4DFD6A2E092,GrupLAC: producto listado en la ficha,1
G-00000000002397,P-GR-E5014992730A,GrupLAC: producto listado en la ficha,1
G-00000000002397,P-GR-E6780EC5AADD,GrupLAC: producto listado en la ficha,1
G-00000000002397,P-GR-E708E26A1FB6,GrupLAC: producto listado en la ficha,1
G-00000000002397,P-GR-EA4199E8EF00,GrupLAC: producto listado en la ficha,1
G-00000000002397,P-GR-EEE0EB6FCD1F,GrupLAC: producto listado en la ficha,1
G-00000000002397,P-GR-EFEF9F5C7191,GrupLAC: producto listado en la ficha,1
G-00000000002397,P-GR-F6766EC8AD03,GrupLAC: producto listado en la ficha,1
G-00000000002397,P-GR-FDC28A5C849F,GrupLAC: producto listado en la ficha,1
G-00000000002497,P-GR-0142CE446BEC,GrupLAC: producto listado en la ficha,1
G-00000000002497,P-GR-0576716179D1,GrupLAC: producto listado en la ficha,1
G-00000000002497,P-GR-068EB43DE856,GrupLAC: producto listado en la ficha,1
G-00000000002497,P-GR-0BF3CED4868A,GrupLAC: producto listado en la ficha,1
G-00000000002497,P-GR-187431610475,GrupLAC: producto listado en la ficha,1
G-00000000002497,P-GR-1CE6B393F56C,GrupLAC: producto listado en la ficha,1
G-00000000002497,P-GR-1F38FF1A3191,GrupLAC: producto listado en la ficha,1
G-00000000002497,P-GR-21CFF0F030B3,GrupLAC: producto listado en la ficha,1
G-00000000002497,P-GR-29921C949C14,GrupLAC: producto listado en la ficha,1
G-00000000002497,P-GR-3345718E1BE1,GrupLAC: producto listado en la ficha,1
G-00000000002497,P-GR-45A100E5A2DE,GrupLAC: producto listado en la ficha,1
G-00000000002497,P-GR-5000ABF4818D,GrupLAC: producto listado en la ficha,1
G-00000000002497,P-GR-5B0B83DC6A93,GrupLAC: producto listado en la ficha,1
G-00000000002497,P-GR-5B0C7795CF63,GrupLAC: producto listado en la ficha,1
G-00000000002497,P-GR-5F2F1F3FA5FD,GrupLAC: producto listado en la ficha,1
G-00000000002497,P-GR-5F9CF4A2EBC5,GrupLAC: producto listado en la ficha,1
G-00000000002497,P-GR-62486A46A2DF,GrupLAC: producto listado en la ficha,1
G-00000000002497,P-GR-67C6E1FB25E7,GrupLAC: producto listado en la ficha,1
G-00000000002497,P-GR-75B6547D786E,GrupLAC: producto listado en la ficha,1
G-00000000002497,P-GR-7974240928B7,GrupLAC: producto listado en la ficha,1
G-00000000002497,P-GR-7B4C84825876,GrupLAC: producto listado en la ficha,1
G-00000000002497,P-GR-828CCEBD425B,GrupLAC: producto listado en la ficha,1
G-00000000002497,P-GR-85D4B565AB30,GrupLAC: producto listado en la ficha,1
G-00000000002497,P-GR-893D19641AAA,GrupLAC: producto listado en la ficha,1
G-00000000002497,P-GR-902C94891F54,GrupLAC: producto listado en la ficha,1
G-00000000002497,P-GR-90E32C35A5BB,GrupLAC: producto listado en la ficha,1
G-00000000002497,P-GR-981A5A8D126F,GrupLAC: producto listado en la ficha,1
G-00000000002497,P-GR-9C726336F014,GrupLAC: producto listado en la ficha,1
G-00000000002497,P-GR-9DC3F4BD87D3,GrupLAC: producto listado en la ficha,1
G-00000000002497,P-GR-9E3D2B14621B,GrupLAC: producto listado en la ficha,1
G-00000000002497,P-GR-A7FE751760BA,GrupLAC: producto listado en la ficha,1
G-00000000002497,P-GR-AB1BD50E83AA,GrupLAC: producto listado en la ficha,1
G-00000000002497,P-GR-B2B517C6660A,GrupLAC: producto listado en la ficha,1
G-00000000002497,P-GR-BA96514285E7,GrupLAC: producto listado en la ficha,1
G-00000000002497,P-GR-C6F241C3DC49,GrupLAC: producto listado en la ficha,1
G-00000000002497,P-GR-CDA4D667B418,GrupLAC: producto listado en la ficha,1
G-00000000002497,P-GR-D153C8DED87E,GrupLAC: producto listado en la ficha,1
G-00000000002497,P-GR-D591872C5FC0,GrupLAC: producto listado en la ficha,1
G-00000000002497,P-GR-D98CCE11F86B,GrupLAC: producto listado en la ficha,1
G-00000000002497,P-GR-E185A05BFC83,GrupLAC: producto listado en la ficha,1
G-00000000002497,P-GR-E59AE3919862,GrupLAC: producto listado en la ficha,1
G-00000000002497,P-GR-EA4E80630BAF,GrupLAC: producto listado en la ficha,1
G-00000000002497,P-GR-F31421D2D57A,GrupLAC: producto listado en la ficha,1
G-00000000002521,P-GR-044452245F00,GrupLAC: producto listado en la ficha,1
G-00000000002521,P-GR-057B9DDBA9C6,GrupLAC: producto listado en la ficha,1
G-00000000002521,P-GR-07394B80779D,GrupLAC: producto listado en la ficha,1
G-00000000002521,P-GR-0774CF146812,GrupLAC: producto listado en la ficha,1
G-00000000002521,P-GR-0A45F96A3362,GrupLAC: producto listado en la ficha,1
G-00000000002521,P-GR-0C2CCD5EC917,GrupLAC: producto listado en la ficha,1
G-00000000002521,P-GR-102BEA49DC62,GrupLAC: producto listado en la ficha,1
G-00000000002521,P-GR-10FA6417CE5E,GrupLAC: producto listado en la ficha,1
G-00000000002521,P-GR-1186CE213071,GrupLAC: producto listado en la ficha,1
G-00000000002521,P-GR-1274D966F9D2,GrupLAC: producto listado en la ficha,1
G-00000000002521,P-GR-13BE8030D5EE,GrupLAC: producto listado en la ficha,1
G-00000000002521,P-GR-14944ED0545F,GrupLAC: producto listado en la ficha,1
G-00000000002521,P-GR-1773A84C5700,GrupLAC: producto listado en la ficha,1
G-00000000002521,P-GR-17F7AE9F9057,GrupLAC: producto listado en la ficha,1
G-00000000002521,P-GR-204DE43EBE2C,GrupLAC: producto listado en la ficha,1
G-00000000002521,P-GR-21A8FF057683,GrupLAC: producto listado en la ficha,1
G-00000000002521,P-GR-2230B0C65821,GrupLAC: producto listado en la ficha,1
G-00000000002521,P-GR-260001A40344,GrupLAC: producto listado en la ficha,1
G-00000000002521,P-GR-263CEE3AA447,GrupLAC: producto listado en la ficha,1
G-00000000002521,P-GR-26ABC22FAEE5,GrupLAC: producto listado en la ficha,1
G-00000000002521,P-GR-2745D3DFBFC4,GrupLAC: producto listado en la ficha,1
G-00000000002521,P-GR-2EC11A42A357,GrupLAC: producto listado en la ficha,1
G-00000000002521,P-GR-32BF9CE8AA3C,GrupLAC: producto listado en la ficha,1
G-00000000002521,P-GR-350ECBCE9AFF,GrupLAC: producto listado en la ficha,1
G-00000000002521,P-GR-35E6734A1B60,GrupLAC: producto listado en la ficha,1
G-00000000002521,P-GR-3673FB0E2DC8,GrupLAC: producto listado en la ficha,1
G-00000000002521,P-GR-38DBB87CEFD8,GrupLAC: producto listado en la ficha,1
G-00000000002521,P-GR-38FAACFE5352,GrupLAC: producto listado en la ficha,1
G-00000000002521,P-GR-39197DE4EAEE,GrupLAC: producto listado en la ficha,1
G-00000000002521,P-GR-3B73C10A3731,GrupLAC: producto listado en la ficha,1
G-00000000002521,P-GR-3BC18FF62B8E,GrupLAC: producto listado en la ficha,1
G-00000000002521,P-GR-3E714070DC13,GrupLAC: producto listado en la ficha,1
G-00000000002521,P-GR-3F20A79502EB,GrupLAC: producto listado en la ficha,1
G-00000000002521,P-GR-42E9944D5CBF,GrupLAC: producto listado en la ficha,1
G-00000000002521,P-GR-43294D34253C,GrupLAC: producto listado en la ficha,1
G-00000000002521,P-GR-450E3CB9377F,GrupLAC: producto listado en la ficha,1
G-00000000002521,P-GR-464C68DDDDE8,GrupLAC: producto listado en la ficha,1
G-00000000002521,P-GR-4650B5B8C75C,GrupLAC: producto listado en la ficha,1
G-00000000002521,P-GR-48A6F7C03424,GrupLAC: producto listado en la ficha,1
G-00000000002521,P-GR-4BBBC9C0D036,GrupLAC: producto listado en la ficha,1
G-00000000002521,P-GR-4D4C9A895AAA,GrupLAC: producto listado en la ficha,1
G-00000000002521,P-GR-4DDA741E227B,GrupLAC: producto listado en la ficha,1
G-00000000002521,P-GR-504FA5752B5C,GrupLAC: producto listado en la ficha,1
G-00000000002521,P-GR-50755203ACEA,GrupLAC: producto listado en la ficha,1
G-00000000002521,P-GR-5281B03E9B43,GrupLAC: producto listado en la ficha,1
G-00000000002521,P-GR-551791406AC5,GrupLAC: producto listado en la ficha,1
G-00000000002521,P-GR-561C8A012E15,GrupLAC: producto listado en la ficha,1
G-00000000002521,P-GR-5714D91116B6,GrupLAC: producto listado en la ficha,1
G-00000000002521,P-GR-5858009A26A6,GrupLAC: producto listado en la ficha,1
G-00000000002521,P-GR-59CA41530C4B,GrupLAC: producto listado en la ficha,1
G-00000000002521,P-GR-5A9E88031761,GrupLAC: producto listado en la ficha,1
G-00000000002521,P-GR-5B2B309F2356,GrupLAC: producto listado en la ficha,1
G-00000000002521,P-GR-6024D51FED30,GrupLAC: producto listado en la ficha,1
G-00000000002521,P-GR-66504153DD74,GrupLAC: producto listado en la ficha,1
G-00000000002521,P-GR-68917E9E661F,GrupLAC: producto listado en la ficha,1
G-00000000002521,P-GR-6EEB5A501919,GrupLAC: producto listado en la ficha,1
G-00000000002521,P-GR-727FFAB584F5,GrupLAC: producto listado en la ficha,1
G-00000000002521,P-GR-7511642AC5AD,GrupLAC: producto listado en la ficha,1
G-00000000002521,P-GR-77D3B34EC4E9,GrupLAC: producto listado en la ficha,1
G-00000000002521,P-GR-787803DC5127,GrupLAC: producto listado en la ficha,1
G-00000000002521,P-GR-79C76AADF45B,GrupLAC: producto listado en la ficha,1
G-00000000002521,P-GR-7A8827914FA7,GrupLAC: producto listado en la ficha,1
G-00000000002521,P-GR-7B21911B193F,GrupLAC: producto listado en la ficha,1
G-00000000002521,P-GR-7CEF59CA5375,GrupLAC: producto listado en la ficha,1
G-00000000002521,P-GR-7E4B642F2B44,GrupLAC: producto listado en la ficha,1
G-00000000002521,P-GR-807385AA140B,GrupLAC: producto listado en la ficha,1
G-00000000002521,P-GR-84E35028EA90,GrupLAC: producto listado en la ficha,1
G-00000000002521,P-GR-862A3024C9F0,GrupLAC: producto listado en la ficha,1
G-00000000002521,P-GR-86A224F5D33A,GrupLAC: producto listado en la ficha,1
G-00000000002521,P-GR-86B4D7262E6D,GrupLAC: producto listado en la ficha,1
G-00000000002521,P-GR-8B58BB553620,GrupLAC: producto listado en la ficha,1
G-00000000002521,P-GR-8F52F1AA962F,GrupLAC: producto listado en la ficha,1
G-00000000002521,P-GR-8FB163DA0198,GrupLAC: producto listado en la ficha,1
G-00000000002521,P-GR-934F2E963472,GrupLAC: producto listado en la ficha,1
G-00000000002521,P-GR-9405E4DA7CF3,GrupLAC: producto listado en la ficha,1
G-00000000002521,P-GR-99C4EAD2D828,GrupLAC: producto listado en la ficha,1
G-00000000002521,P-GR-9A05D7B717EA,GrupLAC: producto listado en la ficha,1
G-00000000002521,P-GR-9B09750F9FEB,GrupLAC: producto listado en la ficha,1
G-00000000002521,P-GR-9DED4CDD8526,GrupLAC: producto listado en la ficha,1
G-00000000002521,P-GR-A2436B546A61,GrupLAC: producto listado en la ficha,1
G-00000000002521,P-GR-A58BE58E052A,GrupLAC: producto listado en la ficha,1
G-00000000002521,P-GR-A76BB6B63BC2,GrupLAC: producto listado en la ficha,1
G-00000000002521,P-GR-A76DAE0A4C4F,GrupLAC: producto listado en la ficha,1
G-00000000002521,P-GR-A7ADDCB04B81,GrupLAC: producto listado en la ficha,1
G-00000000002521,P-GR-A9782C3CFAFE,GrupLAC: producto listado en la ficha,1
G-00000000002521,P-GR-AA6084809696,GrupLAC: producto listado en la ficha,1
G-00000000002521,P-GR-AB8B91B44B39,GrupLAC: producto listado en la ficha,1
G-00000000002521,P-GR-AC7F2CE2BCEC,GrupLAC: producto listado en la ficha,1
G-00000000002521,P-GR-AD296D5B5FFC,GrupLAC: producto listado en la ficha,1
G-00000000002521,P-GR-B0620D51BD37,GrupLAC: producto listado en la ficha,1
G-00000000002521,P-GR-B2D512280751,GrupLAC: producto listado en la ficha,1
G-00000000002521,P-GR-B598BC64E118,GrupLAC: producto listado en la ficha,1
G-00000000002521,P-GR-BB963EA8CAFE,GrupLAC: producto listado en la ficha,1
G-00000000002521,P-GR-BD4F6A471E53,GrupLAC: producto listado en la ficha,1
G-00000000002521,P-GR-BE2306CAC41E,GrupLAC: producto listado en la ficha,1
G-00000000002521,P-GR-BEBD5D8C381F,GrupLAC: producto listado en la ficha,1
G-00000000002521,P-GR-BFCD60D74542,GrupLAC: producto listado en la ficha,1
G-00000000002521,P-GR-C0E32999FB20,GrupLAC: producto listado en la ficha,1
G-00000000002521,P-GR-C12910F88191,GrupLAC: producto listado en la ficha,1
G-00000000002521,P-GR-C345CB268A3E,GrupLAC: producto listado en la ficha,1
G-00000000002521,P-GR-C492F570F61B,GrupLAC: producto listado en la ficha,1
G-00000000002521,P-GR-C726738E6443,GrupLAC: producto listado en la ficha,1
G-00000000002521,P-GR-C88D60A3C860,GrupLAC: producto listado en la ficha,1
G-00000000002521,P-GR-CBD34BBC4128,GrupLAC: producto listado en la ficha,1
G-00000000002521,P-GR-CEE5B6AD09BC,GrupLAC: producto listado en la ficha,1
G-00000000002521,P-GR-D0C74B5FA088,GrupLAC: producto listado en la ficha,1
G-00000000002521,P-GR-D6749C65870D,GrupLAC: producto listado en la ficha,1
G-00000000002521,P-GR-D6FC5C25A942,GrupLAC: producto listado en la ficha,1
G-00000000002521,P-GR-D6FFBF7861D1,GrupLAC: producto listado en la ficha,1
G-00000000002521,P-GR-D71CD88BF336,GrupLAC: producto listado en la ficha,1
G-00000000002521,P-GR-D859ABE922E8,GrupLAC: producto listado en la ficha,1
G-00000000002521,P-GR-D86372CABE14,GrupLAC: producto listado en la ficha,1
G-00000000002521,P-GR-DE16E603D11B,GrupLAC: producto listado en la ficha,1
G-00000000002521,P-GR-DF26BA5473E1,GrupLAC: producto listado en la ficha,1
G-00000000002521,P-GR-E036C1EF3E8E,GrupLAC: producto listado en la ficha,1
G-00000000002521,P-GR-E09924A4E9B9,GrupLAC: producto listado en la ficha,1
G-00000000002521,P-GR-E1791EAB96A3,GrupLAC: producto listado en la ficha,1
G-00000000002521,P-GR-E2CFA236BD2D,GrupLAC: producto listado en la ficha,1
G-00000000002521,P-GR-E484E69D7759,GrupLAC: producto listado en la ficha,1
G-00000000002521,P-GR-E4E4A44A412D,GrupLAC: producto listado en la ficha,1
G-00000000002521,P-GR-E5FCB04C07DA,GrupLAC: producto listado en la ficha,1
G-00000000002521,P-GR-E60BC7FC5AA3,GrupLAC: producto listado en la ficha,1
G-00000000002521,P-GR-E627F7418D7C,GrupLAC: producto listado en la ficha,1
G-00000000002521,P-GR-E665DD468AFD,GrupLAC: producto listado en la ficha,1
G-00000000002521,P-GR-E685E358E3AC,GrupLAC: producto listado en la ficha,1
G-00000000002521,P-GR-E6E8B22AC602,GrupLAC: producto listado en la ficha,1
G-00000000002521,P-GR-E7B8E042E7A0,GrupLAC: producto listado en la ficha,1
G-00000000002521,P-GR-E96BB3DF1FA8,GrupLAC: producto listado en la ficha,1
G-00000000002521,P-GR-ECA93D6B4BD1,GrupLAC: producto listado en la ficha,1
G-00000000002521,P-GR-ECBF8D059C83,GrupLAC: producto listado en la ficha,1
G-00000000002521,P-GR-F6781B5C6EE3,GrupLAC: producto listado en la ficha,1
G-00000000002521,P-GR-F81F5B7C7B47,GrupLAC: producto listado en la ficha,1
G-00000000002521,P-GR-F8217A70A337,GrupLAC: producto listado en la ficha,1
G-00000000002521,P-GR-F93AE7AD2F2B,GrupLAC: producto listado en la ficha,1
G-00000000002521,P-GR-FB318D7D1A2D,GrupLAC: producto listado en la ficha,1
G-00000000002521,P-GR-FB4C4FE103D7,GrupLAC: producto listado en la ficha,1
G-00000000002521,P-GR-FCECEFEDD6D0,GrupLAC: producto listado en la ficha,1
G-00000000002521,P-GR-FEDE4D690771,GrupLAC: producto listado en la ficha,1
G-00000000002521,P-GR-FFAC07433244,GrupLAC: producto listado en la ficha,1
G-00000000002521,P-GR-FFFEEDC9FCCC,GrupLAC: producto listado en la ficha,1
G-00000000002668,P-GR-03B4434477AF,GrupLAC: producto listado en la ficha,1
G-00000000002668,P-GR-04691A8BC270,GrupLAC: producto listado en la ficha,1
G-00000000002668,P-GR-048DAE7FC1A7,GrupLAC: producto listado en la ficha,1
G-00000000002668,P-GR-049F7749FE70,GrupLAC: producto listado en la ficha,1
G-00000000002668,P-GR-050096580FA8,GrupLAC: producto listado en la ficha,1
G-00000000002668,P-GR-05D608C1458F,GrupLAC: producto listado en la ficha,1
G-00000000002668,P-GR-05E69C63FA8F,GrupLAC: producto listado en la ficha,1
G-00000000002668,P-GR-0636B6B7DB64,GrupLAC: producto listado en la ficha,1
G-00000000002668,P-GR-079780C5FEF2,GrupLAC: producto listado en la ficha,1
G-00000000002668,P-GR-07EAF27960C4,GrupLAC: producto listado en la ficha,1
G-00000000002668,P-GR-09ADA1D4A0CF,GrupLAC: producto listado en la ficha,1
G-00000000002668,P-GR-0C80F331E3AC,GrupLAC: producto listado en la ficha,1
G-00000000002668,P-GR-0E33D293B2D5,GrupLAC: producto listado en la ficha,1
G-00000000002668,P-GR-0EF076183013,GrupLAC: producto listado en la ficha,1
G-00000000002668,P-GR-0FF3AAC10547,GrupLAC: producto listado en la ficha,1
G-00000000002668,P-GR-115249B5825C,GrupLAC: producto listado en la ficha,1
G-00000000002668,P-GR-14CCF4D1DED5,GrupLAC: producto listado en la ficha,1
G-00000000002668,P-GR-156362AC3186,GrupLAC: producto listado en la ficha,1
G-00000000002668,P-GR-16C117BAF5E1,GrupLAC: producto listado en la ficha,1
G-00000000002668,P-GR-180037DFC494,GrupLAC: producto listado en la ficha,1
G-00000000002668,P-GR-18230B37A73B,GrupLAC: producto listado en la ficha,1
G-00000000002668,P-GR-198BA5A6ADCE,GrupLAC: producto listado en la ficha,1
G-00000000002668,P-GR-1AEC787EA0A4,GrupLAC: producto listado en la ficha,1
G-00000000002668,P-GR-1B5B405BF37C,GrupLAC: producto listado en la ficha,1
G-00000000002668,P-GR-1C59066E4DE0,GrupLAC: producto listado en la ficha,1
G-00000000002668,P-GR-1C784A544997,GrupLAC: producto listado en la ficha,1
G-00000000002668,P-GR-1D0CF334A92F,GrupLAC: producto listado en la ficha,1
G-00000000002668,P-GR-1E6A6522E65A,GrupLAC: producto listado en la ficha,1
G-00000000002668,P-GR-1F5810FDF115,GrupLAC: producto listado en la ficha,1
G-00000000002668,P-GR-2074C66737BC,GrupLAC: producto listado en la ficha,1
G-00000000002668,P-GR-22C693129F9E,GrupLAC: producto listado en la ficha,1
G-00000000002668,P-GR-22D9A18EDE3A,GrupLAC: producto listado en la ficha,1
G-00000000002668,P-GR-260EAB6224AD,GrupLAC: producto listado en la ficha,1
G-00000000002668,P-GR-2824448E90CA,GrupLAC: producto listado en la ficha,1
G-00000000002668,P-GR-298568045E9F,GrupLAC: producto listado en la ficha,1
G-00000000002668,P-GR-29ED345AC60A,GrupLAC: producto listado en la ficha,1
G-00000000002668,P-GR-2A5648E74CCD,GrupLAC: producto listado en la ficha,1
G-00000000002668,P-GR-2A6015A99BD4,GrupLAC: producto listado en la ficha,1
G-00000000002668,P-GR-2D625665C49E,GrupLAC: producto listado en la ficha,1
G-00000000002668,P-GR-2F6ABAD3E53D,GrupLAC: producto listado en la ficha,1
G-00000000002668,P-GR-31100B90BF7D,GrupLAC: producto listado en la ficha,1
G-00000000002668,P-GR-31652F18081B,GrupLAC: producto listado en la ficha,1
G-00000000002668,P-GR-3229A20D0A32,GrupLAC: producto listado en la ficha,1
G-00000000002668,P-GR-33E5B8F2F6EA,GrupLAC: producto listado en la ficha,1
G-00000000002668,P-GR-35407DC5D608,GrupLAC: producto listado en la ficha,1
G-00000000002668,P-GR-36516576EB3E,GrupLAC: producto listado en la ficha,1
G-00000000002668,P-GR-36588E2A6C44,GrupLAC: producto listado en la ficha,1
G-00000000002668,P-GR-36EED563AD63,GrupLAC: producto listado en la ficha,1
G-00000000002668,P-GR-39E4B11BE4B6,GrupLAC: producto listado en la ficha,1
G-00000000002668,P-GR-3AA7E4FBD144,GrupLAC: producto listado en la ficha,1
G-00000000002668,P-GR-40A99AC1ED92,GrupLAC: producto listado en la ficha,1
G-00000000002668,P-GR-42C7A0EA64FC,GrupLAC: producto listado en la ficha,1
G-00000000002668,P-GR-4463A34F8141,GrupLAC: producto listado en la ficha,1
G-00000000002668,P-GR-45E07620E7FE,GrupLAC: producto listado en la ficha,1
G-00000000002668,P-GR-477C408A2D10,GrupLAC: producto listado en la ficha,1
G-00000000002668,P-GR-489EBDB833FD,GrupLAC: producto listado en la ficha,1
G-00000000002668,P-GR-48A863839807,GrupLAC: producto listado en la ficha,1
G-00000000002668,P-GR-492DE735C5BE,GrupLAC: producto listado en la ficha,1
G-00000000002668,P-GR-498EA8E89791,GrupLAC: producto listado en la ficha,1
G-00000000002668,P-GR-498F35D54E5E,GrupLAC: producto listado en la ficha,1
G-00000000002668,P-GR-4B4CF5AB838E,GrupLAC: producto listado en la ficha,1
G-00000000002668,P-GR-4C2C69FEF8CA,GrupLAC: producto listado en la ficha,1
G-00000000002668,P-GR-4F969E2BF802,GrupLAC: producto listado en la ficha,1
G-00000000002668,P-GR-4FF55F77EE3E,GrupLAC: producto listado en la ficha,1
G-00000000002668,P-GR-5084964A8481,GrupLAC: producto listado en la ficha,1
G-00000000002668,P-GR-5111A5D4CC31,GrupLAC: producto listado en la ficha,1
G-00000000002668,P-GR-51469DFAE0DD,GrupLAC: producto listado en la ficha,1
G-00000000002668,P-GR-536B44C1936A,GrupLAC: producto listado en la ficha,1
G-00000000002668,P-GR-5522F045C984,GrupLAC: producto listado en la ficha,1
G-00000000002668,P-GR-55B4BD80C561,GrupLAC: producto listado en la ficha,1
G-00000000002668,P-GR-59F03160BA55,GrupLAC: producto listado en la ficha,1
G-00000000002668,P-GR-5A23874FD1A9,GrupLAC: producto listado en la ficha,1
G-00000000002668,P-GR-5B8587CEA411,GrupLAC: producto listado en la ficha,1
G-00000000002668,P-GR-5CC29E919439,GrupLAC: producto listado en la ficha,1
G-00000000002668,P-GR-5E21260A16DF,GrupLAC: producto listado en la ficha,1
G-00000000002668,P-GR-5E3AD29E72CE,GrupLAC: producto listado en la ficha,1
G-00000000002668,P-GR-5F697E6CF2DF,GrupLAC: producto listado en la ficha,1
G-00000000002668,P-GR-600DE3990804,GrupLAC: producto listado en la ficha,1
G-00000000002668,P-GR-6152A5F05218,GrupLAC: producto listado en la ficha,1
G-00000000002668,P-GR-66A8215C1693,GrupLAC: producto listado en la ficha,1
G-00000000002668,P-GR-678C5EBE00FC,GrupLAC: producto listado en la ficha,1
G-00000000002668,P-GR-6884D3F301D8,GrupLAC: producto listado en la ficha,1
G-00000000002668,P-GR-6A5A750B35ED,GrupLAC: producto listado en la ficha,1
G-00000000002668,P-GR-6B6987905809,GrupLAC: producto listado en la ficha,1
G-00000000002668,P-GR-6CE06E250805,GrupLAC: producto listado en la ficha,1
G-00000000002668,P-GR-709158F01BEB,GrupLAC: producto listado en la ficha,1
G-00000000002668,P-GR-70E3D1E52272,GrupLAC: producto listado en la ficha,1
G-00000000002668,P-GR-7140F4B7647C,GrupLAC: producto listado en la ficha,1
G-00000000002668,P-GR-71B2C597C6B3,GrupLAC: producto listado en la ficha,1
G-00000000002668,P-GR-752C910DB990,GrupLAC: producto listado en la ficha,1
G-00000000002668,P-GR-7A4F716332BD,GrupLAC: producto listado en la ficha,1
G-00000000002668,P-GR-7CBAD0D0F8B1,GrupLAC: producto listado en la ficha,1
G-00000000002668,P-GR-7D8CA530862C,GrupLAC: producto listado en la ficha,1
G-00000000002668,P-GR-7DC0EE4E2019,GrupLAC: producto listado en la ficha,1
G-00000000002668,P-GR-812629CEFED9,GrupLAC: producto listado en la ficha,1
G-00000000002668,P-GR-86EEC5622178,GrupLAC: producto listado en la ficha,1
G-00000000002668,P-GR-8871DB14645A,GrupLAC: producto listado en la ficha,1
G-00000000002668,P-GR-88CA45288017,GrupLAC: producto listado en la ficha,1
G-00000000002668,P-GR-892DB5FFDB72,GrupLAC: producto listado en la ficha,1
G-00000000002668,P-GR-8B753729B8DC,GrupLAC: producto listado en la ficha,1
G-00000000002668,P-GR-8CE8F7571564,GrupLAC: producto listado en la ficha,1
G-00000000002668,P-GR-914D78E03A1C,GrupLAC: producto listado en la ficha,1
G-00000000002668,P-GR-927BBA60D791,GrupLAC: producto listado en la ficha,1
G-00000000002668,P-GR-92C34F7B12F6,GrupLAC: producto listado en la ficha,1
G-00000000002668,P-GR-93C601033711,GrupLAC: producto listado en la ficha,1
G-00000000002668,P-GR-93FB0E312B06,GrupLAC: producto listado en la ficha,1
G-00000000002668,P-GR-9404D1F52134,GrupLAC: producto listado en la ficha,1
G-00000000002668,P-GR-9417466D0E85,GrupLAC: producto listado en la ficha,1
G-00000000002668,P-GR-94D3F1A25560,GrupLAC: producto listado en la ficha,1
G-00000000002668,P-GR-99AE118CC600,GrupLAC: producto listado en la ficha,1
G-00000000002668,P-GR-9A77F669A9AD,GrupLAC: producto listado en la ficha,1
G-00000000002668,P-GR-9B28930EA4D4,GrupLAC: producto listado en la ficha,1
G-00000000002668,P-GR-9B5B48B2378D,GrupLAC: producto listado en la ficha,1
G-00000000002668,P-GR-9B9710202A5C,GrupLAC: producto listado en la ficha,1
G-00000000002668,P-GR-A4E9A85A1742,GrupLAC: producto listado en la ficha,1
G-00000000002668,P-GR-A557772E60F2,GrupLAC: producto listado en la ficha,1
G-00000000002668,P-GR-A579B16BF296,GrupLAC: producto listado en la ficha,1
G-00000000002668,P-GR-A6B2E0D4A7EA,GrupLAC: producto listado en la ficha,1
G-00000000002668,P-GR-A7CAF3260D7C,GrupLAC: producto listado en la ficha,1
G-00000000002668,P-GR-AAD86642D8A5,GrupLAC: producto listado en la ficha,1
G-00000000002668,P-GR-AB8BB5C1E7CA,GrupLAC: producto listado en la ficha,1
G-00000000002668,P-GR-ADBE8165D83B,GrupLAC: producto listado en la ficha,1
G-00000000002668,P-GR-AE0DFF987242,GrupLAC: producto listado en la ficha,1
G-00000000002668,P-GR-AF73C5A49379,GrupLAC: producto listado en la ficha,1
G-00000000002668,P-GR-AF96E9A9FD9C,GrupLAC: producto listado en la ficha,1
G-00000000002668,P-GR-B423A9872047,GrupLAC: producto listado en la ficha,1
G-00000000002668,P-GR-B5C9E127A457,GrupLAC: producto listado en la ficha,1
G-00000000002668,P-GR-B7FF1DF489E2,GrupLAC: producto listado en la ficha,1
G-00000000002668,P-GR-B8553CB6833D,GrupLAC: producto listado en la ficha,1
G-00000000002668,P-GR-B9195CDABF0B,GrupLAC: producto listado en la ficha,1
G-00000000002668,P-GR-BA354B2E7EF2,GrupLAC: producto listado en la ficha,1
G-00000000002668,P-GR-BDBC903E154C,GrupLAC: producto listado en la ficha,1
G-00000000002668,P-GR-BEB154A15CD8,GrupLAC: producto listado en la ficha,1
G-00000000002668,P-GR-C11C090637C9,GrupLAC: producto listado en la ficha,1
G-00000000002668,P-GR-C2ED698BB8EB,GrupLAC: producto listado en la ficha,1
G-00000000002668,P-GR-C3CED096CEE1,GrupLAC: producto listado en la ficha,1
G-00000000002668,P-GR-C3DE46F90603,GrupLAC: producto listado en la ficha,1
G-00000000002668,P-GR-C44517C622AF,GrupLAC: producto listado en la ficha,1
G-00000000002668,P-GR-C5247AEA6CA9,GrupLAC: producto listado en la ficha,1
G-00000000002668,P-GR-C587752AEA43,GrupLAC: producto listado en la ficha,1
G-00000000002668,P-GR-C595DE1A16AD,GrupLAC: producto listado en la ficha,1
G-00000000002668,P-GR-C60F286B3D45,GrupLAC: producto listado en la ficha,1
G-00000000002668,P-GR-C66BF41193F3,GrupLAC: producto listado en la ficha,1
G-00000000002668,P-GR-C84F16C5EC5B,GrupLAC: producto listado en la ficha,1
G-00000000002668,P-GR-C9CCB373B1A1,GrupLAC: producto listado en la ficha,1
G-00000000002668,P-GR-CCB5261BA1AA,GrupLAC: producto listado en la ficha,1
G-00000000002668,P-GR-CD3728C9EF10,GrupLAC: producto listado en la ficha,1
G-00000000002668,P-GR-CF3A4534DBDA,GrupLAC: producto listado en la ficha,1
G-00000000002668,P-GR-CFAB9AE64E12,GrupLAC: producto listado en la ficha,1
G-00000000002668,P-GR-D03219DB4BE6,GrupLAC: producto listado en la ficha,1
G-00000000002668,P-GR-D05833DD0434,GrupLAC: producto listado en la ficha,1
G-00000000002668,P-GR-D19D22BFEA42,GrupLAC: producto listado en la ficha,1
G-00000000002668,P-GR-D1AA28CF3BE9,GrupLAC: producto listado en la ficha,1
G-00000000002668,P-GR-D2A81468E6DE,GrupLAC: producto listado en la ficha,1
G-00000000002668,P-GR-D3AA18125F6F,GrupLAC: producto listado en la ficha,1
G-00000000002668,P-GR-D545067DDBEB,GrupLAC: producto listado en la ficha,1
G-00000000002668,P-GR-D6B890A6AF5C,GrupLAC: producto listado en la ficha,1
G-00000000002668,P-GR-D93F166949AC,GrupLAC: producto listado en la ficha,1
G-00000000002668,P-GR-DBA082D745E6,GrupLAC: producto listado en la ficha,1
G-00000000002668,P-GR-DC7EB869ADB2,GrupLAC: producto listado en la ficha,1
G-00000000002668,P-GR-DDEA9CF46A5E,GrupLAC: producto listado en la ficha,1
G-00000000002668,P-GR-E2C1E0D45E71,GrupLAC: producto listado en la ficha,1
G-00000000002668,P-GR-E404AFFA79DA,GrupLAC: producto listado en la ficha,1
G-00000000002668,P-GR-E51B678068E7,GrupLAC: producto listado en la ficha,1
G-00000000002668,P-GR-E55B01C323B6,GrupLAC: producto listado en la ficha,1
G-00000000002668,P-GR-E561603C817F,GrupLAC: producto listado en la ficha,1
G-00000000002668,P-GR-E661CD1DE942,GrupLAC: producto listado en la ficha,1
G-00000000002668,P-GR-E6A7D0660A44,GrupLAC: producto listado en la ficha,1
G-00000000002668,P-GR-EAD50922E74B,GrupLAC: producto listado en la ficha,1
G-00000000002668,P-GR-EB412D8979AC,GrupLAC: producto listado en la ficha,1
G-00000000002668,P-GR-EF5808202D72,GrupLAC: producto listado en la ficha,1
G-00000000002668,P-GR-EFE95E96755D,GrupLAC: producto listado en la ficha,1
G-00000000002668,P-GR-F1A2F23F0E8B,GrupLAC: producto listado en la ficha,1
G-00000000002668,P-GR-F1A3F57B95AF,GrupLAC: producto listado en la ficha,1
G-00000000002668,P-GR-F637903A79B1,GrupLAC: producto listado en la ficha,1
G-00000000002668,P-GR-F753A755BD5F,GrupLAC: producto listado en la ficha,1
G-00000000002668,P-GR-F814295EAF9F,GrupLAC: producto listado en la ficha,1
G-00000000002668,P-GR-FA6C7600F0A7,GrupLAC: producto listado en la ficha,1
G-00000000002668,P-GR-FBD5726CD14F,GrupLAC: producto listado en la ficha,1
G-00000000002668,P-GR-FF7E9CB630C7,GrupLAC: producto listado en la ficha,1
G-00000000002681,P-GR-01D537F794E9,GrupLAC: producto listado en la ficha,1
G-00000000002681,P-GR-02E3EAAF38D2,GrupLAC: producto listado en la ficha,1
G-00000000002681,P-GR-038623C152F5,GrupLAC: producto listado en la ficha,1
G-00000000002681,P-GR-04ED991315E9,GrupLAC: producto listado en la ficha,1
G-00000000002681,P-GR-050913D9FCCB,GrupLAC: producto listado en la ficha,1
G-00000000002681,P-GR-05DEFFF313DF,GrupLAC: producto listado en la ficha,1
G-00000000002681,P-GR-061AE3C71059,GrupLAC: producto listado en la ficha,1
G-00000000002681,P-GR-070D35BD4F44,GrupLAC: producto listado en la ficha,1
G-00000000002681,P-GR-074528585148,GrupLAC: producto listado en la ficha,1
G-00000000002681,P-GR-07C703D954F7,GrupLAC: producto listado en la ficha,1
G-00000000002681,P-GR-07FC8D6C7CFF,GrupLAC: producto listado en la ficha,1
G-00000000002681,P-GR-08B793BD9E9A,GrupLAC: producto listado en la ficha,1
G-00000000002681,P-GR-08E672BEBB9A,GrupLAC: producto listado en la ficha,1
G-00000000002681,P-GR-09D6CAA397DE,GrupLAC: producto listado en la ficha,1
G-00000000002681,P-GR-0C12DC4CA458,GrupLAC: producto listado en la ficha,1
G-00000000002681,P-GR-0CB9FC451517,GrupLAC: producto listado en la ficha,1
G-00000000002681,P-GR-10096CFF762E,GrupLAC: producto listado en la ficha,1
G-00000000002681,P-GR-116C857802E2,GrupLAC: producto listado en la ficha,1
G-00000000002681,P-GR-119A828C647D,GrupLAC: producto listado en la ficha,1
G-00000000002681,P-GR-11D4DAA0410D,GrupLAC: producto listado en la ficha,1
G-00000000002681,P-GR-1274D966F9D2,GrupLAC: producto listado en la ficha,1
G-00000000002681,P-GR-12A0758CEEE3,GrupLAC: producto listado en la ficha,1
G-00000000002681,P-GR-148742D5C00E,GrupLAC: producto listado en la ficha,1
G-00000000002681,P-GR-149C8EC91846,GrupLAC: producto listado en la ficha,1
G-00000000002681,P-GR-16FEEB057CB4,GrupLAC: producto listado en la ficha,1
G-00000000002681,P-GR-1741EB88D167,GrupLAC: producto listado en la ficha,1
G-00000000002681,P-GR-1A1891962023,GrupLAC: producto listado en la ficha,1
G-00000000002681,P-GR-1A4D670BF6FD,GrupLAC: producto listado en la ficha,1
G-00000000002681,P-GR-1AA73747B521,GrupLAC: producto listado en la ficha,1
G-00000000002681,P-GR-1F72010CE2CD,GrupLAC: producto listado en la ficha,1
G-00000000002681,P-GR-20553B27478B,GrupLAC: producto listado en la ficha,1
G-00000000002681,P-GR-20F547079C8E,GrupLAC: producto listado en la ficha,1
G-00000000002681,P-GR-211DBEDCD623,GrupLAC: producto listado en la ficha,1
G-00000000002681,P-GR-21B8A1B5629E,GrupLAC: producto listado en la ficha,1
G-00000000002681,P-GR-22E6CD8651D9,GrupLAC: producto listado en la ficha,1
G-00000000002681,P-GR-23C4A8CADFFE,GrupLAC: producto listado en la ficha,1
G-00000000002681,P-GR-26A030C89C89,GrupLAC: producto listado en la ficha,1
G-00000000002681,P-GR-272961BF5245,GrupLAC: producto listado en la ficha,1
G-00000000002681,P-GR-27C6C0DBD12E,GrupLAC: producto listado en la ficha,1
G-00000000002681,P-GR-29E7CF1EC75E,GrupLAC: producto listado en la ficha,1
G-00000000002681,P-GR-29F94F6E385D,GrupLAC: producto listado en la ficha,1
G-00000000002681,P-GR-2AA495898E6C,GrupLAC: producto listado en la ficha,1
G-00000000002681,P-GR-2D8DA42DE072,GrupLAC: producto listado en la ficha,1
G-00000000002681,P-GR-2E82F5185764,GrupLAC: producto listado en la ficha,1
G-00000000002681,P-GR-2F9130B240D8,GrupLAC: producto listado en la ficha,1
G-00000000002681,P-GR-306A5A194BFD,GrupLAC: producto listado en la ficha,1
G-00000000002681,P-GR-309317C59706,GrupLAC: producto listado en la ficha,1
G-00000000002681,P-GR-33D05679501C,GrupLAC: producto listado en la ficha,1
G-00000000002681,P-GR-3442DE7E1529,GrupLAC: producto listado en la ficha,1
G-00000000002681,P-GR-357B5E00CC14,GrupLAC: producto listado en la ficha,1
G-00000000002681,P-GR-36C26774207B,GrupLAC: producto listado en la ficha,1
G-00000000002681,P-GR-38C6BCFDF4E3,GrupLAC: producto listado en la ficha,1
G-00000000002681,P-GR-3908EFCF094C,GrupLAC: producto listado en la ficha,1
G-00000000002681,P-GR-3A71C7E34C38,GrupLAC: producto listado en la ficha,1
G-00000000002681,P-GR-3A97779245DC,GrupLAC: producto listado en la ficha,1
G-00000000002681,P-GR-3BDAE5555EF3,GrupLAC: producto listado en la ficha,1
G-00000000002681,P-GR-3BF70EC3B1AF,GrupLAC: producto listado en la ficha,1
G-00000000002681,P-GR-3FADE698863C,GrupLAC: producto listado en la ficha,1
G-00000000002681,P-GR-40D7B2A3A95A,GrupLAC: producto listado en la ficha,1
G-00000000002681,P-GR-40E0498A415A,GrupLAC: producto listado en la ficha,1
G-00000000002681,P-GR-424192668596,GrupLAC: producto listado en la ficha,1
G-00000000002681,P-GR-42C9B9149C7A,GrupLAC: producto listado en la ficha,1
G-00000000002681,P-GR-45219A910BC0,GrupLAC: producto listado en la ficha,1
G-00000000002681,P-GR-45306572D25E,GrupLAC: producto listado en la ficha,1
G-00000000002681,P-GR-45937BAA1299,GrupLAC: producto listado en la ficha,1
G-00000000002681,P-GR-45BD60500527,GrupLAC: producto listado en la ficha,1
G-00000000002681,P-GR-47942FB30FCB,GrupLAC: producto listado en la ficha,1
G-00000000002681,P-GR-4872413FBFE5,GrupLAC: producto listado en la ficha,1
G-00000000002681,P-GR-496DDCBCA6B3,GrupLAC: producto listado en la ficha,1
G-00000000002681,P-GR-4A47EF5E7FEF,GrupLAC: producto listado en la ficha,1
G-00000000002681,P-GR-4AA675E7832E,GrupLAC: producto listado en la ficha,1
G-00000000002681,P-GR-4AC5E532AC79,GrupLAC: producto listado en la ficha,1
G-00000000002681,P-GR-4C12E52993B3,GrupLAC: producto listado en la ficha,1
G-00000000002681,P-GR-4CA1A6C7CBDA,GrupLAC: producto listado en la ficha,1
G-00000000002681,P-GR-4E02558F4EDE,GrupLAC: producto listado en la ficha,1
G-00000000002681,P-GR-4F9A72899476,GrupLAC: producto listado en la ficha,1
G-00000000002681,P-GR-50432D87ED06,GrupLAC: producto listado en la ficha,1
G-00000000002681,P-GR-51D3620F2492,GrupLAC: producto listado en la ficha,1
G-00000000002681,P-GR-53423BBAE693,GrupLAC: producto listado en la ficha,1
G-00000000002681,P-GR-5506A7D30DC6,GrupLAC: producto listado en la ficha,1
G-00000000002681,P-GR-5671B51373C3,GrupLAC: producto listado en la ficha,1
G-00000000002681,P-GR-575609CA007B,GrupLAC: producto listado en la ficha,1
G-00000000002681,P-GR-578E53A8A948,GrupLAC: producto listado en la ficha,1
G-00000000002681,P-GR-590217EC9BD5,GrupLAC: producto listado en la ficha,1
G-00000000002681,P-GR-5A09B61F9279,GrupLAC: producto listado en la ficha,1
G-00000000002681,P-GR-5A145CB2B9C7,GrupLAC: producto listado en la ficha,1
G-00000000002681,P-GR-5AE8F71AE6E3,GrupLAC: producto listado en la ficha,1
G-00000000002681,P-GR-5C016A88803D,GrupLAC: producto listado en la ficha,1
G-00000000002681,P-GR-5C2C599E06A7,GrupLAC: producto listado en la ficha,1
G-00000000002681,P-GR-5C57E7830618,GrupLAC: producto listado en la ficha,1
G-00000000002681,P-GR-5C9E36E15E89,GrupLAC: producto listado en la ficha,1
G-00000000002681,P-GR-5CC6D48AB661,GrupLAC: producto listado en la ficha,1
G-00000000002681,P-GR-5D5197E19241,GrupLAC: producto listado en la ficha,1
G-00000000002681,P-GR-5DDCAE1AA3F5,GrupLAC: producto listado en la ficha,1
G-00000000002681,P-GR-5E46D95BFF38,GrupLAC: producto listado en la ficha,1
G-00000000002681,P-GR-5FB0E04A0B62,GrupLAC: producto listado en la ficha,1
G-00000000002681,P-GR-5FDF347D2B48,GrupLAC: producto listado en la ficha,1
G-00000000002681,P-GR-5FE679EBB92C,GrupLAC: producto listado en la ficha,1
G-00000000002681,P-GR-6003E1BC5743,GrupLAC: producto listado en la ficha,1
G-00000000002681,P-GR-600E46DD033E,GrupLAC: producto listado en la ficha,1
G-00000000002681,P-GR-6231574B1987,GrupLAC: producto listado en la ficha,1
G-00000000002681,P-GR-6264BED2D11B,GrupLAC: producto listado en la ficha,1
G-00000000002681,P-GR-62C7EF048915,GrupLAC: producto listado en la ficha,1
G-00000000002681,P-GR-6384B64BA444,GrupLAC: producto listado en la ficha,1
G-00000000002681,P-GR-64818EC94141,GrupLAC: producto listado en la ficha,1
G-00000000002681,P-GR-65366B7A5561,GrupLAC: producto listado en la ficha,1
G-00000000002681,P-GR-6865EDDBD92A,GrupLAC: producto listado en la ficha,1
G-00000000002681,P-GR-698037251123,GrupLAC: producto listado en la ficha,1
G-00000000002681,P-GR-6BFB1E06283D,GrupLAC: producto listado en la ficha,1
G-00000000002681,P-GR-6DEFFE53D9C2,GrupLAC: producto listado en la ficha,1
G-00000000002681,P-GR-6FED9253429D,GrupLAC: producto listado en la ficha,1
G-00000000002681,P-GR-7009E63444DA,GrupLAC: producto listado en la ficha,1
G-00000000002681,P-GR-73C8BF4E7A4C,GrupLAC: producto listado en la ficha,1
G-00000000002681,P-GR-747E3C3E5C46,GrupLAC: producto listado en la ficha,1
G-00000000002681,P-GR-75AA4B8401D3,GrupLAC: producto listado en la ficha,1
G-00000000002681,P-GR-76329CD0ACF9,GrupLAC: producto listado en la ficha,1
G-00000000002681,P-GR-76C87F284885,GrupLAC: producto listado en la ficha,1
G-00000000002681,P-GR-792DD28CD81F,GrupLAC: producto listado en la ficha,1
G-00000000002681,P-GR-7F6B7994225C,GrupLAC: producto listado en la ficha,1
G-00000000002681,P-GR-80064E589FC5,GrupLAC: producto listado en la ficha,1
G-00000000002681,P-GR-808CA901A27A,GrupLAC: producto listado en la ficha,1
G-00000000002681,P-GR-8141F9FCB629,GrupLAC: producto listado en la ficha,1
G-00000000002681,P-GR-82B68B321C90,GrupLAC: producto listado en la ficha,1
G-00000000002681,P-GR-8345FADE6E53,GrupLAC: producto listado en la ficha,1
G-00000000002681,P-GR-84C3B9F43361,GrupLAC: producto listado en la ficha,1
G-00000000002681,P-GR-86301B8C992B,GrupLAC: producto listado en la ficha,1
G-00000000002681,P-GR-87F45FC81DF2,GrupLAC: producto listado en la ficha,1
G-00000000002681,P-GR-8959956D895E,GrupLAC: producto listado en la ficha,1
G-00000000002681,P-GR-89C1855D6364,GrupLAC: producto listado en la ficha,1
G-00000000002681,P-GR-89D765C6428E,GrupLAC: producto listado en la ficha,1
G-00000000002681,P-GR-8A6EB2FA46AC,GrupLAC: producto listado en la ficha,1
G-00000000002681,P-GR-8B014C596C8D,GrupLAC: producto listado en la ficha,1
G-00000000002681,P-GR-8D02C7FA350A,GrupLAC: producto listado en la ficha,1
G-00000000002681,P-GR-8E9EAE57263B,GrupLAC: producto listado en la ficha,1
G-00000000002681,P-GR-8ED17C1CFD28,GrupLAC: producto listado en la ficha,1
G-00000000002681,P-GR-90F4BA6EFC06,GrupLAC: producto listado en la ficha,1
G-00000000002681,P-GR-92FD0D65E9D3,GrupLAC: producto listado en la ficha,1
G-00000000002681,P-GR-93FC28DA4579,GrupLAC: producto listado en la ficha,1
G-00000000002681,P-GR-9440A7A2E4C4,GrupLAC: producto listado en la ficha,1
G-00000000002681,P-GR-946E3350597E,GrupLAC: producto listado en la ficha,1
G-00000000002681,P-GR-96CF0E4A6C7F,GrupLAC: producto listado en la ficha,1
G-00000000002681,P-GR-983888BE1040,GrupLAC: producto listado en la ficha,1
G-00000000002681,P-GR-9B28930EA4D4,GrupLAC: producto listado en la ficha,1
G-00000000002681,P-GR-9DEC38DE651E,GrupLAC: producto listado en la ficha,1
G-00000000002681,P-GR-A1A5B17C984B,GrupLAC: producto listado en la ficha,1
G-00000000002681,P-GR-A24FC72B0A02,GrupLAC: producto listado en la ficha,1
G-00000000002681,P-GR-A3256C9C1549,GrupLAC: producto listado en la ficha,1
G-00000000002681,P-GR-A359D2192C96,GrupLAC: producto listado en la ficha,1
G-00000000002681,P-GR-A4F1D7344629,GrupLAC: producto listado en la ficha,1
G-00000000002681,P-GR-A56E65F197FB,GrupLAC: producto listado en la ficha,1
G-00000000002681,P-GR-A8412C4DC767,GrupLAC: producto listado en la ficha,1
G-00000000002681,P-GR-A8C5BBD84DE3,GrupLAC: producto listado en la ficha,1
G-00000000002681,P-GR-AC0A5E74AAAE,GrupLAC: producto listado en la ficha,1
G-00000000002681,P-GR-AD6973AADC44,GrupLAC: producto listado en la ficha,1
G-00000000002681,P-GR-AD6E47D5A1A4,GrupLAC: producto listado en la ficha,1
G-00000000002681,P-GR-AD7261078924,GrupLAC: producto listado en la ficha,1
G-00000000002681,P-GR-B010E1F58FC3,GrupLAC: producto listado en la ficha,1
G-00000000002681,P-GR-B0191A2CB7A1,GrupLAC: producto listado en la ficha,1
G-00000000002681,P-GR-B038B4E62D93,GrupLAC: producto listado en la ficha,1
G-00000000002681,P-GR-B2A86F3EFB5D,GrupLAC: producto listado en la ficha,1
G-00000000002681,P-GR-B30D209AB800,GrupLAC: producto listado en la ficha,1
G-00000000002681,P-GR-B321BE2BE68F,GrupLAC: producto listado en la ficha,1
G-00000000002681,P-GR-B3402995E7BD,GrupLAC: producto listado en la ficha,1
G-00000000002681,P-GR-B47225A9EA56,GrupLAC: producto listado en la ficha,1
G-00000000002681,P-GR-B4E003379E64,GrupLAC: producto listado en la ficha,1
G-00000000002681,P-GR-B55CFDE594CB,GrupLAC: producto listado en la ficha,1
G-00000000002681,P-GR-B5DE95C44F95,GrupLAC: producto listado en la ficha,1
G-00000000002681,P-GR-B6975D3150BC,GrupLAC: producto listado en la ficha,1
G-00000000002681,P-GR-BB04B8B282B2,GrupLAC: producto listado en la ficha,1
G-00000000002681,P-GR-BB6A098831C2,GrupLAC: producto listado en la ficha,1
G-00000000002681,P-GR-BBCB82116086,GrupLAC: producto listado en la ficha,1
G-00000000002681,P-GR-BDF0F1E17166,GrupLAC: producto listado en la ficha,1
G-00000000002681,P-GR-BEFFCC18FE6A,GrupLAC: producto listado en la ficha,1
G-00000000002681,P-GR-BFB1C5FBF2FB,GrupLAC: producto listado en la ficha,1
G-00000000002681,P-GR-C0E14F51CFA6,GrupLAC: producto listado en la ficha,1
G-00000000002681,P-GR-C3B6DF90967D,GrupLAC: producto listado en la ficha,1
G-00000000002681,P-GR-C3DECC028B51,GrupLAC: producto listado en la ficha,1
G-00000000002681,P-GR-C4F7F861196A,GrupLAC: producto listado en la ficha,1
G-00000000002681,P-GR-C6219470A8DD,GrupLAC: producto listado en la ficha,1
G-00000000002681,P-GR-C65FF93CF5D0,GrupLAC: producto listado en la ficha,1
G-00000000002681,P-GR-C684993814B4,GrupLAC: producto listado en la ficha,1
G-00000000002681,P-GR-C77EB209FF57,GrupLAC: producto listado en la ficha,1
G-00000000002681,P-GR-C9AC7BC686F7,GrupLAC: producto listado en la ficha,1
G-00000000002681,P-GR-CB2D7CAE7886,GrupLAC: producto listado en la ficha,1
G-00000000002681,P-GR-CBD358A8F0C1,GrupLAC: producto listado en la ficha,1
G-00000000002681,P-GR-CC368B39AAAB,GrupLAC: producto listado en la ficha,1
G-00000000002681,P-GR-CC9F8FDF7F53,GrupLAC: producto listado en la ficha,1
G-00000000002681,P-GR-CE47BA754FF1,GrupLAC: producto listado en la ficha,1
G-00000000002681,P-GR-CF7BADD8D715,GrupLAC: producto listado en la ficha,1
G-00000000002681,P-GR-D0A9A954988A,GrupLAC: producto listado en la ficha,1
G-00000000002681,P-GR-D15C5DEC4271,GrupLAC: producto listado en la ficha,1
G-00000000002681,P-GR-D1DF78265A53,GrupLAC: producto listado en la ficha,1
G-00000000002681,P-GR-D5191412BE88,GrupLAC: producto listado en la ficha,1
G-00000000002681,P-GR-D721A12111DF,GrupLAC: producto listado en la ficha,1
G-00000000002681,P-GR-D7671FA64F43,GrupLAC: producto listado en la ficha,1
G-00000000002681,P-GR-D8C8D3747C7B,GrupLAC: producto listado en la ficha,1
G-00000000002681,P-GR-DA7E4A433E47,GrupLAC: producto listado en la ficha,1
G-00000000002681,P-GR-DA91D0ED6AB5,GrupLAC: producto listado en la ficha,1
G-00000000002681,P-GR-DBCA59799CC4,GrupLAC: producto listado en la ficha,1
G-00000000002681,P-GR-DCD4EA32A961,GrupLAC: producto listado en la ficha,1
G-00000000002681,P-GR-DD4D72A07065,GrupLAC: producto listado en la ficha,1
G-00000000002681,P-GR-DD715990F43C,GrupLAC: producto listado en la ficha,1
G-00000000002681,P-GR-DFF8BEE0F656,GrupLAC: producto listado en la ficha,1
G-00000000002681,P-GR-E213D4C854C7,GrupLAC: producto listado en la ficha,1
G-00000000002681,P-GR-E26804D35E7B,GrupLAC: producto listado en la ficha,1
G-00000000002681,P-GR-E3CEA21BA97F,GrupLAC: producto listado en la ficha,1
G-00000000002681,P-GR-E52064194280,GrupLAC: producto listado en la ficha,1
G-00000000002681,P-GR-E57E173C27B4,GrupLAC: producto listado en la ficha,1
G-00000000002681,P-GR-E5965A8EB230,GrupLAC: producto listado en la ficha,1
G-00000000002681,P-GR-E5E4280EA3DD,GrupLAC: producto listado en la ficha,1
G-00000000002681,P-GR-E6748D45A32B,GrupLAC: producto listado en la ficha,1
G-00000000002681,P-GR-E77E4BA9184F,GrupLAC: producto listado en la ficha,1
G-00000000002681,P-GR-E8ED5E6E08B2,GrupLAC: producto listado en la ficha,1
G-00000000002681,P-GR-EA65FAAC0163,GrupLAC: producto listado en la ficha,1
G-00000000002681,P-GR-EB2ADC5598F6,GrupLAC: producto listado en la ficha,1
G-00000000002681,P-GR-EB4969DF2982,GrupLAC: producto listado en la ficha,1
G-00000000002681,P-GR-ED433268AB37,GrupLAC: producto listado en la ficha,1
G-00000000002681,P-GR-F0A5960CB80D,GrupLAC: producto listado en la ficha,1
G-00000000002681,P-GR-F10EDE13CA9B,GrupLAC: producto listado en la ficha,1
G-00000000002681,P-GR-F2E2EDA71A0F,GrupLAC: producto listado en la ficha,1
G-00000000002681,P-GR-F2F6A3C63EF1,GrupLAC: producto listado en la ficha,1
G-00000000002681,P-GR-F3F00EDC2DCD,GrupLAC: producto listado en la ficha,1
G-00000000002681,P-GR-F458D1067C3E,GrupLAC: producto listado en la ficha,1
G-00000000002681,P-GR-F7553D0D5090,GrupLAC: producto listado en la ficha,1
G-00000000002681,P-GR-FA9F65A9F558,GrupLAC: producto listado en la ficha,1
G-00000000002681,P-GR-FC7CDEC0429B,GrupLAC: producto listado en la ficha,1
G-00000000002681,P-GR-FCAD13992FE4,GrupLAC: producto listado en la ficha,1
G-00000000002681,P-GR-FDB80F55C32F,GrupLAC: producto listado en la ficha,1
G-00000000002681,P-GR-FE8A6B069C3A,GrupLAC: producto listado en la ficha,1
G-00000000003161,P-GR-02C5F5D9F3CE,GrupLAC: producto listado en la ficha,1
G-00000000003161,P-GR-04DA2B908A24,GrupLAC: producto listado en la ficha,1
G-00000000003161,P-GR-0847F7D172CF,GrupLAC: producto listado en la ficha,1
G-00000000003161,P-GR-0AB5EEBEC3F5,GrupLAC: producto listado en la ficha,1
G-00000000003161,P-GR-0BC4349A8AB6,GrupLAC: producto listado en la ficha,1
G-00000000003161,P-GR-0D6A823DF19B,GrupLAC: producto listado en la ficha,1
G-00000000003161,P-GR-0FF3AAC10547,GrupLAC: producto listado en la ficha,1
G-00000000003161,P-GR-1244F0CB6823,GrupLAC: producto listado en la ficha,1
G-00000000003161,P-GR-17E930867A64,GrupLAC: producto listado en la ficha,1
G-00000000003161,P-GR-183083DB5B85,GrupLAC: producto listado en la ficha,1
G-00000000003161,P-GR-18638B8D5B04,GrupLAC: producto listado en la ficha,1
G-00000000003161,P-GR-1A812FF88E7D,GrupLAC: producto listado en la ficha,1
G-00000000003161,P-GR-1AAE5505685F,GrupLAC: producto listado en la ficha,1
G-00000000003161,P-GR-1B279088F218,GrupLAC: producto listado en la ficha,1
G-00000000003161,P-GR-1FCA378E4058,GrupLAC: producto listado en la ficha,1
G-00000000003161,P-GR-2256C163FE68,GrupLAC: producto listado en la ficha,1
G-00000000003161,P-GR-23F13423A6DC,GrupLAC: producto listado en la ficha,1
G-00000000003161,P-GR-252576A633A4,GrupLAC: producto listado en la ficha,1
G-00000000003161,P-GR-2568D797CCD9,GrupLAC: producto listado en la ficha,1
G-00000000003161,P-GR-25EF979DE86A,GrupLAC: producto listado en la ficha,1
G-00000000003161,P-GR-29679DAD9444,GrupLAC: producto listado en la ficha,1
G-00000000003161,P-GR-2A197ECC7F2C,GrupLAC: producto listado en la ficha,1
G-00000000003161,P-GR-2C48B3BC4BCD,GrupLAC: producto listado en la ficha,1
G-00000000003161,P-GR-2DAEADFE5E2D,GrupLAC: producto listado en la ficha,1
G-00000000003161,P-GR-2DB2885071E3,GrupLAC: producto listado en la ficha,1
G-00000000003161,P-GR-320BAAFE96E2,GrupLAC: producto listado en la ficha,1
G-00000000003161,P-GR-3368C7808979,GrupLAC: producto listado en la ficha,1
G-00000000003161,P-GR-375CE29C38D8,GrupLAC: producto listado en la ficha,1
G-00000000003161,P-GR-381CE49F7C96,GrupLAC: producto listado en la ficha,1
G-00000000003161,P-GR-39C935F57DFC,GrupLAC: producto listado en la ficha,1
G-00000000003161,P-GR-3A4CAC3F73B2,GrupLAC: producto listado en la ficha,1
G-00000000003161,P-GR-3B7DC769F018,GrupLAC: producto listado en la ficha,1
G-00000000003161,P-GR-3C6503D020B9,GrupLAC: producto listado en la ficha,1
G-00000000003161,P-GR-4118817042F6,GrupLAC: producto listado en la ficha,1
G-00000000003161,P-GR-448A107B8EE3,GrupLAC: producto listado en la ficha,1
G-00000000003161,P-GR-46790264344B,GrupLAC: producto listado en la ficha,1
G-00000000003161,P-GR-48ADA0FECDA1,GrupLAC: producto listado en la ficha,1
G-00000000003161,P-GR-4B39FC865A5D,GrupLAC: producto listado en la ficha,1
G-00000000003161,P-GR-4C67F7743274,GrupLAC: producto listado en la ficha,1
G-00000000003161,P-GR-4CED291483C3,GrupLAC: producto listado en la ficha,1
G-00000000003161,P-GR-4EE254FE61D8,GrupLAC: producto listado en la ficha,1
G-00000000003161,P-GR-4EEC859A7879,GrupLAC: producto listado en la ficha,1
G-00000000003161,P-GR-53A9DFDEE666,GrupLAC: producto listado en la ficha,1
G-00000000003161,P-GR-55B4BD80C561,GrupLAC: producto listado en la ficha,1
G-00000000003161,P-GR-56C8D1ACE5CD,GrupLAC: producto listado en la ficha,1
G-00000000003161,P-GR-57B4518CC44B,GrupLAC: producto listado en la ficha,1
G-00000000003161,P-GR-5A8E691057B4,GrupLAC: producto listado en la ficha,1
G-00000000003161,P-GR-5B6B371D593C,GrupLAC: producto listado en la ficha,1
G-00000000003161,P-GR-5E83ACDE7845,GrupLAC: producto listado en la ficha,1
G-00000000003161,P-GR-6024D51FED30,GrupLAC: producto listado en la ficha,1
G-00000000003161,P-GR-621585299EAE,GrupLAC: producto listado en la ficha,1
G-00000000003161,P-GR-65CA352C3DE1,GrupLAC: producto listado en la ficha,1
G-00000000003161,P-GR-689CEE52D07A,GrupLAC: producto listado en la ficha,1
G-00000000003161,P-GR-68ADB1BBBC9E,GrupLAC: producto listado en la ficha,1
G-00000000003161,P-GR-698AF330721B,GrupLAC: producto listado en la ficha,1
G-00000000003161,P-GR-6F9BE4009CB7,GrupLAC: producto listado en la ficha,1
G-00000000003161,P-GR-70F7FC27B1CA,GrupLAC: producto listado en la ficha,1
G-00000000003161,P-GR-719717DB7168,GrupLAC: producto listado en la ficha,1
G-00000000003161,P-GR-745BCFE0FC83,GrupLAC: producto listado en la ficha,1
G-00000000003161,P-GR-74BAE136F345,GrupLAC: producto listado en la ficha,1
G-00000000003161,P-GR-74F17DCF734B,GrupLAC: producto listado en la ficha,1
G-00000000003161,P-GR-75C0FBDBB4C3,GrupLAC: producto listado en la ficha,1
G-00000000003161,P-GR-76EC08A6D69C,GrupLAC: producto listado en la ficha,1
G-00000000003161,P-GR-77E21ADD8556,GrupLAC: producto listado en la ficha,1
G-00000000003161,P-GR-77FDC23E6461,GrupLAC: producto listado en la ficha,1
G-00000000003161,P-GR-791389EFB228,GrupLAC: producto listado en la ficha,1
G-00000000003161,P-GR-7B0345E675D5,GrupLAC: producto listado en la ficha,1
G-00000000003161,P-GR-7C5B046DF33B,GrupLAC: producto listado en la ficha,1
G-00000000003161,P-GR-7DBCD84DE4AF,GrupLAC: producto listado en la ficha,1
G-00000000003161,P-GR-7E1834124B1E,GrupLAC: producto listado en la ficha,1
G-00000000003161,P-GR-7E2DA596FC25,GrupLAC: producto listado en la ficha,1
G-00000000003161,P-GR-82BB43502A11,GrupLAC: producto listado en la ficha,1
G-00000000003161,P-GR-84A838AE796C,GrupLAC: producto listado en la ficha,1
G-00000000003161,P-GR-864FE4D8DE81,GrupLAC: producto listado en la ficha,1
G-00000000003161,P-GR-8AD563A51B3E,GrupLAC: producto listado en la ficha,1
G-00000000003161,P-GR-8B83FBF78E6B,GrupLAC: producto listado en la ficha,1
G-00000000003161,P-GR-8BFD92325BF0,GrupLAC: producto listado en la ficha,1
G-00000000003161,P-GR-8C80C5BCA208,GrupLAC: producto listado en la ficha,1
G-00000000003161,P-GR-8DEE52671FE5,GrupLAC: producto listado en la ficha,1
G-00000000003161,P-GR-8FC71FE3509F,GrupLAC: producto listado en la ficha,1
G-00000000003161,P-GR-913E9AA318D5,GrupLAC: producto listado en la ficha,1
G-00000000003161,P-GR-93EDD9411DEF,GrupLAC: producto listado en la ficha,1
G-00000000003161,P-GR-954CCE9D0310,GrupLAC: producto listado en la ficha,1
G-00000000003161,P-GR-9614111CFA31,GrupLAC: producto listado en la ficha,1
G-00000000003161,P-GR-986F616467C0,GrupLAC: producto listado en la ficha,1
G-00000000003161,P-GR-9B1678937436,GrupLAC: producto listado en la ficha,1
G-00000000003161,P-GR-A5B27B41D2C9,GrupLAC: producto listado en la ficha,1
G-00000000003161,P-GR-A5D1E7FBDC53,GrupLAC: producto listado en la ficha,1
G-00000000003161,P-GR-A84C5A954ACD,GrupLAC: producto listado en la ficha,1
G-00000000003161,P-GR-AA8241BE649F,GrupLAC: producto listado en la ficha,1
G-00000000003161,P-GR-AAA669963C2F,GrupLAC: producto listado en la ficha,1
G-00000000003161,P-GR-AB8B91B44B39,GrupLAC: producto listado en la ficha,1
G-00000000003161,P-GR-AC90CDCD725A,GrupLAC: producto listado en la ficha,1
G-00000000003161,P-GR-AE24387C84FE,GrupLAC: producto listado en la ficha,1
G-00000000003161,P-GR-AEF9632700AD,GrupLAC: producto listado en la ficha,1
G-00000000003161,P-GR-AF7AF59162E8,GrupLAC: producto listado en la ficha,1
G-00000000003161,P-GR-B14C04EB6ABD,GrupLAC: producto listado en la ficha,1
G-00000000003161,P-GR-B53D7F4F777E,GrupLAC: producto listado en la ficha,1
G-00000000003161,P-GR-B78C436DD74E,GrupLAC: producto listado en la ficha,1
G-00000000003161,P-GR-BE3E6A5412FC,GrupLAC: producto listado en la ficha,1
G-00000000003161,P-GR-C1EE7795381B,GrupLAC: producto listado en la ficha,1
G-00000000003161,P-GR-C43A60A004C4,GrupLAC: producto listado en la ficha,1
G-00000000003161,P-GR-C45480922F4E,GrupLAC: producto listado en la ficha,1
G-00000000003161,P-GR-CFBF2BCC46DD,GrupLAC: producto listado en la ficha,1
G-00000000003161,P-GR-D2A81468E6DE,GrupLAC: producto listado en la ficha,1
G-00000000003161,P-GR-D7C2AB98AE9E,GrupLAC: producto listado en la ficha,1
G-00000000003161,P-GR-D7D920E878DD,GrupLAC: producto listado en la ficha,1
G-00000000003161,P-GR-D9AD4B2BFBAE,GrupLAC: producto listado en la ficha,1
G-00000000003161,P-GR-DA8CB8FAD516,GrupLAC: producto listado en la ficha,1
G-00000000003161,P-GR-DBEAA48E669A,GrupLAC: producto listado en la ficha,1
G-00000000003161,P-GR-E4FE25660FE1,GrupLAC: producto listado en la ficha,1
G-00000000003161,P-GR-E501FB8F94FB,GrupLAC: producto listado en la ficha,1
G-00000000003161,P-GR-E913C96E9A0C,GrupLAC: producto listado en la ficha,1
G-00000000003161,P-GR-E9282184BF94,GrupLAC: producto listado en la ficha,1
G-00000000003161,P-GR-E94D253D36BD,GrupLAC: producto listado en la ficha,1
G-00000000003161,P-GR-EA12BC607C6C,GrupLAC: producto listado en la ficha,1
G-00000000003161,P-GR-ECDA36E22DA3,GrupLAC: producto listado en la ficha,1
G-00000000003161,P-GR-EFF7E7F6B289,GrupLAC: producto listado en la ficha,1
G-00000000003161,P-GR-F2C9D4ECE714,GrupLAC: producto listado en la ficha,1
G-00000000003161,P-GR-F485066FA0E6,GrupLAC: producto listado en la ficha,1
G-00000000003161,P-GR-F65B5E35E13B,GrupLAC: producto listado en la ficha,1
G-00000000003161,P-GR-F7CE9D7DE4A8,GrupLAC: producto listado en la ficha,1
G-00000000003161,P-GR-F87F54BEB87D,GrupLAC: producto listado en la ficha,1
G-00000000003161,P-GR-FC0F4DCF6570,GrupLAC: producto listado en la ficha,1
G-00000000003161,P-GR-FF5A33DC32F3,GrupLAC: producto listado en la ficha,1
G-00000000003202,P-GR-0039B855F065,GrupLAC: producto listado en la ficha,1
G-00000000003202,P-GR-005C23654F8E,GrupLAC: producto listado en la ficha,1
G-00000000003202,P-GR-01A44EE4CCC5,GrupLAC: producto listado en la ficha,1
G-00000000003202,P-GR-01B2B7DA9A56,GrupLAC: producto listado en la ficha,1
G-00000000003202,P-GR-01D67B2A4E4A,GrupLAC: producto listado en la ficha,1
G-00000000003202,P-GR-01D9AB879487,GrupLAC: producto listado en la ficha,1
G-00000000003202,P-GR-030224177228,GrupLAC: producto listado en la ficha,1
G-00000000003202,P-GR-03C33C571AE1,GrupLAC: producto listado en la ficha,1
G-00000000003202,P-GR-0457F408BF65,GrupLAC: producto listado en la ficha,1
G-00000000003202,P-GR-0615C44F4314,GrupLAC: producto listado en la ficha,1
G-00000000003202,P-GR-0689F4C36D9B,GrupLAC: producto listado en la ficha,1
G-00000000003202,P-GR-07CD048103ED,GrupLAC: producto listado en la ficha,1
G-00000000003202,P-GR-08F159D98C0C,GrupLAC: producto listado en la ficha,1
G-00000000003202,P-GR-0B072AEFED70,GrupLAC: producto listado en la ficha,1
G-00000000003202,P-GR-0B444EF7F0A1,GrupLAC: producto listado en la ficha,1
G-00000000003202,P-GR-0D3B76611A5A,GrupLAC: producto listado en la ficha,1
G-00000000003202,P-GR-0DCE8565C026,GrupLAC: producto listado en la ficha,1
G-00000000003202,P-GR-0E92B3D22F62,GrupLAC: producto listado en la ficha,1
G-00000000003202,P-GR-0F420E1DBE4F,GrupLAC: producto listado en la ficha,1
G-00000000003202,P-GR-0FE99578522C,GrupLAC: producto listado en la ficha,1
G-00000000003202,P-GR-1178C33BB19E,GrupLAC: producto listado en la ficha,1
G-00000000003202,P-GR-11907626EEEB,GrupLAC: producto listado en la ficha,1
G-00000000003202,P-GR-12B36734ED19,GrupLAC: producto listado en la ficha,1
G-00000000003202,P-GR-12E7F455F0C4,GrupLAC: producto listado en la ficha,1
G-00000000003202,P-GR-137570485421,GrupLAC: producto listado en la ficha,1
G-00000000003202,P-GR-139D4BDD5E30,GrupLAC: producto listado en la ficha,1
G-00000000003202,P-GR-147417994835,GrupLAC: producto listado en la ficha,1
G-00000000003202,P-GR-150030E8DE44,GrupLAC: producto listado en la ficha,1
G-00000000003202,P-GR-15732C839414,GrupLAC: producto listado en la ficha,1
G-00000000003202,P-GR-15ACA939919F,GrupLAC: producto listado en la ficha,1
G-00000000003202,P-GR-1671BD921372,GrupLAC: producto listado en la ficha,1
G-00000000003202,P-GR-16B8A931470B,GrupLAC: producto listado en la ficha,1
G-00000000003202,P-GR-16DB911DAC07,GrupLAC: producto listado en la ficha,1
G-00000000003202,P-GR-177EEBDE757D,GrupLAC: producto listado en la ficha,1
G-00000000003202,P-GR-188A326E7172,GrupLAC: producto listado en la ficha,1
G-00000000003202,P-GR-1B7B6EAEFCB3,GrupLAC: producto listado en la ficha,1
G-00000000003202,P-GR-1B8966F2A5C8,GrupLAC: producto listado en la ficha,1
G-00000000003202,P-GR-1D2995B9D7D2,GrupLAC: producto listado en la ficha,1
G-00000000003202,P-GR-1DE7277803BB,GrupLAC: producto listado en la ficha,1
G-00000000003202,P-GR-1EB9B0DFD463,GrupLAC: producto listado en la ficha,1
G-00000000003202,P-GR-1EFCE4D06C5D,GrupLAC: producto listado en la ficha,1
G-00000000003202,P-GR-207B6E9ACE93,GrupLAC: producto listado en la ficha,1
G-00000000003202,P-GR-20B3BEE4851B,GrupLAC: producto listado en la ficha,1
G-00000000003202,P-GR-216F38D41191,GrupLAC: producto listado en la ficha,1
G-00000000003202,P-GR-224B97CE91E8,GrupLAC: producto listado en la ficha,1
G-00000000003202,P-GR-2308586FCD95,GrupLAC: producto listado en la ficha,1
G-00000000003202,P-GR-231FAB9A2ECF,GrupLAC: producto listado en la ficha,1
G-00000000003202,P-GR-232E7F2446CB,GrupLAC: producto listado en la ficha,1
G-00000000003202,P-GR-24059DB69E3D,GrupLAC: producto listado en la ficha,1
G-00000000003202,P-GR-2A56B11554F6,GrupLAC: producto listado en la ficha,1
G-00000000003202,P-GR-2C4BEA43F780,GrupLAC: producto listado en la ficha,1
G-00000000003202,P-GR-2E05C7AA194E,GrupLAC: producto listado en la ficha,1
G-00000000003202,P-GR-2EB7753D5AC6,GrupLAC: producto listado en la ficha,1
G-00000000003202,P-GR-2ECE00E27ADD,GrupLAC: producto listado en la ficha,1
G-00000000003202,P-GR-2F6A2958FF38,GrupLAC: producto listado en la ficha,1
G-00000000003202,P-GR-30ADC77557CE,GrupLAC: producto listado en la ficha,1
G-00000000003202,P-GR-3108BE87F813,GrupLAC: producto listado en la ficha,1
G-00000000003202,P-GR-3271AB2BBBF8,GrupLAC: producto listado en la ficha,1
G-00000000003202,P-GR-33160C30BD4B,GrupLAC: producto listado en la ficha,1
G-00000000003202,P-GR-3395A5CB71FD,GrupLAC: producto listado en la ficha,1
G-00000000003202,P-GR-3403EBCDEC1F,GrupLAC: producto listado en la ficha,1
G-00000000003202,P-GR-34123EFB4E3A,GrupLAC: producto listado en la ficha,1
G-00000000003202,P-GR-3463E30ACCFD,GrupLAC: producto listado en la ficha,1
G-00000000003202,P-GR-35D3CEB54793,GrupLAC: producto listado en la ficha,1
G-00000000003202,P-GR-3618C26DA4B1,GrupLAC: producto listado en la ficha,1
G-00000000003202,P-GR-3648BBDFC388,GrupLAC: producto listado en la ficha,1
G-00000000003202,P-GR-38F3CB19C61D,GrupLAC: producto listado en la ficha,1
G-00000000003202,P-GR-39775FF39B02,GrupLAC: producto listado en la ficha,1
G-00000000003202,P-GR-39EA9DB6EC37,GrupLAC: producto listado en la ficha,1
G-00000000003202,P-GR-39EBBB01022E,GrupLAC: producto listado en la ficha,1
G-00000000003202,P-GR-3A13CF5C01C7,GrupLAC: producto listado en la ficha,1
G-00000000003202,P-GR-3A284CE47903,GrupLAC: producto listado en la ficha,1
G-00000000003202,P-GR-3A63620F2397,GrupLAC: producto listado en la ficha,1
G-00000000003202,P-GR-3B9F709B117F,GrupLAC: producto listado en la ficha,1
G-00000000003202,P-GR-3BA73E6B94AC,GrupLAC: producto listado en la ficha,1
G-00000000003202,P-GR-3BD1FA08C34C,GrupLAC: producto listado en la ficha,1
G-00000000003202,P-GR-3CD520CE10C7,GrupLAC: producto listado en la ficha,1
G-00000000003202,P-GR-3D8498CCB107,GrupLAC: producto listado en la ficha,1
G-00000000003202,P-GR-3E037ED1BE7B,GrupLAC: producto listado en la ficha,1
G-00000000003202,P-GR-3F326C20B260,GrupLAC: producto listado en la ficha,1
G-00000000003202,P-GR-402BBFB26C50,GrupLAC: producto listado en la ficha,1
G-00000000003202,P-GR-4048E5EA4D19,GrupLAC: producto listado en la ficha,1
G-00000000003202,P-GR-41560E760BDF,GrupLAC: producto listado en la ficha,1
G-00000000003202,P-GR-4163F2CD5F01,GrupLAC: producto listado en la ficha,1
G-00000000003202,P-GR-41B4BF7A5A5B,GrupLAC: producto listado en la ficha,1
G-00000000003202,P-GR-41F4A6A4D217,GrupLAC: producto listado en la ficha,1
G-00000000003202,P-GR-428A5CC7D229,GrupLAC: producto listado en la ficha,1
G-00000000003202,P-GR-441C0DCAEB09,GrupLAC: producto listado en la ficha,1
G-00000000003202,P-GR-44414D95377A,GrupLAC: producto listado en la ficha,1
G-00000000003202,P-GR-4475B646AF88,GrupLAC: producto listado en la ficha,1
G-00000000003202,P-GR-4509FD41E864,GrupLAC: producto listado en la ficha,1
G-00000000003202,P-GR-4B3B573A4E72,GrupLAC: producto listado en la ficha,1
G-00000000003202,P-GR-4BF0C2E0CBD8,GrupLAC: producto listado en la ficha,1
G-00000000003202,P-GR-4C1AC65913F3,GrupLAC: producto listado en la ficha,1
G-00000000003202,P-GR-4D8C46063C27,GrupLAC: producto listado en la ficha,1
G-00000000003202,P-GR-4E080E9F4FED,GrupLAC: producto listado en la ficha,1
G-00000000003202,P-GR-4E424691014D,GrupLAC: producto listado en la ficha,1
G-00000000003202,P-GR-502A45E7D535,GrupLAC: producto listado en la ficha,1
G-00000000003202,P-GR-509691CAE9C5,GrupLAC: producto listado en la ficha,1
G-00000000003202,P-GR-50F39CFC74D8,GrupLAC: producto listado en la ficha,1
G-00000000003202,P-GR-51F0E6A41E2A,GrupLAC: producto listado en la ficha,1
G-00000000003202,P-GR-52722201804F,GrupLAC: producto listado en la ficha,1
G-00000000003202,P-GR-5318D58E3A10,GrupLAC: producto listado en la ficha,1
G-00000000003202,P-GR-53CF9D225CC6,GrupLAC: producto listado en la ficha,1
G-00000000003202,P-GR-543A2D45DAB2,GrupLAC: producto listado en la ficha,1
G-00000000003202,P-GR-54CCA2C1FF6D,GrupLAC: producto listado en la ficha,1
G-00000000003202,P-GR-56F8928482EF,GrupLAC: producto listado en la ficha,1
G-00000000003202,P-GR-57D951F28438,GrupLAC: producto listado en la ficha,1
G-00000000003202,P-GR-58EB3B694B31,GrupLAC: producto listado en la ficha,1
G-00000000003202,P-GR-592856FAF290,GrupLAC: producto listado en la ficha,1
G-00000000003202,P-GR-5A1922158D91,GrupLAC: producto listado en la ficha,1
G-00000000003202,P-GR-5AAEC555E41D,GrupLAC: producto listado en la ficha,1
G-00000000003202,P-GR-5C5CA53001F2,GrupLAC: producto listado en la ficha,1
G-00000000003202,P-GR-5DABA3ED503C,GrupLAC: producto listado en la ficha,1
G-00000000003202,P-GR-5F459673815F,GrupLAC: producto listado en la ficha,1
G-00000000003202,P-GR-61645C1C1BF6,GrupLAC: producto listado en la ficha,1
G-00000000003202,P-GR-616730F15260,GrupLAC: producto listado en la ficha,1
G-00000000003202,P-GR-6212E47E7141,GrupLAC: producto listado en la ficha,1
G-00000000003202,P-GR-62A4118F7F37,GrupLAC: producto listado en la ficha,1
G-00000000003202,P-GR-62C15EF636E2,GrupLAC: producto listado en la ficha,1
G-00000000003202,P-GR-632C4ABC3285,GrupLAC: producto listado en la ficha,1
G-00000000003202,P-GR-63C2C3FB9BBB,GrupLAC: producto listado en la ficha,1
G-00000000003202,P-GR-6616509D6C82,GrupLAC: producto listado en la ficha,1
G-00000000003202,P-GR-6678755D3DD2,GrupLAC: producto listado en la ficha,1
G-00000000003202,P-GR-6700CD7E69F5,GrupLAC: producto listado en la ficha,1
G-00000000003202,P-GR-67DD87E9AED5,GrupLAC: producto listado en la ficha,1
G-00000000003202,P-GR-681AF45EB16C,GrupLAC: producto listado en la ficha,1
G-00000000003202,P-GR-68D0AEE46E1B,GrupLAC: producto listado en la ficha,1
G-00000000003202,P-GR-6AB215B11607,GrupLAC: producto listado en la ficha,1
G-00000000003202,P-GR-6B8C9B07E3FD,GrupLAC: producto listado en la ficha,1
G-00000000003202,P-GR-6C8169634AEB,GrupLAC: producto listado en la ficha,1
G-00000000003202,P-GR-6D15F47A0782,GrupLAC: producto listado en la ficha,1
G-00000000003202,P-GR-6DAA3E52096A,GrupLAC: producto listado en la ficha,1
G-00000000003202,P-GR-6EBAC33DB391,GrupLAC: producto listado en la ficha,1
G-00000000003202,P-GR-706A80227663,GrupLAC: producto listado en la ficha,1
G-00000000003202,P-GR-70DAC1B6CA46,GrupLAC: producto listado en la ficha,1
G-00000000003202,P-GR-71CC2340745D,GrupLAC: producto listado en la ficha,1
G-00000000003202,P-GR-726F9E4CEA38,GrupLAC: producto listado en la ficha,1
G-00000000003202,P-GR-73418E828E02,GrupLAC: producto listado en la ficha,1
G-00000000003202,P-GR-74D3AB64F747,GrupLAC: producto listado en la ficha,1
G-00000000003202,P-GR-752E55728048,GrupLAC: producto listado en la ficha,1
G-00000000003202,P-GR-753533033937,GrupLAC: producto listado en la ficha,1
G-00000000003202,P-GR-765F310072A6,GrupLAC: producto listado en la ficha,1
G-00000000003202,P-GR-7857CFC552A3,GrupLAC: producto listado en la ficha,1
G-00000000003202,P-GR-7A989C77F178,GrupLAC: producto listado en la ficha,1
G-00000000003202,P-GR-7AB83FB11DEA,GrupLAC: producto listado en la ficha,1
G-00000000003202,P-GR-7B1C4758FF42,GrupLAC: producto listado en la ficha,1
G-00000000003202,P-GR-7B67EC77E3F4,GrupLAC: producto listado en la ficha,1
G-00000000003202,P-GR-7BA296547698,GrupLAC: producto listado en la ficha,1
G-00000000003202,P-GR-7BA49ACFFD8F,GrupLAC: producto listado en la ficha,1
G-00000000003202,P-GR-7BD06695AFBC,GrupLAC: producto listado en la ficha,1
G-00000000003202,P-GR-7E2CFDD00AC5,GrupLAC: producto listado en la ficha,1
G-00000000003202,P-GR-7F0210D9C0B4,GrupLAC: producto listado en la ficha,1
G-00000000003202,P-GR-7F1579306B98,GrupLAC: producto listado en la ficha,1
G-00000000003202,P-GR-7F756759ED23,GrupLAC: producto listado en la ficha,1
G-00000000003202,P-GR-804B35CF473A,GrupLAC: producto listado en la ficha,1
G-00000000003202,P-GR-80B72B7AFCA1,GrupLAC: producto listado en la ficha,1
G-00000000003202,P-GR-80E8CEC56BF0,GrupLAC: producto listado en la ficha,1
G-00000000003202,P-GR-8434A93853B1,GrupLAC: producto listado en la ficha,1
G-00000000003202,P-GR-86733AA40DDE,GrupLAC: producto listado en la ficha,1
G-00000000003202,P-GR-867A555E1C51,GrupLAC: producto listado en la ficha,1
G-00000000003202,P-GR-880D9B7C9566,GrupLAC: producto listado en la ficha,1
G-00000000003202,P-GR-89BF4F3B37E5,GrupLAC: producto listado en la ficha,1
G-00000000003202,P-GR-89EE162F017E,GrupLAC: producto listado en la ficha,1
G-00000000003202,P-GR-8AC7B9FB7668,GrupLAC: producto listado en la ficha,1
G-00000000003202,P-GR-8AE94F328618,GrupLAC: producto listado en la ficha,1
G-00000000003202,P-GR-8AFC15ACAA15,GrupLAC: producto listado en la ficha,1
G-00000000003202,P-GR-8B8036571858,GrupLAC: producto listado en la ficha,1
G-00000000003202,P-GR-8BE9DA46222C,GrupLAC: producto listado en la ficha,1
G-00000000003202,P-GR-8D6BA33219EF,GrupLAC: producto listado en la ficha,1
G-00000000003202,P-GR-908047D1497F,GrupLAC: producto listado en la ficha,1
G-00000000003202,P-GR-935D620D3A07,GrupLAC: producto listado en la ficha,1
G-00000000003202,P-GR-93FC68F78C81,GrupLAC: producto listado en la ficha,1
G-00000000003202,P-GR-952A37525974,GrupLAC: producto listado en la ficha,1
G-00000000003202,P-GR-95AE2664A485,GrupLAC: producto listado en la ficha,1
G-00000000003202,P-GR-968918139A19,GrupLAC: producto listado en la ficha,1
G-00000000003202,P-GR-96C973AD499B,GrupLAC: producto listado en la ficha,1
G-00000000003202,P-GR-96DFC68ED921,GrupLAC: producto listado en la ficha,1
G-00000000003202,P-GR-976F58DF7BA5,GrupLAC: producto listado en la ficha,1
G-00000000003202,P-GR-97D9588AE9EE,GrupLAC: producto listado en la ficha,1
G-00000000003202,P-GR-98917D945EEB,GrupLAC: producto listado en la ficha,1
G-00000000003202,P-GR-98EB6E7357F3,GrupLAC: producto listado en la ficha,1
G-00000000003202,P-GR-992AB6EC8E6F,GrupLAC: producto listado en la ficha,1
G-00000000003202,P-GR-994CC691A25B,GrupLAC: producto listado en la ficha,1
G-00000000003202,P-GR-9B5446E6DD81,GrupLAC: producto listado en la ficha,1
G-00000000003202,P-GR-9BD32003A41D,GrupLAC: producto listado en la ficha,1
G-00000000003202,P-GR-9C98E91739E5,GrupLAC: producto listado en la ficha,1
G-00000000003202,P-GR-9D3A4720A6DD,GrupLAC: producto listado en la ficha,1
G-00000000003202,P-GR-9FA5C8AC6BD8,GrupLAC: producto listado en la ficha,1
G-00000000003202,P-GR-A144CE9B2892,GrupLAC: producto listado en la ficha,1
G-00000000003202,P-GR-A1D245A33FFD,GrupLAC: producto listado en la ficha,1
G-00000000003202,P-GR-A36BCFAB78F7,GrupLAC: producto listado en la ficha,1
G-00000000003202,P-GR-A3743DD92A98,GrupLAC: producto listado en la ficha,1
G-00000000003202,P-GR-A4C5AC88FE4E,GrupLAC: producto listado en la ficha,1
G-00000000003202,P-GR-A4F2BC994AD6,GrupLAC: producto listado en la ficha,1
G-00000000003202,P-GR-A56B2AE05054,GrupLAC: producto listado en la ficha,1
G-00000000003202,P-GR-A5C3B47058F1,GrupLAC: producto listado en la ficha,1
G-00000000003202,P-GR-A64C54200AFF,GrupLAC: producto listado en la ficha,1
G-00000000003202,P-GR-A714D7855D70,GrupLAC: producto listado en la ficha,1
G-00000000003202,P-GR-A79458E92537,GrupLAC: producto listado en la ficha,1
G-00000000003202,P-GR-A7FE6AE3D0BA,GrupLAC: producto listado en la ficha,1
G-00000000003202,P-GR-A8B55807918C,GrupLAC: producto listado en la ficha,1
G-00000000003202,P-GR-A8CB32F38F64,GrupLAC: producto listado en la ficha,1
G-00000000003202,P-GR-A913BC4E206F,GrupLAC: producto listado en la ficha,1
G-00000000003202,P-GR-A93F1F4EFE56,GrupLAC: producto listado en la ficha,1
G-00000000003202,P-GR-A97F5105C1EB,GrupLAC: producto listado en la ficha,1
G-00000000003202,P-GR-AA60697A55B4,GrupLAC: producto listado en la ficha,1
G-00000000003202,P-GR-AA6C8A453FFD,GrupLAC: producto listado en la ficha,1
G-00000000003202,P-GR-AADEE59E5760,GrupLAC: producto listado en la ficha,1
G-00000000003202,P-GR-ABF903675399,GrupLAC: producto listado en la ficha,1
G-00000000003202,P-GR-ACFD54C9E42C,GrupLAC: producto listado en la ficha,1
G-00000000003202,P-GR-AE8CE35090DB,GrupLAC: producto listado en la ficha,1
G-00000000003202,P-GR-B15620001274,GrupLAC: producto listado en la ficha,1
G-00000000003202,P-GR-B19D9DC1FE3E,GrupLAC: producto listado en la ficha,1
G-00000000003202,P-GR-B207CE84449E,GrupLAC: producto listado en la ficha,1
G-00000000003202,P-GR-B27AE842DC1D,GrupLAC: producto listado en la ficha,1
G-00000000003202,P-GR-B3CD493462DB,GrupLAC: producto listado en la ficha,1
G-00000000003202,P-GR-B3F0AAFE082E,GrupLAC: producto listado en la ficha,1
G-00000000003202,P-GR-B3F723C629F7,GrupLAC: producto listado en la ficha,1
G-00000000003202,P-GR-B40C94C4F035,GrupLAC: producto listado en la ficha,1
G-00000000003202,P-GR-B4F4188F4025,GrupLAC: producto listado en la ficha,1
G-00000000003202,P-GR-B51E79030656,GrupLAC: producto listado en la ficha,1
G-00000000003202,P-GR-B5D38E10B637,GrupLAC: producto listado en la ficha,1
G-00000000003202,P-GR-B688A8CB0914,GrupLAC: producto listado en la ficha,1
G-00000000003202,P-GR-B6E28CBA99BA,GrupLAC: producto listado en la ficha,1
G-00000000003202,P-GR-B72F6E82CF2A,GrupLAC: producto listado en la ficha,1
G-00000000003202,P-GR-B745C1605F53,GrupLAC: producto listado en la ficha,1
G-00000000003202,P-GR-B7506B9006D1,GrupLAC: producto listado en la ficha,1
G-00000000003202,P-GR-B7F75687E44B,GrupLAC: producto listado en la ficha,1
G-00000000003202,P-GR-B96493AC79D1,GrupLAC: producto listado en la ficha,1
G-00000000003202,P-GR-BACAF78EE5B2,GrupLAC: producto listado en la ficha,1
G-00000000003202,P-GR-BB681FA1FAF6,GrupLAC: producto listado en la ficha,1
G-00000000003202,P-GR-BB7F8634958E,GrupLAC: producto listado en la ficha,1
G-00000000003202,P-GR-BC8B5D047C4D,GrupLAC: producto listado en la ficha,1
G-00000000003202,P-GR-BC9D5C44A87C,GrupLAC: producto listado en la ficha,1
G-00000000003202,P-GR-BE0DF706E3C8,GrupLAC: producto listado en la ficha,1
G-00000000003202,P-GR-C0B56546269E,GrupLAC: producto listado en la ficha,1
G-00000000003202,P-GR-C229E1473323,GrupLAC: producto listado en la ficha,1
G-00000000003202,P-GR-C24AC7092EFE,GrupLAC: producto listado en la ficha,1
G-00000000003202,P-GR-C3E201213CCD,GrupLAC: producto listado en la ficha,1
G-00000000003202,P-GR-C4409D146881,GrupLAC: producto listado en la ficha,1
G-00000000003202,P-GR-C44879475FC0,GrupLAC: producto listado en la ficha,1
G-00000000003202,P-GR-C5D84C96838C,GrupLAC: producto listado en la ficha,1
G-00000000003202,P-GR-C5DE67DA985A,GrupLAC: producto listado en la ficha,1
G-00000000003202,P-GR-C6EBBE439957,GrupLAC: producto listado en la ficha,1
G-00000000003202,P-GR-C75CD6160036,GrupLAC: producto listado en la ficha,1
G-00000000003202,P-GR-C95C5B29F418,GrupLAC: producto listado en la ficha,1
G-00000000003202,P-GR-CA7169542463,GrupLAC: producto listado en la ficha,1
G-00000000003202,P-GR-CA9DD050CE96,GrupLAC: producto listado en la ficha,1
G-00000000003202,P-GR-CB0E143429F6,GrupLAC: producto listado en la ficha,1
G-00000000003202,P-GR-CB3056AC6691,GrupLAC: producto listado en la ficha,1
G-00000000003202,P-GR-CB46C7F498D9,GrupLAC: producto listado en la ficha,1
G-00000000003202,P-GR-CD1BE4E85158,GrupLAC: producto listado en la ficha,1
G-00000000003202,P-GR-CD70246B5F4C,GrupLAC: producto listado en la ficha,1
G-00000000003202,P-GR-CDC42E6F6728,GrupLAC: producto listado en la ficha,1
G-00000000003202,P-GR-CE6336AE386C,GrupLAC: producto listado en la ficha,1
G-00000000003202,P-GR-CF2041D62B16,GrupLAC: producto listado en la ficha,1
G-00000000003202,P-GR-CF31964CEA86,GrupLAC: producto listado en la ficha,1
G-00000000003202,P-GR-CF3A4534DBDA,GrupLAC: producto listado en la ficha,1
G-00000000003202,P-GR-CFA1D9C9ED1E,GrupLAC: producto listado en la ficha,1
G-00000000003202,P-GR-CFD332317522,GrupLAC: producto listado en la ficha,1
G-00000000003202,P-GR-D01FBB0A6BF3,GrupLAC: producto listado en la ficha,1
G-00000000003202,P-GR-D124B416233A,GrupLAC: producto listado en la ficha,1
G-00000000003202,P-GR-D177AFEA0A38,GrupLAC: producto listado en la ficha,1
G-00000000003202,P-GR-D27C434023BB,GrupLAC: producto listado en la ficha,1
G-00000000003202,P-GR-D6987274B79E,GrupLAC: producto listado en la ficha,1
G-00000000003202,P-GR-D6E66BFC7B96,GrupLAC: producto listado en la ficha,1
G-00000000003202,P-GR-D73527478D34,GrupLAC: producto listado en la ficha,1
G-00000000003202,P-GR-D99D312C8443,GrupLAC: producto listado en la ficha,1
G-00000000003202,P-GR-DA06E18F2D11,GrupLAC: producto listado en la ficha,1
G-00000000003202,P-GR-DA8113A5A690,GrupLAC: producto listado en la ficha,1
G-00000000003202,P-GR-DABE300CA04D,GrupLAC: producto listado en la ficha,1
G-00000000003202,P-GR-DC77F3D02350,GrupLAC: producto listado en la ficha,1
G-00000000003202,P-GR-DD54509FF745,GrupLAC: producto listado en la ficha,1
G-00000000003202,P-GR-DD7CC5E296B5,GrupLAC: producto listado en la ficha,1
G-00000000003202,P-GR-DF8A635D5953,GrupLAC: producto listado en la ficha,1
G-00000000003202,P-GR-E08FEF48C348,GrupLAC: producto listado en la ficha,1
G-00000000003202,P-GR-E0D192189CC7,GrupLAC: producto listado en la ficha,1
G-00000000003202,P-GR-E0FA40ED1560,GrupLAC: producto listado en la ficha,1
G-00000000003202,P-GR-E3D6942BF640,GrupLAC: producto listado en la ficha,1
G-00000000003202,P-GR-E3DCFD8D3DE0,GrupLAC: producto listado en la ficha,1
G-00000000003202,P-GR-E415B3B37DE8,GrupLAC: producto listado en la ficha,1
G-00000000003202,P-GR-E469A7D5A11C,GrupLAC: producto listado en la ficha,1
G-00000000003202,P-GR-E50181BD5863,GrupLAC: producto listado en la ficha,1
G-00000000003202,P-GR-E61E70374A04,GrupLAC: producto listado en la ficha,1
G-00000000003202,P-GR-E68B559A8691,GrupLAC: producto listado en la ficha,1
G-00000000003202,P-GR-E75048B84E60,GrupLAC: producto listado en la ficha,1
G-00000000003202,P-GR-E865E17774C4,GrupLAC: producto listado en la ficha,1
G-00000000003202,P-GR-E8C613AF2BA1,GrupLAC: producto listado en la ficha,1
G-00000000003202,P-GR-E8E5BDCE8E93,GrupLAC: producto listado en la ficha,1
G-00000000003202,P-GR-E9236C939625,GrupLAC: producto listado en la ficha,1
G-00000000003202,P-GR-E93534B58BE9,GrupLAC: producto listado en la ficha,1
G-00000000003202,P-GR-EA876FCA49E3,GrupLAC: producto listado en la ficha,1
G-00000000003202,P-GR-EBA8F2CBB3BD,GrupLAC: producto listado en la ficha,1
G-00000000003202,P-GR-EBB98F4B7A36,GrupLAC: producto listado en la ficha,1
G-00000000003202,P-GR-EBF88E76A9EF,GrupLAC: producto listado en la ficha,1
G-00000000003202,P-GR-EC4A7CE335E0,GrupLAC: producto listado en la ficha,1
G-00000000003202,P-GR-ED76EBE53F0E,GrupLAC: producto listado en la ficha,1
G-00000000003202,P-GR-EDAB4D1D1B4F,GrupLAC: producto listado en la ficha,1
G-00000000003202,P-GR-EE43902A6491,GrupLAC: producto listado en la ficha,1
G-00000000003202,P-GR-EE59848A99A0,GrupLAC: producto listado en la ficha,1
G-00000000003202,P-GR-EE9EDCE11E14,GrupLAC: producto listado en la ficha,1
G-00000000003202,P-GR-F105184618D5,GrupLAC: producto listado en la ficha,1
G-00000000003202,P-GR-F152C4ABB27E,GrupLAC: producto listado en la ficha,1
G-00000000003202,P-GR-F22CDCAAAE5D,GrupLAC: producto listado en la ficha,1
G-00000000003202,P-GR-F26E363986F8,GrupLAC: producto listado en la ficha,1
G-00000000003202,P-GR-F385B21B50F3,GrupLAC: producto listado en la ficha,1
G-00000000003202,P-GR-F48C6D6D0190,GrupLAC: producto listado en la ficha,1
G-00000000003202,P-GR-F513CE399BCF,GrupLAC: producto listado en la ficha,1
G-00000000003202,P-GR-F580CD90EDF9,GrupLAC: producto listado en la ficha,1
G-00000000003202,P-GR-F5BEC2193CA8,GrupLAC: producto listado en la ficha,1
G-00000000003202,P-GR-F5EE4086E4B5,GrupLAC: producto listado en la ficha,1
G-00000000003202,P-GR-F6E14AD39962,GrupLAC: producto listado en la ficha,1
G-00000000003202,P-GR-F7D4139AB988,GrupLAC: producto listado en la ficha,1
G-00000000003202,P-GR-F886577B8897,GrupLAC: producto listado en la ficha,1
G-00000000003202,P-GR-F89D2AE78FD8,GrupLAC: producto listado en la ficha,1
G-00000000003202,P-GR-F8DDEE16638A,GrupLAC: producto listado en la ficha,1
G-00000000003202,P-GR-F931EBD84A58,GrupLAC: producto listado en la ficha,1
G-00000000003202,P-GR-FC606C58F99E,GrupLAC: producto listado en la ficha,1
G-00000000003202,P-GR-FC9DFCA51F7F,GrupLAC: producto listado en la ficha,1
G-00000000003202,P-GR-FD035C8E8174,GrupLAC: producto listado en la ficha,1
G-00000000003202,P-GR-FD94ABD6D047,GrupLAC: producto listado en la ficha,1
G-00000000003202,P-GR-FEEB44C6B465,GrupLAC: producto listado en la ficha,1
G-00000000003202,P-GR-FF37501EF5E4,GrupLAC: producto listado en la ficha,1
G-00000000003202,P-GR-FFF10CB3D4BF,GrupLAC: producto listado en la ficha,1
G-00000000003639,P-GR-02096533667B,GrupLAC: producto listado en la ficha,1
G-00000000003639,P-GR-064EA363816D,GrupLAC: producto listado en la ficha,1
G-00000000003639,P-GR-065E4D864A09,GrupLAC: producto listado en la ficha,1
G-00000000003639,P-GR-0661ED1CB835,GrupLAC: producto listado en la ficha,1
G-00000000003639,P-GR-0680C99304E5,GrupLAC: producto listado en la ficha,1
G-00000000003639,P-GR-07D34608EA79,GrupLAC: producto listado en la ficha,1
G-00000000003639,P-GR-08D497D9110F,GrupLAC: producto listado en la ficha,1
G-00000000003639,P-GR-0A63B0902425,GrupLAC: producto listado en la ficha,1
G-00000000003639,P-GR-0EAC0A77A7D4,GrupLAC: producto listado en la ficha,1
G-00000000003639,P-GR-0EADC492057C,GrupLAC: producto listado en la ficha,1
G-00000000003639,P-GR-117F7EBC727B,GrupLAC: producto listado en la ficha,1
G-00000000003639,P-GR-15EA5378B149,GrupLAC: producto listado en la ficha,1
G-00000000003639,P-GR-16650C0A9730,GrupLAC: producto listado en la ficha,1
G-00000000003639,P-GR-18AD908911A0,GrupLAC: producto listado en la ficha,1
G-00000000003639,P-GR-197CBF3699F9,GrupLAC: producto listado en la ficha,1
G-00000000003639,P-GR-1AE891218AA5,GrupLAC: producto listado en la ficha,1
G-00000000003639,P-GR-1D6ACF65D77A,GrupLAC: producto listado en la ficha,1
G-00000000003639,P-GR-1FDFEB9FD6C3,GrupLAC: producto listado en la ficha,1
G-00000000003639,P-GR-22649430761A,GrupLAC: producto listado en la ficha,1
G-00000000003639,P-GR-24EB3506413D,GrupLAC: producto listado en la ficha,1
G-00000000003639,P-GR-262A5995B1C6,GrupLAC: producto listado en la ficha,1
G-00000000003639,P-GR-26CB1B02DE7C,GrupLAC: producto listado en la ficha,1
G-00000000003639,P-GR-28D197976136,GrupLAC: producto listado en la ficha,1
G-00000000003639,P-GR-2A4D06E2C212,GrupLAC: producto listado en la ficha,1
G-00000000003639,P-GR-2BC5D2E4B668,GrupLAC: producto listado en la ficha,1
G-00000000003639,P-GR-2BF1AEF5D3A4,GrupLAC: producto listado en la ficha,1
G-00000000003639,P-GR-2E4A3A772762,GrupLAC: producto listado en la ficha,1
G-00000000003639,P-GR-2E826731A1AA,GrupLAC: producto listado en la ficha,1
G-00000000003639,P-GR-2FB43ED22666,GrupLAC: producto listado en la ficha,1
G-00000000003639,P-GR-30310373AB08,GrupLAC: producto listado en la ficha,1
G-00000000003639,P-GR-31AFCF9F7A7C,GrupLAC: producto listado en la ficha,1
G-00000000003639,P-GR-3206FD003760,GrupLAC: producto listado en la ficha,1
G-00000000003639,P-GR-342AFE575D38,GrupLAC: producto listado en la ficha,1
G-00000000003639,P-GR-34AB93EFBB49,GrupLAC: producto listado en la ficha,1
G-00000000003639,P-GR-385FF2A3753A,GrupLAC: producto listado en la ficha,1
G-00000000003639,P-GR-3A762386473E,GrupLAC: producto listado en la ficha,1
G-00000000003639,P-GR-43E5BBDA0B0B,GrupLAC: producto listado en la ficha,1
G-00000000003639,P-GR-45280838BEC4,GrupLAC: producto listado en la ficha,1
G-00000000003639,P-GR-459B6CBDA98F,GrupLAC: producto listado en la ficha,1
G-00000000003639,P-GR-4787E8A25877,GrupLAC: producto listado en la ficha,1
G-00000000003639,P-GR-4A2AB528D8AC,GrupLAC: producto listado en la ficha,1
G-00000000003639,P-GR-4EA39A7ED617,GrupLAC: producto listado en la ficha,1
G-00000000003639,P-GR-5335FC2156CC,GrupLAC: producto listado en la ficha,1
G-00000000003639,P-GR-563C3AB38EA5,GrupLAC: producto listado en la ficha,1
G-00000000003639,P-GR-568AFF4373AF,GrupLAC: producto listado en la ficha,1
G-00000000003639,P-GR-56CABA49058B,GrupLAC: producto listado en la ficha,1
G-00000000003639,P-GR-5B5CC325FA4F,GrupLAC: producto listado en la ficha,1
G-00000000003639,P-GR-5C9F33AA189C,GrupLAC: producto listado en la ficha,1
G-00000000003639,P-GR-5CE6AE7577CF,GrupLAC: producto listado en la ficha,1
G-00000000003639,P-GR-605FD1E4C086,GrupLAC: producto listado en la ficha,1
G-00000000003639,P-GR-61460BFF05E5,GrupLAC: producto listado en la ficha,1
G-00000000003639,P-GR-66485301D15D,GrupLAC: producto listado en la ficha,1
G-00000000003639,P-GR-6666EF9581B6,GrupLAC: producto listado en la ficha,1
G-00000000003639,P-GR-689B8B3A6DB7,GrupLAC: producto listado en la ficha,1
G-00000000003639,P-GR-68BAB5429ECC,GrupLAC: producto listado en la ficha,1
G-00000000003639,P-GR-6D4DA87859B6,GrupLAC: producto listado en la ficha,1
G-00000000003639,P-GR-6F7E78543CB4,GrupLAC: producto listado en la ficha,1
G-00000000003639,P-GR-732A9E8B6A8C,GrupLAC: producto listado en la ficha,1
G-00000000003639,P-GR-74806EE13EC9,GrupLAC: producto listado en la ficha,1
G-00000000003639,P-GR-76446605C138,GrupLAC: producto listado en la ficha,1
G-00000000003639,P-GR-76925CE10054,GrupLAC: producto listado en la ficha,1
G-00000000003639,P-GR-779A4504C359,GrupLAC: producto listado en la ficha,1
G-00000000003639,P-GR-78AE65EBFDFA,GrupLAC: producto listado en la ficha,1
G-00000000003639,P-GR-7E56AD3CFDA1,GrupLAC: producto listado en la ficha,1
G-00000000003639,P-GR-7F7B25997E83,GrupLAC: producto listado en la ficha,1
G-00000000003639,P-GR-807BE10704A5,GrupLAC: producto listado en la ficha,1
G-00000000003639,P-GR-811C51C74623,GrupLAC: producto listado en la ficha,1
G-00000000003639,P-GR-81CA23288F6E,GrupLAC: producto listado en la ficha,1
G-00000000003639,P-GR-8400B75EF7D3,GrupLAC: producto listado en la ficha,1
G-00000000003639,P-GR-87A0BFC33569,GrupLAC: producto listado en la ficha,1
G-00000000003639,P-GR-8D50974D4133,GrupLAC: producto listado en la ficha,1
G-00000000003639,P-GR-901C19A68EB2,GrupLAC: producto listado en la ficha,1
G-00000000003639,P-GR-908047D1497F,GrupLAC: producto listado en la ficha,1
G-00000000003639,P-GR-90C4518A96F2,GrupLAC: producto listado en la ficha,1
G-00000000003639,P-GR-91BFFF15CD2D,GrupLAC: producto listado en la ficha,1
G-00000000003639,P-GR-993C63E9A7A9,GrupLAC: producto listado en la ficha,1
G-00000000003639,P-GR-997D9AC538E2,GrupLAC: producto listado en la ficha,1
G-00000000003639,P-GR-9A67AB149A71,GrupLAC: producto listado en la ficha,1
G-00000000003639,P-GR-9BD32003A41D,GrupLAC: producto listado en la ficha,1
G-00000000003639,P-GR-A33D50E9B9A4,GrupLAC: producto listado en la ficha,1
G-00000000003639,P-GR-AB3C22E8AE75,GrupLAC: producto listado en la ficha,1
G-00000000003639,P-GR-ABDE43850B1A,GrupLAC: producto listado en la ficha,1
G-00000000003639,P-GR-AE8604BA5BE0,GrupLAC: producto listado en la ficha,1
G-00000000003639,P-GR-AF4001CF2DB1,GrupLAC: producto listado en la ficha,1
G-00000000003639,P-GR-AF4D625078F6,GrupLAC: producto listado en la ficha,1
G-00000000003639,P-GR-AFC84854CEB9,GrupLAC: producto listado en la ficha,1
G-00000000003639,P-GR-B2DBB87F8868,GrupLAC: producto listado en la ficha,1
G-00000000003639,P-GR-B2DDE900B089,GrupLAC: producto listado en la ficha,1
G-00000000003639,P-GR-B30E04AA90C3,GrupLAC: producto listado en la ficha,1
G-00000000003639,P-GR-B33130891F46,GrupLAC: producto listado en la ficha,1
G-00000000003639,P-GR-B36D0FF9AB01,GrupLAC: producto listado en la ficha,1
G-00000000003639,P-GR-B4B871D18D9F,GrupLAC: producto listado en la ficha,1
G-00000000003639,P-GR-B60FB4B33B04,GrupLAC: producto listado en la ficha,1
G-00000000003639,P-GR-B838B61E401A,GrupLAC: producto listado en la ficha,1
G-00000000003639,P-GR-B957A8057154,GrupLAC: producto listado en la ficha,1
G-00000000003639,P-GR-BE8409BAEEDE,GrupLAC: producto listado en la ficha,1
G-00000000003639,P-GR-C1BD41484FA7,GrupLAC: producto listado en la ficha,1
G-00000000003639,P-GR-C2F1317C39EC,GrupLAC: producto listado en la ficha,1
G-00000000003639,P-GR-C4C017852A74,GrupLAC: producto listado en la ficha,1
G-00000000003639,P-GR-C879AC1C6C17,GrupLAC: producto listado en la ficha,1
G-00000000003639,P-GR-CB218E864F26,GrupLAC: producto listado en la ficha,1
G-00000000003639,P-GR-CD5600016D37,GrupLAC: producto listado en la ficha,1
G-00000000003639,P-GR-CDE5D6FCA631,GrupLAC: producto listado en la ficha,1
G-00000000003639,P-GR-D1C4C4CBBB53,GrupLAC: producto listado en la ficha,1
G-00000000003639,P-GR-D3BC02823115,GrupLAC: producto listado en la ficha,1
G-00000000003639,P-GR-D4D6D7FF79A3,GrupLAC: producto listado en la ficha,1
G-00000000003639,P-GR-D501CDABA41E,GrupLAC: producto listado en la ficha,1
G-00000000003639,P-GR-D8664BA92406,GrupLAC: producto listado en la ficha,1
G-00000000003639,P-GR-D9AD07BCE0D6,GrupLAC: producto listado en la ficha,1
G-00000000003639,P-GR-DA45DC470B9E,GrupLAC: producto listado en la ficha,1
G-00000000003639,P-GR-DB2627A2F16C,GrupLAC: producto listado en la ficha,1
G-00000000003639,P-GR-DC42B8494718,GrupLAC: producto listado en la ficha,1
G-00000000003639,P-GR-DCBA359910E8,GrupLAC: producto listado en la ficha,1
G-00000000003639,P-GR-DDF591980269,GrupLAC: producto listado en la ficha,1
G-00000000003639,P-GR-DF9B5E32DD42,GrupLAC: producto listado en la ficha,1
G-00000000003639,P-GR-E0B0485ADAA1,GrupLAC: producto listado en la ficha,1
G-00000000003639,P-GR-E11F295F0806,GrupLAC: producto listado en la ficha,1
G-00000000003639,P-GR-E1FB9144E21C,GrupLAC: producto listado en la ficha,1
G-00000000003639,P-GR-E7734F03FE42,GrupLAC: producto listado en la ficha,1
G-00000000003639,P-GR-E8648A3E4168,GrupLAC: producto listado en la ficha,1
G-00000000003639,P-GR-EBC77A76A16E,GrupLAC: producto listado en la ficha,1
G-00000000003639,P-GR-EBE672EF1483,GrupLAC: producto listado en la ficha,1
G-00000000003639,P-GR-EDC2D193AC1F,GrupLAC: producto listado en la ficha,1
G-00000000003639,P-GR-EE9A64355FDB,GrupLAC: producto listado en la ficha,1
G-00000000003639,P-GR-F417A35DD9FD,GrupLAC: producto listado en la ficha,1
G-00000000003639,P-GR-F7CFFDE1016B,GrupLAC: producto listado en la ficha,1
G-00000000003639,P-GR-F8063C5CEEC8,GrupLAC: producto listado en la ficha,1
G-00000000003639,P-GR-FB21E5ABC438,GrupLAC: producto listado en la ficha,1
G-00000000003639,P-GR-FE4F4E69F696,GrupLAC: producto listado en la ficha,1
G-00000000003639,P-GR-FEAF0BDDC725,GrupLAC: producto listado en la ficha,1
G-00000000003915,P-GR-0697C0AA91AA,GrupLAC: producto listado en la ficha,1
G-00000000003915,P-GR-0A0D61731172,GrupLAC: producto listado en la ficha,1
G-00000000003915,P-GR-0BCFD0387B1B,GrupLAC: producto listado en la ficha,1
G-00000000003915,P-GR-0F69DAB55BEF,GrupLAC: producto listado en la ficha,1
G-00000000003915,P-GR-150A5F7493F1,GrupLAC: producto listado en la ficha,1
G-00000000003915,P-GR-19334C3A52D6,GrupLAC: producto listado en la ficha,1
G-00000000003915,P-GR-1CAB5E8E9CEA,GrupLAC: producto listado en la ficha,1
G-00000000003915,P-GR-1DDB743AF30D,GrupLAC: producto listado en la ficha,1
G-00000000003915,P-GR-1FA0FD6F009C,GrupLAC: producto listado en la ficha,1
G-00000000003915,P-GR-212576FCE8CB,GrupLAC: producto listado en la ficha,1
G-00000000003915,P-GR-229A38670AEE,GrupLAC: producto listado en la ficha,1
G-00000000003915,P-GR-276B7895128E,GrupLAC: producto listado en la ficha,1
G-00000000003915,P-GR-29B29C77C916,GrupLAC: producto listado en la ficha,1
G-00000000003915,P-GR-29D26A707BDE,GrupLAC: producto listado en la ficha,1
G-00000000003915,P-GR-300D73D8EAB7,GrupLAC: producto listado en la ficha,1
G-00000000003915,P-GR-36119D5119CA,GrupLAC: producto listado en la ficha,1
G-00000000003915,P-GR-37DCBA8BCC87,GrupLAC: producto listado en la ficha,1
G-00000000003915,P-GR-383E95624FD8,GrupLAC: producto listado en la ficha,1
G-00000000003915,P-GR-3DEABF31EEB7,GrupLAC: producto listado en la ficha,1
G-00000000003915,P-GR-3FBCBE13A158,GrupLAC: producto listado en la ficha,1
G-00000000003915,P-GR-4077650F1210,GrupLAC: producto listado en la ficha,1
G-00000000003915,P-GR-4103411CC339,GrupLAC: producto listado en la ficha,1
G-00000000003915,P-GR-459D78AFE416,GrupLAC: producto listado en la ficha,1
G-00000000003915,P-GR-471CF80A677B,GrupLAC: producto listado en la ficha,1
G-00000000003915,P-GR-4C2C69FEF8CA,GrupLAC: producto listado en la ficha,1
G-00000000003915,P-GR-5B848261840D,GrupLAC: producto listado en la ficha,1
G-00000000003915,P-GR-5C6D6FA3932C,GrupLAC: producto listado en la ficha,1
G-00000000003915,P-GR-5C94C042A27A,GrupLAC: producto listado en la ficha,1
G-00000000003915,P-GR-5DCB23EEFBE2,GrupLAC: producto listado en la ficha,1
G-00000000003915,P-GR-6108D6BEBF69,GrupLAC: producto listado en la ficha,1
G-00000000003915,P-GR-6377D3D99FC4,GrupLAC: producto listado en la ficha,1
G-00000000003915,P-GR-660525D3A9AF,GrupLAC: producto listado en la ficha,1
G-00000000003915,P-GR-6874CF5DFA09,GrupLAC: producto listado en la ficha,1
G-00000000003915,P-GR-699D96DF9B89,GrupLAC: producto listado en la ficha,1
G-00000000003915,P-GR-6E27178D7362,GrupLAC: producto listado en la ficha,1
G-00000000003915,P-GR-6FCC4BF0B9B5,GrupLAC: producto listado en la ficha,1
G-00000000003915,P-GR-738673E8BB17,GrupLAC: producto listado en la ficha,1
G-00000000003915,P-GR-7632490F15E9,GrupLAC: producto listado en la ficha,1
G-00000000003915,P-GR-7F2662B97AF1,GrupLAC: producto listado en la ficha,1
G-00000000003915,P-GR-81D662E543F2,GrupLAC: producto listado en la ficha,1
G-00000000003915,P-GR-8214CAE026C1,GrupLAC: producto listado en la ficha,1
G-00000000003915,P-GR-82CBE8308A39,GrupLAC: producto listado en la ficha,1
G-00000000003915,P-GR-86C3DB8080FC,GrupLAC: producto listado en la ficha,1
G-00000000003915,P-GR-8B3541BA071B,GrupLAC: producto listado en la ficha,1
G-00000000003915,P-GR-8BB115B33A21,GrupLAC: producto listado en la ficha,1
G-00000000003915,P-GR-8D6290B0D2DB,GrupLAC: producto listado en la ficha,1
G-00000000003915,P-GR-8E226F8328A5,GrupLAC: producto listado en la ficha,1
G-00000000003915,P-GR-8E820C53DC6C,GrupLAC: producto listado en la ficha,1
G-00000000003915,P-GR-8EE10EF03215,GrupLAC: producto listado en la ficha,1
G-00000000003915,P-GR-8F1584881C55,GrupLAC: producto listado en la ficha,1
G-00000000003915,P-GR-901C19A68EB2,GrupLAC: producto listado en la ficha,1
G-00000000003915,P-GR-94B86C77AC5C,GrupLAC: producto listado en la ficha,1
G-00000000003915,P-GR-985D24338E6E,GrupLAC: producto listado en la ficha,1
G-00000000003915,P-GR-991E9B27CCCE,GrupLAC: producto listado en la ficha,1
G-00000000003915,P-GR-9A331F8AE75E,GrupLAC: producto listado en la ficha,1
G-00000000003915,P-GR-A04CF7F5B098,GrupLAC: producto listado en la ficha,1
G-00000000003915,P-GR-A1089F1C0FF8,GrupLAC: producto listado en la ficha,1
G-00000000003915,P-GR-A2786F86D20D,GrupLAC: producto listado en la ficha,1
G-00000000003915,P-GR-A2AC536AB810,GrupLAC: producto listado en la ficha,1
G-00000000003915,P-GR-A5E86020791F,GrupLAC: producto listado en la ficha,1
G-00000000003915,P-GR-A74D3E7F3D14,GrupLAC: producto listado en la ficha,1
G-00000000003915,P-GR-A760B4E89E04,GrupLAC: producto listado en la ficha,1
G-00000000003915,P-GR-A93F1F4EFE56,GrupLAC: producto listado en la ficha,1
G-00000000003915,P-GR-A9FAB2EB106B,GrupLAC: producto listado en la ficha,1
G-00000000003915,P-GR-AE3586A4A2BD,GrupLAC: producto listado en la ficha,1
G-00000000003915,P-GR-B5FB23339BCE,GrupLAC: producto listado en la ficha,1
G-00000000003915,P-GR-B832E5369C19,GrupLAC: producto listado en la ficha,1
G-00000000003915,P-GR-B909A419C928,GrupLAC: producto listado en la ficha,1
G-00000000003915,P-GR-BA4FEEAB593C,GrupLAC: producto listado en la ficha,1
G-00000000003915,P-GR-BF4033326218,GrupLAC: producto listado en la ficha,1
G-00000000003915,P-GR-C264F7F6E29F,GrupLAC: producto listado en la ficha,1
G-00000000003915,P-GR-C317B5D1A400,GrupLAC: producto listado en la ficha,1
G-00000000003915,P-GR-C36921936DF3,GrupLAC: producto listado en la ficha,1
G-00000000003915,P-GR-D1F64769BF4D,GrupLAC: producto listado en la ficha,1
G-00000000003915,P-GR-D36A383DC651,GrupLAC: producto listado en la ficha,1
G-00000000003915,P-GR-D768F642C39B,GrupLAC: producto listado en la ficha,1
G-00000000003915,P-GR-D7A38F0D7239,GrupLAC: producto listado en la ficha,1
G-00000000003915,P-GR-D85FCF25C720,GrupLAC: producto listado en la ficha,1
G-00000000003915,P-GR-D8EC69046827,GrupLAC: producto listado en la ficha,1
G-00000000003915,P-GR-DA42A10A3B50,GrupLAC: producto listado en la ficha,1
G-00000000003915,P-GR-E0F55D8D7A56,GrupLAC: producto listado en la ficha,1
G-00000000003915,P-GR-EA29E8DA3CEA,GrupLAC: producto listado en la ficha,1
G-00000000003915,P-GR-F29D8D851389,GrupLAC: producto listado en la ficha,1
G-00000000003915,P-GR-F63D2D3D3731,GrupLAC: producto listado en la ficha,1
G-00000000003915,P-GR-FDA82AEDCE41,GrupLAC: producto listado en la ficha,1
G-00000000005564,P-GR-000A375AAF3C,GrupLAC: producto listado en la ficha,1
G-00000000005564,P-GR-0175FA8AA0A4,GrupLAC: producto listado en la ficha,1
G-00000000005564,P-GR-0219FDC3C72B,GrupLAC: producto listado en la ficha,1
G-00000000005564,P-GR-03829DFEA880,GrupLAC: producto listado en la ficha,1
G-00000000005564,P-GR-0526153ACB76,GrupLAC: producto listado en la ficha,1
G-00000000005564,P-GR-065FF6DB76A6,GrupLAC: producto listado en la ficha,1
G-00000000005564,P-GR-0697C0AA91AA,GrupLAC: producto listado en la ficha,1
G-00000000005564,P-GR-0A81ADF27627,GrupLAC: producto listado en la ficha,1
G-00000000005564,P-GR-0AAB73F767A3,GrupLAC: producto listado en la ficha,1
G-00000000005564,P-GR-0B677480DF4F,GrupLAC: producto listado en la ficha,1
G-00000000005564,P-GR-0CC728232885,GrupLAC: producto listado en la ficha,1
G-00000000005564,P-GR-0D4F9B163273,GrupLAC: producto listado en la ficha,1
G-00000000005564,P-GR-0E4E730E1162,GrupLAC: producto listado en la ficha,1
G-00000000005564,P-GR-0EAC9AD67EE6,GrupLAC: producto listado en la ficha,1
G-00000000005564,P-GR-107B3871A647,GrupLAC: producto listado en la ficha,1
G-00000000005564,P-GR-111A0DEBAF3B,GrupLAC: producto listado en la ficha,1
G-00000000005564,P-GR-1392E34EFF23,GrupLAC: producto listado en la ficha,1
G-00000000005564,P-GR-1453572855A0,GrupLAC: producto listado en la ficha,1
G-00000000005564,P-GR-15EC764D2317,GrupLAC: producto listado en la ficha,1
G-00000000005564,P-GR-163B3B156815,GrupLAC: producto listado en la ficha,1
G-00000000005564,P-GR-16635DD95EC7,GrupLAC: producto listado en la ficha,1
G-00000000005564,P-GR-1739C3FC216C,GrupLAC: producto listado en la ficha,1
G-00000000005564,P-GR-18FEC58F2884,GrupLAC: producto listado en la ficha,1
G-00000000005564,P-GR-19CBD9FA3846,GrupLAC: producto listado en la ficha,1
G-00000000005564,P-GR-1B6F5BB53BCD,GrupLAC: producto listado en la ficha,1
G-00000000005564,P-GR-1E688F2D2775,GrupLAC: producto listado en la ficha,1
G-00000000005564,P-GR-1ECC12F9BC8D,GrupLAC: producto listado en la ficha,1
G-00000000005564,P-GR-1ED9A909891F,GrupLAC: producto listado en la ficha,1
G-00000000005564,P-GR-1F84A9D1E5EE,GrupLAC: producto listado en la ficha,1
G-00000000005564,P-GR-1FD315081BAE,GrupLAC: producto listado en la ficha,1
G-00000000005564,P-GR-218ECF49EB5F,GrupLAC: producto listado en la ficha,1
G-00000000005564,P-GR-23331E609397,GrupLAC: producto listado en la ficha,1
G-00000000005564,P-GR-237F62279383,GrupLAC: producto listado en la ficha,1
G-00000000005564,P-GR-239016DE306F,GrupLAC: producto listado en la ficha,1
G-00000000005564,P-GR-23B529F3297B,GrupLAC: producto listado en la ficha,1
G-00000000005564,P-GR-24C8DEF86F65,GrupLAC: producto listado en la ficha,1
G-00000000005564,P-GR-24FC13ED1981,GrupLAC: producto listado en la ficha,1
G-00000000005564,P-GR-288AD46B484D,GrupLAC: producto listado en la ficha,1
G-00000000005564,P-GR-2B491E389F0F,GrupLAC: producto listado en la ficha,1
G-00000000005564,P-GR-2C2E2AF42069,GrupLAC: producto listado en la ficha,1
G-00000000005564,P-GR-2DEEA05CCF14,GrupLAC: producto listado en la ficha,1
G-00000000005564,P-GR-30CCD64BA0D4,GrupLAC: producto listado en la ficha,1
G-00000000005564,P-GR-30DC43A7E54F,GrupLAC: producto listado en la ficha,1
G-00000000005564,P-GR-3313B8579D96,GrupLAC: producto listado en la ficha,1
G-00000000005564,P-GR-3366533D2BA9,GrupLAC: producto listado en la ficha,1
G-00000000005564,P-GR-3433130F5AEB,GrupLAC: producto listado en la ficha,1
G-00000000005564,P-GR-347F38802510,GrupLAC: producto listado en la ficha,1
G-00000000005564,P-GR-352D096BF139,GrupLAC: producto listado en la ficha,1
G-00000000005564,P-GR-3632FF22A692,GrupLAC: producto listado en la ficha,1
G-00000000005564,P-GR-3684846ACB34,GrupLAC: producto listado en la ficha,1
G-00000000005564,P-GR-36C721949C04,GrupLAC: producto listado en la ficha,1
G-00000000005564,P-GR-37B658A5A8DF,GrupLAC: producto listado en la ficha,1
G-00000000005564,P-GR-3ABBD4F750B7,GrupLAC: producto listado en la ficha,1
G-00000000005564,P-GR-3AE53AA35A14,GrupLAC: producto listado en la ficha,1
G-00000000005564,P-GR-3D0D32507C8C,GrupLAC: producto listado en la ficha,1
G-00000000005564,P-GR-41EFDDB8DF2F,GrupLAC: producto listado en la ficha,1
G-00000000005564,P-GR-440A844BDFDE,GrupLAC: producto listado en la ficha,1
G-00000000005564,P-GR-443DF5092C65,GrupLAC: producto listado en la ficha,1
G-00000000005564,P-GR-44976A847758,GrupLAC: producto listado en la ficha,1
G-00000000005564,P-GR-458F80DBDDE1,GrupLAC: producto listado en la ficha,1
G-00000000005564,P-GR-493E4B745ED8,GrupLAC: producto listado en la ficha,1
G-00000000005564,P-GR-4C9FCD284B94,GrupLAC: producto listado en la ficha,1
G-00000000005564,P-GR-4CF58AA78176,GrupLAC: producto listado en la ficha,1
G-00000000005564,P-GR-4D870D159DD2,GrupLAC: producto listado en la ficha,1
G-00000000005564,P-GR-50FB719B79B5,GrupLAC: producto listado en la ficha,1
G-00000000005564,P-GR-5106014F6719,GrupLAC: producto listado en la ficha,1
G-00000000005564,P-GR-510D94DB3C5A,GrupLAC: producto listado en la ficha,1
G-00000000005564,P-GR-5141039E2F24,GrupLAC: producto listado en la ficha,1
G-00000000005564,P-GR-518C800933D4,GrupLAC: producto listado en la ficha,1
G-00000000005564,P-GR-540EEFE2B1B3,GrupLAC: producto listado en la ficha,1
G-00000000005564,P-GR-54E229DC8010,GrupLAC: producto listado en la ficha,1
G-00000000005564,P-GR-56072BE5B42C,GrupLAC: producto listado en la ficha,1
G-00000000005564,P-GR-56A8DE217E41,GrupLAC: producto listado en la ficha,1
G-00000000005564,P-GR-56F1BEA9059E,GrupLAC: producto listado en la ficha,1
G-00000000005564,P-GR-57CD57FCF0B6,GrupLAC: producto listado en la ficha,1
G-00000000005564,P-GR-5A6EE00EED4B,GrupLAC: producto listado en la ficha,1
G-00000000005564,P-GR-5A95FD283CC2,GrupLAC: producto listado en la ficha,1
G-00000000005564,P-GR-5C50EC52DAA1,GrupLAC: producto listado en la ficha,1
G-00000000005564,P-GR-5D7BA414D146,GrupLAC: producto listado en la ficha,1
G-00000000005564,P-GR-5E0AFC7CAED3,GrupLAC: producto listado en la ficha,1
G-00000000005564,P-GR-60B489961E1B,GrupLAC: producto listado en la ficha,1
G-00000000005564,P-GR-61F322DC3216,GrupLAC: producto listado en la ficha,1
G-00000000005564,P-GR-6348C89DE3C9,GrupLAC: producto listado en la ficha,1
G-00000000005564,P-GR-65821312A5FA,GrupLAC: producto listado en la ficha,1
G-00000000005564,P-GR-66BA94A97680,GrupLAC: producto listado en la ficha,1
G-00000000005564,P-GR-67027CF8D97C,GrupLAC: producto listado en la ficha,1
G-00000000005564,P-GR-679CEBAA1DD1,GrupLAC: producto listado en la ficha,1
G-00000000005564,P-GR-693601B3EBC1,GrupLAC: producto listado en la ficha,1
G-00000000005564,P-GR-6C55FF25650E,GrupLAC: producto listado en la ficha,1
G-00000000005564,P-GR-6D48AF0ADC50,GrupLAC: producto listado en la ficha,1
G-00000000005564,P-GR-6D5C44649909,GrupLAC: producto listado en la ficha,1
G-00000000005564,P-GR-70E33D49FB4C,GrupLAC: producto listado en la ficha,1
G-00000000005564,P-GR-71016D9C29CC,GrupLAC: producto listado en la ficha,1
G-00000000005564,P-GR-729638F3D982,GrupLAC: producto listado en la ficha,1
G-00000000005564,P-GR-732D2101B5D9,GrupLAC: producto listado en la ficha,1
G-00000000005564,P-GR-738725323E3B,GrupLAC: producto listado en la ficha,1
G-00000000005564,P-GR-765957C7AD79,GrupLAC: producto listado en la ficha,1
G-00000000005564,P-GR-7850E357B307,GrupLAC: producto listado en la ficha,1
G-00000000005564,P-GR-785BE4DCD511,GrupLAC: producto listado en la ficha,1
G-00000000005564,P-GR-789E8E0EDC7B,GrupLAC: producto listado en la ficha,1
G-00000000005564,P-GR-78A0707CD3CF,GrupLAC: producto listado en la ficha,1
G-00000000005564,P-GR-78A4D915327E,GrupLAC: producto listado en la ficha,1
G-00000000005564,P-GR-790759211F5B,GrupLAC: producto listado en la ficha,1
G-00000000005564,P-GR-7A8007012BC3,GrupLAC: producto listado en la ficha,1
G-00000000005564,P-GR-7AB14F945AB5,GrupLAC: producto listado en la ficha,1
G-00000000005564,P-GR-7C8B94B880A2,GrupLAC: producto listado en la ficha,1
G-00000000005564,P-GR-7CBC3CC72D5F,GrupLAC: producto listado en la ficha,1
G-00000000005564,P-GR-7D28611300C5,GrupLAC: producto listado en la ficha,1
G-00000000005564,P-GR-8058284ACD19,GrupLAC: producto listado en la ficha,1
G-00000000005564,P-GR-82214422F5C3,GrupLAC: producto listado en la ficha,1
G-00000000005564,P-GR-82266C041246,GrupLAC: producto listado en la ficha,1
G-00000000005564,P-GR-8563F8929A58,GrupLAC: producto listado en la ficha,1
G-00000000005564,P-GR-85DBB70D50BC,GrupLAC: producto listado en la ficha,1
G-00000000005564,P-GR-85F6ABCB3BBB,GrupLAC: producto listado en la ficha,1
G-00000000005564,P-GR-866D5049E97C,GrupLAC: producto listado en la ficha,1
G-00000000005564,P-GR-86B80C539962,GrupLAC: producto listado en la ficha,1
G-00000000005564,P-GR-87A5E8E2E763,GrupLAC: producto listado en la ficha,1
G-00000000005564,P-GR-88CBD74BF044,GrupLAC: producto listado en la ficha,1
G-00000000005564,P-GR-89DF688D231E,GrupLAC: producto listado en la ficha,1
G-00000000005564,P-GR-8A1AFAA99C92,GrupLAC: producto listado en la ficha,1
G-00000000005564,P-GR-8E35CF3F49D4,GrupLAC: producto listado en la ficha,1
G-00000000005564,P-GR-8E8F627ABF34,GrupLAC: producto listado en la ficha,1
G-00000000005564,P-GR-8EF75DDC125A,GrupLAC: producto listado en la ficha,1
G-00000000005564,P-GR-9265CB151231,GrupLAC: producto listado en la ficha,1
G-00000000005564,P-GR-94A36D8E9ECB,GrupLAC: producto listado en la ficha,1
G-00000000005564,P-GR-97F7F5637C67,GrupLAC: producto listado en la ficha,1
G-00000000005564,P-GR-98428AEE30D6,GrupLAC: producto listado en la ficha,1
G-00000000005564,P-GR-984380FA4BC6,GrupLAC: producto listado en la ficha,1
G-00000000005564,P-GR-9877745AF5E3,GrupLAC: producto listado en la ficha,1
G-00000000005564,P-GR-98ADA950B989,GrupLAC: producto listado en la ficha,1
G-00000000005564,P-GR-98B9E0D407DD,GrupLAC: producto listado en la ficha,1
G-00000000005564,P-GR-99E51624DED0,GrupLAC: producto listado en la ficha,1
G-00000000005564,P-GR-9A92B9FF01C1,GrupLAC: producto listado en la ficha,1
G-00000000005564,P-GR-9BD036D77413,GrupLAC: producto listado en la ficha,1
G-00000000005564,P-GR-9D52EF228900,GrupLAC: producto listado en la ficha,1
G-00000000005564,P-GR-9DD0411C6EE3,GrupLAC: producto listado en la ficha,1
G-00000000005564,P-GR-A17AAD70247B,GrupLAC: producto listado en la ficha,1
G-00000000005564,P-GR-A1C06B9AC80A,GrupLAC: producto listado en la ficha,1
G-00000000005564,P-GR-A55EA9B3833F,GrupLAC: producto listado en la ficha,1
G-00000000005564,P-GR-A595CFA4C4CB,GrupLAC: producto listado en la ficha,1
G-00000000005564,P-GR-A6C03FB7199A,GrupLAC: producto listado en la ficha,1
G-00000000005564,P-GR-A9A97303D4E0,GrupLAC: producto listado en la ficha,1
G-00000000005564,P-GR-AA05307810BB,GrupLAC: producto listado en la ficha,1
G-00000000005564,P-GR-AA399B039EB6,GrupLAC: producto listado en la ficha,1
G-00000000005564,P-GR-AA6084809696,GrupLAC: producto listado en la ficha,1
G-00000000005564,P-GR-AC467ED59218,GrupLAC: producto listado en la ficha,1
G-00000000005564,P-GR-ADD9087C3C10,GrupLAC: producto listado en la ficha,1
G-00000000005564,P-GR-AE12CA32F669,GrupLAC: producto listado en la ficha,1
G-00000000005564,P-GR-AFA74D03C4F7,GrupLAC: producto listado en la ficha,1
G-00000000005564,P-GR-B0647D8E8FF9,GrupLAC: producto listado en la ficha,1
G-00000000005564,P-GR-B093AF8B5047,GrupLAC: producto listado en la ficha,1
G-00000000005564,P-GR-B0F842B2A930,GrupLAC: producto listado en la ficha,1
G-00000000005564,P-GR-B19B46291384,GrupLAC: producto listado en la ficha,1
G-00000000005564,P-GR-B1A76EF1FA7F,GrupLAC: producto listado en la ficha,1
G-00000000005564,P-GR-B2826F763A59,GrupLAC: producto listado en la ficha,1
G-00000000005564,P-GR-B5365784D97A,GrupLAC: producto listado en la ficha,1
G-00000000005564,P-GR-B5C49C56529D,GrupLAC: producto listado en la ficha,1
G-00000000005564,P-GR-B6C52A879E62,GrupLAC: producto listado en la ficha,1
G-00000000005564,P-GR-B7018F299062,GrupLAC: producto listado en la ficha,1
G-00000000005564,P-GR-BA3C6263C473,GrupLAC: producto listado en la ficha,1
G-00000000005564,P-GR-BAE3A872234C,GrupLAC: producto listado en la ficha,1
G-00000000005564,P-GR-BF1B2EA689BC,GrupLAC: producto listado en la ficha,1
G-00000000005564,P-GR-BF7529E67125,GrupLAC: producto listado en la ficha,1
G-00000000005564,P-GR-BFA042B2ADB5,GrupLAC: producto listado en la ficha,1
G-00000000005564,P-GR-BFF0ED71315D,GrupLAC: producto listado en la ficha,1
G-00000000005564,P-GR-C0449569793F,GrupLAC: producto listado en la ficha,1
G-00000000005564,P-GR-C05D4F692BCF,GrupLAC: producto listado en la ficha,1
G-00000000005564,P-GR-C234334CF941,GrupLAC: producto listado en la ficha,1
G-00000000005564,P-GR-C2E4D0D4CED1,GrupLAC: producto listado en la ficha,1
G-00000000005564,P-GR-C52BB7D859D1,GrupLAC: producto listado en la ficha,1
G-00000000005564,P-GR-C62AEE1AB7EA,GrupLAC: producto listado en la ficha,1
G-00000000005564,P-GR-C6378F7C4366,GrupLAC: producto listado en la ficha,1
G-00000000005564,P-GR-C79F2680C67B,GrupLAC: producto listado en la ficha,1
G-00000000005564,P-GR-C9446EF1868D,GrupLAC: producto listado en la ficha,1
G-00000000005564,P-GR-CC160667C1C7,GrupLAC: producto listado en la ficha,1
G-00000000005564,P-GR-CDB0C2203E70,GrupLAC: producto listado en la ficha,1
G-00000000005564,P-GR-CF31CEDEEBF6,GrupLAC: producto listado en la ficha,1
G-00000000005564,P-GR-D062E0BD02F6,GrupLAC: producto listado en la ficha,1
G-00000000005564,P-GR-D1BC517BB092,GrupLAC: producto listado en la ficha,1
G-00000000005564,P-GR-D1C03C5F9CDD,GrupLAC: producto listado en la ficha,1
G-00000000005564,P-GR-D1DF4268720C,GrupLAC: producto listado en la ficha,1
G-00000000005564,P-GR-D209703DF3D5,GrupLAC: producto listado en la ficha,1
G-00000000005564,P-GR-D31BA38C3E4F,GrupLAC: producto listado en la ficha,1
G-00000000005564,P-GR-D3277242E73F,GrupLAC: producto listado en la ficha,1
G-00000000005564,P-GR-D34964A7771E,GrupLAC: producto listado en la ficha,1
G-00000000005564,P-GR-D594152033DA,GrupLAC: producto listado en la ficha,1
G-00000000005564,P-GR-D74008F66A33,GrupLAC: producto listado en la ficha,1
G-00000000005564,P-GR-D7D354912572,GrupLAC: producto listado en la ficha,1
G-00000000005564,P-GR-D86FFF1425C8,GrupLAC: producto listado en la ficha,1
G-00000000005564,P-GR-D94E3E41C99A,GrupLAC: producto listado en la ficha,1
G-00000000005564,P-GR-D9706941624F,GrupLAC: producto listado en la ficha,1
G-00000000005564,P-GR-D9A95571DBF8,GrupLAC: producto listado en la ficha,1
G-00000000005564,P-GR-DAF3EBA86395,GrupLAC: producto listado en la ficha,1
G-00000000005564,P-GR-DB06CFF74DEB,GrupLAC: producto listado en la ficha,1
G-00000000005564,P-GR-DC014CB28434,GrupLAC: producto listado en la ficha,1
G-00000000005564,P-GR-DDEF95C48B89,GrupLAC: producto listado en la ficha,1
G-00000000005564,P-GR-DE9AED51B8DB,GrupLAC: producto listado en la ficha,1
G-00000000005564,P-GR-DF35B1F6E52A,GrupLAC: producto listado en la ficha,1
G-00000000005564,P-GR-DF876037A1DA,GrupLAC: producto listado en la ficha,1
G-00000000005564,P-GR-E0DCBE1AA74F,GrupLAC: producto listado en la ficha,1
G-00000000005564,P-GR-E2F7A2E00041,GrupLAC: producto listado en la ficha,1
G-00000000005564,P-GR-E365EC2EDF59,GrupLAC: producto listado en la ficha,1
G-00000000005564,P-GR-E69EFB3CE42A,GrupLAC: producto listado en la ficha,1
G-00000000005564,P-GR-E6C494DFAE0A,GrupLAC: producto listado en la ficha,1
G-00000000005564,P-GR-E966CB49CE18,GrupLAC: producto listado en la ficha,1
G-00000000005564,P-GR-E9B40068A686,GrupLAC: producto listado en la ficha,1
G-00000000005564,P-GR-EA03EA3A4B8A,GrupLAC: producto listado en la ficha,1
G-00000000005564,P-GR-EA7D0D3B4D6C,GrupLAC: producto listado en la ficha,1
G-00000000005564,P-GR-EB5416CFB271,GrupLAC: producto listado en la ficha,1
G-00000000005564,P-GR-EC49411702C0,GrupLAC: producto listado en la ficha,1
G-00000000005564,P-GR-EFEC74627DAC,GrupLAC: producto listado en la ficha,1
G-00000000005564,P-GR-F0338F2D86CE,GrupLAC: producto listado en la ficha,1
G-00000000005564,P-GR-F073B5928E87,GrupLAC: producto listado en la ficha,1
G-00000000005564,P-GR-F07C197298C4,GrupLAC: producto listado en la ficha,1
G-00000000005564,P-GR-F0E212FA75C0,GrupLAC: producto listado en la ficha,1
G-00000000005564,P-GR-F26689DFC552,GrupLAC: producto listado en la ficha,1
G-00000000005564,P-GR-F31BFC2F8989,GrupLAC: producto listado en la ficha,1
G-00000000005564,P-GR-F4A772B07F6D,GrupLAC: producto listado en la ficha,1
G-00000000005564,P-GR-F4D17A355EBF,GrupLAC: producto listado en la ficha,1
G-00000000005564,P-GR-F525E6629D20,GrupLAC: producto listado en la ficha,1
G-00000000005564,P-GR-F6043CB0778B,GrupLAC: producto listado en la ficha,1
G-00000000005564,P-GR-F8DE4775A5EB,GrupLAC: producto listado en la ficha,1
G-00000000005564,P-GR-F902AE1705A3,GrupLAC: producto listado en la ficha,1
G-00000000005564,P-GR-FA0955ECA2A1,GrupLAC: producto listado en la ficha,1
G-00000000005564,P-GR-FAAFD5BF39B5,GrupLAC: producto listado en la ficha,1
G-00000000005564,P-GR-FB6C22E039D6,GrupLAC: producto listado en la ficha,1
G-00000000005564,P-GR-FC45A6A70C35,GrupLAC: producto listado en la ficha,1
G-00000000005792,P-GR-01A53453A799,GrupLAC: producto listado en la ficha,1
G-00000000005792,P-GR-01D537F794E9,GrupLAC: producto listado en la ficha,1
G-00000000005792,P-GR-03A70DDC06B9,GrupLAC: producto listado en la ficha,1
G-00000000005792,P-GR-040C41F8272F,GrupLAC: producto listado en la ficha,1
G-00000000005792,P-GR-065F54E7496F,GrupLAC: producto listado en la ficha,1
G-00000000005792,P-GR-065FF6DB76A6,GrupLAC: producto listado en la ficha,1
G-00000000005792,P-GR-06A266F42EE9,GrupLAC: producto listado en la ficha,1
G-00000000005792,P-GR-08B7AB751023,GrupLAC: producto listado en la ficha,1
G-00000000005792,P-GR-0AD016726E0B,GrupLAC: producto listado en la ficha,1
G-00000000005792,P-GR-10CA0240374B,GrupLAC: producto listado en la ficha,1
G-00000000005792,P-GR-11973FCBB16A,GrupLAC: producto listado en la ficha,1
G-00000000005792,P-GR-1238B206A964,GrupLAC: producto listado en la ficha,1
G-00000000005792,P-GR-1968C74D6FFC,GrupLAC: producto listado en la ficha,1
G-00000000005792,P-GR-1BE4E0AFA450,GrupLAC: producto listado en la ficha,1
G-00000000005792,P-GR-1CF9A2D47BC7,GrupLAC: producto listado en la ficha,1
G-00000000005792,P-GR-1D706F911CB8,GrupLAC: producto listado en la ficha,1
G-00000000005792,P-GR-1FD930E1FC17,GrupLAC: producto listado en la ficha,1
G-00000000005792,P-GR-25C18128D6FE,GrupLAC: producto listado en la ficha,1
G-00000000005792,P-GR-272694A96F47,GrupLAC: producto listado en la ficha,1
G-00000000005792,P-GR-27E418C5717D,GrupLAC: producto listado en la ficha,1
G-00000000005792,P-GR-2CB786F7704F,GrupLAC: producto listado en la ficha,1
G-00000000005792,P-GR-2E765817BF33,GrupLAC: producto listado en la ficha,1
G-00000000005792,P-GR-32F96C8FACC1,GrupLAC: producto listado en la ficha,1
G-00000000005792,P-GR-35ED99A0ED40,GrupLAC: producto listado en la ficha,1
G-00000000005792,P-GR-370590EB8BD6,GrupLAC: producto listado en la ficha,1
G-00000000005792,P-GR-37A9FE8B3F09,GrupLAC: producto listado en la ficha,1
G-00000000005792,P-GR-37B04C2F6DB2,GrupLAC: producto listado en la ficha,1
G-00000000005792,P-GR-3A4E0FAF4FDB,GrupLAC: producto listado en la ficha,1
G-00000000005792,P-GR-3AF0620A1155,GrupLAC: producto listado en la ficha,1
G-00000000005792,P-GR-3B279376B749,GrupLAC: producto listado en la ficha,1
G-00000000005792,P-GR-43878E2F98CB,GrupLAC: producto listado en la ficha,1
G-00000000005792,P-GR-45250847091B,GrupLAC: producto listado en la ficha,1
G-00000000005792,P-GR-456E5E5C7748,GrupLAC: producto listado en la ficha,1
G-00000000005792,P-GR-45F8D6F78432,GrupLAC: producto listado en la ficha,1
G-00000000005792,P-GR-46A3812956E0,GrupLAC: producto listado en la ficha,1
G-00000000005792,P-GR-488F072F7D00,GrupLAC: producto listado en la ficha,1
G-00000000005792,P-GR-4B0069359026,GrupLAC: producto listado en la ficha,1
G-00000000005792,P-GR-4BCA196C0AB8,GrupLAC: producto listado en la ficha,1
G-00000000005792,P-GR-4E916AE3EDFC,GrupLAC: producto listado en la ficha,1
G-00000000005792,P-GR-4F0413FCAE3A,GrupLAC: producto listado en la ficha,1
G-00000000005792,P-GR-4F86B02C8C74,GrupLAC: producto listado en la ficha,1
G-00000000005792,P-GR-52C9018973F7,GrupLAC: producto listado en la ficha,1
G-00000000005792,P-GR-55076029C475,GrupLAC: producto listado en la ficha,1
G-00000000005792,P-GR-56A7A1A35C8A,GrupLAC: producto listado en la ficha,1
G-00000000005792,P-GR-5CDF0C389DE8,GrupLAC: producto listado en la ficha,1
G-00000000005792,P-GR-650A6671BE43,GrupLAC: producto listado en la ficha,1
G-00000000005792,P-GR-688FC01D98E7,GrupLAC: producto listado en la ficha,1
G-00000000005792,P-GR-6A43C0D32285,GrupLAC: producto listado en la ficha,1
G-00000000005792,P-GR-6A905B570FEC,GrupLAC: producto listado en la ficha,1
G-00000000005792,P-GR-6BB7B9D8CD30,GrupLAC: producto listado en la ficha,1
G-00000000005792,P-GR-6C690C52EA22,GrupLAC: producto listado en la ficha,1
G-00000000005792,P-GR-6D2D14EE4FED,GrupLAC: producto listado en la ficha,1
G-00000000005792,P-GR-6F129EFF4840,GrupLAC: producto listado en la ficha,1
G-00000000005792,P-GR-6F29F8544DB2,GrupLAC: producto listado en la ficha,1
G-00000000005792,P-GR-7108BE08A6F3,GrupLAC: producto listado en la ficha,1
G-00000000005792,P-GR-71811837F356,GrupLAC: producto listado en la ficha,1
G-00000000005792,P-GR-73504A252DD1,GrupLAC: producto listado en la ficha,1
G-00000000005792,P-GR-771F5EFDE50B,GrupLAC: producto listado en la ficha,1
G-00000000005792,P-GR-789E8E0EDC7B,GrupLAC: producto listado en la ficha,1
G-00000000005792,P-GR-798AAC849E46,GrupLAC: producto listado en la ficha,1
G-00000000005792,P-GR-7B71A6BCCA7F,GrupLAC: producto listado en la ficha,1
G-00000000005792,P-GR-7C0EE1391BAC,GrupLAC: producto listado en la ficha,1
G-00000000005792,P-GR-7D55BAC53776,GrupLAC: producto listado en la ficha,1
G-00000000005792,P-GR-7DBD7989ED8B,GrupLAC: producto listado en la ficha,1
G-00000000005792,P-GR-82FEB43B6483,GrupLAC: producto listado en la ficha,1
G-00000000005792,P-GR-86882BC9F133,GrupLAC: producto listado en la ficha,1
G-00000000005792,P-GR-88D9DB5EC37C,GrupLAC: producto listado en la ficha,1
G-00000000005792,P-GR-8A22F31341C9,GrupLAC: producto listado en la ficha,1
G-00000000005792,P-GR-8D83735CE5FF,GrupLAC: producto listado en la ficha,1
G-00000000005792,P-GR-9148A6CBD0DF,GrupLAC: producto listado en la ficha,1
G-00000000005792,P-GR-95BF8AA18ADA,GrupLAC: producto listado en la ficha,1
G-00000000005792,P-GR-96AFD5DFF7B6,GrupLAC: producto listado en la ficha,1
G-00000000005792,P-GR-98B5F5C835D4,GrupLAC: producto listado en la ficha,1
G-00000000005792,P-GR-9942E1366D16,GrupLAC: producto listado en la ficha,1
G-00000000005792,P-GR-9BB30CE3B1A0,GrupLAC: producto listado en la ficha,1
G-00000000005792,P-GR-9FE63016D26A,GrupLAC: producto listado en la ficha,1
G-00000000005792,P-GR-A148FDA48F49,GrupLAC: producto listado en la ficha,1
G-00000000005792,P-GR-A7CF57CEBB6F,GrupLAC: producto listado en la ficha,1
G-00000000005792,P-GR-A92A65A5B7FF,GrupLAC: producto listado en la ficha,1
G-00000000005792,P-GR-A972DD93907F,GrupLAC: producto listado en la ficha,1
G-00000000005792,P-GR-AC9582F7874C,GrupLAC: producto listado en la ficha,1
G-00000000005792,P-GR-B558826F1784,GrupLAC: producto listado en la ficha,1
G-00000000005792,P-GR-B6D0A430B79D,GrupLAC: producto listado en la ficha,1
G-00000000005792,P-GR-B84157B19516,GrupLAC: producto listado en la ficha,1
G-00000000005792,P-GR-BD70D209277A,GrupLAC: producto listado en la ficha,1
G-00000000005792,P-GR-C16258560DE4,GrupLAC: producto listado en la ficha,1
G-00000000005792,P-GR-C22A199C87CB,GrupLAC: producto listado en la ficha,1
G-00000000005792,P-GR-C43271449E85,GrupLAC: producto listado en la ficha,1
G-00000000005792,P-GR-C5A62091319B,GrupLAC: producto listado en la ficha,1
G-00000000005792,P-GR-C7E9E70DD2BF,GrupLAC: producto listado en la ficha,1
G-00000000005792,P-GR-C963DFD7703C,GrupLAC: producto listado en la ficha,1
G-00000000005792,P-GR-CB070FF749E4,GrupLAC: producto listado en la ficha,1
G-00000000005792,P-GR-CC6ED5E67B6A,GrupLAC: producto listado en la ficha,1
G-00000000005792,P-GR-CC81FA329F84,GrupLAC: producto listado en la ficha,1
G-00000000005792,P-GR-CD16E7C25815,GrupLAC: producto listado en la ficha,1
G-00000000005792,P-GR-D15E60B0DDC9,GrupLAC: producto listado en la ficha,1
G-00000000005792,P-GR-D32450984D75,GrupLAC: producto listado en la ficha,1
G-00000000005792,P-GR-D3B2F246D4A2,GrupLAC: producto listado en la ficha,1
G-00000000005792,P-GR-D66D9D1EE667,GrupLAC: producto listado en la ficha,1
G-00000000005792,P-GR-DB0A57AD775D,GrupLAC: producto listado en la ficha,1
G-00000000005792,P-GR-DC52415DD345,GrupLAC: producto listado en la ficha,1
G-00000000005792,P-GR-DF5815C1C84C,GrupLAC: producto listado en la ficha,1
G-00000000005792,P-GR-E3F4B319215C,GrupLAC: producto listado en la ficha,1
G-00000000005792,P-GR-E4354CABFE5F,GrupLAC: producto listado en la ficha,1
G-00000000005792,P-GR-E966642D1D9A,GrupLAC: producto listado en la ficha,1
G-00000000005792,P-GR-ECE9D7B6DE3B,GrupLAC: producto listado en la ficha,1
G-00000000005792,P-GR-EDA818B2C211,GrupLAC: producto listado en la ficha,1
G-00000000005792,P-GR-EE869B085C23,GrupLAC: producto listado en la ficha,1
G-00000000005792,P-GR-EFAE6FB92574,GrupLAC: producto listado en la ficha,1
G-00000000005792,P-GR-F14FD0190634,GrupLAC: producto listado en la ficha,1
G-00000000005792,P-GR-F2F221503955,GrupLAC: producto listado en la ficha,1
G-00000000005792,P-GR-F39FEA2A2594,GrupLAC: producto listado en la ficha,1
G-00000000005792,P-GR-F3F3D8DCE160,GrupLAC: producto listado en la ficha,1
G-00000000005792,P-GR-F40FE3D725D2,GrupLAC: producto listado en la ficha,1
G-00000000005792,P-GR-F418972B1EEC,GrupLAC: producto listado en la ficha,1
G-00000000005792,P-GR-F4435F53AA63,GrupLAC: producto listado en la ficha,1
G-00000000005792,P-GR-FD8CE34916DE,GrupLAC: producto listado en la ficha,1
G-00000000005792,P-GR-FDC5D386D4C9,GrupLAC: producto listado en la ficha,1
G-00000000005792,P-GR-FE941F40E330,GrupLAC: producto listado en la ficha,1
G-00000000005792,P-GR-FEAD8A0DE40C,GrupLAC: producto listado en la ficha,1
G-00000000007152,P-GR-01F5938839AB,GrupLAC: producto listado en la ficha,1
G-00000000007152,P-GR-07CD048103ED,GrupLAC: producto listado en la ficha,1
G-00000000007152,P-GR-0DFB6B2B12F2,GrupLAC: producto listado en la ficha,1
G-00000000007152,P-GR-0F6D6B3CE0A4,GrupLAC: producto listado en la ficha,1
G-00000000007152,P-GR-0F987A89E573,GrupLAC: producto listado en la ficha,1
G-00000000007152,P-GR-10CA369D3263,GrupLAC: producto listado en la ficha,1
G-00000000007152,P-GR-11A55C2AFAF1,GrupLAC: producto listado en la ficha,1
G-00000000007152,P-GR-13A70BFA6562,GrupLAC: producto listado en la ficha,1
G-00000000007152,P-GR-14D5858E43F6,GrupLAC: producto listado en la ficha,1
G-00000000007152,P-GR-167817E34617,GrupLAC: producto listado en la ficha,1
G-00000000007152,P-GR-170237BE02FF,GrupLAC: producto listado en la ficha,1
G-00000000007152,P-GR-1B51288B9C83,GrupLAC: producto listado en la ficha,1
G-00000000007152,P-GR-1B7B6EAEFCB3,GrupLAC: producto listado en la ficha,1
G-00000000007152,P-GR-2049C9CD47C0,GrupLAC: producto listado en la ficha,1
G-00000000007152,P-GR-21F46B429F99,GrupLAC: producto listado en la ficha,1
G-00000000007152,P-GR-25299C207FCD,GrupLAC: producto listado en la ficha,1
G-00000000007152,P-GR-2946C777661F,GrupLAC: producto listado en la ficha,1
G-00000000007152,P-GR-2B50614A508E,GrupLAC: producto listado en la ficha,1
G-00000000007152,P-GR-2B711EFA6A43,GrupLAC: producto listado en la ficha,1
G-00000000007152,P-GR-2D1A4F68F69F,GrupLAC: producto listado en la ficha,1
G-00000000007152,P-GR-2F1F25D8F78E,GrupLAC: producto listado en la ficha,1
G-00000000007152,P-GR-30A63C6C1F68,GrupLAC: producto listado en la ficha,1
G-00000000007152,P-GR-3229A20D0A32,GrupLAC: producto listado en la ficha,1
G-00000000007152,P-GR-357964B45510,GrupLAC: producto listado en la ficha,1
G-00000000007152,P-GR-37BCCE0CA4BA,GrupLAC: producto listado en la ficha,1
G-00000000007152,P-GR-38E4158B556A,GrupLAC: producto listado en la ficha,1
G-00000000007152,P-GR-3B564A2ED76D,GrupLAC: producto listado en la ficha,1
G-00000000007152,P-GR-467A0FEE4F22,GrupLAC: producto listado en la ficha,1
G-00000000007152,P-GR-46AAB682BF71,GrupLAC: producto listado en la ficha,1
G-00000000007152,P-GR-4756FA2D6465,GrupLAC: producto listado en la ficha,1
G-00000000007152,P-GR-4800C2782528,GrupLAC: producto listado en la ficha,1
G-00000000007152,P-GR-48927A7D20BB,GrupLAC: producto listado en la ficha,1
G-00000000007152,P-GR-4EF8A552E85D,GrupLAC: producto listado en la ficha,1
G-00000000007152,P-GR-510C56AB54A4,GrupLAC: producto listado en la ficha,1
G-00000000007152,P-GR-5292042C0C28,GrupLAC: producto listado en la ficha,1
G-00000000007152,P-GR-5318259F1507,GrupLAC: producto listado en la ficha,1
G-00000000007152,P-GR-559A61534209,GrupLAC: producto listado en la ficha,1
G-00000000007152,P-GR-57B4518CC44B,GrupLAC: producto listado en la ficha,1
G-00000000007152,P-GR-58219FD59126,GrupLAC: producto listado en la ficha,1
G-00000000007152,P-GR-591223982A2F,GrupLAC: producto listado en la ficha,1
G-00000000007152,P-GR-5CCE5650A9B1,GrupLAC: producto listado en la ficha,1
G-00000000007152,P-GR-5DABA3ED503C,GrupLAC: producto listado en la ficha,1
G-00000000007152,P-GR-631D11486D0A,GrupLAC: producto listado en la ficha,1
G-00000000007152,P-GR-641EA59D1C65,GrupLAC: producto listado en la ficha,1
G-00000000007152,P-GR-6695DE5B3EE9,GrupLAC: producto listado en la ficha,1
G-00000000007152,P-GR-67294B626432,GrupLAC: producto listado en la ficha,1
G-00000000007152,P-GR-68E91DF9CA2C,GrupLAC: producto listado en la ficha,1
G-00000000007152,P-GR-690D17B57A9E,GrupLAC: producto listado en la ficha,1
G-00000000007152,P-GR-6915C2F98F48,GrupLAC: producto listado en la ficha,1
G-00000000007152,P-GR-69B66337B547,GrupLAC: producto listado en la ficha,1
G-00000000007152,P-GR-6F68B04C6EF9,GrupLAC: producto listado en la ficha,1
G-00000000007152,P-GR-6F9013623D68,GrupLAC: producto listado en la ficha,1
G-00000000007152,P-GR-71CF244A7343,GrupLAC: producto listado en la ficha,1
G-00000000007152,P-GR-7688C81D859E,GrupLAC: producto listado en la ficha,1
G-00000000007152,P-GR-775C99AB2378,GrupLAC: producto listado en la ficha,1
G-00000000007152,P-GR-7A52A1E266FA,GrupLAC: producto listado en la ficha,1
G-00000000007152,P-GR-7DB9A35AFF9A,GrupLAC: producto listado en la ficha,1
G-00000000007152,P-GR-7F0210D9C0B4,GrupLAC: producto listado en la ficha,1
G-00000000007152,P-GR-7F4379CA6397,GrupLAC: producto listado en la ficha,1
G-00000000007152,P-GR-8081B280C35C,GrupLAC: producto listado en la ficha,1
G-00000000007152,P-GR-819835EB09E1,GrupLAC: producto listado en la ficha,1
G-00000000007152,P-GR-88851F10A461,GrupLAC: producto listado en la ficha,1
G-00000000007152,P-GR-89EE162F017E,GrupLAC: producto listado en la ficha,1
G-00000000007152,P-GR-90888874AB84,GrupLAC: producto listado en la ficha,1
G-00000000007152,P-GR-93CD191A58A3,GrupLAC: producto listado en la ficha,1
G-00000000007152,P-GR-9412100FB298,GrupLAC: producto listado en la ficha,1
G-00000000007152,P-GR-951998DBE214,GrupLAC: producto listado en la ficha,1
G-00000000007152,P-GR-957736E5174D,GrupLAC: producto listado en la ficha,1
G-00000000007152,P-GR-962512A0CC31,GrupLAC: producto listado en la ficha,1
G-00000000007152,P-GR-97C15AEA1DB5,GrupLAC: producto listado en la ficha,1
G-00000000007152,P-GR-9DF936D83EC1,GrupLAC: producto listado en la ficha,1
G-00000000007152,P-GR-A05F10839307,GrupLAC: producto listado en la ficha,1
G-00000000007152,P-GR-A0A6A4D9B221,GrupLAC: producto listado en la ficha,1
G-00000000007152,P-GR-A714D7855D70,GrupLAC: producto listado en la ficha,1
G-00000000007152,P-GR-AAA67028B323,GrupLAC: producto listado en la ficha,1
G-00000000007152,P-GR-AC8E0BDAF7C8,GrupLAC: producto listado en la ficha,1
G-00000000007152,P-GR-AF6A98D10D88,GrupLAC: producto listado en la ficha,1
G-00000000007152,P-GR-B064B59383E3,GrupLAC: producto listado en la ficha,1
G-00000000007152,P-GR-B0FCE50EF885,GrupLAC: producto listado en la ficha,1
G-00000000007152,P-GR-B51E79030656,GrupLAC: producto listado en la ficha,1
G-00000000007152,P-GR-B7C3852F8F01,GrupLAC: producto listado en la ficha,1
G-00000000007152,P-GR-B9A61AC4512C,GrupLAC: producto listado en la ficha,1
G-00000000007152,P-GR-BA5A368F34B4,GrupLAC: producto listado en la ficha,1
G-00000000007152,P-GR-BC86D3C332B7,GrupLAC: producto listado en la ficha,1
G-00000000007152,P-GR-BEB58C5EA43B,GrupLAC: producto listado en la ficha,1
G-00000000007152,P-GR-C203B701E850,GrupLAC: producto listado en la ficha,1
G-00000000007152,P-GR-C4F1051951B9,GrupLAC: producto listado en la ficha,1
G-00000000007152,P-GR-C851BFB15E52,GrupLAC: producto listado en la ficha,1
G-00000000007152,P-GR-CA736C2593FA,GrupLAC: producto listado en la ficha,1
G-00000000007152,P-GR-CE6130C2D275,GrupLAC: producto listado en la ficha,1
G-00000000007152,P-GR-CE6336AE386C,GrupLAC: producto listado en la ficha,1
G-00000000007152,P-GR-CE78E191091B,GrupLAC: producto listado en la ficha,1
G-00000000007152,P-GR-CF3A4534DBDA,GrupLAC: producto listado en la ficha,1
G-00000000007152,P-GR-CF7174C55960,GrupLAC: producto listado en la ficha,1
G-00000000007152,P-GR-D0E94DB049D5,GrupLAC: producto listado en la ficha,1
G-00000000007152,P-GR-D545067DDBEB,GrupLAC: producto listado en la ficha,1
G-00000000007152,P-GR-D65C4D7CEE27,GrupLAC: producto listado en la ficha,1
G-00000000007152,P-GR-D9FF9A92CBA3,GrupLAC: producto listado en la ficha,1
G-00000000007152,P-GR-DCB853F6F45C,GrupLAC: producto listado en la ficha,1
G-00000000007152,P-GR-DD86918C1AC4,GrupLAC: producto listado en la ficha,1
G-00000000007152,P-GR-E91F3C1DCD15,GrupLAC: producto listado en la ficha,1
G-00000000007152,P-GR-ECCC1549991C,GrupLAC: producto listado en la ficha,1
G-00000000007152,P-GR-EE266B08E676,GrupLAC: producto listado en la ficha,1
G-00000000007152,P-GR-EE9EDCE11E14,GrupLAC: producto listado en la ficha,1
G-00000000007152,P-GR-EF820743AB52,GrupLAC: producto listado en la ficha,1
G-00000000007152,P-GR-F079B37AFC5F,GrupLAC: producto listado en la ficha,1
G-00000000007152,P-GR-F141A5BA7008,GrupLAC: producto listado en la ficha,1
G-00000000007152,P-GR-F886577B8897,GrupLAC: producto listado en la ficha,1
G-00000000007152,P-GR-F89D2AE78FD8,GrupLAC: producto listado en la ficha,1
G-00000000007152,P-GR-FB4742E095CA,GrupLAC: producto listado en la ficha,1
G-00000000007152,P-GR-FEA6A8D4B4FC,GrupLAC: producto listado en la ficha,1
G-00000000007152,P-GR-FF7E9CB630C7,GrupLAC: producto listado en la ficha,1
G-00000000009022,P-GR-03206D98DBF0,GrupLAC: producto listado en la ficha,1
G-00000000009022,P-GR-0AB8516169AB,GrupLAC: producto listado en la ficha,1
G-00000000009022,P-GR-0C4C4EE9EA26,GrupLAC: producto listado en la ficha,1
G-00000000009022,P-GR-0FA20C13191F,GrupLAC: producto listado en la ficha,1
G-00000000009022,P-GR-101ADF5C13F7,GrupLAC: producto listado en la ficha,1
G-00000000009022,P-GR-116C857802E2,GrupLAC: producto listado en la ficha,1
G-00000000009022,P-GR-1342093CCC8F,GrupLAC: producto listado en la ficha,1
G-00000000009022,P-GR-13970180F1A8,GrupLAC: producto listado en la ficha,1
G-00000000009022,P-GR-17015894F375,GrupLAC: producto listado en la ficha,1
G-00000000009022,P-GR-181CBE394216,GrupLAC: producto listado en la ficha,1
G-00000000009022,P-GR-18E13D14604A,GrupLAC: producto listado en la ficha,1
G-00000000009022,P-GR-1A400A7DAC1E,GrupLAC: producto listado en la ficha,1
G-00000000009022,P-GR-1C0583DC84EC,GrupLAC: producto listado en la ficha,1
G-00000000009022,P-GR-1DAEA71D448A,GrupLAC: producto listado en la ficha,1
G-00000000009022,P-GR-21A6368217C5,GrupLAC: producto listado en la ficha,1
G-00000000009022,P-GR-23C1110040B5,GrupLAC: producto listado en la ficha,1
G-00000000009022,P-GR-23C4A8CADFFE,GrupLAC: producto listado en la ficha,1
G-00000000009022,P-GR-23D84435B275,GrupLAC: producto listado en la ficha,1
G-00000000009022,P-GR-243200F1B709,GrupLAC: producto listado en la ficha,1
G-00000000009022,P-GR-27BCFD05728E,GrupLAC: producto listado en la ficha,1
G-00000000009022,P-GR-291DA920CA92,GrupLAC: producto listado en la ficha,1
G-00000000009022,P-GR-2D57A5917445,GrupLAC: producto listado en la ficha,1
G-00000000009022,P-GR-2F70847CC86C,GrupLAC: producto listado en la ficha,1
G-00000000009022,P-GR-2FEEA971A7D4,GrupLAC: producto listado en la ficha,1
G-00000000009022,P-GR-33C8029C6AC9,GrupLAC: producto listado en la ficha,1
G-00000000009022,P-GR-3722F6EA18B6,GrupLAC: producto listado en la ficha,1
G-00000000009022,P-GR-37509F0B39EC,GrupLAC: producto listado en la ficha,1
G-00000000009022,P-GR-3C99EA6E85AC,GrupLAC: producto listado en la ficha,1
G-00000000009022,P-GR-3D4AA576DDCE,GrupLAC: producto listado en la ficha,1
G-00000000009022,P-GR-3E77D29F26ED,GrupLAC: producto listado en la ficha,1
G-00000000009022,P-GR-41B89689067E,GrupLAC: producto listado en la ficha,1
G-00000000009022,P-GR-43165C07233B,GrupLAC: producto listado en la ficha,1
G-00000000009022,P-GR-442E751C1498,GrupLAC: producto listado en la ficha,1
G-00000000009022,P-GR-45BD60500527,GrupLAC: producto listado en la ficha,1
G-00000000009022,P-GR-464CBF474A59,GrupLAC: producto listado en la ficha,1
G-00000000009022,P-GR-483E7313F449,GrupLAC: producto listado en la ficha,1
G-00000000009022,P-GR-489CFE4D673E,GrupLAC: producto listado en la ficha,1
G-00000000009022,P-GR-4AAE1893F40C,GrupLAC: producto listado en la ficha,1
G-00000000009022,P-GR-4C296CEFBE95,GrupLAC: producto listado en la ficha,1
G-00000000009022,P-GR-4D40B7419CB8,GrupLAC: producto listado en la ficha,1
G-00000000009022,P-GR-4E02558F4EDE,GrupLAC: producto listado en la ficha,1
G-00000000009022,P-GR-4FCB91F72878,GrupLAC: producto listado en la ficha,1
G-00000000009022,P-GR-50C2C4F70E5B,GrupLAC: producto listado en la ficha,1
G-00000000009022,P-GR-56AD1B254E30,GrupLAC: producto listado en la ficha,1
G-00000000009022,P-GR-56C6F91FFF21,GrupLAC: producto listado en la ficha,1
G-00000000009022,P-GR-57A5465CF654,GrupLAC: producto listado en la ficha,1
G-00000000009022,P-GR-5899ED14DFA7,GrupLAC: producto listado en la ficha,1
G-00000000009022,P-GR-5A2FD83595A3,GrupLAC: producto listado en la ficha,1
G-00000000009022,P-GR-5C80745371B4,GrupLAC: producto listado en la ficha,1
G-00000000009022,P-GR-5CBE054B50C5,GrupLAC: producto listado en la ficha,1
G-00000000009022,P-GR-5DDCAE1AA3F5,GrupLAC: producto listado en la ficha,1
G-00000000009022,P-GR-5E425258DF20,GrupLAC: producto listado en la ficha,1
G-00000000009022,P-GR-5FF096260BCA,GrupLAC: producto listado en la ficha,1
G-00000000009022,P-GR-6050904B0B50,GrupLAC: producto listado en la ficha,1
G-00000000009022,P-GR-609E0A47C68D,GrupLAC: producto listado en la ficha,1
G-00000000009022,P-GR-615FB1BF3CA9,GrupLAC: producto listado en la ficha,1
G-00000000009022,P-GR-63884B040D14,GrupLAC: producto listado en la ficha,1
G-00000000009022,P-GR-6447E48C1F49,GrupLAC: producto listado en la ficha,1
G-00000000009022,P-GR-649068ED1D55,GrupLAC: producto listado en la ficha,1
G-00000000009022,P-GR-649A23499B6F,GrupLAC: producto listado en la ficha,1
G-00000000009022,P-GR-69729D28F6A0,GrupLAC: producto listado en la ficha,1
G-00000000009022,P-GR-6E0CC80979D4,GrupLAC: producto listado en la ficha,1
G-00000000009022,P-GR-6F1830FA1835,GrupLAC: producto listado en la ficha,1
G-00000000009022,P-GR-6F717745F3B7,GrupLAC: producto listado en la ficha,1
G-00000000009022,P-GR-6F90C6C7DAB0,GrupLAC: producto listado en la ficha,1
G-00000000009022,P-GR-728148108DA4,GrupLAC: producto listado en la ficha,1
G-00000000009022,P-GR-786D71F5127C,GrupLAC: producto listado en la ficha,1
G-00000000009022,P-GR-78787477DFF5,GrupLAC: producto listado en la ficha,1
G-00000000009022,P-GR-788835800E77,GrupLAC: producto listado en la ficha,1
G-00000000009022,P-GR-7891355B5DB2,GrupLAC: producto listado en la ficha,1
G-00000000009022,P-GR-7BDB49CB1BAF,GrupLAC: producto listado en la ficha,1
G-00000000009022,P-GR-7FA25A39A502,GrupLAC: producto listado en la ficha,1
G-00000000009022,P-GR-8192A5A1EF4C,GrupLAC: producto listado en la ficha,1
G-00000000009022,P-GR-834FCBDB0051,GrupLAC: producto listado en la ficha,1
G-00000000009022,P-GR-8B1408C4498A,GrupLAC: producto listado en la ficha,1
G-00000000009022,P-GR-8B6C799EA3AE,GrupLAC: producto listado en la ficha,1
G-00000000009022,P-GR-8D3A82A6B9CA,GrupLAC: producto listado en la ficha,1
G-00000000009022,P-GR-8E9EAE57263B,GrupLAC: producto listado en la ficha,1
G-00000000009022,P-GR-8FD4B7C452FD,GrupLAC: producto listado en la ficha,1
G-00000000009022,P-GR-9158F14EFCBA,GrupLAC: producto listado en la ficha,1
G-00000000009022,P-GR-9170F34FAE18,GrupLAC: producto listado en la ficha,1
G-00000000009022,P-GR-92BCE108E1C6,GrupLAC: producto listado en la ficha,1
G-00000000009022,P-GR-93FC28DA4579,GrupLAC: producto listado en la ficha,1
G-00000000009022,P-GR-958DA594949F,GrupLAC: producto listado en la ficha,1
G-00000000009022,P-GR-96B5CDC65759,GrupLAC: producto listado en la ficha,1
G-00000000009022,P-GR-9AA69EDFEF40,GrupLAC: producto listado en la ficha,1
G-00000000009022,P-GR-9CB98C02C53E,GrupLAC: producto listado en la ficha,1
G-00000000009022,P-GR-9E039D9DDA84,GrupLAC: producto listado en la ficha,1
G-00000000009022,P-GR-9EC0BF26A808,GrupLAC: producto listado en la ficha,1
G-00000000009022,P-GR-A2B2C3DC88A8,GrupLAC: producto listado en la ficha,1
G-00000000009022,P-GR-A547D351A859,GrupLAC: producto listado en la ficha,1
G-00000000009022,P-GR-A68718970062,GrupLAC: producto listado en la ficha,1
G-00000000009022,P-GR-A80C3B1FB1AD,GrupLAC: producto listado en la ficha,1
G-00000000009022,P-GR-AA4095EA2A40,GrupLAC: producto listado en la ficha,1
G-00000000009022,P-GR-AB6C5D1C1615,GrupLAC: producto listado en la ficha,1
G-00000000009022,P-GR-ACCF8E3E4CE5,GrupLAC: producto listado en la ficha,1
G-00000000009022,P-GR-AD6973AADC44,GrupLAC: producto listado en la ficha,1
G-00000000009022,P-GR-ADD9E877C595,GrupLAC: producto listado en la ficha,1
G-00000000009022,P-GR-AFA02B0298F1,GrupLAC: producto listado en la ficha,1
G-00000000009022,P-GR-AFC95FCD235D,GrupLAC: producto listado en la ficha,1
G-00000000009022,P-GR-B0341C753D88,GrupLAC: producto listado en la ficha,1
G-00000000009022,P-GR-B038B4E62D93,GrupLAC: producto listado en la ficha,1
G-00000000009022,P-GR-B0C6A61C24F2,GrupLAC: producto listado en la ficha,1
G-00000000009022,P-GR-B5641A9BC5A5,GrupLAC: producto listado en la ficha,1
G-00000000009022,P-GR-B5E50807AA2C,GrupLAC: producto listado en la ficha,1
G-00000000009022,P-GR-BB0D5711BF4F,GrupLAC: producto listado en la ficha,1
G-00000000009022,P-GR-BB4106724A19,GrupLAC: producto listado en la ficha,1
G-00000000009022,P-GR-BB7971C1244A,GrupLAC: producto listado en la ficha,1
G-00000000009022,P-GR-BC78D4433296,GrupLAC: producto listado en la ficha,1
G-00000000009022,P-GR-BE398DEFC65A,GrupLAC: producto listado en la ficha,1
G-00000000009022,P-GR-C420210FBEA1,GrupLAC: producto listado en la ficha,1
G-00000000009022,P-GR-C54AFB2A205D,GrupLAC: producto listado en la ficha,1
G-00000000009022,P-GR-C5ACEAE5EFFC,GrupLAC: producto listado en la ficha,1
G-00000000009022,P-GR-C5F8A312348B,GrupLAC: producto listado en la ficha,1
G-00000000009022,P-GR-CB4C6EF98A55,GrupLAC: producto listado en la ficha,1
G-00000000009022,P-GR-CC7C2F652B39,GrupLAC: producto listado en la ficha,1
G-00000000009022,P-GR-CE682A03B002,GrupLAC: producto listado en la ficha,1
G-00000000009022,P-GR-CFB6B6A461E1,GrupLAC: producto listado en la ficha,1
G-00000000009022,P-GR-D1FAE3DF9611,GrupLAC: producto listado en la ficha,1
G-00000000009022,P-GR-D3F7EEBCD534,GrupLAC: producto listado en la ficha,1
G-00000000009022,P-GR-D3FB524E6D77,GrupLAC: producto listado en la ficha,1
G-00000000009022,P-GR-D54FD0E0B033,GrupLAC: producto listado en la ficha,1
G-00000000009022,P-GR-DC75DB547349,GrupLAC: producto listado en la ficha,1
G-00000000009022,P-GR-DF3F1AF4DB62,GrupLAC: producto listado en la ficha,1
G-00000000009022,P-GR-E28A5FFD9402,GrupLAC: producto listado en la ficha,1
G-00000000009022,P-GR-E3DFD656566D,GrupLAC: producto listado en la ficha,1
G-00000000009022,P-GR-E4375180A67C,GrupLAC: producto listado en la ficha,1
G-00000000009022,P-GR-E48FB663B6FC,GrupLAC: producto listado en la ficha,1
G-00000000009022,P-GR-EBDE8542289A,GrupLAC: producto listado en la ficha,1
G-00000000009022,P-GR-EE6C7C70B4E5,GrupLAC: producto listado en la ficha,1
G-00000000009022,P-GR-F37EDA4C5127,GrupLAC: producto listado en la ficha,1
G-00000000009022,P-GR-F4572178F49E,GrupLAC: producto listado en la ficha,1
G-00000000009022,P-GR-F88170AE1C4E,GrupLAC: producto listado en la ficha,1
G-00000000009022,P-GR-F92AE8C4602F,GrupLAC: producto listado en la ficha,1
G-00000000009022,P-GR-FD002B4EF376,GrupLAC: producto listado en la ficha,1
G-00000000009744,P-GR-050D1FD5EECC,GrupLAC: producto listado en la ficha,1
G-00000000009744,P-GR-0661BDCCB728,GrupLAC: producto listado en la ficha,1
G-00000000009744,P-GR-0930DBB707D4,GrupLAC: producto listado en la ficha,1
G-00000000009744,P-GR-0B9DA99BA48D,GrupLAC: producto listado en la ficha,1
G-00000000009744,P-GR-0CB6BF418DF2,GrupLAC: producto listado en la ficha,1
G-00000000009744,P-GR-0DDA1ED52ABB,GrupLAC: producto listado en la ficha,1
G-00000000009744,P-GR-0FEA9D8D97C9,GrupLAC: producto listado en la ficha,1
G-00000000009744,P-GR-1069BEE78CA5,GrupLAC: producto listado en la ficha,1
G-00000000009744,P-GR-1157ADC6333D,GrupLAC: producto listado en la ficha,1
G-00000000009744,P-GR-11E1E742FDB2,GrupLAC: producto listado en la ficha,1
G-00000000009744,P-GR-12412AC02774,GrupLAC: producto listado en la ficha,1
G-00000000009744,P-GR-12BF48084D24,GrupLAC: producto listado en la ficha,1
G-00000000009744,P-GR-136998C430A7,GrupLAC: producto listado en la ficha,1
G-00000000009744,P-GR-13E31656563B,GrupLAC: producto listado en la ficha,1
G-00000000009744,P-GR-15B8C2A093A9,GrupLAC: producto listado en la ficha,1
G-00000000009744,P-GR-15C11CD383DC,GrupLAC: producto listado en la ficha,1
G-00000000009744,P-GR-15D0DC5EE974,GrupLAC: producto listado en la ficha,1
G-00000000009744,P-GR-15E8847E1F5E,GrupLAC: producto listado en la ficha,1
G-00000000009744,P-GR-17FCA06F5B28,GrupLAC: producto listado en la ficha,1
G-00000000009744,P-GR-18C8BCAFEDDE,GrupLAC: producto listado en la ficha,1
G-00000000009744,P-GR-19AF05127020,GrupLAC: producto listado en la ficha,1
G-00000000009744,P-GR-1C4324232D8F,GrupLAC: producto listado en la ficha,1
G-00000000009744,P-GR-1DAD9E7F901F,GrupLAC: producto listado en la ficha,1
G-00000000009744,P-GR-1EE4F77F84FC,GrupLAC: producto listado en la ficha,1
G-00000000009744,P-GR-2239BFBB3532,GrupLAC: producto listado en la ficha,1
G-00000000009744,P-GR-224AC22324B1,GrupLAC: producto listado en la ficha,1
G-00000000009744,P-GR-2293927A66B0,GrupLAC: producto listado en la ficha,1
G-00000000009744,P-GR-22AABA67852E,GrupLAC: producto listado en la ficha,1
G-00000000009744,P-GR-245028D21A98,GrupLAC: producto listado en la ficha,1
G-00000000009744,P-GR-24FDC9466696,GrupLAC: producto listado en la ficha,1
G-00000000009744,P-GR-257E475D19C4,GrupLAC: producto listado en la ficha,1
G-00000000009744,P-GR-2659A8700D89,GrupLAC: producto listado en la ficha,1
G-00000000009744,P-GR-268D7D078606,GrupLAC: producto listado en la ficha,1
G-00000000009744,P-GR-2854E4F43509,GrupLAC: producto listado en la ficha,1
G-00000000009744,P-GR-29534D05A232,GrupLAC: producto listado en la ficha,1
G-00000000009744,P-GR-2A40DC5035EB,GrupLAC: producto listado en la ficha,1
G-00000000009744,P-GR-2A5240E5ABC5,GrupLAC: producto listado en la ficha,1
G-00000000009744,P-GR-2A8292BF47ED,GrupLAC: producto listado en la ficha,1
G-00000000009744,P-GR-2EF04B681D48,GrupLAC: producto listado en la ficha,1
G-00000000009744,P-GR-308DDADD2E6B,GrupLAC: producto listado en la ficha,1
G-00000000009744,P-GR-30B99B1664AB,GrupLAC: producto listado en la ficha,1
G-00000000009744,P-GR-3189CAEDCBD3,GrupLAC: producto listado en la ficha,1
G-00000000009744,P-GR-32669CF91144,GrupLAC: producto listado en la ficha,1
G-00000000009744,P-GR-331C66AA7318,GrupLAC: producto listado en la ficha,1
G-00000000009744,P-GR-337037C9B192,GrupLAC: producto listado en la ficha,1
G-00000000009744,P-GR-34428C08CA3A,GrupLAC: producto listado en la ficha,1
G-00000000009744,P-GR-35924B53FD97,GrupLAC: producto listado en la ficha,1
G-00000000009744,P-GR-35BA821B83F0,GrupLAC: producto listado en la ficha,1
G-00000000009744,P-GR-36241E5EF80E,GrupLAC: producto listado en la ficha,1
G-00000000009744,P-GR-3644C719454F,GrupLAC: producto listado en la ficha,1
G-00000000009744,P-GR-36E7ABD71C3D,GrupLAC: producto listado en la ficha,1
G-00000000009744,P-GR-371ED94B21E5,GrupLAC: producto listado en la ficha,1
G-00000000009744,P-GR-37BAB5A422DB,GrupLAC: producto listado en la ficha,1
G-00000000009744,P-GR-384776B52A65,GrupLAC: producto listado en la ficha,1
G-00000000009744,P-GR-385510F3360B,GrupLAC: producto listado en la ficha,1
G-00000000009744,P-GR-3947B6B54559,GrupLAC: producto listado en la ficha,1
G-00000000009744,P-GR-397A06743510,GrupLAC: producto listado en la ficha,1
G-00000000009744,P-GR-3B1DD35B4EB1,GrupLAC: producto listado en la ficha,1
G-00000000009744,P-GR-3B95FD82636F,GrupLAC: producto listado en la ficha,1
G-00000000009744,P-GR-3C229722190A,GrupLAC: producto listado en la ficha,1
G-00000000009744,P-GR-3C659A697457,GrupLAC: producto listado en la ficha,1
G-00000000009744,P-GR-3C8B814F7BDB,GrupLAC: producto listado en la ficha,1
G-00000000009744,P-GR-3D4F7F0B7440,GrupLAC: producto listado en la ficha,1
G-00000000009744,P-GR-3DCE74E8349E,GrupLAC: producto listado en la ficha,1
G-00000000009744,P-GR-3E0F9F517396,GrupLAC: producto listado en la ficha,1
G-00000000009744,P-GR-3E1A9542F69A,GrupLAC: producto listado en la ficha,1
G-00000000009744,P-GR-40914552DFB8,GrupLAC: producto listado en la ficha,1
G-00000000009744,P-GR-412CED363F1A,GrupLAC: producto listado en la ficha,1
G-00000000009744,P-GR-4230554B134E,GrupLAC: producto listado en la ficha,1
G-00000000009744,P-GR-425C70DFCBDD,GrupLAC: producto listado en la ficha,1
G-00000000009744,P-GR-430424EAE337,GrupLAC: producto listado en la ficha,1
G-00000000009744,P-GR-438BB5CDE69E,GrupLAC: producto listado en la ficha,1
G-00000000009744,P-GR-44C81C673050,GrupLAC: producto listado en la ficha,1
G-00000000009744,P-GR-45150F6A8C76,GrupLAC: producto listado en la ficha,1
G-00000000009744,P-GR-46BD5E793E60,GrupLAC: producto listado en la ficha,1
G-00000000009744,P-GR-472452A21986,GrupLAC: producto listado en la ficha,1
G-00000000009744,P-GR-482BA985756D,GrupLAC: producto listado en la ficha,1
G-00000000009744,P-GR-4842AFC169E5,GrupLAC: producto listado en la ficha,1
G-00000000009744,P-GR-4A0E665CF6B9,GrupLAC: producto listado en la ficha,1
G-00000000009744,P-GR-4A43B02DC151,GrupLAC: producto listado en la ficha,1
G-00000000009744,P-GR-4A65CCC1419D,GrupLAC: producto listado en la ficha,1
G-00000000009744,P-GR-4ADF42421F62,GrupLAC: producto listado en la ficha,1
G-00000000009744,P-GR-4B77F60CEB18,GrupLAC: producto listado en la ficha,1
G-00000000009744,P-GR-4C150E004B4F,GrupLAC: producto listado en la ficha,1
G-00000000009744,P-GR-4C20E19E766F,GrupLAC: producto listado en la ficha,1
G-00000000009744,P-GR-4D73DFF12256,GrupLAC: producto listado en la ficha,1
G-00000000009744,P-GR-4DBBF30722F9,GrupLAC: producto listado en la ficha,1
G-00000000009744,P-GR-4FAE0A6A6632,GrupLAC: producto listado en la ficha,1
G-00000000009744,P-GR-5066DB369E56,GrupLAC: producto listado en la ficha,1
G-00000000009744,P-GR-5208352EB3BC,GrupLAC: producto listado en la ficha,1
G-00000000009744,P-GR-522C41DF9678,GrupLAC: producto listado en la ficha,1
G-00000000009744,P-GR-52D6B9280065,GrupLAC: producto listado en la ficha,1
G-00000000009744,P-GR-5321E042FF52,GrupLAC: producto listado en la ficha,1
G-00000000009744,P-GR-53DE4713984F,GrupLAC: producto listado en la ficha,1
G-00000000009744,P-GR-55DB666C964E,GrupLAC: producto listado en la ficha,1
G-00000000009744,P-GR-569FDBCFAC7E,GrupLAC: producto listado en la ficha,1
G-00000000009744,P-GR-574FA56F5F98,GrupLAC: producto listado en la ficha,1
G-00000000009744,P-GR-58D5D9E3B15D,GrupLAC: producto listado en la ficha,1
G-00000000009744,P-GR-59A83E43BC3D,GrupLAC: producto listado en la ficha,1
G-00000000009744,P-GR-5A07A317CC10,GrupLAC: producto listado en la ficha,1
G-00000000009744,P-GR-5D8082416F6A,GrupLAC: producto listado en la ficha,1
G-00000000009744,P-GR-5DBDDA34B811,GrupLAC: producto listado en la ficha,1
G-00000000009744,P-GR-5E665E7D61F3,GrupLAC: producto listado en la ficha,1
G-00000000009744,P-GR-60A917915598,GrupLAC: producto listado en la ficha,1
G-00000000009744,P-GR-6160CE3DCFE4,GrupLAC: producto listado en la ficha,1
G-00000000009744,P-GR-61C050A18947,GrupLAC: producto listado en la ficha,1
G-00000000009744,P-GR-62BDEAC5E650,GrupLAC: producto listado en la ficha,1
G-00000000009744,P-GR-644FF0E409D3,GrupLAC: producto listado en la ficha,1
G-00000000009744,P-GR-65E74CB1D877,GrupLAC: producto listado en la ficha,1
G-00000000009744,P-GR-6747DE8AD492,GrupLAC: producto listado en la ficha,1
G-00000000009744,P-GR-67FA8D8DF0B7,GrupLAC: producto listado en la ficha,1
G-00000000009744,P-GR-68AED14977C6,GrupLAC: producto listado en la ficha,1
G-00000000009744,P-GR-68B03ED61F90,GrupLAC: producto listado en la ficha,1
G-00000000009744,P-GR-690B19B18514,GrupLAC: producto listado en la ficha,1
G-00000000009744,P-GR-691F949B16D5,GrupLAC: producto listado en la ficha,1
G-00000000009744,P-GR-69294768A8DB,GrupLAC: producto listado en la ficha,1
G-00000000009744,P-GR-6A726BD97DDF,GrupLAC: producto listado en la ficha,1
G-00000000009744,P-GR-6ABC920026E4,GrupLAC: producto listado en la ficha,1
G-00000000009744,P-GR-6B7D44F2EA91,GrupLAC: producto listado en la ficha,1
G-00000000009744,P-GR-6E4091A41D37,GrupLAC: producto listado en la ficha,1
G-00000000009744,P-GR-6E7E1FC8002F,GrupLAC: producto listado en la ficha,1
G-00000000009744,P-GR-7199DA8DB4A7,GrupLAC: producto listado en la ficha,1
G-00000000009744,P-GR-7246FD1BD979,GrupLAC: producto listado en la ficha,1
G-00000000009744,P-GR-7375BE63E0F9,GrupLAC: producto listado en la ficha,1
G-00000000009744,P-GR-740855828EF6,GrupLAC: producto listado en la ficha,1
G-00000000009744,P-GR-7489EEC1A9F7,GrupLAC: producto listado en la ficha,1
G-00000000009744,P-GR-75797CB49380,GrupLAC: producto listado en la ficha,1
G-00000000009744,P-GR-7608E3AD8B68,GrupLAC: producto listado en la ficha,1
G-00000000009744,P-GR-76F6923B60A0,GrupLAC: producto listado en la ficha,1
G-00000000009744,P-GR-77313E01290D,GrupLAC: producto listado en la ficha,1
G-00000000009744,P-GR-775392729A1B,GrupLAC: producto listado en la ficha,1
G-00000000009744,P-GR-775C1530656C,GrupLAC: producto listado en la ficha,1
G-00000000009744,P-GR-79102EBF73E4,GrupLAC: producto listado en la ficha,1
G-00000000009744,P-GR-7B5F05208049,GrupLAC: producto listado en la ficha,1
G-00000000009744,P-GR-7BA879D966F0,GrupLAC: producto listado en la ficha,1
G-00000000009744,P-GR-7CD3C6492BDB,GrupLAC: producto listado en la ficha,1
G-00000000009744,P-GR-7E165CFA835D,GrupLAC: producto listado en la ficha,1
G-00000000009744,P-GR-7EF696150084,GrupLAC: producto listado en la ficha,1
G-00000000009744,P-GR-7FC133541332,GrupLAC: producto listado en la ficha,1
G-00000000009744,P-GR-80BA1E4886DB,GrupLAC: producto listado en la ficha,1
G-00000000009744,P-GR-822DCAC484D2,GrupLAC: producto listado en la ficha,1
G-00000000009744,P-GR-823DE2141DE3,GrupLAC: producto listado en la ficha,1
G-00000000009744,P-GR-898E35B64879,GrupLAC: producto listado en la ficha,1
G-00000000009744,P-GR-8C4C7835FB77,GrupLAC: producto listado en la ficha,1
G-00000000009744,P-GR-8CCADB50090D,GrupLAC: producto listado en la ficha,1
G-00000000009744,P-GR-8D1D110E902D,GrupLAC: producto listado en la ficha,1
G-00000000009744,P-GR-8DE38290D5B9,GrupLAC: producto listado en la ficha,1
G-00000000009744,P-GR-8E18FE871012,GrupLAC: producto listado en la ficha,1
G-00000000009744,P-GR-8F6C9311E5D0,GrupLAC: producto listado en la ficha,1
G-00000000009744,P-GR-8FCF372DD825,GrupLAC: producto listado en la ficha,1
G-00000000009744,P-GR-904FAC4743B0,GrupLAC: producto listado en la ficha,1
G-00000000009744,P-GR-9088B2562547,GrupLAC: producto listado en la ficha,1
G-00000000009744,P-GR-9179BFDF0FFE,GrupLAC: producto listado en la ficha,1
G-00000000009744,P-GR-924D30065421,GrupLAC: producto listado en la ficha,1
G-00000000009744,P-GR-92C3593F2B32,GrupLAC: producto listado en la ficha,1
G-00000000009744,P-GR-936C174D0DA4,GrupLAC: producto listado en la ficha,1
G-00000000009744,P-GR-96BBF135DE96,GrupLAC: producto listado en la ficha,1
G-00000000009744,P-GR-9864F7E36BAB,GrupLAC: producto listado en la ficha,1
G-00000000009744,P-GR-98EB91CD3647,GrupLAC: producto listado en la ficha,1
G-00000000009744,P-GR-990891502975,GrupLAC: producto listado en la ficha,1
G-00000000009744,P-GR-9944AFAEDDC3,GrupLAC: producto listado en la ficha,1
G-00000000009744,P-GR-999ACE9753B7,GrupLAC: producto listado en la ficha,1
G-00000000009744,P-GR-9A5AC3B68A2D,GrupLAC: producto listado en la ficha,1
G-00000000009744,P-GR-9A618DAA2A3A,GrupLAC: producto listado en la ficha,1
G-00000000009744,P-GR-9AA6C3897145,GrupLAC: producto listado en la ficha,1
G-00000000009744,P-GR-9B40B2E5EBAE,GrupLAC: producto listado en la ficha,1
G-00000000009744,P-GR-9D5964C68858,GrupLAC: producto listado en la ficha,1
G-00000000009744,P-GR-9E3FA5FC5C30,GrupLAC: producto listado en la ficha,1
G-00000000009744,P-GR-9E562F95E5D0,GrupLAC: producto listado en la ficha,1
G-00000000009744,P-GR-9EB074D4A045,GrupLAC: producto listado en la ficha,1
G-00000000009744,P-GR-A35F064127B5,GrupLAC: producto listado en la ficha,1
G-00000000009744,P-GR-A428104C86FD,GrupLAC: producto listado en la ficha,1
G-00000000009744,P-GR-A57C907856A7,GrupLAC: producto listado en la ficha,1
G-00000000009744,P-GR-A59F8C85A71E,GrupLAC: producto listado en la ficha,1
G-00000000009744,P-GR-A5D100B41863,GrupLAC: producto listado en la ficha,1
G-00000000009744,P-GR-A624AC70CE68,GrupLAC: producto listado en la ficha,1
G-00000000009744,P-GR-A6318F0EED79,GrupLAC: producto listado en la ficha,1
G-00000000009744,P-GR-A69BCD13E3E1,GrupLAC: producto listado en la ficha,1
G-00000000009744,P-GR-A6F723BCBC2C,GrupLAC: producto listado en la ficha,1
G-00000000009744,P-GR-A73FB1864FFB,GrupLAC: producto listado en la ficha,1
G-00000000009744,P-GR-A81F03F515A0,GrupLAC: producto listado en la ficha,1
G-00000000009744,P-GR-A862C05B7680,GrupLAC: producto listado en la ficha,1
G-00000000009744,P-GR-AA7A06E7B392,GrupLAC: producto listado en la ficha,1
G-00000000009744,P-GR-AB131E42E700,GrupLAC: producto listado en la ficha,1
G-00000000009744,P-GR-AC39C4833DE2,GrupLAC: producto listado en la ficha,1
G-00000000009744,P-GR-AD0DE21D2717,GrupLAC: producto listado en la ficha,1
G-00000000009744,P-GR-AF648486A13E,GrupLAC: producto listado en la ficha,1
G-00000000009744,P-GR-AFC08BF9102C,GrupLAC: producto listado en la ficha,1
G-00000000009744,P-GR-B0C73AD43BC5,GrupLAC: producto listado en la ficha,1
G-00000000009744,P-GR-B0DEFB1B9D70,GrupLAC: producto listado en la ficha,1
G-00000000009744,P-GR-B295DE8605E2,GrupLAC: producto listado en la ficha,1
G-00000000009744,P-GR-B2B8DA3033E7,GrupLAC: producto listado en la ficha,1
G-00000000009744,P-GR-B2CACD827712,GrupLAC: producto listado en la ficha,1
G-00000000009744,P-GR-B2F4D9F74C93,GrupLAC: producto listado en la ficha,1
G-00000000009744,P-GR-B4232CE56512,GrupLAC: producto listado en la ficha,1
G-00000000009744,P-GR-B6647A04D030,GrupLAC: producto listado en la ficha,1
G-00000000009744,P-GR-B6785E74DE1B,GrupLAC: producto listado en la ficha,1
G-00000000009744,P-GR-B7DB59D60FE4,GrupLAC: producto listado en la ficha,1
G-00000000009744,P-GR-B97B2B9A4018,GrupLAC: producto listado en la ficha,1
G-00000000009744,P-GR-BBA60C4FCCFA,GrupLAC: producto listado en la ficha,1
G-00000000009744,P-GR-BCAE6A63EBA9,GrupLAC: producto listado en la ficha,1
G-00000000009744,P-GR-BED7899132EE,GrupLAC: producto listado en la ficha,1
G-00000000009744,P-GR-C1079C4FB75E,GrupLAC: producto listado en la ficha,1
G-00000000009744,P-GR-C2261440C923,GrupLAC: producto listado en la ficha,1
G-00000000009744,P-GR-C26314E4DB49,GrupLAC: producto listado en la ficha,1
G-00000000009744,P-GR-C281B9CE806F,GrupLAC: producto listado en la ficha,1
G-00000000009744,P-GR-C2A826D1F65B,GrupLAC: producto listado en la ficha,1
G-00000000009744,P-GR-C3024227847B,GrupLAC: producto listado en la ficha,1
G-00000000009744,P-GR-C37C142ED05F,GrupLAC: producto listado en la ficha,1
G-00000000009744,P-GR-C4028ABDC653,GrupLAC: producto listado en la ficha,1
G-00000000009744,P-GR-C48F95A09941,GrupLAC: producto listado en la ficha,1
G-00000000009744,P-GR-C4F7F861196A,GrupLAC: producto listado en la ficha,1
G-00000000009744,P-GR-C51174EA5D24,GrupLAC: producto listado en la ficha,1
G-00000000009744,P-GR-C52F2EA2CB9B,GrupLAC: producto listado en la ficha,1
G-00000000009744,P-GR-C85B9B23DB0F,GrupLAC: producto listado en la ficha,1
G-00000000009744,P-GR-C921216CA653,GrupLAC: producto listado en la ficha,1
G-00000000009744,P-GR-CA1C5B89154B,GrupLAC: producto listado en la ficha,1
G-00000000009744,P-GR-CAC6F487263C,GrupLAC: producto listado en la ficha,1
G-00000000009744,P-GR-CC368B39AAAB,GrupLAC: producto listado en la ficha,1
G-00000000009744,P-GR-CC8791A4944F,GrupLAC: producto listado en la ficha,1
G-00000000009744,P-GR-CD8AE9227857,GrupLAC: producto listado en la ficha,1
G-00000000009744,P-GR-CD9901F71B91,GrupLAC: producto listado en la ficha,1
G-00000000009744,P-GR-CE32589AFB87,GrupLAC: producto listado en la ficha,1
G-00000000009744,P-GR-CE7046AD9A47,GrupLAC: producto listado en la ficha,1
G-00000000009744,P-GR-CE852D373BE3,GrupLAC: producto listado en la ficha,1
G-00000000009744,P-GR-CEDBFC68CCC5,GrupLAC: producto listado en la ficha,1
G-00000000009744,P-GR-D40DBCBF822D,GrupLAC: producto listado en la ficha,1
G-00000000009744,P-GR-D5CB27C6593D,GrupLAC: producto listado en la ficha,1
G-00000000009744,P-GR-D8031656922A,GrupLAC: producto listado en la ficha,1
G-00000000009744,P-GR-D8492C9F62FA,GrupLAC: producto listado en la ficha,1
G-00000000009744,P-GR-DA996BD31901,GrupLAC: producto listado en la ficha,1
G-00000000009744,P-GR-DAF28DEC13B7,GrupLAC: producto listado en la ficha,1
G-00000000009744,P-GR-DD9DB53F217D,GrupLAC: producto listado en la ficha,1
G-00000000009744,P-GR-DDC11E076D0A,GrupLAC: producto listado en la ficha,1
G-00000000009744,P-GR-DE7DD076E6BE,GrupLAC: producto listado en la ficha,1
G-00000000009744,P-GR-E01563AEFC6F,GrupLAC: producto listado en la ficha,1
G-00000000009744,P-GR-E030FF5F3836,GrupLAC: producto listado en la ficha,1
G-00000000009744,P-GR-E060B4FAF746,GrupLAC: producto listado en la ficha,1
G-00000000009744,P-GR-E0AA4C6F2E74,GrupLAC: producto listado en la ficha,1
G-00000000009744,P-GR-E3D206762353,GrupLAC: producto listado en la ficha,1
G-00000000009744,P-GR-E5D375E375D0,GrupLAC: producto listado en la ficha,1
G-00000000009744,P-GR-E6120EDF6AFC,GrupLAC: producto listado en la ficha,1
G-00000000009744,P-GR-E7D23AA7B367,GrupLAC: producto listado en la ficha,1
G-00000000009744,P-GR-E81973CC0546,GrupLAC: producto listado en la ficha,1
G-00000000009744,P-GR-EABEB53385CA,GrupLAC: producto listado en la ficha,1
G-00000000009744,P-GR-EB3EEC6988C9,GrupLAC: producto listado en la ficha,1
G-00000000009744,P-GR-EBF8BB4C5B0B,GrupLAC: producto listado en la ficha,1
G-00000000009744,P-GR-ECF4F018F72F,GrupLAC: producto listado en la ficha,1
G-00000000009744,P-GR-EE5C886DDEC3,GrupLAC: producto listado en la ficha,1
G-00000000009744,P-GR-EE71FA67AF6A,GrupLAC: producto listado en la ficha,1
G-00000000009744,P-GR-EECD7C059E18,GrupLAC: producto listado en la ficha,1
G-00000000009744,P-GR-EEFFA43AE42A,GrupLAC: producto listado en la ficha,1
G-00000000009744,P-GR-F0FE8444E0A1,GrupLAC: producto listado en la ficha,1
G-00000000009744,P-GR-F19C51454B41,GrupLAC: producto listado en la ficha,1
G-00000000009744,P-GR-F1DD8E5B86A4,GrupLAC: producto listado en la ficha,1
G-00000000009744,P-GR-F263EF8DB21B,GrupLAC: producto listado en la ficha,1
G-00000000009744,P-GR-F2843915ABAF,GrupLAC: producto listado en la ficha,1
G-00000000009744,P-GR-F33F3C51FFD8,GrupLAC: producto listado en la ficha,1
G-00000000009744,P-GR-F433271E8E40,GrupLAC: producto listado en la ficha,1
G-00000000009744,P-GR-F5E162FFACFC,GrupLAC: producto listado en la ficha,1
G-00000000009744,P-GR-F7C0EF539785,GrupLAC: producto listado en la ficha,1
G-00000000009744,P-GR-F7C164D84FCE,GrupLAC: producto listado en la ficha,1
G-00000000009744,P-GR-F9911885C8A6,GrupLAC: producto listado en la ficha,1
G-00000000009744,P-GR-FA864EBFD60A,GrupLAC: producto listado en la ficha,1
G-00000000009744,P-GR-FC937BA5617E,GrupLAC: producto listado en la ficha,1
G-00000000009744,P-GR-FD3A95D99D56,GrupLAC: producto listado en la ficha,1
G-00000000009744,P-GR-FF14D35B7607,GrupLAC: producto listado en la ficha,1
G-00000000011723,P-GR-0087FA4C7C31,GrupLAC: producto listado en la ficha,1
G-00000000011723,P-GR-01FB2704501C,GrupLAC: producto listado en la ficha,1
G-00000000011723,P-GR-039E02990DF4,GrupLAC: producto listado en la ficha,1
G-00000000011723,P-GR-053D8CC7909E,GrupLAC: producto listado en la ficha,1
G-00000000011723,P-GR-056348F66FE4,GrupLAC: producto listado en la ficha,1
G-00000000011723,P-GR-0692B3499A67,GrupLAC: producto listado en la ficha,1
G-00000000011723,P-GR-09B363A16A08,GrupLAC: producto listado en la ficha,1
G-00000000011723,P-GR-139D5D8097F6,GrupLAC: producto listado en la ficha,1
G-00000000011723,P-GR-15C340BF64FF,GrupLAC: producto listado en la ficha,1
G-00000000011723,P-GR-1853CB9C85EE,GrupLAC: producto listado en la ficha,1
G-00000000011723,P-GR-1A154F199C7C,GrupLAC: producto listado en la ficha,1
G-00000000011723,P-GR-1A230AF4C5EA,GrupLAC: producto listado en la ficha,1
G-00000000011723,P-GR-1BD993DA63EF,GrupLAC: producto listado en la ficha,1
G-00000000011723,P-GR-1C0D4FC03713,GrupLAC: producto listado en la ficha,1
G-00000000011723,P-GR-1CBC74198A3D,GrupLAC: producto listado en la ficha,1
G-00000000011723,P-GR-1E1FC87740E3,GrupLAC: producto listado en la ficha,1
G-00000000011723,P-GR-1E7016093486,GrupLAC: producto listado en la ficha,1
G-00000000011723,P-GR-1EA5D27B02F2,GrupLAC: producto listado en la ficha,1
G-00000000011723,P-GR-1EB634233C9C,GrupLAC: producto listado en la ficha,1
G-00000000011723,P-GR-1F94B8CBF0BD,GrupLAC: producto listado en la ficha,1
G-00000000011723,P-GR-1FE2D6F3BA5C,GrupLAC: producto listado en la ficha,1
G-00000000011723,P-GR-2A50774D6CB1,GrupLAC: producto listado en la ficha,1
G-00000000011723,P-GR-2A7994EF66EF,GrupLAC: producto listado en la ficha,1
G-00000000011723,P-GR-2C7F2B16D5AC,GrupLAC: producto listado en la ficha,1
G-00000000011723,P-GR-34284C975827,GrupLAC: producto listado en la ficha,1
G-00000000011723,P-GR-344CF5ADE5F2,GrupLAC: producto listado en la ficha,1
G-00000000011723,P-GR-371ED94B21E5,GrupLAC: producto listado en la ficha,1
G-00000000011723,P-GR-37E4AF0D00AC,GrupLAC: producto listado en la ficha,1
G-00000000011723,P-GR-3C5FC212E2F8,GrupLAC: producto listado en la ficha,1
G-00000000011723,P-GR-3C86F157DF33,GrupLAC: producto listado en la ficha,1
G-00000000011723,P-GR-3EA5E5AE8789,GrupLAC: producto listado en la ficha,1
G-00000000011723,P-GR-3EC044CEDD04,GrupLAC: producto listado en la ficha,1
G-00000000011723,P-GR-3F7E7CD45DE9,GrupLAC: producto listado en la ficha,1
G-00000000011723,P-GR-441315C53D76,GrupLAC: producto listado en la ficha,1
G-00000000011723,P-GR-444600FA190E,GrupLAC: producto listado en la ficha,1
G-00000000011723,P-GR-4605AD1DD4AB,GrupLAC: producto listado en la ficha,1
G-00000000011723,P-GR-466BA5F1232D,GrupLAC: producto listado en la ficha,1
G-00000000011723,P-GR-48C64BB63223,GrupLAC: producto listado en la ficha,1
G-00000000011723,P-GR-4B77F60CEB18,GrupLAC: producto listado en la ficha,1
G-00000000011723,P-GR-4D73DFF12256,GrupLAC: producto listado en la ficha,1
G-00000000011723,P-GR-4D9523C016F9,GrupLAC: producto listado en la ficha,1
G-00000000011723,P-GR-50B7E73B2C35,GrupLAC: producto listado en la ficha,1
G-00000000011723,P-GR-54A8B55604FB,GrupLAC: producto listado en la ficha,1
G-00000000011723,P-GR-561E3B71BA23,GrupLAC: producto listado en la ficha,1
G-00000000011723,P-GR-5CBA21613242,GrupLAC: producto listado en la ficha,1
G-00000000011723,P-GR-63F5805E91C8,GrupLAC: producto listado en la ficha,1
G-00000000011723,P-GR-65A3B455790C,GrupLAC: producto listado en la ficha,1
G-00000000011723,P-GR-66CAB9612407,GrupLAC: producto listado en la ficha,1
G-00000000011723,P-GR-6A2869C57737,GrupLAC: producto listado en la ficha,1
G-00000000011723,P-GR-6D39781BB17F,GrupLAC: producto listado en la ficha,1
G-00000000011723,P-GR-6D4335CFD096,GrupLAC: producto listado en la ficha,1
G-00000000011723,P-GR-6DEB7CF3BA6A,GrupLAC: producto listado en la ficha,1
G-00000000011723,P-GR-6FE91BA55A1D,GrupLAC: producto listado en la ficha,1
G-00000000011723,P-GR-722650EC8E47,GrupLAC: producto listado en la ficha,1
G-00000000011723,P-GR-73E25B0D4CD7,GrupLAC: producto listado en la ficha,1
G-00000000011723,P-GR-7B1641A67ED0,GrupLAC: producto listado en la ficha,1
G-00000000011723,P-GR-82E16C2681A4,GrupLAC: producto listado en la ficha,1
G-00000000011723,P-GR-8383D880B8BE,GrupLAC: producto listado en la ficha,1
G-00000000011723,P-GR-83CE39A2DE94,GrupLAC: producto listado en la ficha,1
G-00000000011723,P-GR-8484C33723A9,GrupLAC: producto listado en la ficha,1
G-00000000011723,P-GR-877EFB8C267F,GrupLAC: producto listado en la ficha,1
G-00000000011723,P-GR-8F6C9311E5D0,GrupLAC: producto listado en la ficha,1
G-00000000011723,P-GR-901C19A68EB2,GrupLAC: producto listado en la ficha,1
G-00000000011723,P-GR-9233C00AEB39,GrupLAC: producto listado en la ficha,1
G-00000000011723,P-GR-9470BFCD6894,GrupLAC: producto listado en la ficha,1
G-00000000011723,P-GR-9538B05A6B72,GrupLAC: producto listado en la ficha,1
G-00000000011723,P-GR-9691FEB1F91C,GrupLAC: producto listado en la ficha,1
G-00000000011723,P-GR-985D24338E6E,GrupLAC: producto listado en la ficha,1
G-00000000011723,P-GR-98EAF0B667C1,GrupLAC: producto listado en la ficha,1
G-00000000011723,P-GR-9BF3CDCFB0EF,GrupLAC: producto listado en la ficha,1
G-00000000011723,P-GR-9C59D0346172,GrupLAC: producto listado en la ficha,1
G-00000000011723,P-GR-9DE77CFEEF8A,GrupLAC: producto listado en la ficha,1
G-00000000011723,P-GR-9E5258B6B8F9,GrupLAC: producto listado en la ficha,1
G-00000000011723,P-GR-AEDB60C56498,GrupLAC: producto listado en la ficha,1
G-00000000011723,P-GR-B0C8745B3575,GrupLAC: producto listado en la ficha,1
G-00000000011723,P-GR-B570645709F3,GrupLAC: producto listado en la ficha,1
G-00000000011723,P-GR-B710CED60646,GrupLAC: producto listado en la ficha,1
G-00000000011723,P-GR-BAA8E74B2B9E,GrupLAC: producto listado en la ficha,1
G-00000000011723,P-GR-BC6313C012CB,GrupLAC: producto listado en la ficha,1
G-00000000011723,P-GR-C18DDC4A27C6,GrupLAC: producto listado en la ficha,1
G-00000000011723,P-GR-C3024227847B,GrupLAC: producto listado en la ficha,1
G-00000000011723,P-GR-C4C017852A74,GrupLAC: producto listado en la ficha,1
G-00000000011723,P-GR-C66440C65C90,GrupLAC: producto listado en la ficha,1
G-00000000011723,P-GR-C6DCE729C9CB,GrupLAC: producto listado en la ficha,1
G-00000000011723,P-GR-C7132223282C,GrupLAC: producto listado en la ficha,1
G-00000000011723,P-GR-C816EDF36AC5,GrupLAC: producto listado en la ficha,1
G-00000000011723,P-GR-C879AC1C6C17,GrupLAC: producto listado en la ficha,1
G-00000000011723,P-GR-CA85328843A1,GrupLAC: producto listado en la ficha,1
G-00000000011723,P-GR-CB96A5D4088A,GrupLAC: producto listado en la ficha,1
G-00000000011723,P-GR-CBC77D377B1C,GrupLAC: producto listado en la ficha,1
G-00000000011723,P-GR-CCF3E6DF3F68,GrupLAC: producto listado en la ficha,1
G-00000000011723,P-GR-D2582DEE7D5D,GrupLAC: producto listado en la ficha,1
G-00000000011723,P-GR-D4F148BD8E03,GrupLAC: producto listado en la ficha,1
G-00000000011723,P-GR-D55A73AECB1C,GrupLAC: producto listado en la ficha,1
G-00000000011723,P-GR-D609C7D9C3F3,GrupLAC: producto listado en la ficha,1
G-00000000011723,P-GR-D63F042C0A5D,GrupLAC: producto listado en la ficha,1
G-00000000011723,P-GR-D777626FA1F9,GrupLAC: producto listado en la ficha,1
G-00000000011723,P-GR-D855A9089F7C,GrupLAC: producto listado en la ficha,1
G-00000000011723,P-GR-DA6967EAE2A0,GrupLAC: producto listado en la ficha,1
G-00000000011723,P-GR-DAE111CD0217,GrupLAC: producto listado en la ficha,1
G-00000000011723,P-GR-DD7CFD64A062,GrupLAC: producto listado en la ficha,1
G-00000000011723,P-GR-DDE67085EB07,GrupLAC: producto listado en la ficha,1
G-00000000011723,P-GR-E077F8657F9D,GrupLAC: producto listado en la ficha,1
G-00000000011723,P-GR-E0920F684A69,GrupLAC: producto listado en la ficha,1
G-00000000011723,P-GR-E1725DE98C03,GrupLAC: producto listado en la ficha,1
G-00000000011723,P-GR-E78D1AE5384D,GrupLAC: producto listado en la ficha,1
G-00000000011723,P-GR-E8EB8897C440,GrupLAC: producto listado en la ficha,1
G-00000000011723,P-GR-E9354A445476,GrupLAC: producto listado en la ficha,1
G-00000000011723,P-GR-E950EDB1A2A5,GrupLAC: producto listado en la ficha,1
G-00000000011723,P-GR-EB5416CFB271,GrupLAC: producto listado en la ficha,1
G-00000000011723,P-GR-EC199E73D06E,GrupLAC: producto listado en la ficha,1
G-00000000011723,P-GR-F060A03C6007,GrupLAC: producto listado en la ficha,1
G-00000000011723,P-GR-F11EE7BFDE5F,GrupLAC: producto listado en la ficha,1
G-00000000011723,P-GR-F1F08CBBDC43,GrupLAC: producto listado en la ficha,1
G-00000000011723,P-GR-F7DD5D8103D1,GrupLAC: producto listado en la ficha,1
G-00000000011723,P-GR-F8C510D70C91,GrupLAC: producto listado en la ficha,1
G-00000000011723,P-GR-FA8334CAAA80,GrupLAC: producto listado en la ficha,1
G-00000000011723,P-GR-FE1BF04083CE,GrupLAC: producto listado en la ficha,1
G-00000000011723,P-GR-FEF6C89E1642,GrupLAC: producto listado en la ficha,1
G-00000000014398,P-GR-019E365D7228,GrupLAC: producto listado en la ficha,1
G-00000000014398,P-GR-090697E384C1,GrupLAC: producto listado en la ficha,1
G-00000000014398,P-GR-19CECB8B4676,GrupLAC: producto listado en la ficha,1
G-00000000014398,P-GR-261CC6C5CA28,GrupLAC: producto listado en la ficha,1
G-00000000014398,P-GR-298568045E9F,GrupLAC: producto listado en la ficha,1
G-00000000014398,P-GR-365241F4F12A,GrupLAC: producto listado en la ficha,1
G-00000000014398,P-GR-3725ED97F52D,GrupLAC: producto listado en la ficha,1
G-00000000014398,P-GR-38ADADB7017A,GrupLAC: producto listado en la ficha,1
G-00000000014398,P-GR-38DF91D417C8,GrupLAC: producto listado en la ficha,1
G-00000000014398,P-GR-49B1A15DC156,GrupLAC: producto listado en la ficha,1
G-00000000014398,P-GR-4A28AB55F15A,GrupLAC: producto listado en la ficha,1
G-00000000014398,P-GR-4EB30A22E6B6,GrupLAC: producto listado en la ficha,1
G-00000000014398,P-GR-4FA7E4BB7A6A,GrupLAC: producto listado en la ficha,1
G-00000000014398,P-GR-542A1EB2505A,GrupLAC: producto listado en la ficha,1
G-00000000014398,P-GR-593A860DFDEF,GrupLAC: producto listado en la ficha,1
G-00000000014398,P-GR-696C9B7DCA8C,GrupLAC: producto listado en la ficha,1
G-00000000014398,P-GR-71D80ECDC0FE,GrupLAC: producto listado en la ficha,1
G-00000000014398,P-GR-74923264D04E,GrupLAC: producto listado en la ficha,1
G-00000000014398,P-GR-76241F67FD08,GrupLAC: producto listado en la ficha,1
G-00000000014398,P-GR-8E99F7D8FE7B,GrupLAC: producto listado en la ficha,1
G-00000000014398,P-GR-9060ACEAAF29,GrupLAC: producto listado en la ficha,1
G-00000000014398,P-GR-92D371318984,GrupLAC: producto listado en la ficha,1
G-00000000014398,P-GR-A0A10DB410C4,GrupLAC: producto listado en la ficha,1
G-00000000014398,P-GR-A377873F9FB0,GrupLAC: producto listado en la ficha,1
G-00000000014398,P-GR-A56473EA2C9F,GrupLAC: producto listado en la ficha,1
G-00000000014398,P-GR-B324C958FED1,GrupLAC: producto listado en la ficha,1
G-00000000014398,P-GR-C2DEA2A4542E,GrupLAC: producto listado en la ficha,1
G-00000000014398,P-GR-CD60AB34FC92,GrupLAC: producto listado en la ficha,1
G-00000000014398,P-GR-DD3A576F8EC0,GrupLAC: producto listado en la ficha,1
G-00000000014398,P-GR-DF5FBF9B511C,GrupLAC: producto listado en la ficha,1
G-00000000014398,P-GR-E2651C45C3BE,GrupLAC: producto listado en la ficha,1
G-00000000014398,P-GR-E307CEA05C25,GrupLAC: producto listado en la ficha,1
G-00000000014398,P-GR-E4B2364776E3,GrupLAC: producto listado en la ficha,1
G-00000000014398,P-GR-EA78C39C6BFD,GrupLAC: producto listado en la ficha,1
G-00000000014398,P-GR-EF9D335B977E,GrupLAC: producto listado en la ficha,1
G-00000000014398,P-GR-F9F00737AF1E,GrupLAC: producto listado en la ficha,1
G-00000000014398,P-GR-FAE315B823B1,GrupLAC: producto listado en la ficha,1
G-00000000014398,P-GR-FB64AFD0DCEC,GrupLAC: producto listado en la ficha,1
G-00000000014398,P-GR-FEBCF3804611,GrupLAC: producto listado en la ficha,1
G-00000000014742,P-GR-015623BF6584,GrupLAC: producto listado en la ficha,1
G-00000000014742,P-GR-031D18A7112F,GrupLAC: producto listado en la ficha,1
G-00000000014742,P-GR-04A11277DBBF,GrupLAC: producto listado en la ficha,1
G-00000000014742,P-GR-05EB57657FAF,GrupLAC: producto listado en la ficha,1
G-00000000014742,P-GR-07C44120E00B,GrupLAC: producto listado en la ficha,1
G-00000000014742,P-GR-0AEEE7981E31,GrupLAC: producto listado en la ficha,1
G-00000000014742,P-GR-0E2D79D7CC8A,GrupLAC: producto listado en la ficha,1
G-00000000014742,P-GR-10D7D281864C,GrupLAC: producto listado en la ficha,1
G-00000000014742,P-GR-14E5B9F878A8,GrupLAC: producto listado en la ficha,1
G-00000000014742,P-GR-157649A4227A,GrupLAC: producto listado en la ficha,1
G-00000000014742,P-GR-163AB7EBF224,GrupLAC: producto listado en la ficha,1
G-00000000014742,P-GR-1C3B8AD4D21B,GrupLAC: producto listado en la ficha,1
G-00000000014742,P-GR-1E154157ADAB,GrupLAC: producto listado en la ficha,1
G-00000000014742,P-GR-21AC663C8C3D,GrupLAC: producto listado en la ficha,1
G-00000000014742,P-GR-234F4EA492B6,GrupLAC: producto listado en la ficha,1
G-00000000014742,P-GR-24427EA79387,GrupLAC: producto listado en la ficha,1
G-00000000014742,P-GR-25FF60468883,GrupLAC: producto listado en la ficha,1
G-00000000014742,P-GR-26744034ADB4,GrupLAC: producto listado en la ficha,1
G-00000000014742,P-GR-274F93821DE7,GrupLAC: producto listado en la ficha,1
G-00000000014742,P-GR-291A14B4084B,GrupLAC: producto listado en la ficha,1
G-00000000014742,P-GR-297B7B6DC82C,GrupLAC: producto listado en la ficha,1
G-00000000014742,P-GR-298568045E9F,GrupLAC: producto listado en la ficha,1
G-00000000014742,P-GR-2A121ACB7391,GrupLAC: producto listado en la ficha,1
G-00000000014742,P-GR-2AE123CCD181,GrupLAC: producto listado en la ficha,1
G-00000000014742,P-GR-2D9B3439C2F5,GrupLAC: producto listado en la ficha,1
G-00000000014742,P-GR-2D9DC9CA4CEB,GrupLAC: producto listado en la ficha,1
G-00000000014742,P-GR-2F7E74950BEC,GrupLAC: producto listado en la ficha,1
G-00000000014742,P-GR-30F88FD67A32,GrupLAC: producto listado en la ficha,1
G-00000000014742,P-GR-313D50EEE4D6,GrupLAC: producto listado en la ficha,1
G-00000000014742,P-GR-31EA48C3B3E3,GrupLAC: producto listado en la ficha,1
G-00000000014742,P-GR-325B49BB80C4,GrupLAC: producto listado en la ficha,1
G-00000000014742,P-GR-327F7F8E4015,GrupLAC: producto listado en la ficha,1
G-00000000014742,P-GR-339CB32FF14C,GrupLAC: producto listado en la ficha,1
G-00000000014742,P-GR-350AC5942FB3,GrupLAC: producto listado en la ficha,1
G-00000000014742,P-GR-3839E98E10F8,GrupLAC: producto listado en la ficha,1
G-00000000014742,P-GR-39F9FD8E129D,GrupLAC: producto listado en la ficha,1
G-00000000014742,P-GR-3D20BA9AA966,GrupLAC: producto listado en la ficha,1
G-00000000014742,P-GR-3E40FDFAC8BE,GrupLAC: producto listado en la ficha,1
G-00000000014742,P-GR-400074558256,GrupLAC: producto listado en la ficha,1
G-00000000014742,P-GR-418D134205B7,GrupLAC: producto listado en la ficha,1
G-00000000014742,P-GR-423D61553D09,GrupLAC: producto listado en la ficha,1
G-00000000014742,P-GR-44445AF305BC,GrupLAC: producto listado en la ficha,1
G-00000000014742,P-GR-48EE9FC88943,GrupLAC: producto listado en la ficha,1
G-00000000014742,P-GR-4966CC00DA2F,GrupLAC: producto listado en la ficha,1
G-00000000014742,P-GR-4BB3C066C1AF,GrupLAC: producto listado en la ficha,1
G-00000000014742,P-GR-4BE863CC6B65,GrupLAC: producto listado en la ficha,1
G-00000000014742,P-GR-4BED18F9F984,GrupLAC: producto listado en la ficha,1
G-00000000014742,P-GR-4C473AD1B7B1,GrupLAC: producto listado en la ficha,1
G-00000000014742,P-GR-4DCAE8012022,GrupLAC: producto listado en la ficha,1
G-00000000014742,P-GR-50BA8C8403DB,GrupLAC: producto listado en la ficha,1
G-00000000014742,P-GR-52A6557EB5F1,GrupLAC: producto listado en la ficha,1
G-00000000014742,P-GR-53D7F3C18D3E,GrupLAC: producto listado en la ficha,1
G-00000000014742,P-GR-5747A33170DC,GrupLAC: producto listado en la ficha,1
G-00000000014742,P-GR-5E5428ABC530,GrupLAC: producto listado en la ficha,1
G-00000000014742,P-GR-5F869F4555D7,GrupLAC: producto listado en la ficha,1
G-00000000014742,P-GR-62026B5F199E,GrupLAC: producto listado en la ficha,1
G-00000000014742,P-GR-681D907F8BA4,GrupLAC: producto listado en la ficha,1
G-00000000014742,P-GR-689B8B3A6DB7,GrupLAC: producto listado en la ficha,1
G-00000000014742,P-GR-6B7F4FCE9C9E,GrupLAC: producto listado en la ficha,1
G-00000000014742,P-GR-6CDD919A0B0F,GrupLAC: producto listado en la ficha,1
G-00000000014742,P-GR-6D91BDA2D297,GrupLAC: producto listado en la ficha,1
G-00000000014742,P-GR-6DE166622AAC,GrupLAC: producto listado en la ficha,1
G-00000000014742,P-GR-6FA9D3B2A5A0,GrupLAC: producto listado en la ficha,1
G-00000000014742,P-GR-73999E0341DD,GrupLAC: producto listado en la ficha,1
G-00000000014742,P-GR-73D5F3DB2FC9,GrupLAC: producto listado en la ficha,1
G-00000000014742,P-GR-785743DAB59F,GrupLAC: producto listado en la ficha,1
G-00000000014742,P-GR-7875C04D052B,GrupLAC: producto listado en la ficha,1
G-00000000014742,P-GR-7B93694758DD,GrupLAC: producto listado en la ficha,1
G-00000000014742,P-GR-7C5DF595CFC0,GrupLAC: producto listado en la ficha,1
G-00000000014742,P-GR-80D259EFCA29,GrupLAC: producto listado en la ficha,1
G-00000000014742,P-GR-80F50B170E55,GrupLAC: producto listado en la ficha,1
G-00000000014742,P-GR-8644225F52F9,GrupLAC: producto listado en la ficha,1
G-00000000014742,P-GR-8687E272700D,GrupLAC: producto listado en la ficha,1
G-00000000014742,P-GR-8996ACEF7017,GrupLAC: producto listado en la ficha,1
G-00000000014742,P-GR-8BDBDEBF0B84,GrupLAC: producto listado en la ficha,1
G-00000000014742,P-GR-8C87D835C092,GrupLAC: producto listado en la ficha,1
G-00000000014742,P-GR-8EA770462D58,GrupLAC: producto listado en la ficha,1
G-00000000014742,P-GR-8F3121441604,GrupLAC: producto listado en la ficha,1
G-00000000014742,P-GR-8F75973A99BB,GrupLAC: producto listado en la ficha,1
G-00000000014742,P-GR-9504AAA0D2C6,GrupLAC: producto listado en la ficha,1
G-00000000014742,P-GR-9997058E7721,GrupLAC: producto listado en la ficha,1
G-00000000014742,P-GR-A093F796429D,GrupLAC: producto listado en la ficha,1
G-00000000014742,P-GR-A420F52E7A9E,GrupLAC: producto listado en la ficha,1
G-00000000014742,P-GR-A42B1224FD8E,GrupLAC: producto listado en la ficha,1
G-00000000014742,P-GR-A45FFEFFE7DA,GrupLAC: producto listado en la ficha,1
G-00000000014742,P-GR-A6B2E0D4A7EA,GrupLAC: producto listado en la ficha,1
G-00000000014742,P-GR-A723C0496BFA,GrupLAC: producto listado en la ficha,1
G-00000000014742,P-GR-ADD7057FE309,GrupLAC: producto listado en la ficha,1
G-00000000014742,P-GR-AE09768E1EF1,GrupLAC: producto listado en la ficha,1
G-00000000014742,P-GR-B2EA7A7868F9,GrupLAC: producto listado en la ficha,1
G-00000000014742,P-GR-B3944CEFCE72,GrupLAC: producto listado en la ficha,1
G-00000000014742,P-GR-B3FEC007D5F7,GrupLAC: producto listado en la ficha,1
G-00000000014742,P-GR-B43B5D8BE3BE,GrupLAC: producto listado en la ficha,1
G-00000000014742,P-GR-BAC8708EEB6E,GrupLAC: producto listado en la ficha,1
G-00000000014742,P-GR-BCA22CF71202,GrupLAC: producto listado en la ficha,1
G-00000000014742,P-GR-BCCA318F14CA,GrupLAC: producto listado en la ficha,1
G-00000000014742,P-GR-BD851EA5D048,GrupLAC: producto listado en la ficha,1
G-00000000014742,P-GR-BEE925E4E664,GrupLAC: producto listado en la ficha,1
G-00000000014742,P-GR-C79CAA4582E3,GrupLAC: producto listado en la ficha,1
G-00000000014742,P-GR-C89984393E58,GrupLAC: producto listado en la ficha,1
G-00000000014742,P-GR-C8D6FA9B372F,GrupLAC: producto listado en la ficha,1
G-00000000014742,P-GR-CCF211F0E99E,GrupLAC: producto listado en la ficha,1
G-00000000014742,P-GR-CE85B708C2D6,GrupLAC: producto listado en la ficha,1
G-00000000014742,P-GR-CEF7FCCE7A45,GrupLAC: producto listado en la ficha,1
G-00000000014742,P-GR-D143CDCC97F6,GrupLAC: producto listado en la ficha,1
G-00000000014742,P-GR-D156D0E85320,GrupLAC: producto listado en la ficha,1
G-00000000014742,P-GR-D1BB9707B438,GrupLAC: producto listado en la ficha,1
G-00000000014742,P-GR-D63B16E74D74,GrupLAC: producto listado en la ficha,1
G-00000000014742,P-GR-D77064E12347,GrupLAC: producto listado en la ficha,1
G-00000000014742,P-GR-D8B05E3B76FE,GrupLAC: producto listado en la ficha,1
G-00000000014742,P-GR-DAD013825005,GrupLAC: producto listado en la ficha,1
G-00000000014742,P-GR-E23753860949,GrupLAC: producto listado en la ficha,1
G-00000000014742,P-GR-E3B55C1AAE75,GrupLAC: producto listado en la ficha,1
G-00000000014742,P-GR-E5D9EDEA23EC,GrupLAC: producto listado en la ficha,1
G-00000000014742,P-GR-E7CE52DFB38F,GrupLAC: producto listado en la ficha,1
G-00000000014742,P-GR-EA5780FD8D84,GrupLAC: producto listado en la ficha,1
G-00000000014742,P-GR-EA703600572A,GrupLAC: producto listado en la ficha,1
G-00000000014742,P-GR-EBC77A76A16E,GrupLAC: producto listado en la ficha,1
G-00000000014742,P-GR-EC13D6A83570,GrupLAC: producto listado en la ficha,1
G-00000000014742,P-GR-ED3A13FD9848,GrupLAC: producto listado en la ficha,1
G-00000000014742,P-GR-F0D568587329,GrupLAC: producto listado en la ficha,1
G-00000000014742,P-GR-F472966ABF80,GrupLAC: producto listado en la ficha,1
G-00000000014742,P-GR-F94F763FA24D,GrupLAC: producto listado en la ficha,1
G-00000000014742,P-GR-FBC2E5CD909C,GrupLAC: producto listado en la ficha,1
G-00000000014742,P-GR-FD13BE99E301,GrupLAC: producto listado en la ficha,1
G-00000000014742,P-GR-FF188E3129AA,GrupLAC: producto listado en la ficha,1
G-00000000015173,P-GR-01C1703905F3,GrupLAC: producto listado en la ficha,1
G-00000000015173,P-GR-034807DBAB41,GrupLAC: producto listado en la ficha,1
G-00000000015173,P-GR-047EDB74E9C9,GrupLAC: producto listado en la ficha,1
G-00000000015173,P-GR-04ACCE3F2EB3,GrupLAC: producto listado en la ficha,1
G-00000000015173,P-GR-0A03861BDC1B,GrupLAC: producto listado en la ficha,1
G-00000000015173,P-GR-0ECF62D7F15D,GrupLAC: producto listado en la ficha,1
G-00000000015173,P-GR-0EF6B081421F,GrupLAC: producto listado en la ficha,1
G-00000000015173,P-GR-13864E7ED77C,GrupLAC: producto listado en la ficha,1
G-00000000015173,P-GR-1599D71B4913,GrupLAC: producto listado en la ficha,1
G-00000000015173,P-GR-1A88A3B04630,GrupLAC: producto listado en la ficha,1
G-00000000015173,P-GR-1C1B7ABB705B,GrupLAC: producto listado en la ficha,1
G-00000000015173,P-GR-1CCB4236C4F6,GrupLAC: producto listado en la ficha,1
G-00000000015173,P-GR-20847EA6C795,GrupLAC: producto listado en la ficha,1
G-00000000015173,P-GR-231A309F5836,GrupLAC: producto listado en la ficha,1
G-00000000015173,P-GR-275D0416642C,GrupLAC: producto listado en la ficha,1
G-00000000015173,P-GR-29BB0C3FAD80,GrupLAC: producto listado en la ficha,1
G-00000000015173,P-GR-2B0C550CD21E,GrupLAC: producto listado en la ficha,1
G-00000000015173,P-GR-2BD29C62B470,GrupLAC: producto listado en la ficha,1
G-00000000015173,P-GR-33DBDE790934,GrupLAC: producto listado en la ficha,1
G-00000000015173,P-GR-392916C1E44B,GrupLAC: producto listado en la ficha,1
G-00000000015173,P-GR-3CAF86A712CB,GrupLAC: producto listado en la ficha,1
G-00000000015173,P-GR-40FD4A810AC0,GrupLAC: producto listado en la ficha,1
G-00000000015173,P-GR-4310DF113580,GrupLAC: producto listado en la ficha,1
G-00000000015173,P-GR-43E03B10676F,GrupLAC: producto listado en la ficha,1
G-00000000015173,P-GR-453D600A63D1,GrupLAC: producto listado en la ficha,1
G-00000000015173,P-GR-4AB368A623A6,GrupLAC: producto listado en la ficha,1
G-00000000015173,P-GR-4BAB8027EE4B,GrupLAC: producto listado en la ficha,1
G-00000000015173,P-GR-549326D88989,GrupLAC: producto listado en la ficha,1
G-00000000015173,P-GR-59B668635008,GrupLAC: producto listado en la ficha,1
G-00000000015173,P-GR-5E2A8DDD7E8D,GrupLAC: producto listado en la ficha,1
G-00000000015173,P-GR-62CB45FF6E4D,GrupLAC: producto listado en la ficha,1
G-00000000015173,P-GR-68F8C8DBD900,GrupLAC: producto listado en la ficha,1
G-00000000015173,P-GR-6F47F19D3BFB,GrupLAC: producto listado en la ficha,1
G-00000000015173,P-GR-82A2DC5C24A2,GrupLAC: producto listado en la ficha,1
G-00000000015173,P-GR-860FB9482C6E,GrupLAC: producto listado en la ficha,1
G-00000000015173,P-GR-88D2476F5BF9,GrupLAC: producto listado en la ficha,1
G-00000000015173,P-GR-93DDD6953BDB,GrupLAC: producto listado en la ficha,1
G-00000000015173,P-GR-97F3BF4382C5,GrupLAC: producto listado en la ficha,1
G-00000000015173,P-GR-9BED6198A6C6,GrupLAC: producto listado en la ficha,1
G-00000000015173,P-GR-9FCE01ABF149,GrupLAC: producto listado en la ficha,1
G-00000000015173,P-GR-9FD280B54C0B,GrupLAC: producto listado en la ficha,1
G-00000000015173,P-GR-A008266EB277,GrupLAC: producto listado en la ficha,1
G-00000000015173,P-GR-A1B56EB3A42A,GrupLAC: producto listado en la ficha,1
G-00000000015173,P-GR-A4E9A85A1742,GrupLAC: producto listado en la ficha,1
G-00000000015173,P-GR-A519CCE177A1,GrupLAC: producto listado en la ficha,1
G-00000000015173,P-GR-A9F930A25D3B,GrupLAC: producto listado en la ficha,1
G-00000000015173,P-GR-AAB1DB96E7C7,GrupLAC: producto listado en la ficha,1
G-00000000015173,P-GR-AEC12131567D,GrupLAC: producto listado en la ficha,1
G-00000000015173,P-GR-B4EEC157196E,GrupLAC: producto listado en la ficha,1
G-00000000015173,P-GR-B8D74F0C11E0,GrupLAC: producto listado en la ficha,1
G-00000000015173,P-GR-BAD501C44673,GrupLAC: producto listado en la ficha,1
G-00000000015173,P-GR-C1763B34BA6A,GrupLAC: producto listado en la ficha,1
G-00000000015173,P-GR-C42D451D75DC,GrupLAC: producto listado en la ficha,1
G-00000000015173,P-GR-C46666F88C42,GrupLAC: producto listado en la ficha,1
G-00000000015173,P-GR-C969DD9F5A7C,GrupLAC: producto listado en la ficha,1
G-00000000015173,P-GR-D00631B0A022,GrupLAC: producto listado en la ficha,1
G-00000000015173,P-GR-D74C8FF1ED1E,GrupLAC: producto listado en la ficha,1
G-00000000015173,P-GR-D9F13E1A3C93,GrupLAC: producto listado en la ficha,1
G-00000000015173,P-GR-DDBB91121AE1,GrupLAC: producto listado en la ficha,1
G-00000000015173,P-GR-DDD27E872FB1,GrupLAC: producto listado en la ficha,1
G-00000000015173,P-GR-E3B84422F480,GrupLAC: producto listado en la ficha,1
G-00000000015173,P-GR-E51679B64084,GrupLAC: producto listado en la ficha,1
G-00000000015173,P-GR-E633C87BD736,GrupLAC: producto listado en la ficha,1
G-00000000015173,P-GR-E6B78592C592,GrupLAC: producto listado en la ficha,1
G-00000000015173,P-GR-EBCB631551AD,GrupLAC: producto listado en la ficha,1
G-00000000015173,P-GR-EDCE320EA12A,GrupLAC: producto listado en la ficha,1
G-00000000015173,P-GR-F0E0D95BABF7,GrupLAC: producto listado en la ficha,1
G-00000000015173,P-GR-F96099E130BA,GrupLAC: producto listado en la ficha,1
G-00000000015173,P-GR-F96F08D3514B,GrupLAC: producto listado en la ficha,1
G-00000000015173,P-GR-FCE3EF412FD5,GrupLAC: producto listado en la ficha,1
G-00000000015173,P-GR-FD93D8DBD6A1,GrupLAC: producto listado en la ficha,1
G-00000000015180,P-GR-181CBE394216,GrupLAC: producto listado en la ficha,1
G-00000000015180,P-GR-1C652AD5E29E,GrupLAC: producto listado en la ficha,1
G-00000000015180,P-GR-20B5BBBCD012,GrupLAC: producto listado en la ficha,1
G-00000000015180,P-GR-2432BD0740AA,GrupLAC: producto listado en la ficha,1
G-00000000015180,P-GR-3C46C9596B48,GrupLAC: producto listado en la ficha,1
G-00000000015180,P-GR-3D936CC92617,GrupLAC: producto listado en la ficha,1
G-00000000015180,P-GR-4E5D4558808B,GrupLAC: producto listado en la ficha,1
G-00000000015180,P-GR-5CBE054B50C5,GrupLAC: producto listado en la ficha,1
G-00000000015180,P-GR-61DFC43AE9D5,GrupLAC: producto listado en la ficha,1
G-00000000015180,P-GR-6DECC7368BE3,GrupLAC: producto listado en la ficha,1
G-00000000015180,P-GR-8347E6A2C35C,GrupLAC: producto listado en la ficha,1
G-00000000015180,P-GR-87C312FCF568,GrupLAC: producto listado en la ficha,1
G-00000000015180,P-GR-89D1A09EC4C9,GrupLAC: producto listado en la ficha,1
G-00000000015180,P-GR-8B182F6926F8,GrupLAC: producto listado en la ficha,1
G-00000000015180,P-GR-8D31C20E6E38,GrupLAC: producto listado en la ficha,1
G-00000000015180,P-GR-9E2814FB111D,GrupLAC: producto listado en la ficha,1
G-00000000015180,P-GR-AE274E096A1B,GrupLAC: producto listado en la ficha,1
G-00000000015180,P-GR-B038B4E62D93,GrupLAC: producto listado en la ficha,1
G-00000000015180,P-GR-B3E09A8D8553,GrupLAC: producto listado en la ficha,1
G-00000000015180,P-GR-BCF13367275D,GrupLAC: producto listado en la ficha,1
G-00000000015180,P-GR-C687D64FCF9E,GrupLAC: producto listado en la ficha,1
G-00000000015180,P-GR-E3ABA4A1EF8E,GrupLAC: producto listado en la ficha,1
G-00000000015180,P-GR-ECC94CEF0F85,GrupLAC: producto listado en la ficha,1
G-00000000015180,P-GR-F689573832D9,GrupLAC: producto listado en la ficha,1
G-00000000015180,P-GR-FB4742E095CA,GrupLAC: producto listado en la ficha,1
G-00000000016202,P-GR-0427D15C8E37,GrupLAC: producto listado en la ficha,1
G-00000000016202,P-GR-1CD33346A3C7,GrupLAC: producto listado en la ficha,1
G-00000000016202,P-GR-2A6B5C9BEFF7,GrupLAC: producto listado en la ficha,1
G-00000000016202,P-GR-2C7CFAFFD303,GrupLAC: producto listado en la ficha,1
G-00000000016202,P-GR-31C16E130328,GrupLAC: producto listado en la ficha,1
G-00000000016202,P-GR-37C622BDFEBD,GrupLAC: producto listado en la ficha,1
G-00000000016202,P-GR-3F24071B87AA,GrupLAC: producto listado en la ficha,1
G-00000000016202,P-GR-49FD3908FF5F,GrupLAC: producto listado en la ficha,1
G-00000000016202,P-GR-4B7C91AD2B0B,GrupLAC: producto listado en la ficha,1
G-00000000016202,P-GR-4D6DE499D1F4,GrupLAC: producto listado en la ficha,1
G-00000000016202,P-GR-617BE3C6781A,GrupLAC: producto listado en la ficha,1
G-00000000016202,P-GR-9044DAAEA805,GrupLAC: producto listado en la ficha,1
G-00000000016202,P-GR-909CB8FC6017,GrupLAC: producto listado en la ficha,1
G-00000000016202,P-GR-90E1C8313767,GrupLAC: producto listado en la ficha,1
G-00000000016202,P-GR-9175D261DE7A,GrupLAC: producto listado en la ficha,1
G-00000000016202,P-GR-B25DB9FBD61D,GrupLAC: producto listado en la ficha,1
G-00000000016202,P-GR-B6DE80568D1E,GrupLAC: producto listado en la ficha,1
G-00000000016202,P-GR-BB312F344E4F,GrupLAC: producto listado en la ficha,1
G-00000000016202,P-GR-BB3A2D98EFFB,GrupLAC: producto listado en la ficha,1
G-00000000016202,P-GR-C32C19786616,GrupLAC: producto listado en la ficha,1
G-00000000016202,P-GR-C3ECDADD9154,GrupLAC: producto listado en la ficha,1
G-00000000016202,P-GR-CB5FCBD578E4,GrupLAC: producto listado en la ficha,1
G-00000000016202,P-GR-CEC60B778676,GrupLAC: producto listado en la ficha,1
G-00000000016202,P-GR-F5973B7F914A,GrupLAC: producto listado en la ficha,1
G-00000000016202,P-GR-F66A605B854F,GrupLAC: producto listado en la ficha,1
G-00000000016202,P-GR-FCF182E13D77,GrupLAC: producto listado en la ficha,1
G-00000000016636,P-GR-00CD0A5A90A5,GrupLAC: producto listado en la ficha,1
G-00000000016636,P-GR-024DE68CB4B7,GrupLAC: producto listado en la ficha,1
G-00000000016636,P-GR-03E8C33CB013,GrupLAC: producto listado en la ficha,1
G-00000000016636,P-GR-060BACA9E3CF,GrupLAC: producto listado en la ficha,1
G-00000000016636,P-GR-07A3D7A4848E,GrupLAC: producto listado en la ficha,1
G-00000000016636,P-GR-0856A826FD33,GrupLAC: producto listado en la ficha,1
G-00000000016636,P-GR-094AD77C8B95,GrupLAC: producto listado en la ficha,1
G-00000000016636,P-GR-0C1598A9E930,GrupLAC: producto listado en la ficha,1
G-00000000016636,P-GR-0D82972EBD15,GrupLAC: producto listado en la ficha,1
G-00000000016636,P-GR-111A0DEBAF3B,GrupLAC: producto listado en la ficha,1
G-00000000016636,P-GR-14A5317FE649,GrupLAC: producto listado en la ficha,1
G-00000000016636,P-GR-1A5250B6413E,GrupLAC: producto listado en la ficha,1
G-00000000016636,P-GR-1DEEA657E5F0,GrupLAC: producto listado en la ficha,1
G-00000000016636,P-GR-22237B44FAC7,GrupLAC: producto listado en la ficha,1
G-00000000016636,P-GR-237F62279383,GrupLAC: producto listado en la ficha,1
G-00000000016636,P-GR-24F736C777AD,GrupLAC: producto listado en la ficha,1
G-00000000016636,P-GR-26C7F05AFBAE,GrupLAC: producto listado en la ficha,1
G-00000000016636,P-GR-2D40E0B5325A,GrupLAC: producto listado en la ficha,1
G-00000000016636,P-GR-2F9294D6A7C4,GrupLAC: producto listado en la ficha,1
G-00000000016636,P-GR-308AF04D72B0,GrupLAC: producto listado en la ficha,1
G-00000000016636,P-GR-30C8A187A034,GrupLAC: producto listado en la ficha,1
G-00000000016636,P-GR-30E2058F0D31,GrupLAC: producto listado en la ficha,1
G-00000000016636,P-GR-34817AE57591,GrupLAC: producto listado en la ficha,1
G-00000000016636,P-GR-364E740155E1,GrupLAC: producto listado en la ficha,1
G-00000000016636,P-GR-3752C7FE40BE,GrupLAC: producto listado en la ficha,1
G-00000000016636,P-GR-391E3F4E237A,GrupLAC: producto listado en la ficha,1
G-00000000016636,P-GR-3ABBD4F750B7,GrupLAC: producto listado en la ficha,1
G-00000000016636,P-GR-3AF1B08F835A,GrupLAC: producto listado en la ficha,1
G-00000000016636,P-GR-3BD56E789336,GrupLAC: producto listado en la ficha,1
G-00000000016636,P-GR-4009F4F164ED,GrupLAC: producto listado en la ficha,1
G-00000000016636,P-GR-401982864B4F,GrupLAC: producto listado en la ficha,1
G-00000000016636,P-GR-42E3F7843186,GrupLAC: producto listado en la ficha,1
G-00000000016636,P-GR-431D9B0B4C5C,GrupLAC: producto listado en la ficha,1
G-00000000016636,P-GR-485CC50B3BCB,GrupLAC: producto listado en la ficha,1
G-00000000016636,P-GR-4AC2C1C99F9C,GrupLAC: producto listado en la ficha,1
G-00000000016636,P-GR-4AF570B9F534,GrupLAC: producto listado en la ficha,1
G-00000000016636,P-GR-50A282D377DC,GrupLAC: producto listado en la ficha,1
G-00000000016636,P-GR-5270C46BCFC8,GrupLAC: producto listado en la ficha,1
G-00000000016636,P-GR-540524BB7FCA,GrupLAC: producto listado en la ficha,1
G-00000000016636,P-GR-5433FEA90AFA,GrupLAC: producto listado en la ficha,1
G-00000000016636,P-GR-5AB433DD41EA,GrupLAC: producto listado en la ficha,1
G-00000000016636,P-GR-5E022F96236D,GrupLAC: producto listado en la ficha,1
G-00000000016636,P-GR-615B942C7E19,GrupLAC: producto listado en la ficha,1
G-00000000016636,P-GR-6201A0020C4F,GrupLAC: producto listado en la ficha,1
G-00000000016636,P-GR-626516BAE9E5,GrupLAC: producto listado en la ficha,1
G-00000000016636,P-GR-66312CED74E3,GrupLAC: producto listado en la ficha,1
G-00000000016636,P-GR-6AB0C750688D,GrupLAC: producto listado en la ficha,1
G-00000000016636,P-GR-6C3F5025FCD5,GrupLAC: producto listado en la ficha,1
G-00000000016636,P-GR-6F46FB8D62F2,GrupLAC: producto listado en la ficha,1
G-00000000016636,P-GR-72E6ADEB11F0,GrupLAC: producto listado en la ficha,1
G-00000000016636,P-GR-7A0CDF323784,GrupLAC: producto listado en la ficha,1
G-00000000016636,P-GR-7B0F537E2324,GrupLAC: producto listado en la ficha,1
G-00000000016636,P-GR-7CC6F06EB4CA,GrupLAC: producto listado en la ficha,1
G-00000000016636,P-GR-7D83E4073AEB,GrupLAC: producto listado en la ficha,1
G-00000000016636,P-GR-7DBCE35D0653,GrupLAC: producto listado en la ficha,1
G-00000000016636,P-GR-85F6ABCB3BBB,GrupLAC: producto listado en la ficha,1
G-00000000016636,P-GR-875CDF6F6960,GrupLAC: producto listado en la ficha,1
G-00000000016636,P-GR-87FB79F33916,GrupLAC: producto listado en la ficha,1
G-00000000016636,P-GR-8A59580607B5,GrupLAC: producto listado en la ficha,1
G-00000000016636,P-GR-8D3917A67EE9,GrupLAC: producto listado en la ficha,1
G-00000000016636,P-GR-910CC369DCD7,GrupLAC: producto listado en la ficha,1
G-00000000016636,P-GR-91E9F7D3028C,GrupLAC: producto listado en la ficha,1
G-00000000016636,P-GR-944900E08D31,GrupLAC: producto listado en la ficha,1
G-00000000016636,P-GR-956AD5EAFBC4,GrupLAC: producto listado en la ficha,1
G-00000000016636,P-GR-969F16E5AD88,GrupLAC: producto listado en la ficha,1
G-00000000016636,P-GR-9BCDA984F561,GrupLAC: producto listado en la ficha,1
G-00000000016636,P-GR-9BEB76DCE4E8,GrupLAC: producto listado en la ficha,1
G-00000000016636,P-GR-9C3A2B18A9BB,GrupLAC: producto listado en la ficha,1
G-00000000016636,P-GR-9D1B1A38BAA3,GrupLAC: producto listado en la ficha,1
G-00000000016636,P-GR-A1676FC2BB80,GrupLAC: producto listado en la ficha,1
G-00000000016636,P-GR-A385B194E515,GrupLAC: producto listado en la ficha,1
G-00000000016636,P-GR-A44247A1E4DB,GrupLAC: producto listado en la ficha,1
G-00000000016636,P-GR-A77CC05F10BF,GrupLAC: producto listado en la ficha,1
G-00000000016636,P-GR-A7A5474E5027,GrupLAC: producto listado en la ficha,1
G-00000000016636,P-GR-A9782C3CFAFE,GrupLAC: producto listado en la ficha,1
G-00000000016636,P-GR-B30B0C52BDD8,GrupLAC: producto listado en la ficha,1
G-00000000016636,P-GR-B479E9C6CD19,GrupLAC: producto listado en la ficha,1
G-00000000016636,P-GR-BA158AE6B1DB,GrupLAC: producto listado en la ficha,1
G-00000000016636,P-GR-BBA142DD9945,GrupLAC: producto listado en la ficha,1
G-00000000016636,P-GR-BC24E452BEBB,GrupLAC: producto listado en la ficha,1
G-00000000016636,P-GR-BE474AA9D554,GrupLAC: producto listado en la ficha,1
G-00000000016636,P-GR-BF9B88E2DAF5,GrupLAC: producto listado en la ficha,1
G-00000000016636,P-GR-C095DB7CC413,GrupLAC: producto listado en la ficha,1
G-00000000016636,P-GR-C25A472334A1,GrupLAC: producto listado en la ficha,1
G-00000000016636,P-GR-C54CBC5CCBA3,GrupLAC: producto listado en la ficha,1
G-00000000016636,P-GR-C59308830D14,GrupLAC: producto listado en la ficha,1
G-00000000016636,P-GR-C654DB297481,GrupLAC: producto listado en la ficha,1
G-00000000016636,P-GR-C857F6BDB15E,GrupLAC: producto listado en la ficha,1
G-00000000016636,P-GR-CB5290FAD709,GrupLAC: producto listado en la ficha,1
G-00000000016636,P-GR-CBD34BBC4128,GrupLAC: producto listado en la ficha,1
G-00000000016636,P-GR-CEA8F95985A3,GrupLAC: producto listado en la ficha,1
G-00000000016636,P-GR-D2765964FF82,GrupLAC: producto listado en la ficha,1
G-00000000016636,P-GR-D3277242E73F,GrupLAC: producto listado en la ficha,1
G-00000000016636,P-GR-D62078CE6DD4,GrupLAC: producto listado en la ficha,1
G-00000000016636,P-GR-D9A95571DBF8,GrupLAC: producto listado en la ficha,1
G-00000000016636,P-GR-DEFA96210AD8,GrupLAC: producto listado en la ficha,1
G-00000000016636,P-GR-DFCEBFFE3FBB,GrupLAC: producto listado en la ficha,1
G-00000000016636,P-GR-E1B294F72C4B,GrupLAC: producto listado en la ficha,1
G-00000000016636,P-GR-E475D400F3EC,GrupLAC: producto listado en la ficha,1
G-00000000016636,P-GR-E554FEF57E63,GrupLAC: producto listado en la ficha,1
G-00000000016636,P-GR-E5CB78A8836D,GrupLAC: producto listado en la ficha,1
G-00000000016636,P-GR-E74A99AC778F,GrupLAC: producto listado en la ficha,1
G-00000000016636,P-GR-E913C96E9A0C,GrupLAC: producto listado en la ficha,1
G-00000000016636,P-GR-ECF77C3D6E88,GrupLAC: producto listado en la ficha,1
G-00000000016636,P-GR-ED164750B27B,GrupLAC: producto listado en la ficha,1
G-00000000016636,P-GR-EDD58CD2FBB0,GrupLAC: producto listado en la ficha,1
G-00000000016636,P-GR-F1EB5AED1254,GrupLAC: producto listado en la ficha,1
G-00000000016636,P-GR-F2372A5D193E,GrupLAC: producto listado en la ficha,1
G-00000000016636,P-GR-F37D4A228F25,GrupLAC: producto listado en la ficha,1
G-00000000016636,P-GR-F69C5BA0F248,GrupLAC: producto listado en la ficha,1
G-00000000016636,P-GR-F831267D0AC3,GrupLAC: producto listado en la ficha,1
G-00000000016636,P-GR-F902AE1705A3,GrupLAC: producto listado en la ficha,1
G-00000000016636,P-GR-FCBA68A681FE,GrupLAC: producto listado en la ficha,1
G-00000000016636,P-GR-FD28E3B8298F,GrupLAC: producto listado en la ficha,1
G-00000000016636,P-GR-FEA0157A52AF,GrupLAC: producto listado en la ficha,1
G-00000000016636,P-GR-FF6F60A4C778,GrupLAC: producto listado en la ficha,1
G-00000000016815,P-GR-004CA83D28A8,GrupLAC: producto listado en la ficha,1
G-00000000016815,P-GR-02E2378C873C,GrupLAC: producto listado en la ficha,1
G-00000000016815,P-GR-15E85383B964,GrupLAC: producto listado en la ficha,1
G-00000000016815,P-GR-1725DE72242E,GrupLAC: producto listado en la ficha,1
G-00000000016815,P-GR-1D90534D5F34,GrupLAC: producto listado en la ficha,1
G-00000000016815,P-GR-1DDABB6E8D92,GrupLAC: producto listado en la ficha,1
G-00000000016815,P-GR-1E9793B030DF,GrupLAC: producto listado en la ficha,1
G-00000000016815,P-GR-1FC20153C45F,GrupLAC: producto listado en la ficha,1
G-00000000016815,P-GR-20D21EF27B90,GrupLAC: producto listado en la ficha,1
G-00000000016815,P-GR-22D84D94EE74,GrupLAC: producto listado en la ficha,1
G-00000000016815,P-GR-26326174C8B6,GrupLAC: producto listado en la ficha,1
G-00000000016815,P-GR-27885AB6376A,GrupLAC: producto listado en la ficha,1
G-00000000016815,P-GR-2B46F4210409,GrupLAC: producto listado en la ficha,1
G-00000000016815,P-GR-2ED68B41B91C,GrupLAC: producto listado en la ficha,1
G-00000000016815,P-GR-3924358012EE,GrupLAC: producto listado en la ficha,1
G-00000000016815,P-GR-3C9D1AFE7AE6,GrupLAC: producto listado en la ficha,1
G-00000000016815,P-GR-429F4BFB9831,GrupLAC: producto listado en la ficha,1
G-00000000016815,P-GR-4FD22CBE1BC4,GrupLAC: producto listado en la ficha,1
G-00000000016815,P-GR-500923578D96,GrupLAC: producto listado en la ficha,1
G-00000000016815,P-GR-52A4BA6CDCA7,GrupLAC: producto listado en la ficha,1
G-00000000016815,P-GR-74806EE13EC9,GrupLAC: producto listado en la ficha,1
G-00000000016815,P-GR-7F9862FCC5CB,GrupLAC: producto listado en la ficha,1
G-00000000016815,P-GR-82A9DCCF487E,GrupLAC: producto listado en la ficha,1
G-00000000016815,P-GR-82A9E98E24EE,GrupLAC: producto listado en la ficha,1
G-00000000016815,P-GR-8785F7B42BF9,GrupLAC: producto listado en la ficha,1
G-00000000016815,P-GR-898F8DBDF3BF,GrupLAC: producto listado en la ficha,1
G-00000000016815,P-GR-937CAE2BEEA7,GrupLAC: producto listado en la ficha,1
G-00000000016815,P-GR-96A28AF65D17,GrupLAC: producto listado en la ficha,1
G-00000000016815,P-GR-B57672A3D30E,GrupLAC: producto listado en la ficha,1
G-00000000016815,P-GR-B8B7DDC5023D,GrupLAC: producto listado en la ficha,1
G-00000000016815,P-GR-BBEB8CE68CFD,GrupLAC: producto listado en la ficha,1
G-00000000016815,P-GR-CA8D0656CF7D,GrupLAC: producto listado en la ficha,1
G-00000000016815,P-GR-D3DCF0C5ECC8,GrupLAC: producto listado en la ficha,1
G-00000000016815,P-GR-DBAE87EEF052,GrupLAC: producto listado en la ficha,1
G-00000000016815,P-GR-E8D15A6E20E2,GrupLAC: producto listado en la ficha,1
G-00000000016815,P-GR-EA6768640D0B,GrupLAC: producto listado en la ficha,1
G-00000000016815,P-GR-F048C0E35E54,GrupLAC: producto listado en la ficha,1
G-00000000016815,P-GR-FC2478355403,GrupLAC: producto listado en la ficha,1
G-00000000016815,P-GR-FEF6C89E1642,GrupLAC: producto listado en la ficha,1
G-00000000017356,P-GR-00BA8E037309,GrupLAC: producto listado en la ficha,1
G-00000000017356,P-GR-0219FDC3C72B,GrupLAC: producto listado en la ficha,1
G-00000000017356,P-GR-0526C4BED7C8,GrupLAC: producto listado en la ficha,1
G-00000000017356,P-GR-0864050199E1,GrupLAC: producto listado en la ficha,1
G-00000000017356,P-GR-120DEADB9811,GrupLAC: producto listado en la ficha,1
G-00000000017356,P-GR-1D503000E26A,GrupLAC: producto listado en la ficha,1
G-00000000017356,P-GR-2069EBC76A22,GrupLAC: producto listado en la ficha,1
G-00000000017356,P-GR-25D1D613AF4D,GrupLAC: producto listado en la ficha,1
G-00000000017356,P-GR-2D5F8B84E65F,GrupLAC: producto listado en la ficha,1
G-00000000017356,P-GR-37A9E7225A2B,GrupLAC: producto listado en la ficha,1
G-00000000017356,P-GR-37C622BDFEBD,GrupLAC: producto listado en la ficha,1
G-00000000017356,P-GR-38734909BF5D,GrupLAC: producto listado en la ficha,1
G-00000000017356,P-GR-44538034F9A2,GrupLAC: producto listado en la ficha,1
G-00000000017356,P-GR-4A49C1CE9F2F,GrupLAC: producto listado en la ficha,1
G-00000000017356,P-GR-4C05D6EC041E,GrupLAC: producto listado en la ficha,1
G-00000000017356,P-GR-4D6902DB481F,GrupLAC: producto listado en la ficha,1
G-00000000017356,P-GR-52C1A712FCCC,GrupLAC: producto listado en la ficha,1
G-00000000017356,P-GR-5A6EE00EED4B,GrupLAC: producto listado en la ficha,1
G-00000000017356,P-GR-71231636B123,GrupLAC: producto listado en la ficha,1
G-00000000017356,P-GR-782326DBAB5D,GrupLAC: producto listado en la ficha,1
G-00000000017356,P-GR-7B8912338D58,GrupLAC: producto listado en la ficha,1
G-00000000017356,P-GR-92C13C45DC17,GrupLAC: producto listado en la ficha,1
G-00000000017356,P-GR-9B46249BD99A,GrupLAC: producto listado en la ficha,1
G-00000000017356,P-GR-A36C4236CDD1,GrupLAC: producto listado en la ficha,1
G-00000000017356,P-GR-B3BEF8047945,GrupLAC: producto listado en la ficha,1
G-00000000017356,P-GR-C1737CCFF3AF,GrupLAC: producto listado en la ficha,1
G-00000000017356,P-GR-C2B6ECC864D8,GrupLAC: producto listado en la ficha,1
G-00000000017356,P-GR-C4C9DD3E1FB1,GrupLAC: producto listado en la ficha,1
G-00000000017356,P-GR-C613D32C9069,GrupLAC: producto listado en la ficha,1
G-00000000017356,P-GR-D17D87CABFBC,GrupLAC: producto listado en la ficha,1
G-00000000017356,P-GR-D4A03A324E24,GrupLAC: producto listado en la ficha,1
G-00000000017356,P-GR-E02D98E11C40,GrupLAC: producto listado en la ficha,1
G-00000000017356,P-GR-E439BA14BEDA,GrupLAC: producto listado en la ficha,1
G-00000000017356,P-GR-F1BEFE0AEFB0,GrupLAC: producto listado en la ficha,1
G-00000000017356,P-GR-F2B52BEA1401,GrupLAC: producto listado en la ficha,1
G-00000000017408,P-GR-0229A451A9DB,GrupLAC: producto listado en la ficha,1
G-00000000017408,P-GR-022F457FE502,GrupLAC: producto listado en la ficha,1
G-00000000017408,P-GR-0339244DCD8B,GrupLAC: producto listado en la ficha,1
G-00000000017408,P-GR-03AB3915C1A2,GrupLAC: producto listado en la ficha,1
G-00000000017408,P-GR-053D8CC7909E,GrupLAC: producto listado en la ficha,1
G-00000000017408,P-GR-09192211E854,GrupLAC: producto listado en la ficha,1
G-00000000017408,P-GR-09BE7FA202BD,GrupLAC: producto listado en la ficha,1
G-00000000017408,P-GR-0A641DB05FE7,GrupLAC: producto listado en la ficha,1
G-00000000017408,P-GR-0A75CE2789C9,GrupLAC: producto listado en la ficha,1
G-00000000017408,P-GR-0AB8DA45E96C,GrupLAC: producto listado en la ficha,1
G-00000000017408,P-GR-0B4F57C2A442,GrupLAC: producto listado en la ficha,1
G-00000000017408,P-GR-0C23017C4D65,GrupLAC: producto listado en la ficha,1
G-00000000017408,P-GR-0CC6AD95FA36,GrupLAC: producto listado en la ficha,1
G-00000000017408,P-GR-0DC6A0486664,GrupLAC: producto listado en la ficha,1
G-00000000017408,P-GR-0E4E2D0A0C6B,GrupLAC: producto listado en la ficha,1
G-00000000017408,P-GR-0F2865E405A0,GrupLAC: producto listado en la ficha,1
G-00000000017408,P-GR-0F425F4D8F4D,GrupLAC: producto listado en la ficha,1
G-00000000017408,P-GR-1433ADFD8569,GrupLAC: producto listado en la ficha,1
G-00000000017408,P-GR-18400BBADBE1,GrupLAC: producto listado en la ficha,1
G-00000000017408,P-GR-1906681C51CC,GrupLAC: producto listado en la ficha,1
G-00000000017408,P-GR-191742AEE4D7,GrupLAC: producto listado en la ficha,1
G-00000000017408,P-GR-1C9CEA604BDF,GrupLAC: producto listado en la ficha,1
G-00000000017408,P-GR-1D15F84900A5,GrupLAC: producto listado en la ficha,1
G-00000000017408,P-GR-1D277DD374B5,GrupLAC: producto listado en la ficha,1
G-00000000017408,P-GR-1DAD885138C6,GrupLAC: producto listado en la ficha,1
G-00000000017408,P-GR-1F8180A50A09,GrupLAC: producto listado en la ficha,1
G-00000000017408,P-GR-220B21AA84C3,GrupLAC: producto listado en la ficha,1
G-00000000017408,P-GR-24D8687BC41A,GrupLAC: producto listado en la ficha,1
G-00000000017408,P-GR-258AEF26F2F0,GrupLAC: producto listado en la ficha,1
G-00000000017408,P-GR-279CD09A32DB,GrupLAC: producto listado en la ficha,1
G-00000000017408,P-GR-28018BF90F10,GrupLAC: producto listado en la ficha,1
G-00000000017408,P-GR-2CB0886717B8,GrupLAC: producto listado en la ficha,1
G-00000000017408,P-GR-2F6BD4110945,GrupLAC: producto listado en la ficha,1
G-00000000017408,P-GR-3102CD0091DC,GrupLAC: producto listado en la ficha,1
G-00000000017408,P-GR-38D7DDB95A50,GrupLAC: producto listado en la ficha,1
G-00000000017408,P-GR-3A490C639F05,GrupLAC: producto listado en la ficha,1
G-00000000017408,P-GR-3BC83AFB6E88,GrupLAC: producto listado en la ficha,1
G-00000000017408,P-GR-3C2321B9669C,GrupLAC: producto listado en la ficha,1
G-00000000017408,P-GR-3D83993D4275,GrupLAC: producto listado en la ficha,1
G-00000000017408,P-GR-41131A506764,GrupLAC: producto listado en la ficha,1
G-00000000017408,P-GR-420E0A4DC0AF,GrupLAC: producto listado en la ficha,1
G-00000000017408,P-GR-422F7470BE43,GrupLAC: producto listado en la ficha,1
G-00000000017408,P-GR-4574A8F57DB5,GrupLAC: producto listado en la ficha,1
G-00000000017408,P-GR-48DCAAC23C6E,GrupLAC: producto listado en la ficha,1
G-00000000017408,P-GR-48DDA412A293,GrupLAC: producto listado en la ficha,1
G-00000000017408,P-GR-4917B16BA1D6,GrupLAC: producto listado en la ficha,1
G-00000000017408,P-GR-49C2F1050140,GrupLAC: producto listado en la ficha,1
G-00000000017408,P-GR-509A965610FC,GrupLAC: producto listado en la ficha,1
G-00000000017408,P-GR-5155E7E692CB,GrupLAC: producto listado en la ficha,1
G-00000000017408,P-GR-54EA58F03648,GrupLAC: producto listado en la ficha,1
G-00000000017408,P-GR-55D3F57F3C3E,GrupLAC: producto listado en la ficha,1
G-00000000017408,P-GR-58CC824584B7,GrupLAC: producto listado en la ficha,1
G-00000000017408,P-GR-5A437157316A,GrupLAC: producto listado en la ficha,1
G-00000000017408,P-GR-5AB14EBC85DC,GrupLAC: producto listado en la ficha,1
G-00000000017408,P-GR-5C6A9E211B87,GrupLAC: producto listado en la ficha,1
G-00000000017408,P-GR-5C9195DC4511,GrupLAC: producto listado en la ficha,1
G-00000000017408,P-GR-5CD02AF70961,GrupLAC: producto listado en la ficha,1
G-00000000017408,P-GR-5CF1AF76B1C6,GrupLAC: producto listado en la ficha,1
G-00000000017408,P-GR-5F869F4555D7,GrupLAC: producto listado en la ficha,1
G-00000000017408,P-GR-625A47EF0D51,GrupLAC: producto listado en la ficha,1
G-00000000017408,P-GR-671C16231910,GrupLAC: producto listado en la ficha,1
G-00000000017408,P-GR-69A8572B35FD,GrupLAC: producto listado en la ficha,1
G-00000000017408,P-GR-6A6E24C8A5CB,GrupLAC: producto listado en la ficha,1
G-00000000017408,P-GR-6BA7D25E6BBD,GrupLAC: producto listado en la ficha,1
G-00000000017408,P-GR-6BD2B2BC0C19,GrupLAC: producto listado en la ficha,1
G-00000000017408,P-GR-6E179BC1B8C7,GrupLAC: producto listado en la ficha,1
G-00000000017408,P-GR-6F29F08D470F,GrupLAC: producto listado en la ficha,1
G-00000000017408,P-GR-704C9DFB57EA,GrupLAC: producto listado en la ficha,1
G-00000000017408,P-GR-70550C074F4D,GrupLAC: producto listado en la ficha,1
G-00000000017408,P-GR-7088ABF87B3C,GrupLAC: producto listado en la ficha,1
G-00000000017408,P-GR-711B13CB0E7A,GrupLAC: producto listado en la ficha,1
G-00000000017408,P-GR-7172431419A4,GrupLAC: producto listado en la ficha,1
G-00000000017408,P-GR-71B1172D026A,GrupLAC: producto listado en la ficha,1
G-00000000017408,P-GR-73B20A564284,GrupLAC: producto listado en la ficha,1
G-00000000017408,P-GR-73B2C382E2A7,GrupLAC: producto listado en la ficha,1
G-00000000017408,P-GR-753DBCBA2FF9,GrupLAC: producto listado en la ficha,1
G-00000000017408,P-GR-764989A69856,GrupLAC: producto listado en la ficha,1
G-00000000017408,P-GR-7776F26505CB,GrupLAC: producto listado en la ficha,1
G-00000000017408,P-GR-782813BE2111,GrupLAC: producto listado en la ficha,1
G-00000000017408,P-GR-790FCE030825,GrupLAC: producto listado en la ficha,1
G-00000000017408,P-GR-7D32BDBC65A8,GrupLAC: producto listado en la ficha,1
G-00000000017408,P-GR-7D69D3DF9837,GrupLAC: producto listado en la ficha,1
G-00000000017408,P-GR-7EC3B706A3D0,GrupLAC: producto listado en la ficha,1
G-00000000017408,P-GR-80B2398BA0A5,GrupLAC: producto listado en la ficha,1
G-00000000017408,P-GR-820EEF747A3B,GrupLAC: producto listado en la ficha,1
G-00000000017408,P-GR-832FEE3CC969,GrupLAC: producto listado en la ficha,1
G-00000000017408,P-GR-83E832CC3D40,GrupLAC: producto listado en la ficha,1
G-00000000017408,P-GR-8631498666F8,GrupLAC: producto listado en la ficha,1
G-00000000017408,P-GR-867B596BFD81,GrupLAC: producto listado en la ficha,1
G-00000000017408,P-GR-8E6604DDDF84,GrupLAC: producto listado en la ficha,1
G-00000000017408,P-GR-919AE56CABC3,GrupLAC: producto listado en la ficha,1
G-00000000017408,P-GR-929BE455ACFD,GrupLAC: producto listado en la ficha,1
G-00000000017408,P-GR-985D24338E6E,GrupLAC: producto listado en la ficha,1
G-00000000017408,P-GR-9A46C88A2750,GrupLAC: producto listado en la ficha,1
G-00000000017408,P-GR-A0D6E7E5D360,GrupLAC: producto listado en la ficha,1
G-00000000017408,P-GR-A2A446595B6C,GrupLAC: producto listado en la ficha,1
G-00000000017408,P-GR-A484E0F90F82,GrupLAC: producto listado en la ficha,1
G-00000000017408,P-GR-A58955E36A7E,GrupLAC: producto listado en la ficha,1
G-00000000017408,P-GR-A85E6FB503CA,GrupLAC: producto listado en la ficha,1
G-00000000017408,P-GR-AA99B6BFF22A,GrupLAC: producto listado en la ficha,1
G-00000000017408,P-GR-ACA4DEFC0413,GrupLAC: producto listado en la ficha,1
G-00000000017408,P-GR-AD12106DC900,GrupLAC: producto listado en la ficha,1
G-00000000017408,P-GR-B0D65DF24BA4,GrupLAC: producto listado en la ficha,1
G-00000000017408,P-GR-B13EB3884595,GrupLAC: producto listado en la ficha,1
G-00000000017408,P-GR-B23F095F30C0,GrupLAC: producto listado en la ficha,1
G-00000000017408,P-GR-B29F2D2E4242,GrupLAC: producto listado en la ficha,1
G-00000000017408,P-GR-B5C49C56529D,GrupLAC: producto listado en la ficha,1
G-00000000017408,P-GR-B6705F23BC90,GrupLAC: producto listado en la ficha,1
G-00000000017408,P-GR-B9C9EB67A8DE,GrupLAC: producto listado en la ficha,1
G-00000000017408,P-GR-BA5FE7793EA5,GrupLAC: producto listado en la ficha,1
G-00000000017408,P-GR-BD4CF63DFC59,GrupLAC: producto listado en la ficha,1
G-00000000017408,P-GR-BDC658CE13F3,GrupLAC: producto listado en la ficha,1
G-00000000017408,P-GR-BE2F05C53E19,GrupLAC: producto listado en la ficha,1
G-00000000017408,P-GR-C1BB6A016F16,GrupLAC: producto listado en la ficha,1
G-00000000017408,P-GR-C46FD64982D7,GrupLAC: producto listado en la ficha,1
G-00000000017408,P-GR-C602FDF13EF5,GrupLAC: producto listado en la ficha,1
G-00000000017408,P-GR-C73960CCB433,GrupLAC: producto listado en la ficha,1
G-00000000017408,P-GR-CBC640AD4E41,GrupLAC: producto listado en la ficha,1
G-00000000017408,P-GR-CD82111D32FA,GrupLAC: producto listado en la ficha,1
G-00000000017408,P-GR-CDA34DDA7748,GrupLAC: producto listado en la ficha,1
G-00000000017408,P-GR-D08DD9E3017E,GrupLAC: producto listado en la ficha,1
G-00000000017408,P-GR-D63F042C0A5D,GrupLAC: producto listado en la ficha,1
G-00000000017408,P-GR-D77064E12347,GrupLAC: producto listado en la ficha,1
G-00000000017408,P-GR-D7FCA1F82BA8,GrupLAC: producto listado en la ficha,1
G-00000000017408,P-GR-DB7A200847AE,GrupLAC: producto listado en la ficha,1
G-00000000017408,P-GR-DD8D4C2C1854,GrupLAC: producto listado en la ficha,1
G-00000000017408,P-GR-E28D89D32C81,GrupLAC: producto listado en la ficha,1
G-00000000017408,P-GR-E4F8EF4FF5B0,GrupLAC: producto listado en la ficha,1
G-00000000017408,P-GR-EC4A7CE335E0,GrupLAC: producto listado en la ficha,1
G-00000000017408,P-GR-ECF524B9CD04,GrupLAC: producto listado en la ficha,1
G-00000000017408,P-GR-ED71940A709A,GrupLAC: producto listado en la ficha,1
G-00000000017408,P-GR-EEA65E3D8764,GrupLAC: producto listado en la ficha,1
G-00000000017408,P-GR-F36E2080B86E,GrupLAC: producto listado en la ficha,1
G-00000000017408,P-GR-F556A3037CC3,GrupLAC: producto listado en la ficha,1
G-00000000017408,P-GR-F65B5E35E13B,GrupLAC: producto listado en la ficha,1
G-00000000017408,P-GR-F6892DB938EE,GrupLAC: producto listado en la ficha,1
G-00000000017408,P-GR-F7D108A998D2,GrupLAC: producto listado en la ficha,1
G-00000000017408,P-GR-FA307DA46AEA,GrupLAC: producto listado en la ficha,1
G-00000000017408,P-GR-FEC32AFFE8BB,GrupLAC: producto listado en la ficha,1
G-00000000017408,P-GR-FFF951C6F206,GrupLAC: producto listado en la ficha,1
G-00000000017409,P-GR-047EDB74E9C9,GrupLAC: producto listado en la ficha,1
G-00000000017409,P-GR-058456D5102C,GrupLAC: producto listado en la ficha,1
G-00000000017409,P-GR-085DAD03E51F,GrupLAC: producto listado en la ficha,1
G-00000000017409,P-GR-0CCCDAAB2F85,GrupLAC: producto listado en la ficha,1
G-00000000017409,P-GR-0D8DF0C051A0,GrupLAC: producto listado en la ficha,1
G-00000000017409,P-GR-1658B551EFD8,GrupLAC: producto listado en la ficha,1
G-00000000017409,P-GR-19124DE85392,GrupLAC: producto listado en la ficha,1
G-00000000017409,P-GR-1F9805B2E146,GrupLAC: producto listado en la ficha,1
G-00000000017409,P-GR-209F0182547B,GrupLAC: producto listado en la ficha,1
G-00000000017409,P-GR-3A168CD7F1D0,GrupLAC: producto listado en la ficha,1
G-00000000017409,P-GR-3E6D709F8EA8,GrupLAC: producto listado en la ficha,1
G-00000000017409,P-GR-44E07DBE4C17,GrupLAC: producto listado en la ficha,1
G-00000000017409,P-GR-45B0A0E3B886,GrupLAC: producto listado en la ficha,1
G-00000000017409,P-GR-4988785C670E,GrupLAC: producto listado en la ficha,1
G-00000000017409,P-GR-4993A8D27CD6,GrupLAC: producto listado en la ficha,1
G-00000000017409,P-GR-503C3908D6D8,GrupLAC: producto listado en la ficha,1
G-00000000017409,P-GR-506A1F1BBDA8,GrupLAC: producto listado en la ficha,1
G-00000000017409,P-GR-5453E0A366BB,GrupLAC: producto listado en la ficha,1
G-00000000017409,P-GR-5E4E30AF3105,GrupLAC: producto listado en la ficha,1
G-00000000017409,P-GR-624853E99EC4,GrupLAC: producto listado en la ficha,1
G-00000000017409,P-GR-64EC5247C7BB,GrupLAC: producto listado en la ficha,1
G-00000000017409,P-GR-64F4AA5F62BB,GrupLAC: producto listado en la ficha,1
G-00000000017409,P-GR-66E1668FD69E,GrupLAC: producto listado en la ficha,1
G-00000000017409,P-GR-67770C8DF591,GrupLAC: producto listado en la ficha,1
G-00000000017409,P-GR-6865C03E36FD,GrupLAC: producto listado en la ficha,1
G-00000000017409,P-GR-73A136788FDD,GrupLAC: producto listado en la ficha,1
G-00000000017409,P-GR-7CC69707B41A,GrupLAC: producto listado en la ficha,1
G-00000000017409,P-GR-8141996E273B,GrupLAC: producto listado en la ficha,1
G-00000000017409,P-GR-814E1E4EA8E5,GrupLAC: producto listado en la ficha,1
G-00000000017409,P-GR-82C3541F1581,GrupLAC: producto listado en la ficha,1
G-00000000017409,P-GR-84B5515D77BA,GrupLAC: producto listado en la ficha,1
G-00000000017409,P-GR-850F2C84FDBC,GrupLAC: producto listado en la ficha,1
G-00000000017409,P-GR-8D7BAF21A99C,GrupLAC: producto listado en la ficha,1
G-00000000017409,P-GR-90C90CFDF530,GrupLAC: producto listado en la ficha,1
G-00000000017409,P-GR-913B3FC9F491,GrupLAC: producto listado en la ficha,1
G-00000000017409,P-GR-978C50CEEE57,GrupLAC: producto listado en la ficha,1
G-00000000017409,P-GR-9BE12E5BABD9,GrupLAC: producto listado en la ficha,1
G-00000000017409,P-GR-9F60E1AAC1DF,GrupLAC: producto listado en la ficha,1
G-00000000017409,P-GR-A3D6F9B9BF04,GrupLAC: producto listado en la ficha,1
G-00000000017409,P-GR-A4D64AAF7DF2,GrupLAC: producto listado en la ficha,1
G-00000000017409,P-GR-AE684C05F685,GrupLAC: producto listado en la ficha,1
G-00000000017409,P-GR-B29CC46BA3A4,GrupLAC: producto listado en la ficha,1
G-00000000017409,P-GR-B3EA290DF820,GrupLAC: producto listado en la ficha,1
G-00000000017409,P-GR-B66CD9F56778,GrupLAC: producto listado en la ficha,1
G-00000000017409,P-GR-BF6D7BD3F8A6,GrupLAC: producto listado en la ficha,1
G-00000000017409,P-GR-D2EF914B3435,GrupLAC: producto listado en la ficha,1
G-00000000017409,P-GR-DA99FC54194C,GrupLAC: producto listado en la ficha,1
G-00000000017409,P-GR-DD1055A00999,GrupLAC: producto listado en la ficha,1
G-00000000017409,P-GR-DE90196710AC,GrupLAC: producto listado en la ficha,1
G-00000000017409,P-GR-E25F110C682F,GrupLAC: producto listado en la ficha,1
G-00000000017409,P-GR-FBD721DDCFEB,GrupLAC: producto listado en la ficha,1
G-00000000017413,P-GR-020AE122CEFD,GrupLAC: producto listado en la ficha,1
G-00000000017413,P-GR-04C28BDFCF7B,GrupLAC: producto listado en la ficha,1
G-00000000017413,P-GR-09A973F716FD,GrupLAC: producto listado en la ficha,1
G-00000000017413,P-GR-0A5CE1828CD4,GrupLAC: producto listado en la ficha,1
G-00000000017413,P-GR-0CE7A6894800,GrupLAC: producto listado en la ficha,1
G-00000000017413,P-GR-0EC9DA6E530E,GrupLAC: producto listado en la ficha,1
G-00000000017413,P-GR-19F446007DA0,GrupLAC: producto listado en la ficha,1
G-00000000017413,P-GR-1A0C036E6FA9,GrupLAC: producto listado en la ficha,1
G-00000000017413,P-GR-1CFFDA39FBE7,GrupLAC: producto listado en la ficha,1
G-00000000017413,P-GR-1D401BB9CD66,GrupLAC: producto listado en la ficha,1
G-00000000017413,P-GR-1E5983FEC6EA,GrupLAC: producto listado en la ficha,1
G-00000000017413,P-GR-1F40F3A89A85,GrupLAC: producto listado en la ficha,1
G-00000000017413,P-GR-1F8978C1F164,GrupLAC: producto listado en la ficha,1
G-00000000017413,P-GR-20C3124878A8,GrupLAC: producto listado en la ficha,1
G-00000000017413,P-GR-2411797E1A26,GrupLAC: producto listado en la ficha,1
G-00000000017413,P-GR-258D280CD786,GrupLAC: producto listado en la ficha,1
G-00000000017413,P-GR-2C91CCF3E195,GrupLAC: producto listado en la ficha,1
G-00000000017413,P-GR-30BFE0A8E971,GrupLAC: producto listado en la ficha,1
G-00000000017413,P-GR-319D5D29D109,GrupLAC: producto listado en la ficha,1
G-00000000017413,P-GR-443405EC2A74,GrupLAC: producto listado en la ficha,1
G-00000000017413,P-GR-46264D487A3A,GrupLAC: producto listado en la ficha,1
G-00000000017413,P-GR-4A902EA700AF,GrupLAC: producto listado en la ficha,1
G-00000000017413,P-GR-4CF6D2552484,GrupLAC: producto listado en la ficha,1
G-00000000017413,P-GR-4D000AB45555,GrupLAC: producto listado en la ficha,1
G-00000000017413,P-GR-4D53A14F2211,GrupLAC: producto listado en la ficha,1
G-00000000017413,P-GR-4F32C6775BB8,GrupLAC: producto listado en la ficha,1
G-00000000017413,P-GR-5626B488F3AD,GrupLAC: producto listado en la ficha,1
G-00000000017413,P-GR-5E27DDA1C0C9,GrupLAC: producto listado en la ficha,1
G-00000000017413,P-GR-62DC9313364F,GrupLAC: producto listado en la ficha,1
G-00000000017413,P-GR-7A0923C432E8,GrupLAC: producto listado en la ficha,1
G-00000000017413,P-GR-7E0ECC1A5C6F,GrupLAC: producto listado en la ficha,1
G-00000000017413,P-GR-7EBE7770682C,GrupLAC: producto listado en la ficha,1
G-00000000017413,P-GR-7FB16EC63A06,GrupLAC: producto listado en la ficha,1
G-00000000017413,P-GR-805E8B8C2A47,GrupLAC: producto listado en la ficha,1
G-00000000017413,P-GR-81106E6209CF,GrupLAC: producto listado en la ficha,1
G-00000000017413,P-GR-81EDDFFF8336,GrupLAC: producto listado en la ficha,1
G-00000000017413,P-GR-832C44EB66FD,GrupLAC: producto listado en la ficha,1
G-00000000017413,P-GR-8395382EA536,GrupLAC: producto listado en la ficha,1
G-00000000017413,P-GR-843A8469DA30,GrupLAC: producto listado en la ficha,1
G-00000000017413,P-GR-849CC0B50A72,GrupLAC: producto listado en la ficha,1
G-00000000017413,P-GR-8516F5240FEF,GrupLAC: producto listado en la ficha,1
G-00000000017413,P-GR-86A7E1E05CB3,GrupLAC: producto listado en la ficha,1
G-00000000017413,P-GR-8A9ABCC25221,GrupLAC: producto listado en la ficha,1
G-00000000017413,P-GR-8AB912B12718,GrupLAC: producto listado en la ficha,1
G-00000000017413,P-GR-8BDB4890DF15,GrupLAC: producto listado en la ficha,1
G-00000000017413,P-GR-8D51A7ECE070,GrupLAC: producto listado en la ficha,1
G-00000000017413,P-GR-8DC2EAEC19FF,GrupLAC: producto listado en la ficha,1
G-00000000017413,P-GR-8EEE15E8F4E9,GrupLAC: producto listado en la ficha,1
G-00000000017413,P-GR-8F55601BF2AE,GrupLAC: producto listado en la ficha,1
G-00000000017413,P-GR-9330655E9BC2,GrupLAC: producto listado en la ficha,1
G-00000000017413,P-GR-96F0D8B98C63,GrupLAC: producto listado en la ficha,1
G-00000000017413,P-GR-97BB7E5A6E19,GrupLAC: producto listado en la ficha,1
G-00000000017413,P-GR-9B2BDEAF70A4,GrupLAC: producto listado en la ficha,1
G-00000000017413,P-GR-9C4BD5CBA0E0,GrupLAC: producto listado en la ficha,1
G-00000000017413,P-GR-A1DBE4904FD3,GrupLAC: producto listado en la ficha,1
G-00000000017413,P-GR-A35A688C426A,GrupLAC: producto listado en la ficha,1
G-00000000017413,P-GR-AB2E8FF1C17E,GrupLAC: producto listado en la ficha,1
G-00000000017413,P-GR-AE36A6E636B5,GrupLAC: producto listado en la ficha,1
G-00000000017413,P-GR-AEA5184C1654,GrupLAC: producto listado en la ficha,1
G-00000000017413,P-GR-B379708BE733,GrupLAC: producto listado en la ficha,1
G-00000000017413,P-GR-B60D968DF1A9,GrupLAC: producto listado en la ficha,1
G-00000000017413,P-GR-B866DDD4829E,GrupLAC: producto listado en la ficha,1
G-00000000017413,P-GR-B94AC0737A4D,GrupLAC: producto listado en la ficha,1
G-00000000017413,P-GR-BD05FCD6CC29,GrupLAC: producto listado en la ficha,1
G-00000000017413,P-GR-C0BED6651A7E,GrupLAC: producto listado en la ficha,1
G-00000000017413,P-GR-C2EF7282008F,GrupLAC: producto listado en la ficha,1
G-00000000017413,P-GR-C4304725124B,GrupLAC: producto listado en la ficha,1
G-00000000017413,P-GR-C507FE1643D1,GrupLAC: producto listado en la ficha,1
G-00000000017413,P-GR-C9F7C097900E,GrupLAC: producto listado en la ficha,1
G-00000000017413,P-GR-CEC60B778676,GrupLAC: producto listado en la ficha,1
G-00000000017413,P-GR-CEE3C0CB0A53,GrupLAC: producto listado en la ficha,1
G-00000000017413,P-GR-D0184338F7CF,GrupLAC: producto listado en la ficha,1
G-00000000017413,P-GR-D14E35A2E957,GrupLAC: producto listado en la ficha,1
G-00000000017413,P-GR-D261858B5336,GrupLAC: producto listado en la ficha,1
G-00000000017413,P-GR-D8481F221218,GrupLAC: producto listado en la ficha,1
G-00000000017413,P-GR-D88B2E279F3B,GrupLAC: producto listado en la ficha,1
G-00000000017413,P-GR-D965645DEAB2,GrupLAC: producto listado en la ficha,1
G-00000000017413,P-GR-DB3041A412DF,GrupLAC: producto listado en la ficha,1
G-00000000017413,P-GR-DDA229A32AC6,GrupLAC: producto listado en la ficha,1
G-00000000017413,P-GR-DFBAB05BC54C,GrupLAC: producto listado en la ficha,1
G-00000000017413,P-GR-DFF9879D81E8,GrupLAC: producto listado en la ficha,1
G-00000000017413,P-GR-E51E875975C7,GrupLAC: producto listado en la ficha,1
G-00000000017413,P-GR-E6E77370889C,GrupLAC: producto listado en la ficha,1
G-00000000017413,P-GR-E7796C4BE931,GrupLAC: producto listado en la ficha,1
G-00000000017413,P-GR-EE7BF3CD6A5B,GrupLAC: producto listado en la ficha,1
G-00000000017413,P-GR-EE8965631221,GrupLAC: producto listado en la ficha,1
G-00000000017413,P-GR-F27EA2546135,GrupLAC: producto listado en la ficha,1
G-00000000017413,P-GR-F4B2603DD0AC,GrupLAC: producto listado en la ficha,1
G-00000000017413,P-GR-FE56D03984BB,GrupLAC: producto listado en la ficha,1
G-00000000017462,P-GR-0C128394FD56,GrupLAC: producto listado en la ficha,1
G-00000000017462,P-GR-14AFAD16A7CE,GrupLAC: producto listado en la ficha,1
G-00000000017462,P-GR-1A96AB5103D2,GrupLAC: producto listado en la ficha,1
G-00000000017462,P-GR-27E418C5717D,GrupLAC: producto listado en la ficha,1
G-00000000017462,P-GR-29A9A7B0DA54,GrupLAC: producto listado en la ficha,1
G-00000000017462,P-GR-3618C26DA4B1,GrupLAC: producto listado en la ficha,1
G-00000000017462,P-GR-3906361F4F18,GrupLAC: producto listado en la ficha,1
G-00000000017462,P-GR-3BE95457277E,GrupLAC: producto listado en la ficha,1
G-00000000017462,P-GR-3FA7E996BA72,GrupLAC: producto listado en la ficha,1
G-00000000017462,P-GR-410AC0CE4C02,GrupLAC: producto listado en la ficha,1
G-00000000017462,P-GR-494AE4A99EE7,GrupLAC: producto listado en la ficha,1
G-00000000017462,P-GR-4FB9B529467E,GrupLAC: producto listado en la ficha,1
G-00000000017462,P-GR-505B963A85C3,GrupLAC: producto listado en la ficha,1
G-00000000017462,P-GR-55076029C475,GrupLAC: producto listado en la ficha,1
G-00000000017462,P-GR-584972A704E2,GrupLAC: producto listado en la ficha,1
G-00000000017462,P-GR-5B894B2DB022,GrupLAC: producto listado en la ficha,1
G-00000000017462,P-GR-5DAF467BC1B7,GrupLAC: producto listado en la ficha,1
G-00000000017462,P-GR-5DCFB5A5D607,GrupLAC: producto listado en la ficha,1
G-00000000017462,P-GR-624DD54993DE,GrupLAC: producto listado en la ficha,1
G-00000000017462,P-GR-66D14D378505,GrupLAC: producto listado en la ficha,1
G-00000000017462,P-GR-68C170B8BC29,GrupLAC: producto listado en la ficha,1
G-00000000017462,P-GR-694CA12AC9A9,GrupLAC: producto listado en la ficha,1
G-00000000017462,P-GR-6A4D542C01B0,GrupLAC: producto listado en la ficha,1
G-00000000017462,P-GR-6CBB2F64EB17,GrupLAC: producto listado en la ficha,1
G-00000000017462,P-GR-701EC99782E4,GrupLAC: producto listado en la ficha,1
G-00000000017462,P-GR-7082EA564698,GrupLAC: producto listado en la ficha,1
G-00000000017462,P-GR-71EE06A911F8,GrupLAC: producto listado en la ficha,1
G-00000000017462,P-GR-7F20CFB523DA,GrupLAC: producto listado en la ficha,1
G-00000000017462,P-GR-7FADA71F466F,GrupLAC: producto listado en la ficha,1
G-00000000017462,P-GR-8131437A639C,GrupLAC: producto listado en la ficha,1
G-00000000017462,P-GR-8F1F0A9C7953,GrupLAC: producto listado en la ficha,1
G-00000000017462,P-GR-94DAEB3FAB2A,GrupLAC: producto listado en la ficha,1
G-00000000017462,P-GR-961280037869,GrupLAC: producto listado en la ficha,1
G-00000000017462,P-GR-9C7E1C684CCF,GrupLAC: producto listado en la ficha,1
G-00000000017462,P-GR-9E77F1E4514E,GrupLAC: producto listado en la ficha,1
G-00000000017462,P-GR-A54E3784F3E9,GrupLAC: producto listado en la ficha,1
G-00000000017462,P-GR-A92FF36B0105,GrupLAC: producto listado en la ficha,1
G-00000000017462,P-GR-A9900E233261,GrupLAC: producto listado en la ficha,1
G-00000000017462,P-GR-AB8BB3FBAAEC,GrupLAC: producto listado en la ficha,1
G-00000000017462,P-GR-B8C1F9014773,GrupLAC: producto listado en la ficha,1
G-00000000017462,P-GR-BF33AF3511F9,GrupLAC: producto listado en la ficha,1
G-00000000017462,P-GR-C7CA28478393,GrupLAC: producto listado en la ficha,1
G-00000000017462,P-GR-C7E9E70DD2BF,GrupLAC: producto listado en la ficha,1
G-00000000017462,P-GR-CB2417F9790E,GrupLAC: producto listado en la ficha,1
G-00000000017462,P-GR-CB9FFD352A3F,GrupLAC: producto listado en la ficha,1
G-00000000017462,P-GR-CD58070528C2,GrupLAC: producto listado en la ficha,1
G-00000000017462,P-GR-E8DA2F47F885,GrupLAC: producto listado en la ficha,1
G-00000000017462,P-GR-F83755F4A92E,GrupLAC: producto listado en la ficha,1
G-00000000017462,P-GR-F8A44DBC940E,GrupLAC: producto listado en la ficha,1
G-00000000017462,P-GR-FDEFE666E7B2,GrupLAC: producto listado en la ficha,1
G-00000000017467,P-GR-01963EEBCD2D,GrupLAC: producto listado en la ficha,1
G-00000000017467,P-GR-07EF58C927BE,GrupLAC: producto listado en la ficha,1
G-00000000017467,P-GR-0A0D61731172,GrupLAC: producto listado en la ficha,1
G-00000000017467,P-GR-0A92272CA4B0,GrupLAC: producto listado en la ficha,1
G-00000000017467,P-GR-0C7959B1BD35,GrupLAC: producto listado en la ficha,1
G-00000000017467,P-GR-1A8ABDD94CCE,GrupLAC: producto listado en la ficha,1
G-00000000017467,P-GR-24B52AEAC2A6,GrupLAC: producto listado en la ficha,1
G-00000000017467,P-GR-252FD6EE2802,GrupLAC: producto listado en la ficha,1
G-00000000017467,P-GR-27453832AFA0,GrupLAC: producto listado en la ficha,1
G-00000000017467,P-GR-2C82E0B55EB0,GrupLAC: producto listado en la ficha,1
G-00000000017467,P-GR-2FB168D60417,GrupLAC: producto listado en la ficha,1
G-00000000017467,P-GR-34E3F9F8F98A,GrupLAC: producto listado en la ficha,1
G-00000000017467,P-GR-367624E2DF7E,GrupLAC: producto listado en la ficha,1
G-00000000017467,P-GR-461BEC94FD8C,GrupLAC: producto listado en la ficha,1
G-00000000017467,P-GR-4B46875C9ADC,GrupLAC: producto listado en la ficha,1
G-00000000017467,P-GR-4F3D8920CEFA,GrupLAC: producto listado en la ficha,1
G-00000000017467,P-GR-4FC00D973B1A,GrupLAC: producto listado en la ficha,1
G-00000000017467,P-GR-5182D33D7A25,GrupLAC: producto listado en la ficha,1
G-00000000017467,P-GR-529EF879DB3D,GrupLAC: producto listado en la ficha,1
G-00000000017467,P-GR-52BB1ACAF96B,GrupLAC: producto listado en la ficha,1
G-00000000017467,P-GR-547050CE7A36,GrupLAC: producto listado en la ficha,1
G-00000000017467,P-GR-591DDA1E7522,GrupLAC: producto listado en la ficha,1
G-00000000017467,P-GR-5966D25EDFDD,GrupLAC: producto listado en la ficha,1
G-00000000017467,P-GR-5F3E5FB2CE18,GrupLAC: producto listado en la ficha,1
G-00000000017467,P-GR-5FEC0A2B2DA3,GrupLAC: producto listado en la ficha,1
G-00000000017467,P-GR-60F303EDD90D,GrupLAC: producto listado en la ficha,1
G-00000000017467,P-GR-672FC16A009F,GrupLAC: producto listado en la ficha,1
G-00000000017467,P-GR-7ABD1CC7BE04,GrupLAC: producto listado en la ficha,1
G-00000000017467,P-GR-7D273CF2417B,GrupLAC: producto listado en la ficha,1
G-00000000017467,P-GR-7DF42DE03EB7,GrupLAC: producto listado en la ficha,1
G-00000000017467,P-GR-84ECD71AAFA3,GrupLAC: producto listado en la ficha,1
G-00000000017467,P-GR-851A24BABC1F,GrupLAC: producto listado en la ficha,1
G-00000000017467,P-GR-8643811D70B7,GrupLAC: producto listado en la ficha,1
G-00000000017467,P-GR-86F1038A8DAB,GrupLAC: producto listado en la ficha,1
G-00000000017467,P-GR-895D1200473B,GrupLAC: producto listado en la ficha,1
G-00000000017467,P-GR-8A96F6E40128,GrupLAC: producto listado en la ficha,1
G-00000000017467,P-GR-99A345F5C801,GrupLAC: producto listado en la ficha,1
G-00000000017467,P-GR-9FCF16492BDB,GrupLAC: producto listado en la ficha,1
G-00000000017467,P-GR-A98538E9EF60,GrupLAC: producto listado en la ficha,1
G-00000000017467,P-GR-AA8241BE649F,GrupLAC: producto listado en la ficha,1
G-00000000017467,P-GR-AB7BE708DA1A,GrupLAC: producto listado en la ficha,1
G-00000000017467,P-GR-ABEF45024849,GrupLAC: producto listado en la ficha,1
G-00000000017467,P-GR-ACA00797FA5C,GrupLAC: producto listado en la ficha,1
G-00000000017467,P-GR-B6322F467D6E,GrupLAC: producto listado en la ficha,1
G-00000000017467,P-GR-B7ADBB90048E,GrupLAC: producto listado en la ficha,1
G-00000000017467,P-GR-BA3A5B48164D,GrupLAC: producto listado en la ficha,1
G-00000000017467,P-GR-BC8748446332,GrupLAC: producto listado en la ficha,1
G-00000000017467,P-GR-BE3E6A5412FC,GrupLAC: producto listado en la ficha,1
G-00000000017467,P-GR-C34206105F5E,GrupLAC: producto listado en la ficha,1
G-00000000017467,P-GR-C603C6E7EDE6,GrupLAC: producto listado en la ficha,1
G-00000000017467,P-GR-C75CADE8A3FD,GrupLAC: producto listado en la ficha,1
G-00000000017467,P-GR-CB6E24D486D5,GrupLAC: producto listado en la ficha,1
G-00000000017467,P-GR-CBC743DF633B,GrupLAC: producto listado en la ficha,1
G-00000000017467,P-GR-CDF1C4E44553,GrupLAC: producto listado en la ficha,1
G-00000000017467,P-GR-D897F97A3F1D,GrupLAC: producto listado en la ficha,1
G-00000000017467,P-GR-DBE74FBC800C,GrupLAC: producto listado en la ficha,1
G-00000000017467,P-GR-E42094681BCA,GrupLAC: producto listado en la ficha,1
G-00000000017467,P-GR-E51E5308AE2B,GrupLAC: producto listado en la ficha,1
G-00000000017467,P-GR-E84967782B5C,GrupLAC: producto listado en la ficha,1
G-00000000017467,P-GR-E900E24928A2,GrupLAC: producto listado en la ficha,1
G-00000000017467,P-GR-F5C90FB404A9,GrupLAC: producto listado en la ficha,1
G-00000000017478,P-GR-005FB8EE9A53,GrupLAC: producto listado en la ficha,1
G-00000000017478,P-GR-0C1F88233324,GrupLAC: producto listado en la ficha,1
G-00000000017478,P-GR-104EFAACA58C,GrupLAC: producto listado en la ficha,1
G-00000000017478,P-GR-170668E9C62D,GrupLAC: producto listado en la ficha,1
G-00000000017478,P-GR-1C83E96B156D,GrupLAC: producto listado en la ficha,1
G-00000000017478,P-GR-219D57CF0567,GrupLAC: producto listado en la ficha,1
G-00000000017478,P-GR-22E6CD8651D9,GrupLAC: producto listado en la ficha,1
G-00000000017478,P-GR-23D84435B275,GrupLAC: producto listado en la ficha,1
G-00000000017478,P-GR-258376C2421A,GrupLAC: producto listado en la ficha,1
G-00000000017478,P-GR-38FC62729BA0,GrupLAC: producto listado en la ficha,1
G-00000000017478,P-GR-42712B9E4EA7,GrupLAC: producto listado en la ficha,1
G-00000000017478,P-GR-52E383E58869,GrupLAC: producto listado en la ficha,1
G-00000000017478,P-GR-59C8AA51FF61,GrupLAC: producto listado en la ficha,1
G-00000000017478,P-GR-5DBDA88343D2,GrupLAC: producto listado en la ficha,1
G-00000000017478,P-GR-72D3B7E09F15,GrupLAC: producto listado en la ficha,1
G-00000000017478,P-GR-83891AE62D8F,GrupLAC: producto listado en la ficha,1
G-00000000017478,P-GR-916BE1BF0C33,GrupLAC: producto listado en la ficha,1
G-00000000017478,P-GR-922754FC1652,GrupLAC: producto listado en la ficha,1
G-00000000017478,P-GR-9FB7EBBB682D,GrupLAC: producto listado en la ficha,1
G-00000000017478,P-GR-B1A4A7FFB7BC,GrupLAC: producto listado en la ficha,1
G-00000000017478,P-GR-BA8329D0FBB6,GrupLAC: producto listado en la ficha,1
G-00000000017478,P-GR-E26B41A31583,GrupLAC: producto listado en la ficha,1
G-00000000017478,P-GR-E67E10EF525D,GrupLAC: producto listado en la ficha,1
G-00000000017478,P-GR-EF8F1266644D,GrupLAC: producto listado en la ficha,1
G-00000000017478,P-GR-F81F5B7C7B47,GrupLAC: producto listado en la ficha,1
G-00000000017495,P-GR-00679BCD67FF,GrupLAC: producto listado en la ficha,1
G-00000000017495,P-GR-01D9AB879487,GrupLAC: producto listado en la ficha,1
G-00000000017495,P-GR-01F5938839AB,GrupLAC: producto listado en la ficha,1
G-00000000017495,P-GR-01FB253E4E10,GrupLAC: producto listado en la ficha,1
G-00000000017495,P-GR-01FB2704501C,GrupLAC: producto listado en la ficha,1
G-00000000017495,P-GR-02502A7A89FA,GrupLAC: producto listado en la ficha,1
G-00000000017495,P-GR-0436685FC502,GrupLAC: producto listado en la ficha,1
G-00000000017495,P-GR-04EF9C477337,GrupLAC: producto listado en la ficha,1
G-00000000017495,P-GR-05E26F952A94,GrupLAC: producto listado en la ficha,1
G-00000000017495,P-GR-0B7E919723D0,GrupLAC: producto listado en la ficha,1
G-00000000017495,P-GR-0C53CB823C32,GrupLAC: producto listado en la ficha,1
G-00000000017495,P-GR-0DF2AC666E8A,GrupLAC: producto listado en la ficha,1
G-00000000017495,P-GR-0E46B63024CD,GrupLAC: producto listado en la ficha,1
G-00000000017495,P-GR-0E81D58CE5E1,GrupLAC: producto listado en la ficha,1
G-00000000017495,P-GR-0FF90B98F9C1,GrupLAC: producto listado en la ficha,1
G-00000000017495,P-GR-11648949F70E,GrupLAC: producto listado en la ficha,1
G-00000000017495,P-GR-1171CDF9EA61,GrupLAC: producto listado en la ficha,1
G-00000000017495,P-GR-11FE1530B16C,GrupLAC: producto listado en la ficha,1
G-00000000017495,P-GR-15D6C51CBC55,GrupLAC: producto listado en la ficha,1
G-00000000017495,P-GR-160E7E8EF101,GrupLAC: producto listado en la ficha,1
G-00000000017495,P-GR-1671BD921372,GrupLAC: producto listado en la ficha,1
G-00000000017495,P-GR-16A96B1E2E3F,GrupLAC: producto listado en la ficha,1
G-00000000017495,P-GR-1768D7D03BB9,GrupLAC: producto listado en la ficha,1
G-00000000017495,P-GR-17BD2F9038E1,GrupLAC: producto listado en la ficha,1
G-00000000017495,P-GR-184B4F1216DE,GrupLAC: producto listado en la ficha,1
G-00000000017495,P-GR-19BAA14AAD77,GrupLAC: producto listado en la ficha,1
G-00000000017495,P-GR-1C1559BEFC5C,GrupLAC: producto listado en la ficha,1
G-00000000017495,P-GR-1C58EBD7B676,GrupLAC: producto listado en la ficha,1
G-00000000017495,P-GR-1EE30A4D9231,GrupLAC: producto listado en la ficha,1
G-00000000017495,P-GR-1EFE79EFF43A,GrupLAC: producto listado en la ficha,1
G-00000000017495,P-GR-1F0DBFE59EB7,GrupLAC: producto listado en la ficha,1
G-00000000017495,P-GR-1F1E3684E7F7,GrupLAC: producto listado en la ficha,1
G-00000000017495,P-GR-201FBC479D14,GrupLAC: producto listado en la ficha,1
G-00000000017495,P-GR-202A4783E7BD,GrupLAC: producto listado en la ficha,1
G-00000000017495,P-GR-21F5311B7E22,GrupLAC: producto listado en la ficha,1
G-00000000017495,P-GR-24B2BE180262,GrupLAC: producto listado en la ficha,1
G-00000000017495,P-GR-279CD09A32DB,GrupLAC: producto listado en la ficha,1
G-00000000017495,P-GR-27D18EAF1C01,GrupLAC: producto listado en la ficha,1
G-00000000017495,P-GR-2A204971973E,GrupLAC: producto listado en la ficha,1
G-00000000017495,P-GR-2A28790090F3,GrupLAC: producto listado en la ficha,1
G-00000000017495,P-GR-2AA71B2E4973,GrupLAC: producto listado en la ficha,1
G-00000000017495,P-GR-2B3E03CEA036,GrupLAC: producto listado en la ficha,1
G-00000000017495,P-GR-2BF48F19717C,GrupLAC: producto listado en la ficha,1
G-00000000017495,P-GR-2CA54CC01003,GrupLAC: producto listado en la ficha,1
G-00000000017495,P-GR-2D915AE3B133,GrupLAC: producto listado en la ficha,1
G-00000000017495,P-GR-2F9130B240D8,GrupLAC: producto listado en la ficha,1
G-00000000017495,P-GR-323E7D64E52A,GrupLAC: producto listado en la ficha,1
G-00000000017495,P-GR-331AB27E12E6,GrupLAC: producto listado en la ficha,1
G-00000000017495,P-GR-337AAFF558A6,GrupLAC: producto listado en la ficha,1
G-00000000017495,P-GR-3389E70731ED,GrupLAC: producto listado en la ficha,1
G-00000000017495,P-GR-37D8B3C56BEE,GrupLAC: producto listado en la ficha,1
G-00000000017495,P-GR-387DB16F5FCB,GrupLAC: producto listado en la ficha,1
G-00000000017495,P-GR-393E960E4159,GrupLAC: producto listado en la ficha,1
G-00000000017495,P-GR-3AAB06FB4662,GrupLAC: producto listado en la ficha,1
G-00000000017495,P-GR-3AACF6746578,GrupLAC: producto listado en la ficha,1
G-00000000017495,P-GR-3C7EED547E90,GrupLAC: producto listado en la ficha,1
G-00000000017495,P-GR-3EE76D7A9D95,GrupLAC: producto listado en la ficha,1
G-00000000017495,P-GR-3F4C82209444,GrupLAC: producto listado en la ficha,1
G-00000000017495,P-GR-40A9F5E5AC08,GrupLAC: producto listado en la ficha,1
G-00000000017495,P-GR-40FBE3215983,GrupLAC: producto listado en la ficha,1
G-00000000017495,P-GR-41815C697287,GrupLAC: producto listado en la ficha,1
G-00000000017495,P-GR-4322B6F60E2E,GrupLAC: producto listado en la ficha,1
G-00000000017495,P-GR-4372C4D54536,GrupLAC: producto listado en la ficha,1
G-00000000017495,P-GR-45879A5113FB,GrupLAC: producto listado en la ficha,1
G-00000000017495,P-GR-45C4688D5037,GrupLAC: producto listado en la ficha,1
G-00000000017495,P-GR-45C5807DD6C7,GrupLAC: producto listado en la ficha,1
G-00000000017495,P-GR-4648284A767C,GrupLAC: producto listado en la ficha,1
G-00000000017495,P-GR-471F3C5A1EC0,GrupLAC: producto listado en la ficha,1
G-00000000017495,P-GR-483D7AF4FCC7,GrupLAC: producto listado en la ficha,1
G-00000000017495,P-GR-48DE47E381B5,GrupLAC: producto listado en la ficha,1
G-00000000017495,P-GR-4AFE59BF00D6,GrupLAC: producto listado en la ficha,1
G-00000000017495,P-GR-4C52E334C173,GrupLAC: producto listado en la ficha,1
G-00000000017495,P-GR-4D427BA96BCF,GrupLAC: producto listado en la ficha,1
G-00000000017495,P-GR-4F2C4AE14686,GrupLAC: producto listado en la ficha,1
G-00000000017495,P-GR-4FD2BBEE15E9,GrupLAC: producto listado en la ficha,1
G-00000000017495,P-GR-5005622A7AA9,GrupLAC: producto listado en la ficha,1
G-00000000017495,P-GR-5087AFACD885,GrupLAC: producto listado en la ficha,1
G-00000000017495,P-GR-50C586B7A009,GrupLAC: producto listado en la ficha,1
G-00000000017495,P-GR-50F39CFC74D8,GrupLAC: producto listado en la ficha,1
G-00000000017495,P-GR-512829AED08F,GrupLAC: producto listado en la ficha,1
G-00000000017495,P-GR-5284AC452B71,GrupLAC: producto listado en la ficha,1
G-00000000017495,P-GR-5284E8B89AE8,GrupLAC: producto listado en la ficha,1
G-00000000017495,P-GR-53D6EB6F6672,GrupLAC: producto listado en la ficha,1
G-00000000017495,P-GR-55A923E971B2,GrupLAC: producto listado en la ficha,1
G-00000000017495,P-GR-56BC5155EE5B,GrupLAC: producto listado en la ficha,1
G-00000000017495,P-GR-57B889911953,GrupLAC: producto listado en la ficha,1
G-00000000017495,P-GR-5A89CAE70ED4,GrupLAC: producto listado en la ficha,1
G-00000000017495,P-GR-5AE2492D63D3,GrupLAC: producto listado en la ficha,1
G-00000000017495,P-GR-5B342E41DCBE,GrupLAC: producto listado en la ficha,1
G-00000000017495,P-GR-5C3F61996498,GrupLAC: producto listado en la ficha,1
G-00000000017495,P-GR-5DC2EA2D5F3C,GrupLAC: producto listado en la ficha,1
G-00000000017495,P-GR-6240E9043469,GrupLAC: producto listado en la ficha,1
G-00000000017495,P-GR-62C15EF636E2,GrupLAC: producto listado en la ficha,1
G-00000000017495,P-GR-63135590AC02,GrupLAC: producto listado en la ficha,1
G-00000000017495,P-GR-6410C19E40CF,GrupLAC: producto listado en la ficha,1
G-00000000017495,P-GR-6415A8127765,GrupLAC: producto listado en la ficha,1
G-00000000017495,P-GR-64235B240244,GrupLAC: producto listado en la ficha,1
G-00000000017495,P-GR-653D6885549C,GrupLAC: producto listado en la ficha,1
G-00000000017495,P-GR-681731226DDF,GrupLAC: producto listado en la ficha,1
G-00000000017495,P-GR-68ADB1BBBC9E,GrupLAC: producto listado en la ficha,1
G-00000000017495,P-GR-6AB215B11607,GrupLAC: producto listado en la ficha,1
G-00000000017495,P-GR-6ACCA5DDD06D,GrupLAC: producto listado en la ficha,1
G-00000000017495,P-GR-6AF20D6B3659,GrupLAC: producto listado en la ficha,1
G-00000000017495,P-GR-6AF2DDA45198,GrupLAC: producto listado en la ficha,1
G-00000000017495,P-GR-6BA7D25E6BBD,GrupLAC: producto listado en la ficha,1
G-00000000017495,P-GR-6BABB2344C38,GrupLAC: producto listado en la ficha,1
G-00000000017495,P-GR-6DD003C149F1,GrupLAC: producto listado en la ficha,1
G-00000000017495,P-GR-702783D96FEC,GrupLAC: producto listado en la ficha,1
G-00000000017495,P-GR-768C62702B3E,GrupLAC: producto listado en la ficha,1
G-00000000017495,P-GR-769031F9344B,GrupLAC: producto listado en la ficha,1
G-00000000017495,P-GR-76BAE8E9B35C,GrupLAC: producto listado en la ficha,1
G-00000000017495,P-GR-77AB9D1C8CF1,GrupLAC: producto listado en la ficha,1
G-00000000017495,P-GR-78A745C2FB12,GrupLAC: producto listado en la ficha,1
G-00000000017495,P-GR-78DC20C84213,GrupLAC: producto listado en la ficha,1
G-00000000017495,P-GR-796A955BE44A,GrupLAC: producto listado en la ficha,1
G-00000000017495,P-GR-798522FD0770,GrupLAC: producto listado en la ficha,1
G-00000000017495,P-GR-7ABD84804F76,GrupLAC: producto listado en la ficha,1
G-00000000017495,P-GR-7AE2ACE4F8A8,GrupLAC: producto listado en la ficha,1
G-00000000017495,P-GR-7B770E718EAD,GrupLAC: producto listado en la ficha,1
G-00000000017495,P-GR-7BF302FDBDE9,GrupLAC: producto listado en la ficha,1
G-00000000017495,P-GR-7C187144F3B9,GrupLAC: producto listado en la ficha,1
G-00000000017495,P-GR-7E34A35AE0C2,GrupLAC: producto listado en la ficha,1
G-00000000017495,P-GR-7EDFBAD1FDF6,GrupLAC: producto listado en la ficha,1
G-00000000017495,P-GR-804FD1A3BEA9,GrupLAC: producto listado en la ficha,1
G-00000000017495,P-GR-8484F9076469,GrupLAC: producto listado en la ficha,1
G-00000000017495,P-GR-8564E77F881C,GrupLAC: producto listado en la ficha,1
G-00000000017495,P-GR-85E32821D5B0,GrupLAC: producto listado en la ficha,1
G-00000000017495,P-GR-86A409A54385,GrupLAC: producto listado en la ficha,1
G-00000000017495,P-GR-86B907EB0536,GrupLAC: producto listado en la ficha,1
G-00000000017495,P-GR-8713B09D6181,GrupLAC: producto listado en la ficha,1
G-00000000017495,P-GR-883B6FD48085,GrupLAC: producto listado en la ficha,1
G-00000000017495,P-GR-8904CBDB186B,GrupLAC: producto listado en la ficha,1
G-00000000017495,P-GR-8A011B7CBEAA,GrupLAC: producto listado en la ficha,1
G-00000000017495,P-GR-8A4D999D1EAA,GrupLAC: producto listado en la ficha,1
G-00000000017495,P-GR-8AF700301EDC,GrupLAC: producto listado en la ficha,1
G-00000000017495,P-GR-8B4CB0FB6B84,GrupLAC: producto listado en la ficha,1
G-00000000017495,P-GR-8DC911AD53E9,GrupLAC: producto listado en la ficha,1
G-00000000017495,P-GR-8DE5095B852E,GrupLAC: producto listado en la ficha,1
G-00000000017495,P-GR-8E46441B1C2B,GrupLAC: producto listado en la ficha,1
G-00000000017495,P-GR-8E9FF771FE48,GrupLAC: producto listado en la ficha,1
G-00000000017495,P-GR-8F6A5C297F2D,GrupLAC: producto listado en la ficha,1
G-00000000017495,P-GR-90BDBCFB7F5E,GrupLAC: producto listado en la ficha,1
G-00000000017495,P-GR-91E98E3CADB1,GrupLAC: producto listado en la ficha,1
G-00000000017495,P-GR-923FE6457680,GrupLAC: producto listado en la ficha,1
G-00000000017495,P-GR-92DB67FD8599,GrupLAC: producto listado en la ficha,1
G-00000000017495,P-GR-9337CDB2D1F1,GrupLAC: producto listado en la ficha,1
G-00000000017495,P-GR-959C6C9432A9,GrupLAC: producto listado en la ficha,1
G-00000000017495,P-GR-966FC156D2C3,GrupLAC: producto listado en la ficha,1
G-00000000017495,P-GR-967D0ED06324,GrupLAC: producto listado en la ficha,1
G-00000000017495,P-GR-97F9F08A74EE,GrupLAC: producto listado en la ficha,1
G-00000000017495,P-GR-98917D945EEB,GrupLAC: producto listado en la ficha,1
G-00000000017495,P-GR-98AEA128478D,GrupLAC: producto listado en la ficha,1
G-00000000017495,P-GR-98F988E072F1,GrupLAC: producto listado en la ficha,1
G-00000000017495,P-GR-9AB884FD193F,GrupLAC: producto listado en la ficha,1
G-00000000017495,P-GR-9AE73614C18F,GrupLAC: producto listado en la ficha,1
G-00000000017495,P-GR-9AF1FE2A612D,GrupLAC: producto listado en la ficha,1
G-00000000017495,P-GR-9BA24DE8677B,GrupLAC: producto listado en la ficha,1
G-00000000017495,P-GR-9C65D27B0141,GrupLAC: producto listado en la ficha,1
G-00000000017495,P-GR-9CD995BC39D8,GrupLAC: producto listado en la ficha,1
G-00000000017495,P-GR-9F2A8C64CEC1,GrupLAC: producto listado en la ficha,1
G-00000000017495,P-GR-9FF0EE06F626,GrupLAC: producto listado en la ficha,1
G-00000000017495,P-GR-A04AA41A21FE,GrupLAC: producto listado en la ficha,1
G-00000000017495,P-GR-A0681458CDEF,GrupLAC: producto listado en la ficha,1
G-00000000017495,P-GR-A086D4C66288,GrupLAC: producto listado en la ficha,1
G-00000000017495,P-GR-A0E2B71393CB,GrupLAC: producto listado en la ficha,1
G-00000000017495,P-GR-A3127DD5F668,GrupLAC: producto listado en la ficha,1
G-00000000017495,P-GR-A3743DD92A98,GrupLAC: producto listado en la ficha,1
G-00000000017495,P-GR-A515D14B51A6,GrupLAC: producto listado en la ficha,1
G-00000000017495,P-GR-A70852E8E0FF,GrupLAC: producto listado en la ficha,1
G-00000000017495,P-GR-A7EC7571CE56,GrupLAC: producto listado en la ficha,1
G-00000000017495,P-GR-A8052C0EEA88,GrupLAC: producto listado en la ficha,1
G-00000000017495,P-GR-A913BC4E206F,GrupLAC: producto listado en la ficha,1
G-00000000017495,P-GR-AA7796D0C3EB,GrupLAC: producto listado en la ficha,1
G-00000000017495,P-GR-AB1C14970E84,GrupLAC: producto listado en la ficha,1
G-00000000017495,P-GR-ABACE2A33EC1,GrupLAC: producto listado en la ficha,1
G-00000000017495,P-GR-ABAF70D03A8A,GrupLAC: producto listado en la ficha,1
G-00000000017495,P-GR-ACCB9DB7C74F,GrupLAC: producto listado en la ficha,1
G-00000000017495,P-GR-ACDAF2E8E821,GrupLAC: producto listado en la ficha,1
G-00000000017495,P-GR-AFC726B83A63,GrupLAC: producto listado en la ficha,1
G-00000000017495,P-GR-B0D404CCA235,GrupLAC: producto listado en la ficha,1
G-00000000017495,P-GR-B29F2D2E4242,GrupLAC: producto listado en la ficha,1
G-00000000017495,P-GR-B339DEAB94EA,GrupLAC: producto listado en la ficha,1
G-00000000017495,P-GR-B40C94C4F035,GrupLAC: producto listado en la ficha,1
G-00000000017495,P-GR-B48A8FBAC524,GrupLAC: producto listado en la ficha,1
G-00000000017495,P-GR-B76675D54984,GrupLAC: producto listado en la ficha,1
G-00000000017495,P-GR-B80EA7FB74AA,GrupLAC: producto listado en la ficha,1
G-00000000017495,P-GR-B85E5BA9C913,GrupLAC: producto listado en la ficha,1
G-00000000017495,P-GR-B9E43383B20F,GrupLAC: producto listado en la ficha,1
G-00000000017495,P-GR-BA4FCD2F3F05,GrupLAC: producto listado en la ficha,1
G-00000000017495,P-GR-BA5FE7793EA5,GrupLAC: producto listado en la ficha,1
G-00000000017495,P-GR-BAE1A8AFDF66,GrupLAC: producto listado en la ficha,1
G-00000000017495,P-GR-BAE6103A53AD,GrupLAC: producto listado en la ficha,1
G-00000000017495,P-GR-BB21F19E58A0,GrupLAC: producto listado en la ficha,1
G-00000000017495,P-GR-BB236559F7A6,GrupLAC: producto listado en la ficha,1
G-00000000017495,P-GR-BBC81EC6B39B,GrupLAC: producto listado en la ficha,1
G-00000000017495,P-GR-BC860B8B6C6B,GrupLAC: producto listado en la ficha,1
G-00000000017495,P-GR-BFF8CD4DFB08,GrupLAC: producto listado en la ficha,1
G-00000000017495,P-GR-C06F0D57C603,GrupLAC: producto listado en la ficha,1
G-00000000017495,P-GR-C11A0CF93B20,GrupLAC: producto listado en la ficha,1
G-00000000017495,P-GR-C29886B30E5C,GrupLAC: producto listado en la ficha,1
G-00000000017495,P-GR-C2D80552A920,GrupLAC: producto listado en la ficha,1
G-00000000017495,P-GR-C3AF66D3A143,GrupLAC: producto listado en la ficha,1
G-00000000017495,P-GR-C53C9859B3B3,GrupLAC: producto listado en la ficha,1
G-00000000017495,P-GR-C5521616A664,GrupLAC: producto listado en la ficha,1
G-00000000017495,P-GR-C5601EBC5B2A,GrupLAC: producto listado en la ficha,1
G-00000000017495,P-GR-C5949DA6613C,GrupLAC: producto listado en la ficha,1
G-00000000017495,P-GR-C5EC94111693,GrupLAC: producto listado en la ficha,1
G-00000000017495,P-GR-C7213B7D42EE,GrupLAC: producto listado en la ficha,1
G-00000000017495,P-GR-C7DCBDC57242,GrupLAC: producto listado en la ficha,1
G-00000000017495,P-GR-C851BFB15E52,GrupLAC: producto listado en la ficha,1
G-00000000017495,P-GR-CA0229ADD804,GrupLAC: producto listado en la ficha,1
G-00000000017495,P-GR-CD6A9E4D1DEB,GrupLAC: producto listado en la ficha,1
G-00000000017495,P-GR-CD79DA3AE4BD,GrupLAC: producto listado en la ficha,1
G-00000000017495,P-GR-CDA34DDA7748,GrupLAC: producto listado en la ficha,1
G-00000000017495,P-GR-CEF58A37D7E9,GrupLAC: producto listado en la ficha,1
G-00000000017495,P-GR-D0133F1CFCC6,GrupLAC: producto listado en la ficha,1
G-00000000017495,P-GR-D1C48D763D49,GrupLAC: producto listado en la ficha,1
G-00000000017495,P-GR-D37969366868,GrupLAC: producto listado en la ficha,1
G-00000000017495,P-GR-D381660D5AE4,GrupLAC: producto listado en la ficha,1
G-00000000017495,P-GR-D58CBCB19D6B,GrupLAC: producto listado en la ficha,1
G-00000000017495,P-GR-D69358E13A05,GrupLAC: producto listado en la ficha,1
G-00000000017495,P-GR-D6CCCBE870B0,GrupLAC: producto listado en la ficha,1
G-00000000017495,P-GR-D7F5C12952E5,GrupLAC: producto listado en la ficha,1
G-00000000017495,P-GR-D8BCCC6DC3D8,GrupLAC: producto listado en la ficha,1
G-00000000017495,P-GR-DA22034CA9EF,GrupLAC: producto listado en la ficha,1
G-00000000017495,P-GR-DCB015665A42,GrupLAC: producto listado en la ficha,1
G-00000000017495,P-GR-DDDFD683924D,GrupLAC: producto listado en la ficha,1
G-00000000017495,P-GR-DEF536D8521E,GrupLAC: producto listado en la ficha,1
G-00000000017495,P-GR-DF0730CF2917,GrupLAC: producto listado en la ficha,1
G-00000000017495,P-GR-DF8F8632686C,GrupLAC: producto listado en la ficha,1
G-00000000017495,P-GR-E047086BB1FB,GrupLAC: producto listado en la ficha,1
G-00000000017495,P-GR-E0C1AAA3A83C,GrupLAC: producto listado en la ficha,1
G-00000000017495,P-GR-E11B7981E187,GrupLAC: producto listado en la ficha,1
G-00000000017495,P-GR-E343E93878AD,GrupLAC: producto listado en la ficha,1
G-00000000017495,P-GR-E44CCAE4CA70,GrupLAC: producto listado en la ficha,1
G-00000000017495,P-GR-E4ADFE2D9E10,GrupLAC: producto listado en la ficha,1
G-00000000017495,P-GR-E4E442AF4B2B,GrupLAC: producto listado en la ficha,1
G-00000000017495,P-GR-E4ED2253B48F,GrupLAC: producto listado en la ficha,1
G-00000000017495,P-GR-E62A80C08049,GrupLAC: producto listado en la ficha,1
G-00000000017495,P-GR-E646114458D4,GrupLAC: producto listado en la ficha,1
G-00000000017495,P-GR-E6AC0EF91A9E,GrupLAC: producto listado en la ficha,1
G-00000000017495,P-GR-E8EB15554C66,GrupLAC: producto listado en la ficha,1
G-00000000017495,P-GR-EB415E03E4F2,GrupLAC: producto listado en la ficha,1
G-00000000017495,P-GR-EB4A72688A04,GrupLAC: producto listado en la ficha,1
G-00000000017495,P-GR-EBA8F2CBB3BD,GrupLAC: producto listado en la ficha,1
G-00000000017495,P-GR-EC11E7D0BB94,GrupLAC: producto listado en la ficha,1
G-00000000017495,P-GR-EC5CD3CBB0C3,GrupLAC: producto listado en la ficha,1
G-00000000017495,P-GR-EDFA0D67CEFA,GrupLAC: producto listado en la ficha,1
G-00000000017495,P-GR-EE95A37DBB7D,GrupLAC: producto listado en la ficha,1
G-00000000017495,P-GR-EFE6DDDF14E5,GrupLAC: producto listado en la ficha,1
G-00000000017495,P-GR-F0C3C410B17E,GrupLAC: producto listado en la ficha,1
G-00000000017495,P-GR-F0EF55244808,GrupLAC: producto listado en la ficha,1
G-00000000017495,P-GR-F24FA6385021,GrupLAC: producto listado en la ficha,1
G-00000000017495,P-GR-F29B518500A6,GrupLAC: producto listado en la ficha,1
G-00000000017495,P-GR-F367489B587A,GrupLAC: producto listado en la ficha,1
G-00000000017495,P-GR-F556A3037CC3,GrupLAC: producto listado en la ficha,1
G-00000000017495,P-GR-F6389A8FC46C,GrupLAC: producto listado en la ficha,1
G-00000000017495,P-GR-F780A94DA2CB,GrupLAC: producto listado en la ficha,1
G-00000000017495,P-GR-F7CE04F21745,GrupLAC: producto listado en la ficha,1
G-00000000017495,P-GR-F849201B737B,GrupLAC: producto listado en la ficha,1
G-00000000017495,P-GR-F9FAF1A72908,GrupLAC: producto listado en la ficha,1
G-00000000017495,P-GR-FA0606BFB256,GrupLAC: producto listado en la ficha,1
G-00000000017495,P-GR-FA09A463FD93,GrupLAC: producto listado en la ficha,1
G-00000000017495,P-GR-FA15E468D572,GrupLAC: producto listado en la ficha,1
G-00000000017495,P-GR-FA8F37C9CE04,GrupLAC: producto listado en la ficha,1
G-00000000017495,P-GR-FAF2DE9B6EE6,GrupLAC: producto listado en la ficha,1
G-00000000017495,P-GR-FBE00AEB74A7,GrupLAC: producto listado en la ficha,1
G-00000000017495,P-GR-FC4517DD935A,GrupLAC: producto listado en la ficha,1
G-00000000017495,P-GR-FE9C47BEC656,GrupLAC: producto listado en la ficha,1
G-00000000017495,P-GR-FED9FB3B3728,GrupLAC: producto listado en la ficha,1
G-00000000017495,P-GR-FF62FA6F1989,GrupLAC: producto listado en la ficha,1
G-00000000017497,P-GR-015D0BBC9B13,GrupLAC: producto listado en la ficha,1
G-00000000017497,P-GR-019BF93960A6,GrupLAC: producto listado en la ficha,1
G-00000000017497,P-GR-024CBFD9B760,GrupLAC: producto listado en la ficha,1
G-00000000017497,P-GR-15142481B1CD,GrupLAC: producto listado en la ficha,1
G-00000000017497,P-GR-16C672C69F8F,GrupLAC: producto listado en la ficha,1
G-00000000017497,P-GR-1761490B64FF,GrupLAC: producto listado en la ficha,1
G-00000000017497,P-GR-177E2408429F,GrupLAC: producto listado en la ficha,1
G-00000000017497,P-GR-1A8DC744176F,GrupLAC: producto listado en la ficha,1
G-00000000017497,P-GR-1C575C0E6621,GrupLAC: producto listado en la ficha,1
G-00000000017497,P-GR-21BC377F6630,GrupLAC: producto listado en la ficha,1
G-00000000017497,P-GR-21CCD9E8D47E,GrupLAC: producto listado en la ficha,1
G-00000000017497,P-GR-229E6EF3569B,GrupLAC: producto listado en la ficha,1
G-00000000017497,P-GR-2EF17F023805,GrupLAC: producto listado en la ficha,1
G-00000000017497,P-GR-30A7133EC011,GrupLAC: producto listado en la ficha,1
G-00000000017497,P-GR-331AA109C151,GrupLAC: producto listado en la ficha,1
G-00000000017497,P-GR-38FE5BDDAB46,GrupLAC: producto listado en la ficha,1
G-00000000017497,P-GR-3976DF19D705,GrupLAC: producto listado en la ficha,1
G-00000000017497,P-GR-39C7E17E943C,GrupLAC: producto listado en la ficha,1
G-00000000017497,P-GR-3EE3669B99FB,GrupLAC: producto listado en la ficha,1
G-00000000017497,P-GR-40A32A0357A0,GrupLAC: producto listado en la ficha,1
G-00000000017497,P-GR-46956E047DE3,GrupLAC: producto listado en la ficha,1
G-00000000017497,P-GR-47F46F3F8DB4,GrupLAC: producto listado en la ficha,1
G-00000000017497,P-GR-5403D1BC72E2,GrupLAC: producto listado en la ficha,1
G-00000000017497,P-GR-578C5A9E3ACE,GrupLAC: producto listado en la ficha,1
G-00000000017497,P-GR-63762B90D1AB,GrupLAC: producto listado en la ficha,1
G-00000000017497,P-GR-65755FBEA740,GrupLAC: producto listado en la ficha,1
G-00000000017497,P-GR-71DF2B9CFF8D,GrupLAC: producto listado en la ficha,1
G-00000000017497,P-GR-7706FEC0DBE8,GrupLAC: producto listado en la ficha,1
G-00000000017497,P-GR-8029581FA4B0,GrupLAC: producto listado en la ficha,1
G-00000000017497,P-GR-8603D14A23FA,GrupLAC: producto listado en la ficha,1
G-00000000017497,P-GR-879DBF906A94,GrupLAC: producto listado en la ficha,1
G-00000000017497,P-GR-93CC22F0DE1C,GrupLAC: producto listado en la ficha,1
G-00000000017497,P-GR-981795F20F45,GrupLAC: producto listado en la ficha,1
G-00000000017497,P-GR-A1CE7E2E8891,GrupLAC: producto listado en la ficha,1
G-00000000017497,P-GR-B897EE034339,GrupLAC: producto listado en la ficha,1
G-00000000017497,P-GR-B9481D4ACBD1,GrupLAC: producto listado en la ficha,1
G-00000000017497,P-GR-BDF6CE35A3D4,GrupLAC: producto listado en la ficha,1
G-00000000017497,P-GR-BFE22D20C347,GrupLAC: producto listado en la ficha,1
G-00000000017497,P-GR-C8C809B78B83,GrupLAC: producto listado en la ficha,1
G-00000000017497,P-GR-CD706A77B2E8,GrupLAC: producto listado en la ficha,1
G-00000000017497,P-GR-CFEF3ACD1ECF,GrupLAC: producto listado en la ficha,1
G-00000000017497,P-GR-D7D005CD0797,GrupLAC: producto listado en la ficha,1
G-00000000017497,P-GR-DAA3C6CD7AB5,GrupLAC: producto listado en la ficha,1
G-00000000017497,P-GR-DAE535CD3322,GrupLAC: producto listado en la ficha,1
G-00000000017497,P-GR-E20319BBE279,GrupLAC: producto listado en la ficha,1
G-00000000017497,P-GR-E8A99B880447,GrupLAC: producto listado en la ficha,1
G-00000000017497,P-GR-E906280EE034,GrupLAC: producto listado en la ficha,1
G-00000000017497,P-GR-E9E41BF38E89,GrupLAC: producto listado en la ficha,1
G-00000000017497,P-GR-EF52DA623876,GrupLAC: producto listado en la ficha,1
G-00000000017497,P-GR-F44181288CF8,GrupLAC: producto listado en la ficha,1
G-00000000017497,P-GR-F711A7F5C145,GrupLAC: producto listado en la ficha,1
G-00000000017498,P-GR-018DFC23A233,GrupLAC: producto listado en la ficha,1
G-00000000017498,P-GR-048B25CFF551,GrupLAC: producto listado en la ficha,1
G-00000000017498,P-GR-11C95CF9925C,GrupLAC: producto listado en la ficha,1
G-00000000017498,P-GR-12871729C9C8,GrupLAC: producto listado en la ficha,1
G-00000000017498,P-GR-14289B902AB7,GrupLAC: producto listado en la ficha,1
G-00000000017498,P-GR-164C860FF94A,GrupLAC: producto listado en la ficha,1
G-00000000017498,P-GR-16C0DD477CAB,GrupLAC: producto listado en la ficha,1
G-00000000017498,P-GR-16E25D717B7E,GrupLAC: producto listado en la ficha,1
G-00000000017498,P-GR-1AA49632FF8D,GrupLAC: producto listado en la ficha,1
G-00000000017498,P-GR-1F1E3684E7F7,GrupLAC: producto listado en la ficha,1
G-00000000017498,P-GR-250D3A97477F,GrupLAC: producto listado en la ficha,1
G-00000000017498,P-GR-2561675FCE9E,GrupLAC: producto listado en la ficha,1
G-00000000017498,P-GR-28861EFB8297,GrupLAC: producto listado en la ficha,1
G-00000000017498,P-GR-2940EF6A946F,GrupLAC: producto listado en la ficha,1
G-00000000017498,P-GR-34AFAADEDB2E,GrupLAC: producto listado en la ficha,1
G-00000000017498,P-GR-35CEA53FD899,GrupLAC: producto listado en la ficha,1
G-00000000017498,P-GR-3A8134E345B9,GrupLAC: producto listado en la ficha,1
G-00000000017498,P-GR-3DC9F6F00D0D,GrupLAC: producto listado en la ficha,1
G-00000000017498,P-GR-45655FE2D7C5,GrupLAC: producto listado en la ficha,1
G-00000000017498,P-GR-483D7AF4FCC7,GrupLAC: producto listado en la ficha,1
G-00000000017498,P-GR-53B5E134BFE2,GrupLAC: producto listado en la ficha,1
G-00000000017498,P-GR-540622992101,GrupLAC: producto listado en la ficha,1
G-00000000017498,P-GR-540982157D3A,GrupLAC: producto listado en la ficha,1
G-00000000017498,P-GR-5AE2492D63D3,GrupLAC: producto listado en la ficha,1
G-00000000017498,P-GR-6415A8127765,GrupLAC: producto listado en la ficha,1
G-00000000017498,P-GR-68886273698E,GrupLAC: producto listado en la ficha,1
G-00000000017498,P-GR-73D9AE1EB3EB,GrupLAC: producto listado en la ficha,1
G-00000000017498,P-GR-7BF302FDBDE9,GrupLAC: producto listado en la ficha,1
G-00000000017498,P-GR-7E74EFFC9148,GrupLAC: producto listado en la ficha,1
G-00000000017498,P-GR-807BE10704A5,GrupLAC: producto listado en la ficha,1
G-00000000017498,P-GR-8C6B888EF47D,GrupLAC: producto listado en la ficha,1
G-00000000017498,P-GR-9CF2361F71CA,GrupLAC: producto listado en la ficha,1
G-00000000017498,P-GR-9D3EBCE78A1D,GrupLAC: producto listado en la ficha,1
G-00000000017498,P-GR-9FAA062A7642,GrupLAC: producto listado en la ficha,1
G-00000000017498,P-GR-AA33AC204EB6,GrupLAC: producto listado en la ficha,1
G-00000000017498,P-GR-B76675D54984,GrupLAC: producto listado en la ficha,1
G-00000000017498,P-GR-D3057A639259,GrupLAC: producto listado en la ficha,1
G-00000000017498,P-GR-DB332EA80FFE,GrupLAC: producto listado en la ficha,1
G-00000000017498,P-GR-E22B2C6CDE12,GrupLAC: producto listado en la ficha,1
G-00000000017498,P-GR-E86484ED93E9,GrupLAC: producto listado en la ficha,1
G-00000000017498,P-GR-EC11E7D0BB94,GrupLAC: producto listado en la ficha,1
G-00000000017566,P-GR-0023BD1C3174,GrupLAC: producto listado en la ficha,1
G-00000000017566,P-GR-009B9833BCDF,GrupLAC: producto listado en la ficha,1
G-00000000017566,P-GR-010C3677B159,GrupLAC: producto listado en la ficha,1
G-00000000017566,P-GR-0379976BB14C,GrupLAC: producto listado en la ficha,1
G-00000000017566,P-GR-038BC99DC1E2,GrupLAC: producto listado en la ficha,1
G-00000000017566,P-GR-03F9B5D171F9,GrupLAC: producto listado en la ficha,1
G-00000000017566,P-GR-045B0A2134FC,GrupLAC: producto listado en la ficha,1
G-00000000017566,P-GR-0537B3839B08,GrupLAC: producto listado en la ficha,1
G-00000000017566,P-GR-056A3CB26CD8,GrupLAC: producto listado en la ficha,1
G-00000000017566,P-GR-05C867A6E113,GrupLAC: producto listado en la ficha,1
G-00000000017566,P-GR-074C9A9DA046,GrupLAC: producto listado en la ficha,1
G-00000000017566,P-GR-07D5FB18EDE7,GrupLAC: producto listado en la ficha,1
G-00000000017566,P-GR-08097DC68426,GrupLAC: producto listado en la ficha,1
G-00000000017566,P-GR-091FDE58EF17,GrupLAC: producto listado en la ficha,1
G-00000000017566,P-GR-09EC65CBE59D,GrupLAC: producto listado en la ficha,1
G-00000000017566,P-GR-0A930D6D0D10,GrupLAC: producto listado en la ficha,1
G-00000000017566,P-GR-0C43A44AE7F6,GrupLAC: producto listado en la ficha,1
G-00000000017566,P-GR-0EF33EE0EB6A,GrupLAC: producto listado en la ficha,1
G-00000000017566,P-GR-1162FA94E599,GrupLAC: producto listado en la ficha,1
G-00000000017566,P-GR-12CD65D51D16,GrupLAC: producto listado en la ficha,1
G-00000000017566,P-GR-1338185938F2,GrupLAC: producto listado en la ficha,1
G-00000000017566,P-GR-13D4B86A93DA,GrupLAC: producto listado en la ficha,1
G-00000000017566,P-GR-150BB18FFF0B,GrupLAC: producto listado en la ficha,1
G-00000000017566,P-GR-168C895517CE,GrupLAC: producto listado en la ficha,1
G-00000000017566,P-GR-1721BB03721F,GrupLAC: producto listado en la ficha,1
G-00000000017566,P-GR-185F4E3B7DE1,GrupLAC: producto listado en la ficha,1
G-00000000017566,P-GR-1863C92EE699,GrupLAC: producto listado en la ficha,1
G-00000000017566,P-GR-192EA4095D00,GrupLAC: producto listado en la ficha,1
G-00000000017566,P-GR-1A73FC26AB91,GrupLAC: producto listado en la ficha,1
G-00000000017566,P-GR-1BF8CD22DA0C,GrupLAC: producto listado en la ficha,1
G-00000000017566,P-GR-1C815BD37B02,GrupLAC: producto listado en la ficha,1
G-00000000017566,P-GR-1CAFFDDACEFA,GrupLAC: producto listado en la ficha,1
G-00000000017566,P-GR-1E10EA36E363,GrupLAC: producto listado en la ficha,1
G-00000000017566,P-GR-1E56CE40C844,GrupLAC: producto listado en la ficha,1
G-00000000017566,P-GR-1E5A54E6F691,GrupLAC: producto listado en la ficha,1
G-00000000017566,P-GR-1E85AB38D895,GrupLAC: producto listado en la ficha,1
G-00000000017566,P-GR-1F9BF68D8FC7,GrupLAC: producto listado en la ficha,1
G-00000000017566,P-GR-2096ADC02A42,GrupLAC: producto listado en la ficha,1
G-00000000017566,P-GR-211A54ECCEE1,GrupLAC: producto listado en la ficha,1
G-00000000017566,P-GR-218BF3EC8212,GrupLAC: producto listado en la ficha,1
G-00000000017566,P-GR-22822EADCFDA,GrupLAC: producto listado en la ficha,1
G-00000000017566,P-GR-22DC9857AC67,GrupLAC: producto listado en la ficha,1
G-00000000017566,P-GR-22F9C319CB8A,GrupLAC: producto listado en la ficha,1
G-00000000017566,P-GR-23022B1B71E0,GrupLAC: producto listado en la ficha,1
G-00000000017566,P-GR-234CF49968B9,GrupLAC: producto listado en la ficha,1
G-00000000017566,P-GR-25CC98CB2A2C,GrupLAC: producto listado en la ficha,1
G-00000000017566,P-GR-25E65D1695B7,GrupLAC: producto listado en la ficha,1
G-00000000017566,P-GR-291F4F464A53,GrupLAC: producto listado en la ficha,1
G-00000000017566,P-GR-2A997019D743,GrupLAC: producto listado en la ficha,1
G-00000000017566,P-GR-2B932E2B5C8B,GrupLAC: producto listado en la ficha,1
G-00000000017566,P-GR-2CC110DCCF61,GrupLAC: producto listado en la ficha,1
G-00000000017566,P-GR-2E261AEB53CF,GrupLAC: producto listado en la ficha,1
G-00000000017566,P-GR-2E8412AB3FDA,GrupLAC: producto listado en la ficha,1
G-00000000017566,P-GR-2F32A975C7F1,GrupLAC: producto listado en la ficha,1
G-00000000017566,P-GR-302166BAB010,GrupLAC: producto listado en la ficha,1
G-00000000017566,P-GR-308C8942175E,GrupLAC: producto listado en la ficha,1
G-00000000017566,P-GR-3098BCDDA6F2,GrupLAC: producto listado en la ficha,1
G-00000000017566,P-GR-30E61EEB480D,GrupLAC: producto listado en la ficha,1
G-00000000017566,P-GR-3226B0832D35,GrupLAC: producto listado en la ficha,1
G-00000000017566,P-GR-32F1B82A6863,GrupLAC: producto listado en la ficha,1
G-00000000017566,P-GR-33B9234B8667,GrupLAC: producto listado en la ficha,1
G-00000000017566,P-GR-340FE48E093C,GrupLAC: producto listado en la ficha,1
G-00000000017566,P-GR-347E73A39C69,GrupLAC: producto listado en la ficha,1
G-00000000017566,P-GR-35FDE47ECE24,GrupLAC: producto listado en la ficha,1
G-00000000017566,P-GR-37B641D70A56,GrupLAC: producto listado en la ficha,1
G-00000000017566,P-GR-3971BAC0F96E,GrupLAC: producto listado en la ficha,1
G-00000000017566,P-GR-39BB9C4331B7,GrupLAC: producto listado en la ficha,1
G-00000000017566,P-GR-3A5A6C57330C,GrupLAC: producto listado en la ficha,1
G-00000000017566,P-GR-3AA4CDAD42CE,GrupLAC: producto listado en la ficha,1
G-00000000017566,P-GR-3C108C7F691B,GrupLAC: producto listado en la ficha,1
G-00000000017566,P-GR-3CB62C621EF3,GrupLAC: producto listado en la ficha,1
G-00000000017566,P-GR-3DF39442C45C,GrupLAC: producto listado en la ficha,1
G-00000000017566,P-GR-3DFAC3E7157C,GrupLAC: producto listado en la ficha,1
G-00000000017566,P-GR-3E5FAD68992C,GrupLAC: producto listado en la ficha,1
G-00000000017566,P-GR-3F03EAC21B33,GrupLAC: producto listado en la ficha,1
G-00000000017566,P-GR-3F82BCD8F8A7,GrupLAC: producto listado en la ficha,1
G-00000000017566,P-GR-3FDDFAD9ADAD,GrupLAC: producto listado en la ficha,1
G-00000000017566,P-GR-411CF77E1830,GrupLAC: producto listado en la ficha,1
G-00000000017566,P-GR-413005060373,GrupLAC: producto listado en la ficha,1
G-00000000017566,P-GR-41895B08A3BA,GrupLAC: producto listado en la ficha,1
G-00000000017566,P-GR-42E34C2806A2,GrupLAC: producto listado en la ficha,1
G-00000000017566,P-GR-458E5E27CDCF,GrupLAC: producto listado en la ficha,1
G-00000000017566,P-GR-480F20F2FC5F,GrupLAC: producto listado en la ficha,1
G-00000000017566,P-GR-4873979F3309,GrupLAC: producto listado en la ficha,1
G-00000000017566,P-GR-4A9518E44CE9,GrupLAC: producto listado en la ficha,1
G-00000000017566,P-GR-4B9334B1CF63,GrupLAC: producto listado en la ficha,1
G-00000000017566,P-GR-4BE4350C514A,GrupLAC: producto listado en la ficha,1
G-00000000017566,P-GR-4D144EADD657,GrupLAC: producto listado en la ficha,1
G-00000000017566,P-GR-4DAA019B2716,GrupLAC: producto listado en la ficha,1
G-00000000017566,P-GR-4E1EF5190F2C,GrupLAC: producto listado en la ficha,1
G-00000000017566,P-GR-4E78ED6715F1,GrupLAC: producto listado en la ficha,1
G-00000000017566,P-GR-4F1124E0BADC,GrupLAC: producto listado en la ficha,1
G-00000000017566,P-GR-4F37A32DB7D0,GrupLAC: producto listado en la ficha,1
G-00000000017566,P-GR-50A3A7958B62,GrupLAC: producto listado en la ficha,1
G-00000000017566,P-GR-51036E49FDCD,GrupLAC: producto listado en la ficha,1
G-00000000017566,P-GR-5177D67B2D8C,GrupLAC: producto listado en la ficha,1
G-00000000017566,P-GR-523E8A427FA1,GrupLAC: producto listado en la ficha,1
G-00000000017566,P-GR-532100A7549D,GrupLAC: producto listado en la ficha,1
G-00000000017566,P-GR-532F2C573AFA,GrupLAC: producto listado en la ficha,1
G-00000000017566,P-GR-53ED0F64CC0E,GrupLAC: producto listado en la ficha,1
G-00000000017566,P-GR-540EC973EC8F,GrupLAC: producto listado en la ficha,1
G-00000000017566,P-GR-55EA4BC1A02C,GrupLAC: producto listado en la ficha,1
G-00000000017566,P-GR-569894154E10,GrupLAC: producto listado en la ficha,1
G-00000000017566,P-GR-57CB7E0A4466,GrupLAC: producto listado en la ficha,1
G-00000000017566,P-GR-59099A55D666,GrupLAC: producto listado en la ficha,1
G-00000000017566,P-GR-598D752BE1BD,GrupLAC: producto listado en la ficha,1
G-00000000017566,P-GR-5A4768E9002E,GrupLAC: producto listado en la ficha,1
G-00000000017566,P-GR-5A8631BC56D3,GrupLAC: producto listado en la ficha,1
G-00000000017566,P-GR-5AA26DBA4F47,GrupLAC: producto listado en la ficha,1
G-00000000017566,P-GR-5AA636AD4154,GrupLAC: producto listado en la ficha,1
G-00000000017566,P-GR-5B19C6ED5A2D,GrupLAC: producto listado en la ficha,1
G-00000000017566,P-GR-5BE4B58B315B,GrupLAC: producto listado en la ficha,1
G-00000000017566,P-GR-5BE976F7BA74,GrupLAC: producto listado en la ficha,1
G-00000000017566,P-GR-5C05DF7D21DB,GrupLAC: producto listado en la ficha,1
G-00000000017566,P-GR-5EB110FDBA95,GrupLAC: producto listado en la ficha,1
G-00000000017566,P-GR-5ED6D4251613,GrupLAC: producto listado en la ficha,1
G-00000000017566,P-GR-5F25F4E63362,GrupLAC: producto listado en la ficha,1
G-00000000017566,P-GR-5F31C73BAA76,GrupLAC: producto listado en la ficha,1
G-00000000017566,P-GR-5F32AD6D0972,GrupLAC: producto listado en la ficha,1
G-00000000017566,P-GR-5FC0C38A36E9,GrupLAC: producto listado en la ficha,1
G-00000000017566,P-GR-5FF0CE5410A6,GrupLAC: producto listado en la ficha,1
G-00000000017566,P-GR-6062CDC82F91,GrupLAC: producto listado en la ficha,1
G-00000000017566,P-GR-609AAAAAB5ED,GrupLAC: producto listado en la ficha,1
G-00000000017566,P-GR-61AF42E85E9F,GrupLAC: producto listado en la ficha,1
G-00000000017566,P-GR-647903D2CB79,GrupLAC: producto listado en la ficha,1
G-00000000017566,P-GR-64C049B1CFEC,GrupLAC: producto listado en la ficha,1
G-00000000017566,P-GR-667B5FFD9D7C,GrupLAC: producto listado en la ficha,1
G-00000000017566,P-GR-669A83E994D4,GrupLAC: producto listado en la ficha,1
G-00000000017566,P-GR-69A431BCBF02,GrupLAC: producto listado en la ficha,1
G-00000000017566,P-GR-6A61B25509B2,GrupLAC: producto listado en la ficha,1
G-00000000017566,P-GR-6A7163A0C49F,GrupLAC: producto listado en la ficha,1
G-00000000017566,P-GR-6AA00BC572A7,GrupLAC: producto listado en la ficha,1
G-00000000017566,P-GR-6B261D36ACD7,GrupLAC: producto listado en la ficha,1
G-00000000017566,P-GR-6CBBB9B98653,GrupLAC: producto listado en la ficha,1
G-00000000017566,P-GR-6CF299854960,GrupLAC: producto listado en la ficha,1
G-00000000017566,P-GR-6E2D8A126EF8,GrupLAC: producto listado en la ficha,1
G-00000000017566,P-GR-6E3E7DC2ADE4,GrupLAC: producto listado en la ficha,1
G-00000000017566,P-GR-6ED3AB8FC5BA,GrupLAC: producto listado en la ficha,1
G-00000000017566,P-GR-6ED8E250092D,GrupLAC: producto listado en la ficha,1
G-00000000017566,P-GR-6F09898296CC,GrupLAC: producto listado en la ficha,1
G-00000000017566,P-GR-6F5D5AFF083B,GrupLAC: producto listado en la ficha,1
G-00000000017566,P-GR-7085D2B74FCA,GrupLAC: producto listado en la ficha,1
G-00000000017566,P-GR-71BB4402AEFE,GrupLAC: producto listado en la ficha,1
G-00000000017566,P-GR-72F7727B3EA2,GrupLAC: producto listado en la ficha,1
G-00000000017566,P-GR-731CF031E7E8,GrupLAC: producto listado en la ficha,1
G-00000000017566,P-GR-744C07ECF82C,GrupLAC: producto listado en la ficha,1
G-00000000017566,P-GR-745DDC3999F8,GrupLAC: producto listado en la ficha,1
G-00000000017566,P-GR-746C3C5EAAF2,GrupLAC: producto listado en la ficha,1
G-00000000017566,P-GR-746F3A44D924,GrupLAC: producto listado en la ficha,1
G-00000000017566,P-GR-75A4D7ABEDAB,GrupLAC: producto listado en la ficha,1
G-00000000017566,P-GR-75BE09099F13,GrupLAC: producto listado en la ficha,1
G-00000000017566,P-GR-76584FC13752,GrupLAC: producto listado en la ficha,1
G-00000000017566,P-GR-7844D8B99084,GrupLAC: producto listado en la ficha,1
G-00000000017566,P-GR-7A69F1CBA71E,GrupLAC: producto listado en la ficha,1
G-00000000017566,P-GR-7BD2BB3FAA4C,GrupLAC: producto listado en la ficha,1
G-00000000017566,P-GR-7BFE1CBF3F34,GrupLAC: producto listado en la ficha,1
G-00000000017566,P-GR-7D1C2B81755F,GrupLAC: producto listado en la ficha,1
G-00000000017566,P-GR-7D707386C132,GrupLAC: producto listado en la ficha,1
G-00000000017566,P-GR-7F8C6DFD5F25,GrupLAC: producto listado en la ficha,1
G-00000000017566,P-GR-8035EAE98C5F,GrupLAC: producto listado en la ficha,1
G-00000000017566,P-GR-80E51F4366AC,GrupLAC: producto listado en la ficha,1
G-00000000017566,P-GR-811C51C74623,GrupLAC: producto listado en la ficha,1
G-00000000017566,P-GR-8282EACF2FC4,GrupLAC: producto listado en la ficha,1
G-00000000017566,P-GR-83BAB7BCBDC6,GrupLAC: producto listado en la ficha,1
G-00000000017566,P-GR-865EA123DEB8,GrupLAC: producto listado en la ficha,1
G-00000000017566,P-GR-871506742A06,GrupLAC: producto listado en la ficha,1
G-00000000017566,P-GR-87162E87752D,GrupLAC: producto listado en la ficha,1
G-00000000017566,P-GR-87310EEF0280,GrupLAC: producto listado en la ficha,1
G-00000000017566,P-GR-88EDFE4A52CC,GrupLAC: producto listado en la ficha,1
G-00000000017566,P-GR-891FC5A1C94E,GrupLAC: producto listado en la ficha,1
G-00000000017566,P-GR-8B2898CCDEAA,GrupLAC: producto listado en la ficha,1
G-00000000017566,P-GR-8B297825343A,GrupLAC: producto listado en la ficha,1
G-00000000017566,P-GR-8D5038D01943,GrupLAC: producto listado en la ficha,1
G-00000000017566,P-GR-8DA726ECB40D,GrupLAC: producto listado en la ficha,1
G-00000000017566,P-GR-8DDADCEA76B7,GrupLAC: producto listado en la ficha,1
G-00000000017566,P-GR-908047D1497F,GrupLAC: producto listado en la ficha,1
G-00000000017566,P-GR-9172352A1795,GrupLAC: producto listado en la ficha,1
G-00000000017566,P-GR-9183F3CE2C5D,GrupLAC: producto listado en la ficha,1
G-00000000017566,P-GR-91B9C7A33769,GrupLAC: producto listado en la ficha,1
G-00000000017566,P-GR-933DA714EE58,GrupLAC: producto listado en la ficha,1
G-00000000017566,P-GR-9470C85FD6AB,GrupLAC: producto listado en la ficha,1
G-00000000017566,P-GR-9626A0BF4793,GrupLAC: producto listado en la ficha,1
G-00000000017566,P-GR-96BAA6D7A8D1,GrupLAC: producto listado en la ficha,1
G-00000000017566,P-GR-98CAAEB325A1,GrupLAC: producto listado en la ficha,1
G-00000000017566,P-GR-98EA4EC6AAB2,GrupLAC: producto listado en la ficha,1
G-00000000017566,P-GR-99C5A4069121,GrupLAC: producto listado en la ficha,1
G-00000000017566,P-GR-9C978A748099,GrupLAC: producto listado en la ficha,1
G-00000000017566,P-GR-9F65CD519BF2,GrupLAC: producto listado en la ficha,1
G-00000000017566,P-GR-A083698684D6,GrupLAC: producto listado en la ficha,1
G-00000000017566,P-GR-A08E7ED051A6,GrupLAC: producto listado en la ficha,1
G-00000000017566,P-GR-A2BAED7FCBEE,GrupLAC: producto listado en la ficha,1
G-00000000017566,P-GR-A3D45DEA4170,GrupLAC: producto listado en la ficha,1
G-00000000017566,P-GR-A44FF1474C9F,GrupLAC: producto listado en la ficha,1
G-00000000017566,P-GR-A49AC56DC535,GrupLAC: producto listado en la ficha,1
G-00000000017566,P-GR-A65F4D1B9803,GrupLAC: producto listado en la ficha,1
G-00000000017566,P-GR-A7984B513DD9,GrupLAC: producto listado en la ficha,1
G-00000000017566,P-GR-A917918D9EEB,GrupLAC: producto listado en la ficha,1
G-00000000017566,P-GR-A959FE14F1DD,GrupLAC: producto listado en la ficha,1
G-00000000017566,P-GR-AB869BC705C0,GrupLAC: producto listado en la ficha,1
G-00000000017566,P-GR-AD19B1B1CECB,GrupLAC: producto listado en la ficha,1
G-00000000017566,P-GR-AEB2DE0BB06E,GrupLAC: producto listado en la ficha,1
G-00000000017566,P-GR-AFBAE5391FA7,GrupLAC: producto listado en la ficha,1
G-00000000017566,P-GR-B0C1CEE0B217,GrupLAC: producto listado en la ficha,1
G-00000000017566,P-GR-B8DC6AA7CC70,GrupLAC: producto listado en la ficha,1
G-00000000017566,P-GR-B92954FCBCF2,GrupLAC: producto listado en la ficha,1
G-00000000017566,P-GR-B99F9D55F8C5,GrupLAC: producto listado en la ficha,1
G-00000000017566,P-GR-BADCA8A9B8A5,GrupLAC: producto listado en la ficha,1
G-00000000017566,P-GR-BB05FA7522CA,GrupLAC: producto listado en la ficha,1
G-00000000017566,P-GR-BBFB8683706A,GrupLAC: producto listado en la ficha,1
G-00000000017566,P-GR-BE477D9F5368,GrupLAC: producto listado en la ficha,1
G-00000000017566,P-GR-C08BF2859E23,GrupLAC: producto listado en la ficha,1
G-00000000017566,P-GR-C26B74E69C4E,GrupLAC: producto listado en la ficha,1
G-00000000017566,P-GR-C347879D0C13,GrupLAC: producto listado en la ficha,1
G-00000000017566,P-GR-C3D541617816,GrupLAC: producto listado en la ficha,1
G-00000000017566,P-GR-C45A58BC8019,GrupLAC: producto listado en la ficha,1
G-00000000017566,P-GR-C58A9605C6B0,GrupLAC: producto listado en la ficha,1
G-00000000017566,P-GR-C6B5F6940472,GrupLAC: producto listado en la ficha,1
G-00000000017566,P-GR-C7213B7D42EE,GrupLAC: producto listado en la ficha,1
G-00000000017566,P-GR-CAEF673C1E4D,GrupLAC: producto listado en la ficha,1
G-00000000017566,P-GR-CAF9E60A354C,GrupLAC: producto listado en la ficha,1
G-00000000017566,P-GR-CB348C5D7CC7,GrupLAC: producto listado en la ficha,1
G-00000000017566,P-GR-CB8E7C9A2B5D,GrupLAC: producto listado en la ficha,1
G-00000000017566,P-GR-CC852859A8F3,GrupLAC: producto listado en la ficha,1
G-00000000017566,P-GR-CCFD9CC36375,GrupLAC: producto listado en la ficha,1
G-00000000017566,P-GR-CE1DB452F347,GrupLAC: producto listado en la ficha,1
G-00000000017566,P-GR-CEA299DD190D,GrupLAC: producto listado en la ficha,1
G-00000000017566,P-GR-CF31CEDEEBF6,GrupLAC: producto listado en la ficha,1
G-00000000017566,P-GR-CF53D44B2A46,GrupLAC: producto listado en la ficha,1
G-00000000017566,P-GR-D122D7C528F8,GrupLAC: producto listado en la ficha,1
G-00000000017566,P-GR-D151F3D3CF26,GrupLAC: producto listado en la ficha,1
G-00000000017566,P-GR-D3132BFDEB99,GrupLAC: producto listado en la ficha,1
G-00000000017566,P-GR-D38C13B4DA51,GrupLAC: producto listado en la ficha,1
G-00000000017566,P-GR-D56E16A0978E,GrupLAC: producto listado en la ficha,1
G-00000000017566,P-GR-D59946769076,GrupLAC: producto listado en la ficha,1
G-00000000017566,P-GR-D6452791388A,GrupLAC: producto listado en la ficha,1
G-00000000017566,P-GR-D7581FDD8001,GrupLAC: producto listado en la ficha,1
G-00000000017566,P-GR-D897F97A3F1D,GrupLAC: producto listado en la ficha,1
G-00000000017566,P-GR-D98D28ED4783,GrupLAC: producto listado en la ficha,1
G-00000000017566,P-GR-D9D4211E32DD,GrupLAC: producto listado en la ficha,1
G-00000000017566,P-GR-DA28C8DF4F81,GrupLAC: producto listado en la ficha,1
G-00000000017566,P-GR-DA686B18B737,GrupLAC: producto listado en la ficha,1
G-00000000017566,P-GR-DAACC940544D,GrupLAC: producto listado en la ficha,1
G-00000000017566,P-GR-DAF123B47E9B,GrupLAC: producto listado en la ficha,1
G-00000000017566,P-GR-DC3D9BCFBE44,GrupLAC: producto listado en la ficha,1
G-00000000017566,P-GR-DC91A125BC12,GrupLAC: producto listado en la ficha,1
G-00000000017566,P-GR-DCFC630928CA,GrupLAC: producto listado en la ficha,1
G-00000000017566,P-GR-DF0145CD9CE2,GrupLAC: producto listado en la ficha,1
G-00000000017566,P-GR-E2C6C84DA495,GrupLAC: producto listado en la ficha,1
G-00000000017566,P-GR-E35789B933FD,GrupLAC: producto listado en la ficha,1
G-00000000017566,P-GR-E47740D2A567,GrupLAC: producto listado en la ficha,1
G-00000000017566,P-GR-E6185C56ACC4,GrupLAC: producto listado en la ficha,1
G-00000000017566,P-GR-E637554C4520,GrupLAC: producto listado en la ficha,1
G-00000000017566,P-GR-E8F696F1976C,GrupLAC: producto listado en la ficha,1
G-00000000017566,P-GR-E92E17A418B6,GrupLAC: producto listado en la ficha,1
G-00000000017566,P-GR-E9AF6881480E,GrupLAC: producto listado en la ficha,1
G-00000000017566,P-GR-EAE39BEF6F36,GrupLAC: producto listado en la ficha,1
G-00000000017566,P-GR-ED780118C386,GrupLAC: producto listado en la ficha,1
G-00000000017566,P-GR-EE474BB4D812,GrupLAC: producto listado en la ficha,1
G-00000000017566,P-GR-EECC97255A18,GrupLAC: producto listado en la ficha,1
G-00000000017566,P-GR-EF72B7538714,GrupLAC: producto listado en la ficha,1
G-00000000017566,P-GR-EFD3BCD6E629,GrupLAC: producto listado en la ficha,1
G-00000000017566,P-GR-F0EF64AFBEC2,GrupLAC: producto listado en la ficha,1
G-00000000017566,P-GR-F1FF0706C7BC,GrupLAC: producto listado en la ficha,1
G-00000000017566,P-GR-F21E820D9BF5,GrupLAC: producto listado en la ficha,1
G-00000000017566,P-GR-F24781157A14,GrupLAC: producto listado en la ficha,1
G-00000000017566,P-GR-F25CFAFC8052,GrupLAC: producto listado en la ficha,1
G-00000000017566,P-GR-F2A2EFD29D30,GrupLAC: producto listado en la ficha,1
G-00000000017566,P-GR-F35B8B365930,GrupLAC: producto listado en la ficha,1
G-00000000017566,P-GR-F3E67F945B1C,GrupLAC: producto listado en la ficha,1
G-00000000017566,P-GR-F5F24D2FDEA6,GrupLAC: producto listado en la ficha,1
G-00000000017566,P-GR-F7721B26A748,GrupLAC: producto listado en la ficha,1
G-00000000017566,P-GR-F7AEC70576B6,GrupLAC: producto listado en la ficha,1
G-00000000017566,P-GR-FB668440975B,GrupLAC: producto listado en la ficha,1
G-00000000017566,P-GR-FB6E77546AEC,GrupLAC: producto listado en la ficha,1
G-00000000017566,P-GR-FC8E65584000,GrupLAC: producto listado en la ficha,1
G-00000000017566,P-GR-FDC79290990A,GrupLAC: producto listado en la ficha,1
G-00000000018778,P-GR-00B310716BE0,GrupLAC: producto listado en la ficha,1
G-00000000018778,P-GR-0DA2D651FD64,GrupLAC: producto listado en la ficha,1
G-00000000018778,P-GR-11B7755E2B66,GrupLAC: producto listado en la ficha,1
G-00000000018778,P-GR-17A1F266918C,GrupLAC: producto listado en la ficha,1
G-00000000018778,P-GR-1E6275ECDF12,GrupLAC: producto listado en la ficha,1
G-00000000018778,P-GR-298C9FEDD29E,GrupLAC: producto listado en la ficha,1
G-00000000018778,P-GR-2B69EE193083,GrupLAC: producto listado en la ficha,1
G-00000000018778,P-GR-3978112EE9DD,GrupLAC: producto listado en la ficha,1
G-00000000018778,P-GR-3D64629CEAB2,GrupLAC: producto listado en la ficha,1
G-00000000018778,P-GR-3DC89D1B5A0A,GrupLAC: producto listado en la ficha,1
G-00000000018778,P-GR-3E3A3B566FD0,GrupLAC: producto listado en la ficha,1
G-00000000018778,P-GR-40A7D0E1E68E,GrupLAC: producto listado en la ficha,1
G-00000000018778,P-GR-40D65E31805E,GrupLAC: producto listado en la ficha,1
G-00000000018778,P-GR-44D7CA4A3051,GrupLAC: producto listado en la ficha,1
G-00000000018778,P-GR-4ECC7B852104,GrupLAC: producto listado en la ficha,1
G-00000000018778,P-GR-6BCAF1E657F8,GrupLAC: producto listado en la ficha,1
G-00000000018778,P-GR-7147B44EB35E,GrupLAC: producto listado en la ficha,1
G-00000000018778,P-GR-762065C50F1B,GrupLAC: producto listado en la ficha,1
G-00000000018778,P-GR-771F5EFDE50B,GrupLAC: producto listado en la ficha,1
G-00000000018778,P-GR-7CE16B320242,GrupLAC: producto listado en la ficha,1
G-00000000018778,P-GR-8311174301B7,GrupLAC: producto listado en la ficha,1
G-00000000018778,P-GR-8424DA60813F,GrupLAC: producto listado en la ficha,1
G-00000000018778,P-GR-8527E26EA08D,GrupLAC: producto listado en la ficha,1
G-00000000018778,P-GR-88388A463022,GrupLAC: producto listado en la ficha,1
G-00000000018778,P-GR-89FB783F9B60,GrupLAC: producto listado en la ficha,1
G-00000000018778,P-GR-91F5081CD0FA,GrupLAC: producto listado en la ficha,1
G-00000000018778,P-GR-93DDD6953BDB,GrupLAC: producto listado en la ficha,1
G-00000000018778,P-GR-98CCA8FAD1E9,GrupLAC: producto listado en la ficha,1
G-00000000018778,P-GR-99388F6163D9,GrupLAC: producto listado en la ficha,1
G-00000000018778,P-GR-9A0EEC199E67,GrupLAC: producto listado en la ficha,1
G-00000000018778,P-GR-9A5BA8D40050,GrupLAC: producto listado en la ficha,1
G-00000000018778,P-GR-9C73A900ED4B,GrupLAC: producto listado en la ficha,1
G-00000000018778,P-GR-9CC130037729,GrupLAC: producto listado en la ficha,1
G-00000000018778,P-GR-9E2814FB111D,GrupLAC: producto listado en la ficha,1
G-00000000018778,P-GR-A11EFF7D14DB,GrupLAC: producto listado en la ficha,1
G-00000000018778,P-GR-A34F7E2C3C21,GrupLAC: producto listado en la ficha,1
G-00000000018778,P-GR-A554F382E577,GrupLAC: producto listado en la ficha,1
G-00000000018778,P-GR-ACEC82A1DCD8,GrupLAC: producto listado en la ficha,1
G-00000000018778,P-GR-B1C0B0259CBA,GrupLAC: producto listado en la ficha,1
G-00000000018778,P-GR-BCBA62DBAA82,GrupLAC: producto listado en la ficha,1
G-00000000018778,P-GR-C27A6E4DCBCB,GrupLAC: producto listado en la ficha,1
G-00000000018778,P-GR-C74C96858AC5,GrupLAC: producto listado en la ficha,1
G-00000000018778,P-GR-C75C8D2D468E,GrupLAC: producto listado en la ficha,1
G-00000000018778,P-GR-C89A28089314,GrupLAC: producto listado en la ficha,1
G-00000000018778,P-GR-D13EFD6EF7A7,GrupLAC: producto listado en la ficha,1
G-00000000018778,P-GR-D68FEEAFA762,GrupLAC: producto listado en la ficha,1
G-00000000018778,P-GR-DAB40BE0519A,GrupLAC: producto listado en la ficha,1
G-00000000018778,P-GR-EB578801448C,GrupLAC: producto listado en la ficha,1
G-00000000018778,P-GR-F16F935E4008,GrupLAC: producto listado en la ficha,1
G-00000000018778,P-GR-F613549A73D8,GrupLAC: producto listado en la ficha,1
G-00000000018778,P-GR-FD6FF35FFABB,GrupLAC: producto listado en la ficha,1
G-00000000018873,P-GR-022B8B1C90C1,GrupLAC: producto listado en la ficha,1
G-00000000018873,P-GR-103B163B712C,GrupLAC: producto listado en la ficha,1
G-00000000018873,P-GR-2473AA26F9D9,GrupLAC: producto listado en la ficha,1
G-00000000018873,P-GR-38F896E800B5,GrupLAC: producto listado en la ficha,1
G-00000000018873,P-GR-3BB10DD7BD53,GrupLAC: producto listado en la ficha,1
G-00000000018873,P-GR-3F09E0C46021,GrupLAC: producto listado en la ficha,1
G-00000000018873,P-GR-3FBC7E531739,GrupLAC: producto listado en la ficha,1
G-00000000018873,P-GR-4892079C2FD5,GrupLAC: producto listado en la ficha,1
G-00000000018873,P-GR-5167702D6231,GrupLAC: producto listado en la ficha,1
G-00000000018873,P-GR-6751D9AF30EF,GrupLAC: producto listado en la ficha,1
G-00000000018873,P-GR-6C8FC0956052,GrupLAC: producto listado en la ficha,1
G-00000000018873,P-GR-6CA5D61B4165,GrupLAC: producto listado en la ficha,1
G-00000000018873,P-GR-6DC5722D52F1,GrupLAC: producto listado en la ficha,1
G-00000000018873,P-GR-78F1E49A078A,GrupLAC: producto listado en la ficha,1
G-00000000018873,P-GR-7A3C46313C53,GrupLAC: producto listado en la ficha,1
G-00000000018873,P-GR-7AC69CEF0D0F,GrupLAC: producto listado en la ficha,1
G-00000000018873,P-GR-7BAF05B6CEA9,GrupLAC: producto listado en la ficha,1
G-00000000018873,P-GR-926DAF568EBD,GrupLAC: producto listado en la ficha,1
G-00000000018873,P-GR-9480088B877C,GrupLAC: producto listado en la ficha,1
G-00000000018873,P-GR-94958F29C8BC,GrupLAC: producto listado en la ficha,1
G-00000000018873,P-GR-998B94AD0702,GrupLAC: producto listado en la ficha,1
G-00000000018873,P-GR-9CE49BA52EDC,GrupLAC: producto listado en la ficha,1
G-00000000018873,P-GR-9E3C349F8A34,GrupLAC: producto listado en la ficha,1
G-00000000018873,P-GR-A7398753439B,GrupLAC: producto listado en la ficha,1
G-00000000018873,P-GR-AA750614D0FF,GrupLAC: producto listado en la ficha,1
G-00000000018873,P-GR-AD6D4761EBF1,GrupLAC: producto listado en la ficha,1
G-00000000018873,P-GR-B74D81D6280E,GrupLAC: producto listado en la ficha,1
G-00000000018873,P-GR-C3A1BEB98635,GrupLAC: producto listado en la ficha,1
G-00000000018873,P-GR-C551B603CD5F,GrupLAC: producto listado en la ficha,1
G-00000000018873,P-GR-C689BA36707C,GrupLAC: producto listado en la ficha,1
G-00000000018873,P-GR-C6CB04822A7E,GrupLAC: producto listado en la ficha,1
G-00000000018873,P-GR-C72F029FEF93,GrupLAC: producto listado en la ficha,1
G-00000000018873,P-GR-CAC831DE652B,GrupLAC: producto listado en la ficha,1
G-00000000018873,P-GR-CE994BCEF34B,GrupLAC: producto listado en la ficha,1
G-00000000018873,P-GR-CFD7D9894647,GrupLAC: producto listado en la ficha,1
G-00000000018873,P-GR-D0656D463DB9,GrupLAC: producto listado en la ficha,1
G-00000000018873,P-GR-D175C0202286,GrupLAC: producto listado en la ficha,1
G-00000000018873,P-GR-D21FE4DB3FDB,GrupLAC: producto listado en la ficha,1
G-00000000018873,P-GR-D246BC4F6E7D,GrupLAC: producto listado en la ficha,1
G-00000000018873,P-GR-D7F25AB79076,GrupLAC: producto listado en la ficha,1
G-00000000018873,P-GR-D8FF03602253,GrupLAC: producto listado en la ficha,1
G-00000000018873,P-GR-D94397F6404A,GrupLAC: producto listado en la ficha,1
G-00000000018873,P-GR-DC31686BC459,GrupLAC: producto listado en la ficha,1
G-00000000018873,P-GR-EE67D794D37B,GrupLAC: producto listado en la ficha,1
G-00000000018873,P-GR-EF23B81E413B,GrupLAC: producto listado en la ficha,1
G-00000000018873,P-GR-F992DA8415D6,GrupLAC: producto listado en la ficha,1
G-00000000018897,P-GR-00C83DFD8594,GrupLAC: producto listado en la ficha,1
G-00000000018897,P-GR-02D483B18F40,GrupLAC: producto listado en la ficha,1
G-00000000018897,P-GR-02F713B90DDA,GrupLAC: producto listado en la ficha,1
G-00000000018897,P-GR-04D11726B072,GrupLAC: producto listado en la ficha,1
G-00000000018897,P-GR-09F983327E8B,GrupLAC: producto listado en la ficha,1
G-00000000018897,P-GR-0ABB577475B8,GrupLAC: producto listado en la ficha,1
G-00000000018897,P-GR-0AD291D903EB,GrupLAC: producto listado en la ficha,1
G-00000000018897,P-GR-0B43692A038E,GrupLAC: producto listado en la ficha,1
G-00000000018897,P-GR-0CCD4D566A92,GrupLAC: producto listado en la ficha,1
G-00000000018897,P-GR-124353EC0C05,GrupLAC: producto listado en la ficha,1
G-00000000018897,P-GR-13AEE2A0FAA7,GrupLAC: producto listado en la ficha,1
G-00000000018897,P-GR-1720B6B018C8,GrupLAC: producto listado en la ficha,1
G-00000000018897,P-GR-1D5AB6C4B8D3,GrupLAC: producto listado en la ficha,1
G-00000000018897,P-GR-20E07030F2E6,GrupLAC: producto listado en la ficha,1
G-00000000018897,P-GR-27DC860FD636,GrupLAC: producto listado en la ficha,1
G-00000000018897,P-GR-28ACD995F8A3,GrupLAC: producto listado en la ficha,1
G-00000000018897,P-GR-28EB072B87B2,GrupLAC: producto listado en la ficha,1
G-00000000018897,P-GR-29F494FA448D,GrupLAC: producto listado en la ficha,1
G-00000000018897,P-GR-2B26828A4FB3,GrupLAC: producto listado en la ficha,1
G-00000000018897,P-GR-2D39D0769B65,GrupLAC: producto listado en la ficha,1
G-00000000018897,P-GR-309469790E34,GrupLAC: producto listado en la ficha,1
G-00000000018897,P-GR-30CD8F552CA5,GrupLAC: producto listado en la ficha,1
G-00000000018897,P-GR-320FD1F89D9B,GrupLAC: producto listado en la ficha,1
G-00000000018897,P-GR-325F6E84CF1C,GrupLAC: producto listado en la ficha,1
G-00000000018897,P-GR-3263AA93E90F,GrupLAC: producto listado en la ficha,1
G-00000000018897,P-GR-360206BD332B,GrupLAC: producto listado en la ficha,1
G-00000000018897,P-GR-3DBB624430FA,GrupLAC: producto listado en la ficha,1
G-00000000018897,P-GR-3F3261CC266E,GrupLAC: producto listado en la ficha,1
G-00000000018897,P-GR-41A84DF09FD8,GrupLAC: producto listado en la ficha,1
G-00000000018897,P-GR-420D889597E3,GrupLAC: producto listado en la ficha,1
G-00000000018897,P-GR-44A401CC1D41,GrupLAC: producto listado en la ficha,1
G-00000000018897,P-GR-47703CB98466,GrupLAC: producto listado en la ficha,1
G-00000000018897,P-GR-48A0F1F2C001,GrupLAC: producto listado en la ficha,1
G-00000000018897,P-GR-4E363C4DFECA,GrupLAC: producto listado en la ficha,1
G-00000000018897,P-GR-4E64CE3D2147,GrupLAC: producto listado en la ficha,1
G-00000000018897,P-GR-4FA046888436,GrupLAC: producto listado en la ficha,1
G-00000000018897,P-GR-521732B0F396,GrupLAC: producto listado en la ficha,1
G-00000000018897,P-GR-555FD0026D33,GrupLAC: producto listado en la ficha,1
G-00000000018897,P-GR-5AF605641E2F,GrupLAC: producto listado en la ficha,1
G-00000000018897,P-GR-5E0DAC806A78,GrupLAC: producto listado en la ficha,1
G-00000000018897,P-GR-5FB0527B9FF4,GrupLAC: producto listado en la ficha,1
G-00000000018897,P-GR-622E7611A904,GrupLAC: producto listado en la ficha,1
G-00000000018897,P-GR-633576CC8320,GrupLAC: producto listado en la ficha,1
G-00000000018897,P-GR-639ECEEDEAE9,GrupLAC: producto listado en la ficha,1
G-00000000018897,P-GR-65A043C4C6DC,GrupLAC: producto listado en la ficha,1
G-00000000018897,P-GR-6855CF26C203,GrupLAC: producto listado en la ficha,1
G-00000000018897,P-GR-7193B344940D,GrupLAC: producto listado en la ficha,1
G-00000000018897,P-GR-71F301966682,GrupLAC: producto listado en la ficha,1
G-00000000018897,P-GR-73B7595E6630,GrupLAC: producto listado en la ficha,1
G-00000000018897,P-GR-74497EB439F0,GrupLAC: producto listado en la ficha,1
G-00000000018897,P-GR-7681FB3DBE3C,GrupLAC: producto listado en la ficha,1
G-00000000018897,P-GR-78494624EEFD,GrupLAC: producto listado en la ficha,1
G-00000000018897,P-GR-7E2E952F950D,GrupLAC: producto listado en la ficha,1
G-00000000018897,P-GR-81228E4BBBC7,GrupLAC: producto listado en la ficha,1
G-00000000018897,P-GR-819135FBD5B3,GrupLAC: producto listado en la ficha,1
G-00000000018897,P-GR-84B52E442E87,GrupLAC: producto listado en la ficha,1
G-00000000018897,P-GR-87E7AEE5E3A2,GrupLAC: producto listado en la ficha,1
G-00000000018897,P-GR-8B11DDAFAA7E,GrupLAC: producto listado en la ficha,1
G-00000000018897,P-GR-90410F59A23D,GrupLAC: producto listado en la ficha,1
G-00000000018897,P-GR-95B30E38E07D,GrupLAC: producto listado en la ficha,1
G-00000000018897,P-GR-969A31EBA1B7,GrupLAC: producto listado en la ficha,1
G-00000000018897,P-GR-97B2ADBA98F6,GrupLAC: producto listado en la ficha,1
G-00000000018897,P-GR-9C7E1C684CCF,GrupLAC: producto listado en la ficha,1
G-00000000018897,P-GR-A390268C3A29,GrupLAC: producto listado en la ficha,1
G-00000000018897,P-GR-A4639F8941F0,GrupLAC: producto listado en la ficha,1
G-00000000018897,P-GR-A69F737E4ECF,GrupLAC: producto listado en la ficha,1
G-00000000018897,P-GR-A902663934D8,GrupLAC: producto listado en la ficha,1
G-00000000018897,P-GR-A96575EA1CD0,GrupLAC: producto listado en la ficha,1
G-00000000018897,P-GR-AAF10C746BCC,GrupLAC: producto listado en la ficha,1
G-00000000018897,P-GR-B5690FFC23F8,GrupLAC: producto listado en la ficha,1
G-00000000018897,P-GR-B61D4D0B9622,GrupLAC: producto listado en la ficha,1
G-00000000018897,P-GR-B9614F7DC3DB,GrupLAC: producto listado en la ficha,1
G-00000000018897,P-GR-BB91D92817A9,GrupLAC: producto listado en la ficha,1
G-00000000018897,P-GR-BBAA8226C32A,GrupLAC: producto listado en la ficha,1
G-00000000018897,P-GR-BD3FAF86FF15,GrupLAC: producto listado en la ficha,1
G-00000000018897,P-GR-BDCF72D54EA7,GrupLAC: producto listado en la ficha,1
G-00000000018897,P-GR-BE82502A1F9B,GrupLAC: producto listado en la ficha,1
G-00000000018897,P-GR-BEAA5523392B,GrupLAC: producto listado en la ficha,1
G-00000000018897,P-GR-C373FF66D8F0,GrupLAC: producto listado en la ficha,1
G-00000000018897,P-GR-C3D18D7E81CD,GrupLAC: producto listado en la ficha,1
G-00000000018897,P-GR-C4C42A9739D6,GrupLAC: producto listado en la ficha,1
G-00000000018897,P-GR-C787FC0A35AA,GrupLAC: producto listado en la ficha,1
G-00000000018897,P-GR-C83D2BC5C21B,GrupLAC: producto listado en la ficha,1
G-00000000018897,P-GR-C921216CA653,GrupLAC: producto listado en la ficha,1
G-00000000018897,P-GR-CB2417F9790E,GrupLAC: producto listado en la ficha,1
G-00000000018897,P-GR-D08E3703B324,GrupLAC: producto listado en la ficha,1
G-00000000018897,P-GR-D1E139A9105B,GrupLAC: producto listado en la ficha,1
G-00000000018897,P-GR-D27B3D5CD088,GrupLAC: producto listado en la ficha,1
G-00000000018897,P-GR-D3580907D8B8,GrupLAC: producto listado en la ficha,1
G-00000000018897,P-GR-DB4CCED860BB,GrupLAC: producto listado en la ficha,1
G-00000000018897,P-GR-E2877C79A932,GrupLAC: producto listado en la ficha,1
G-00000000018897,P-GR-E2AC4ECE28B5,GrupLAC: producto listado en la ficha,1
G-00000000018897,P-GR-E35A12674783,GrupLAC: producto listado en la ficha,1
G-00000000018897,P-GR-E3DE48C14B7E,GrupLAC: producto listado en la ficha,1
G-00000000018897,P-GR-E638AE4F68E9,GrupLAC: producto listado en la ficha,1
G-00000000018897,P-GR-EA9B71055D66,GrupLAC: producto listado en la ficha,1
G-00000000018897,P-GR-ECBD454C847B,GrupLAC: producto listado en la ficha,1
G-00000000018897,P-GR-EE973EB1DDBF,GrupLAC: producto listado en la ficha,1
G-00000000018897,P-GR-EF987B99A96B,GrupLAC: producto listado en la ficha,1
G-00000000018897,P-GR-F1DD8E5B86A4,GrupLAC: producto listado en la ficha,1
G-00000000018897,P-GR-F6158581BA44,GrupLAC: producto listado en la ficha,1
G-00000000018897,P-GR-FD26F4F9E604,GrupLAC: producto listado en la ficha,1
G-00000000018897,P-GR-FDAC8A8224FA,GrupLAC: producto listado en la ficha,1
G-00000000018931,P-GR-309469790E34,GrupLAC: producto listado en la ficha,1
G-00000000018931,P-GR-3269B8861877,GrupLAC: producto listado en la ficha,1
G-00000000018931,P-GR-3E9FC4940285,GrupLAC: producto listado en la ficha,1
G-00000000018931,P-GR-413281167797,GrupLAC: producto listado en la ficha,1
G-00000000018931,P-GR-594578404377,GrupLAC: producto listado en la ficha,1
G-00000000018931,P-GR-6181A03F6327,GrupLAC: producto listado en la ficha,1
G-00000000018931,P-GR-653FEDD40FFD,GrupLAC: producto listado en la ficha,1
G-00000000018931,P-GR-81228E4BBBC7,GrupLAC: producto listado en la ficha,1
G-00000000018931,P-GR-937731340065,GrupLAC: producto listado en la ficha,1
G-00000000018931,P-GR-A080B5C027EE,GrupLAC: producto listado en la ficha,1
G-00000000018931,P-GR-B72FA0D629CC,GrupLAC: producto listado en la ficha,1
G-00000000018931,P-GR-C4FC03BD7F07,GrupLAC: producto listado en la ficha,1
G-00000000018931,P-GR-C7A2695BD7DD,GrupLAC: producto listado en la ficha,1
G-00000000018931,P-GR-CDE9C458235D,GrupLAC: producto listado en la ficha,1
G-00000000018931,P-GR-D21FE4DB3FDB,GrupLAC: producto listado en la ficha,1
G-00000000018931,P-GR-D3580907D8B8,GrupLAC: producto listado en la ficha,1
G-00000000018931,P-GR-D6D9FD4CEF04,GrupLAC: producto listado en la ficha,1
G-00000000018931,P-GR-D9150D3B6849,GrupLAC: producto listado en la ficha,1
G-00000000018931,P-GR-E72B8DA120CB,GrupLAC: producto listado en la ficha,1
G-00000000018931,P-GR-EF3F946E2281,GrupLAC: producto listado en la ficha,1
G-00000000018931,P-GR-F5506E4FEE96,GrupLAC: producto listado en la ficha,1
G-00000000018935,P-GR-031D18A7112F,GrupLAC: producto listado en la ficha,1
G-00000000018935,P-GR-0E5CBC976849,GrupLAC: producto listado en la ficha,1
G-00000000018935,P-GR-14554183C926,GrupLAC: producto listado en la ficha,1
G-00000000018935,P-GR-1487EE5E56F1,GrupLAC: producto listado en la ficha,1
G-00000000018935,P-GR-14CE3AD62A1F,GrupLAC: producto listado en la ficha,1
G-00000000018935,P-GR-1B307727DF57,GrupLAC: producto listado en la ficha,1
G-00000000018935,P-GR-1BE579295206,GrupLAC: producto listado en la ficha,1
G-00000000018935,P-GR-1D8ECF2B3EBD,GrupLAC: producto listado en la ficha,1
G-00000000018935,P-GR-25E7BBCD49FC,GrupLAC: producto listado en la ficha,1
G-00000000018935,P-GR-25FF60468883,GrupLAC: producto listado en la ficha,1
G-00000000018935,P-GR-26894296D4FE,GrupLAC: producto listado en la ficha,1
G-00000000018935,P-GR-29075A990DDB,GrupLAC: producto listado en la ficha,1
G-00000000018935,P-GR-298568045E9F,GrupLAC: producto listado en la ficha,1
G-00000000018935,P-GR-2B0069E610D4,GrupLAC: producto listado en la ficha,1
G-00000000018935,P-GR-2CE3B2C8D7E7,GrupLAC: producto listado en la ficha,1
G-00000000018935,P-GR-308EAE2E86E3,GrupLAC: producto listado en la ficha,1
G-00000000018935,P-GR-339CB32FF14C,GrupLAC: producto listado en la ficha,1
G-00000000018935,P-GR-434975CBEF74,GrupLAC: producto listado en la ficha,1
G-00000000018935,P-GR-445F682F1973,GrupLAC: producto listado en la ficha,1
G-00000000018935,P-GR-456157088809,GrupLAC: producto listado en la ficha,1
G-00000000018935,P-GR-4C473AD1B7B1,GrupLAC: producto listado en la ficha,1
G-00000000018935,P-GR-523C44A0A835,GrupLAC: producto listado en la ficha,1
G-00000000018935,P-GR-53D7F3C18D3E,GrupLAC: producto listado en la ficha,1
G-00000000018935,P-GR-54A7A1AC748B,GrupLAC: producto listado en la ficha,1
G-00000000018935,P-GR-588EF8F3F067,GrupLAC: producto listado en la ficha,1
G-00000000018935,P-GR-5B94D3122353,GrupLAC: producto listado en la ficha,1
G-00000000018935,P-GR-7193AE1A1FE1,GrupLAC: producto listado en la ficha,1
G-00000000018935,P-GR-7275372DBB69,GrupLAC: producto listado en la ficha,1
G-00000000018935,P-GR-76419076120D,GrupLAC: producto listado en la ficha,1
G-00000000018935,P-GR-7644D876BA52,GrupLAC: producto listado en la ficha,1
G-00000000018935,P-GR-7CA006ABA062,GrupLAC: producto listado en la ficha,1
G-00000000018935,P-GR-7CF181DE8D74,GrupLAC: producto listado en la ficha,1
G-00000000018935,P-GR-81DF14214F7E,GrupLAC: producto listado en la ficha,1
G-00000000018935,P-GR-870502D24E90,GrupLAC: producto listado en la ficha,1
G-00000000018935,P-GR-8BF2CBF35901,GrupLAC: producto listado en la ficha,1
G-00000000018935,P-GR-8EA770462D58,GrupLAC: producto listado en la ficha,1
G-00000000018935,P-GR-9AE16F8CA9F4,GrupLAC: producto listado en la ficha,1
G-00000000018935,P-GR-9B37EB4B78A9,GrupLAC: producto listado en la ficha,1
G-00000000018935,P-GR-9F9DE64BB50E,GrupLAC: producto listado en la ficha,1
G-00000000018935,P-GR-AB9A7B7F0476,GrupLAC: producto listado en la ficha,1
G-00000000018935,P-GR-ACAF80E85E3C,GrupLAC: producto listado en la ficha,1
G-00000000018935,P-GR-B2654B880CF7,GrupLAC: producto listado en la ficha,1
G-00000000018935,P-GR-B6C37C997A2C,GrupLAC: producto listado en la ficha,1
G-00000000018935,P-GR-BECB54DE5E7D,GrupLAC: producto listado en la ficha,1
G-00000000018935,P-GR-C78D09BE13FF,GrupLAC: producto listado en la ficha,1
G-00000000018935,P-GR-CC349F030EDD,GrupLAC: producto listado en la ficha,1
G-00000000018935,P-GR-CE85B708C2D6,GrupLAC: producto listado en la ficha,1
G-00000000018935,P-GR-D0977199D267,GrupLAC: producto listado en la ficha,1
G-00000000018935,P-GR-D1458DFA9C37,GrupLAC: producto listado en la ficha,1
G-00000000018935,P-GR-D23CB2BE59E1,GrupLAC: producto listado en la ficha,1
G-00000000018935,P-GR-E05860E66041,GrupLAC: producto listado en la ficha,1
G-00000000018935,P-GR-E08CD52C6181,GrupLAC: producto listado en la ficha,1
G-00000000018935,P-GR-ED22D0EC478F,GrupLAC: producto listado en la ficha,1
G-00000000018935,P-GR-F07FD37EB710,GrupLAC: producto listado en la ficha,1
G-00000000018935,P-GR-F70FE38C3566,GrupLAC: producto listado en la ficha,1
G-00000000018935,P-GR-F865852294E4,GrupLAC: producto listado en la ficha,1
G-00000000018949,P-GR-00D70D2A7D24,GrupLAC: producto listado en la ficha,1
G-00000000018949,P-GR-021A187E2577,GrupLAC: producto listado en la ficha,1
G-00000000018949,P-GR-03FAD86DA66F,GrupLAC: producto listado en la ficha,1
G-00000000018949,P-GR-0401107B7DD3,GrupLAC: producto listado en la ficha,1
G-00000000018949,P-GR-08994B93D0AF,GrupLAC: producto listado en la ficha,1
G-00000000018949,P-GR-0A45832E10FA,GrupLAC: producto listado en la ficha,1
G-00000000018949,P-GR-0AA7D7FB3A24,GrupLAC: producto listado en la ficha,1
G-00000000018949,P-GR-0B0CE7FB9877,GrupLAC: producto listado en la ficha,1
G-00000000018949,P-GR-0BB936910322,GrupLAC: producto listado en la ficha,1
G-00000000018949,P-GR-0DD18057127D,GrupLAC: producto listado en la ficha,1
G-00000000018949,P-GR-0FA4358423DC,GrupLAC: producto listado en la ficha,1
G-00000000018949,P-GR-1828B6062811,GrupLAC: producto listado en la ficha,1
G-00000000018949,P-GR-18542571A764,GrupLAC: producto listado en la ficha,1
G-00000000018949,P-GR-19DD23F87A97,GrupLAC: producto listado en la ficha,1
G-00000000018949,P-GR-1D3350230CA7,GrupLAC: producto listado en la ficha,1
G-00000000018949,P-GR-1D7DE0323A27,GrupLAC: producto listado en la ficha,1
G-00000000018949,P-GR-1E2FC4F896F1,GrupLAC: producto listado en la ficha,1
G-00000000018949,P-GR-1FFCD7526AF8,GrupLAC: producto listado en la ficha,1
G-00000000018949,P-GR-2250AC7F37D0,GrupLAC: producto listado en la ficha,1
G-00000000018949,P-GR-256C5B46B214,GrupLAC: producto listado en la ficha,1
G-00000000018949,P-GR-2AD7F8375080,GrupLAC: producto listado en la ficha,1
G-00000000018949,P-GR-3256F6E4ED79,GrupLAC: producto listado en la ficha,1
G-00000000018949,P-GR-336F6636A422,GrupLAC: producto listado en la ficha,1
G-00000000018949,P-GR-3C7C29726D92,GrupLAC: producto listado en la ficha,1
G-00000000018949,P-GR-3D27121A8EDB,GrupLAC: producto listado en la ficha,1
G-00000000018949,P-GR-3EE3CEDB28F4,GrupLAC: producto listado en la ficha,1
G-00000000018949,P-GR-3FE378B9AE0E,GrupLAC: producto listado en la ficha,1
G-00000000018949,P-GR-41FEF886036A,GrupLAC: producto listado en la ficha,1
G-00000000018949,P-GR-4A3589DF0CA3,GrupLAC: producto listado en la ficha,1
G-00000000018949,P-GR-4E65CD58A1E7,GrupLAC: producto listado en la ficha,1
G-00000000018949,P-GR-555558782E39,GrupLAC: producto listado en la ficha,1
G-00000000018949,P-GR-588BCA49DCCE,GrupLAC: producto listado en la ficha,1
G-00000000018949,P-GR-60D3527EBD7D,GrupLAC: producto listado en la ficha,1
G-00000000018949,P-GR-6348C89DE3C9,GrupLAC: producto listado en la ficha,1
G-00000000018949,P-GR-65D671A15F56,GrupLAC: producto listado en la ficha,1
G-00000000018949,P-GR-66604904F353,GrupLAC: producto listado en la ficha,1
G-00000000018949,P-GR-690A1BE3DBDB,GrupLAC: producto listado en la ficha,1
G-00000000018949,P-GR-6C39882A5484,GrupLAC: producto listado en la ficha,1
G-00000000018949,P-GR-6D48AF0ADC50,GrupLAC: producto listado en la ficha,1
G-00000000018949,P-GR-6E179A0543BC,GrupLAC: producto listado en la ficha,1
G-00000000018949,P-GR-7024998331F2,GrupLAC: producto listado en la ficha,1
G-00000000018949,P-GR-705E30FCF713,GrupLAC: producto listado en la ficha,1
G-00000000018949,P-GR-708498ED1516,GrupLAC: producto listado en la ficha,1
G-00000000018949,P-GR-753F2CABACFA,GrupLAC: producto listado en la ficha,1
G-00000000018949,P-GR-79A09EAEE6B0,GrupLAC: producto listado en la ficha,1
G-00000000018949,P-GR-79F2B8B9E6A6,GrupLAC: producto listado en la ficha,1
G-00000000018949,P-GR-85DBB70D50BC,GrupLAC: producto listado en la ficha,1
G-00000000018949,P-GR-8A3CFB32ED9C,GrupLAC: producto listado en la ficha,1
G-00000000018949,P-GR-8A8E8A27B2D2,GrupLAC: producto listado en la ficha,1
G-00000000018949,P-GR-8BD7BA754D28,GrupLAC: producto listado en la ficha,1
G-00000000018949,P-GR-8F1983312803,GrupLAC: producto listado en la ficha,1
G-00000000018949,P-GR-95AA7F4E5EEC,GrupLAC: producto listado en la ficha,1
G-00000000018949,P-GR-9A475F94CA3E,GrupLAC: producto listado en la ficha,1
G-00000000018949,P-GR-9A9A6A507DD8,GrupLAC: producto listado en la ficha,1
G-00000000018949,P-GR-9D8A9809E6CF,GrupLAC: producto listado en la ficha,1
G-00000000018949,P-GR-A0AECAC1D733,GrupLAC: producto listado en la ficha,1
G-00000000018949,P-GR-A8F2103514D8,GrupLAC: producto listado en la ficha,1
G-00000000018949,P-GR-A92924C46D07,GrupLAC: producto listado en la ficha,1
G-00000000018949,P-GR-AC85B87380FE,GrupLAC: producto listado en la ficha,1
G-00000000018949,P-GR-B6396DBC4447,GrupLAC: producto listado en la ficha,1
G-00000000018949,P-GR-B8DD098F17D6,GrupLAC: producto listado en la ficha,1
G-00000000018949,P-GR-BCA0C5D07094,GrupLAC: producto listado en la ficha,1
G-00000000018949,P-GR-C31C5FD1B4F4,GrupLAC: producto listado en la ficha,1
G-00000000018949,P-GR-C5DD448891AC,GrupLAC: producto listado en la ficha,1
G-00000000018949,P-GR-C6F5FB050999,GrupLAC: producto listado en la ficha,1
G-00000000018949,P-GR-C77FBCFD6DAB,GrupLAC: producto listado en la ficha,1
G-00000000018949,P-GR-C8F44CB67696,GrupLAC: producto listado en la ficha,1
G-00000000018949,P-GR-C9769BCF3274,GrupLAC: producto listado en la ficha,1
G-00000000018949,P-GR-CE3871496606,GrupLAC: producto listado en la ficha,1
G-00000000018949,P-GR-D5DF97E6552A,GrupLAC: producto listado en la ficha,1
G-00000000018949,P-GR-DE59710A95C3,GrupLAC: producto listado en la ficha,1
G-00000000018949,P-GR-DF7F54863A54,GrupLAC: producto listado en la ficha,1
G-00000000018949,P-GR-E180556D93B9,GrupLAC: producto listado en la ficha,1
G-00000000018949,P-GR-E5DFAB09596C,GrupLAC: producto listado en la ficha,1
G-00000000018949,P-GR-EAF12D06EABD,GrupLAC: producto listado en la ficha,1
G-00000000018949,P-GR-F0EAE1F98EFA,GrupLAC: producto listado en la ficha,1
G-00000000018949,P-GR-F3C847F83C70,GrupLAC: producto listado en la ficha,1
G-00000000018949,P-GR-F96A52FFD6F7,GrupLAC: producto listado en la ficha,1
G-00000000018949,P-GR-FA8B1E20CE6D,GrupLAC: producto listado en la ficha,1
G-00000000018949,P-GR-FAEABE408AD9,GrupLAC: producto listado en la ficha,1
G-00000000020413,P-GR-030808FAD247,GrupLAC: producto listado en la ficha,1
G-00000000020413,P-GR-03BF9F050BC6,GrupLAC: producto listado en la ficha,1
G-00000000020413,P-GR-03D651C4A58E,GrupLAC: producto listado en la ficha,1
G-00000000020413,P-GR-057FF360D6C0,GrupLAC: producto listado en la ficha,1
G-00000000020413,P-GR-063B046782BA,GrupLAC: producto listado en la ficha,1
G-00000000020413,P-GR-064E7C744993,GrupLAC: producto listado en la ficha,1
G-00000000020413,P-GR-06966049FE16,GrupLAC: producto listado en la ficha,1
G-00000000020413,P-GR-089E3AC866A2,GrupLAC: producto listado en la ficha,1
G-00000000020413,P-GR-08B1F22DCBD3,GrupLAC: producto listado en la ficha,1
G-00000000020413,P-GR-0AF03935A10B,GrupLAC: producto listado en la ficha,1
G-00000000020413,P-GR-0B04854953A1,GrupLAC: producto listado en la ficha,1
G-00000000020413,P-GR-0C764E4F2673,GrupLAC: producto listado en la ficha,1
G-00000000020413,P-GR-0E4800F4534C,GrupLAC: producto listado en la ficha,1
G-00000000020413,P-GR-0E782A83296A,GrupLAC: producto listado en la ficha,1
G-00000000020413,P-GR-12A867047D03,GrupLAC: producto listado en la ficha,1
G-00000000020413,P-GR-140EE48672A6,GrupLAC: producto listado en la ficha,1
G-00000000020413,P-GR-16EAC1AC55D6,GrupLAC: producto listado en la ficha,1
G-00000000020413,P-GR-18C1B40C7A2D,GrupLAC: producto listado en la ficha,1
G-00000000020413,P-GR-190857AF588E,GrupLAC: producto listado en la ficha,1
G-00000000020413,P-GR-192B8259B3C3,GrupLAC: producto listado en la ficha,1
G-00000000020413,P-GR-1EA1E558107C,GrupLAC: producto listado en la ficha,1
G-00000000020413,P-GR-1F114F7DA009,GrupLAC: producto listado en la ficha,1
G-00000000020413,P-GR-231F596D0FDC,GrupLAC: producto listado en la ficha,1
G-00000000020413,P-GR-23766F0F4F8C,GrupLAC: producto listado en la ficha,1
G-00000000020413,P-GR-24DB8D7E58F0,GrupLAC: producto listado en la ficha,1
G-00000000020413,P-GR-2697BCE89102,GrupLAC: producto listado en la ficha,1
G-00000000020413,P-GR-275892D9246E,GrupLAC: producto listado en la ficha,1
G-00000000020413,P-GR-3052A29DF49B,GrupLAC: producto listado en la ficha,1
G-00000000020413,P-GR-36C4657DAC09,GrupLAC: producto listado en la ficha,1
G-00000000020413,P-GR-38AC9C3C843E,GrupLAC: producto listado en la ficha,1
G-00000000020413,P-GR-39F122DE1F33,GrupLAC: producto listado en la ficha,1
G-00000000020413,P-GR-3A6FC2A9EB1B,GrupLAC: producto listado en la ficha,1
G-00000000020413,P-GR-3CD218091C6E,GrupLAC: producto listado en la ficha,1
G-00000000020413,P-GR-41120359448B,GrupLAC: producto listado en la ficha,1
G-00000000020413,P-GR-4212865695BF,GrupLAC: producto listado en la ficha,1
G-00000000020413,P-GR-4230DE6661FE,GrupLAC: producto listado en la ficha,1
G-00000000020413,P-GR-432122BA83E5,GrupLAC: producto listado en la ficha,1
G-00000000020413,P-GR-4386A5F41BE1,GrupLAC: producto listado en la ficha,1
G-00000000020413,P-GR-43AECC38F679,GrupLAC: producto listado en la ficha,1
G-00000000020413,P-GR-44DCEE573565,GrupLAC: producto listado en la ficha,1
G-00000000020413,P-GR-4C1A26896B3E,GrupLAC: producto listado en la ficha,1
G-00000000020413,P-GR-4D8C76FD8F9D,GrupLAC: producto listado en la ficha,1
G-00000000020413,P-GR-50E23DDD0F8D,GrupLAC: producto listado en la ficha,1
G-00000000020413,P-GR-529429730491,GrupLAC: producto listado en la ficha,1
G-00000000020413,P-GR-5424383F8A9B,GrupLAC: producto listado en la ficha,1
G-00000000020413,P-GR-57B45D7BF73F,GrupLAC: producto listado en la ficha,1
G-00000000020413,P-GR-58F7B6AAE792,GrupLAC: producto listado en la ficha,1
G-00000000020413,P-GR-597BAF3349C4,GrupLAC: producto listado en la ficha,1
G-00000000020413,P-GR-5B79960329CC,GrupLAC: producto listado en la ficha,1
G-00000000020413,P-GR-5C47CF83B3B0,GrupLAC: producto listado en la ficha,1
G-00000000020413,P-GR-5CBB566B913B,GrupLAC: producto listado en la ficha,1
G-00000000020413,P-GR-5D52257E571E,GrupLAC: producto listado en la ficha,1
G-00000000020413,P-GR-5EFBFAEDD7F3,GrupLAC: producto listado en la ficha,1
G-00000000020413,P-GR-5FB3AB4031EC,GrupLAC: producto listado en la ficha,1
G-00000000020413,P-GR-5FC0AE2459F6,GrupLAC: producto listado en la ficha,1
G-00000000020413,P-GR-5FDD3C09A6ED,GrupLAC: producto listado en la ficha,1
G-00000000020413,P-GR-602823FAC2D3,GrupLAC: producto listado en la ficha,1
G-00000000020413,P-GR-65CA4C5046FA,GrupLAC: producto listado en la ficha,1
G-00000000020413,P-GR-6706A4CCF18C,GrupLAC: producto listado en la ficha,1
G-00000000020413,P-GR-680F86C17A7C,GrupLAC: producto listado en la ficha,1
G-00000000020413,P-GR-68D4D0E3E119,GrupLAC: producto listado en la ficha,1
G-00000000020413,P-GR-69B25C0CF4EF,GrupLAC: producto listado en la ficha,1
G-00000000020413,P-GR-69EC1033496B,GrupLAC: producto listado en la ficha,1
G-00000000020413,P-GR-6ADB25405359,GrupLAC: producto listado en la ficha,1
G-00000000020413,P-GR-6CBD7747C426,GrupLAC: producto listado en la ficha,1
G-00000000020413,P-GR-71436E08B3E9,GrupLAC: producto listado en la ficha,1
G-00000000020413,P-GR-74FF4E9263D0,GrupLAC: producto listado en la ficha,1
G-00000000020413,P-GR-76E0B66A0391,GrupLAC: producto listado en la ficha,1
G-00000000020413,P-GR-782ABA6BB8CC,GrupLAC: producto listado en la ficha,1
G-00000000020413,P-GR-7A5606F9D84E,GrupLAC: producto listado en la ficha,1
G-00000000020413,P-GR-7A5C4CD5F7EC,GrupLAC: producto listado en la ficha,1
G-00000000020413,P-GR-7BC90F9F6C2A,GrupLAC: producto listado en la ficha,1
G-00000000020413,P-GR-7C9D6F2DB2A2,GrupLAC: producto listado en la ficha,1
G-00000000020413,P-GR-7CBBD31FDE7E,GrupLAC: producto listado en la ficha,1
G-00000000020413,P-GR-7FAC76F2915A,GrupLAC: producto listado en la ficha,1
G-00000000020413,P-GR-84B5BEAE1A43,GrupLAC: producto listado en la ficha,1
G-00000000020413,P-GR-85649A8F8607,GrupLAC: producto listado en la ficha,1
G-00000000020413,P-GR-85BED83FFAD8,GrupLAC: producto listado en la ficha,1
G-00000000020413,P-GR-85DBB70D50BC,GrupLAC: producto listado en la ficha,1
G-00000000020413,P-GR-860814B0AE3B,GrupLAC: producto listado en la ficha,1
G-00000000020413,P-GR-86DE12819E5B,GrupLAC: producto listado en la ficha,1
G-00000000020413,P-GR-8714722A2981,GrupLAC: producto listado en la ficha,1
G-00000000020413,P-GR-891BE9AAC69A,GrupLAC: producto listado en la ficha,1
G-00000000020413,P-GR-8B6517B15B30,GrupLAC: producto listado en la ficha,1
G-00000000020413,P-GR-8B6929EC3A6B,GrupLAC: producto listado en la ficha,1
G-00000000020413,P-GR-8B91F1AE7264,GrupLAC: producto listado en la ficha,1
G-00000000020413,P-GR-8B94ACE44BF2,GrupLAC: producto listado en la ficha,1
G-00000000020413,P-GR-8BC0D4F38420,GrupLAC: producto listado en la ficha,1
G-00000000020413,P-GR-8F7BB68E0FCA,GrupLAC: producto listado en la ficha,1
G-00000000020413,P-GR-93746E77FDAC,GrupLAC: producto listado en la ficha,1
G-00000000020413,P-GR-93D736D619BF,GrupLAC: producto listado en la ficha,1
G-00000000020413,P-GR-95DD5DBA5919,GrupLAC: producto listado en la ficha,1
G-00000000020413,P-GR-97624C75AEC8,GrupLAC: producto listado en la ficha,1
G-00000000020413,P-GR-9A20FD1A1900,GrupLAC: producto listado en la ficha,1
G-00000000020413,P-GR-9DFF855BAF95,GrupLAC: producto listado en la ficha,1
G-00000000020413,P-GR-A008E4B09C54,GrupLAC: producto listado en la ficha,1
G-00000000020413,P-GR-A0FCB24B6111,GrupLAC: producto listado en la ficha,1
G-00000000020413,P-GR-A17D992DA46C,GrupLAC: producto listado en la ficha,1
G-00000000020413,P-GR-A1D2B65FF963,GrupLAC: producto listado en la ficha,1
G-00000000020413,P-GR-A55076D9E664,GrupLAC: producto listado en la ficha,1
G-00000000020413,P-GR-A832D3470EE0,GrupLAC: producto listado en la ficha,1
G-00000000020413,P-GR-AB576724E6E5,GrupLAC: producto listado en la ficha,1
G-00000000020413,P-GR-AE0F59716172,GrupLAC: producto listado en la ficha,1
G-00000000020413,P-GR-AE54E9608082,GrupLAC: producto listado en la ficha,1
G-00000000020413,P-GR-AF8CA1792BC3,GrupLAC: producto listado en la ficha,1
G-00000000020413,P-GR-B58B9C41DCF8,GrupLAC: producto listado en la ficha,1
G-00000000020413,P-GR-B64865311B07,GrupLAC: producto listado en la ficha,1
G-00000000020413,P-GR-B7018F299062,GrupLAC: producto listado en la ficha,1
G-00000000020413,P-GR-BC24E452BEBB,GrupLAC: producto listado en la ficha,1
G-00000000020413,P-GR-BF478CA53CA3,GrupLAC: producto listado en la ficha,1
G-00000000020413,P-GR-C0E9FC156973,GrupLAC: producto listado en la ficha,1
G-00000000020413,P-GR-C214E1AAA4EF,GrupLAC: producto listado en la ficha,1
G-00000000020413,P-GR-C36274A43819,GrupLAC: producto listado en la ficha,1
G-00000000020413,P-GR-C600D3780FD3,GrupLAC: producto listado en la ficha,1
G-00000000020413,P-GR-C90E34139272,GrupLAC: producto listado en la ficha,1
G-00000000020413,P-GR-CA1F0E3A368B,GrupLAC: producto listado en la ficha,1
G-00000000020413,P-GR-CAB41B95521D,GrupLAC: producto listado en la ficha,1
G-00000000020413,P-GR-CF30486C7D10,GrupLAC: producto listado en la ficha,1
G-00000000020413,P-GR-CFD053E10B52,GrupLAC: producto listado en la ficha,1
G-00000000020413,P-GR-D1F5695A3073,GrupLAC: producto listado en la ficha,1
G-00000000020413,P-GR-D35E6646089C,GrupLAC: producto listado en la ficha,1
G-00000000020413,P-GR-D6E12839D6A4,GrupLAC: producto listado en la ficha,1
G-00000000020413,P-GR-D7D31B23E325,GrupLAC: producto listado en la ficha,1
G-00000000020413,P-GR-D9E542EE49BC,GrupLAC: producto listado en la ficha,1
G-00000000020413,P-GR-DAAEB7821CA4,GrupLAC: producto listado en la ficha,1
G-00000000020413,P-GR-DE96A2990989,GrupLAC: producto listado en la ficha,1
G-00000000020413,P-GR-DF0C2A8C782E,GrupLAC: producto listado en la ficha,1
G-00000000020413,P-GR-E0AF4C9AE9F9,GrupLAC: producto listado en la ficha,1
G-00000000020413,P-GR-E3EA57D5F0B4,GrupLAC: producto listado en la ficha,1
G-00000000020413,P-GR-E6712305C9F6,GrupLAC: producto listado en la ficha,1
G-00000000020413,P-GR-EA5DC61B5E80,GrupLAC: producto listado en la ficha,1
G-00000000020413,P-GR-EC0C87190F74,GrupLAC: producto listado en la ficha,1
G-00000000020413,P-GR-ECA3D5327A87,GrupLAC: producto listado en la ficha,1
G-00000000020413,P-GR-ED71A9BAABA7,GrupLAC: producto listado en la ficha,1
G-00000000020413,P-GR-EFC2F8D10BD5,GrupLAC: producto listado en la ficha,1
G-00000000020413,P-GR-F05384F6EB0E,GrupLAC: producto listado en la ficha,1
G-00000000020413,P-GR-F31E830CAF15,GrupLAC: producto listado en la ficha,1
G-00000000020413,P-GR-F381982F1373,GrupLAC: producto listado en la ficha,1
G-00000000020413,P-GR-F3CD0C4D4628,GrupLAC: producto listado en la ficha,1
G-00000000020413,P-GR-F46EAC9308DF,GrupLAC: producto listado en la ficha,1
G-00000000020413,P-GR-F529702964BA,GrupLAC: producto listado en la ficha,1
G-00000000020413,P-GR-F5A4EB419181,GrupLAC: producto listado en la ficha,1
G-00000000020413,P-GR-F63491B97670,GrupLAC: producto listado en la ficha,1
G-00000000020413,P-GR-F65E5E05969D,GrupLAC: producto listado en la ficha,1
G-00000000020413,P-GR-F8AF80BCE445,GrupLAC: producto listado en la ficha,1
G-00000000020413,P-GR-FA4EDD58711D,GrupLAC: producto listado en la ficha,1
G-00000000020413,P-GR-FEAD6C6F90D8,GrupLAC: producto listado en la ficha,1
G-00000000020413,P-GR-FFFA84DF7190,GrupLAC: producto listado en la ficha,1
G-00000000020415,P-GR-001439D1635C,GrupLAC: producto listado en la ficha,1
G-00000000020415,P-GR-008AF5B7EA99,GrupLAC: producto listado en la ficha,1
G-00000000020415,P-GR-00CD0A5A90A5,GrupLAC: producto listado en la ficha,1
G-00000000020415,P-GR-01BE55D42F3B,GrupLAC: producto listado en la ficha,1
G-00000000020415,P-GR-0265D1F9C9A2,GrupLAC: producto listado en la ficha,1
G-00000000020415,P-GR-028C29DF7D39,GrupLAC: producto listado en la ficha,1
G-00000000020415,P-GR-03EB18D04E5F,GrupLAC: producto listado en la ficha,1
G-00000000020415,P-GR-0745DCF2DBB4,GrupLAC: producto listado en la ficha,1
G-00000000020415,P-GR-0830258680F4,GrupLAC: producto listado en la ficha,1
G-00000000020415,P-GR-0975888AF113,GrupLAC: producto listado en la ficha,1
G-00000000020415,P-GR-0C71429B9427,GrupLAC: producto listado en la ficha,1
G-00000000020415,P-GR-0CB82A2982ED,GrupLAC: producto listado en la ficha,1
G-00000000020415,P-GR-0DE77CB6CE06,GrupLAC: producto listado en la ficha,1
G-00000000020415,P-GR-0E6EEA1C1568,GrupLAC: producto listado en la ficha,1
G-00000000020415,P-GR-0E782A83296A,GrupLAC: producto listado en la ficha,1
G-00000000020415,P-GR-1052C1D2CBA5,GrupLAC: producto listado en la ficha,1
G-00000000020415,P-GR-1234D5C6721D,GrupLAC: producto listado en la ficha,1
G-00000000020415,P-GR-14F92D135DB3,GrupLAC: producto listado en la ficha,1
G-00000000020415,P-GR-15AD7719E477,GrupLAC: producto listado en la ficha,1
G-00000000020415,P-GR-17F77B62A799,GrupLAC: producto listado en la ficha,1
G-00000000020415,P-GR-1E60EEFB23E0,GrupLAC: producto listado en la ficha,1
G-00000000020415,P-GR-1E6993E0D4F7,GrupLAC: producto listado en la ficha,1
G-00000000020415,P-GR-1EBA1C86297A,GrupLAC: producto listado en la ficha,1
G-00000000020415,P-GR-216A87F8F643,GrupLAC: producto listado en la ficha,1
G-00000000020415,P-GR-227A8788AF61,GrupLAC: producto listado en la ficha,1
G-00000000020415,P-GR-24557BD3EC20,GrupLAC: producto listado en la ficha,1
G-00000000020415,P-GR-25CDE2C2950F,GrupLAC: producto listado en la ficha,1
G-00000000020415,P-GR-28CC42E7AC03,GrupLAC: producto listado en la ficha,1
G-00000000020415,P-GR-2A3609D3A203,GrupLAC: producto listado en la ficha,1
G-00000000020415,P-GR-2BA0C6554146,GrupLAC: producto listado en la ficha,1
G-00000000020415,P-GR-2D1FC6598866,GrupLAC: producto listado en la ficha,1
G-00000000020415,P-GR-2DE17F60F8EA,GrupLAC: producto listado en la ficha,1
G-00000000020415,P-GR-2DEEA05CCF14,GrupLAC: producto listado en la ficha,1
G-00000000020415,P-GR-2ED247BA1F13,GrupLAC: producto listado en la ficha,1
G-00000000020415,P-GR-2EE9E389B6E4,GrupLAC: producto listado en la ficha,1
G-00000000020415,P-GR-308AF04D72B0,GrupLAC: producto listado en la ficha,1
G-00000000020415,P-GR-3114ECD3E554,GrupLAC: producto listado en la ficha,1
G-00000000020415,P-GR-31D7743DC647,GrupLAC: producto listado en la ficha,1
G-00000000020415,P-GR-3293050C70D4,GrupLAC: producto listado en la ficha,1
G-00000000020415,P-GR-330506808C83,GrupLAC: producto listado en la ficha,1
G-00000000020415,P-GR-346818FFF7DA,GrupLAC: producto listado en la ficha,1
G-00000000020415,P-GR-39D0D70E60C8,GrupLAC: producto listado en la ficha,1
G-00000000020415,P-GR-3D2532F3280E,GrupLAC: producto listado en la ficha,1
G-00000000020415,P-GR-3E69D5FD1B13,GrupLAC: producto listado en la ficha,1
G-00000000020415,P-GR-3EA9AC551E0E,GrupLAC: producto listado en la ficha,1
G-00000000020415,P-GR-3F368A6F2976,GrupLAC: producto listado en la ficha,1
G-00000000020415,P-GR-456A801C5B50,GrupLAC: producto listado en la ficha,1
G-00000000020415,P-GR-49AE63FFD42D,GrupLAC: producto listado en la ficha,1
G-00000000020415,P-GR-4D60A036F1E5,GrupLAC: producto listado en la ficha,1
G-00000000020415,P-GR-514D4B3F1B71,GrupLAC: producto listado en la ficha,1
G-00000000020415,P-GR-517F0575F5E9,GrupLAC: producto listado en la ficha,1
G-00000000020415,P-GR-519DC012E5D1,GrupLAC: producto listado en la ficha,1
G-00000000020415,P-GR-5210820C16D7,GrupLAC: producto listado en la ficha,1
G-00000000020415,P-GR-523F9EC93BEB,GrupLAC: producto listado en la ficha,1
G-00000000020415,P-GR-5408146E0965,GrupLAC: producto listado en la ficha,1
G-00000000020415,P-GR-5784FE51979C,GrupLAC: producto listado en la ficha,1
G-00000000020415,P-GR-57A38BE82181,GrupLAC: producto listado en la ficha,1
G-00000000020415,P-GR-5BF729AC40D7,GrupLAC: producto listado en la ficha,1
G-00000000020415,P-GR-5D1BC04325B7,GrupLAC: producto listado en la ficha,1
G-00000000020415,P-GR-5DB2DECCBB01,GrupLAC: producto listado en la ficha,1
G-00000000020415,P-GR-5E92249573D5,GrupLAC: producto listado en la ficha,1
G-00000000020415,P-GR-60CCD7E0F5F8,GrupLAC: producto listado en la ficha,1
G-00000000020415,P-GR-60F690F606AE,GrupLAC: producto listado en la ficha,1
G-00000000020415,P-GR-618EB76873A3,GrupLAC: producto listado en la ficha,1
G-00000000020415,P-GR-6292524903C2,GrupLAC: producto listado en la ficha,1
G-00000000020415,P-GR-62F07EC811B0,GrupLAC: producto listado en la ficha,1
G-00000000020415,P-GR-62F876B7EC51,GrupLAC: producto listado en la ficha,1
G-00000000020415,P-GR-671F8422434B,GrupLAC: producto listado en la ficha,1
G-00000000020415,P-GR-68671C3FC818,GrupLAC: producto listado en la ficha,1
G-00000000020415,P-GR-6B37AC16AA9B,GrupLAC: producto listado en la ficha,1
G-00000000020415,P-GR-6B5A99336F89,GrupLAC: producto listado en la ficha,1
G-00000000020415,P-GR-6C5A18FAC727,GrupLAC: producto listado en la ficha,1
G-00000000020415,P-GR-6D4B2F3DC5F0,GrupLAC: producto listado en la ficha,1
G-00000000020415,P-GR-6D7F9F74E788,GrupLAC: producto listado en la ficha,1
G-00000000020415,P-GR-702E766CA2D8,GrupLAC: producto listado en la ficha,1
G-00000000020415,P-GR-7092506BBC7A,GrupLAC: producto listado en la ficha,1
G-00000000020415,P-GR-70C412599B2C,GrupLAC: producto listado en la ficha,1
G-00000000020415,P-GR-75552A35A75B,GrupLAC: producto listado en la ficha,1
G-00000000020415,P-GR-7A9DC166B62A,GrupLAC: producto listado en la ficha,1
G-00000000020415,P-GR-7B466EEC47F5,GrupLAC: producto listado en la ficha,1
G-00000000020415,P-GR-7C7732655926,GrupLAC: producto listado en la ficha,1
G-00000000020415,P-GR-7D65AB3B5E68,GrupLAC: producto listado en la ficha,1
G-00000000020415,P-GR-7E9A685DA4CE,GrupLAC: producto listado en la ficha,1
G-00000000020415,P-GR-7F72653388CA,GrupLAC: producto listado en la ficha,1
G-00000000020415,P-GR-804231DD8083,GrupLAC: producto listado en la ficha,1
G-00000000020415,P-GR-81448264177D,GrupLAC: producto listado en la ficha,1
G-00000000020415,P-GR-819AC7BD27CC,GrupLAC: producto listado en la ficha,1
G-00000000020415,P-GR-81B42D3C6D24,GrupLAC: producto listado en la ficha,1
G-00000000020415,P-GR-83010AE301A0,GrupLAC: producto listado en la ficha,1
G-00000000020415,P-GR-85DF8A4DFAF0,GrupLAC: producto listado en la ficha,1
G-00000000020415,P-GR-865F0BBD6D33,GrupLAC: producto listado en la ficha,1
G-00000000020415,P-GR-872785604E5A,GrupLAC: producto listado en la ficha,1
G-00000000020415,P-GR-890BBDD14956,GrupLAC: producto listado en la ficha,1
G-00000000020415,P-GR-8BAD86844E64,GrupLAC: producto listado en la ficha,1
G-00000000020415,P-GR-8BF0FCABD599,GrupLAC: producto listado en la ficha,1
G-00000000020415,P-GR-8D0D3400B5E8,GrupLAC: producto listado en la ficha,1
G-00000000020415,P-GR-8D95E187E58A,GrupLAC: producto listado en la ficha,1
G-00000000020415,P-GR-8FD4EE5EC8FA,GrupLAC: producto listado en la ficha,1
G-00000000020415,P-GR-931BE1AE791D,GrupLAC: producto listado en la ficha,1
G-00000000020415,P-GR-936BD8B5AB30,GrupLAC: producto listado en la ficha,1
G-00000000020415,P-GR-94C7206CC6BF,GrupLAC: producto listado en la ficha,1
G-00000000020415,P-GR-95DD5DBA5919,GrupLAC: producto listado en la ficha,1
G-00000000020415,P-GR-961083971030,GrupLAC: producto listado en la ficha,1
G-00000000020415,P-GR-962A8FD251DD,GrupLAC: producto listado en la ficha,1
G-00000000020415,P-GR-9866B7331883,GrupLAC: producto listado en la ficha,1
G-00000000020415,P-GR-9954C43E44E9,GrupLAC: producto listado en la ficha,1
G-00000000020415,P-GR-9BD31B9EE290,GrupLAC: producto listado en la ficha,1
G-00000000020415,P-GR-9C76F0BE2EEE,GrupLAC: producto listado en la ficha,1
G-00000000020415,P-GR-9ED5F36E6EB2,GrupLAC: producto listado en la ficha,1
G-00000000020415,P-GR-9F2E9806693C,GrupLAC: producto listado en la ficha,1
G-00000000020415,P-GR-9F4399F06673,GrupLAC: producto listado en la ficha,1
G-00000000020415,P-GR-9F8D5B663D6E,GrupLAC: producto listado en la ficha,1
G-00000000020415,P-GR-A30925FF50AF,GrupLAC: producto listado en la ficha,1
G-00000000020415,P-GR-A35B487D0C92,GrupLAC: producto listado en la ficha,1
G-00000000020415,P-GR-A361D660A2EC,GrupLAC: producto listado en la ficha,1
G-00000000020415,P-GR-A3AC2B1E1C5F,GrupLAC: producto listado en la ficha,1
G-00000000020415,P-GR-A44EEDE14028,GrupLAC: producto listado en la ficha,1
G-00000000020415,P-GR-A55FEAF4C275,GrupLAC: producto listado en la ficha,1
G-00000000020415,P-GR-A83B5A7CC7BE,GrupLAC: producto listado en la ficha,1
G-00000000020415,P-GR-A95F3A517FD1,GrupLAC: producto listado en la ficha,1
G-00000000020415,P-GR-AA701B545F91,GrupLAC: producto listado en la ficha,1
G-00000000020415,P-GR-AAD3F56A3038,GrupLAC: producto listado en la ficha,1
G-00000000020415,P-GR-AD634E3BA33A,GrupLAC: producto listado en la ficha,1
G-00000000020415,P-GR-AE3FF4977F04,GrupLAC: producto listado en la ficha,1
G-00000000020415,P-GR-AF4A928DB73A,GrupLAC: producto listado en la ficha,1
G-00000000020415,P-GR-B0C5890A2D8C,GrupLAC: producto listado en la ficha,1
G-00000000020415,P-GR-B32DFBC219CB,GrupLAC: producto listado en la ficha,1
G-00000000020415,P-GR-B372B6F0EF4E,GrupLAC: producto listado en la ficha,1
G-00000000020415,P-GR-B53E4F7A13B5,GrupLAC: producto listado en la ficha,1
G-00000000020415,P-GR-B53E5046844B,GrupLAC: producto listado en la ficha,1
G-00000000020415,P-GR-B5F3CD9FD4F3,GrupLAC: producto listado en la ficha,1
G-00000000020415,P-GR-B625447804E9,GrupLAC: producto listado en la ficha,1
G-00000000020415,P-GR-B64D0570F517,GrupLAC: producto listado en la ficha,1
G-00000000020415,P-GR-B6BF942CDBBF,GrupLAC: producto listado en la ficha,1
G-00000000020415,P-GR-B7C1ABCB33E9,GrupLAC: producto listado en la ficha,1
G-00000000020415,P-GR-B7ED21FF1420,GrupLAC: producto listado en la ficha,1
G-00000000020415,P-GR-B8003F7CF044,GrupLAC: producto listado en la ficha,1
G-00000000020415,P-GR-B83267EF355A,GrupLAC: producto listado en la ficha,1
G-00000000020415,P-GR-BA3C6263C473,GrupLAC: producto listado en la ficha,1
G-00000000020415,P-GR-BAFEFFD201DF,GrupLAC: producto listado en la ficha,1
G-00000000020415,P-GR-BC818D247811,GrupLAC: producto listado en la ficha,1
G-00000000020415,P-GR-C214E1AAA4EF,GrupLAC: producto listado en la ficha,1
G-00000000020415,P-GR-C2AA6B022A5B,GrupLAC: producto listado en la ficha,1
G-00000000020415,P-GR-C2AD6C0CAC97,GrupLAC: producto listado en la ficha,1
G-00000000020415,P-GR-C62F09E689AF,GrupLAC: producto listado en la ficha,1
G-00000000020415,P-GR-C6F5FB050999,GrupLAC: producto listado en la ficha,1
G-00000000020415,P-GR-C73F68737235,GrupLAC: producto listado en la ficha,1
G-00000000020415,P-GR-CA9906F83FDB,GrupLAC: producto listado en la ficha,1
G-00000000020415,P-GR-CAF4034EF3A9,GrupLAC: producto listado en la ficha,1
G-00000000020415,P-GR-CB4671E740DE,GrupLAC: producto listado en la ficha,1
G-00000000020415,P-GR-CBFD35B45ED5,GrupLAC: producto listado en la ficha,1
G-00000000020415,P-GR-CC5B46892B0C,GrupLAC: producto listado en la ficha,1
G-00000000020415,P-GR-CE7B2E55559B,GrupLAC: producto listado en la ficha,1
G-00000000020415,P-GR-D06A8B16E634,GrupLAC: producto listado en la ficha,1
G-00000000020415,P-GR-D0DC3F3F2027,GrupLAC: producto listado en la ficha,1
G-00000000020415,P-GR-D1EF9405648F,GrupLAC: producto listado en la ficha,1
G-00000000020415,P-GR-D2514F24AEE3,GrupLAC: producto listado en la ficha,1
G-00000000020415,P-GR-D2A6A4B3F2E6,GrupLAC: producto listado en la ficha,1
G-00000000020415,P-GR-D5BE25DB27EF,GrupLAC: producto listado en la ficha,1
G-00000000020415,P-GR-DA2D1C4BD927,GrupLAC: producto listado en la ficha,1
G-00000000020415,P-GR-DBCD7A462236,GrupLAC: producto listado en la ficha,1
G-00000000020415,P-GR-DC014CB28434,GrupLAC: producto listado en la ficha,1
G-00000000020415,P-GR-DDDA48EC6C49,GrupLAC: producto listado en la ficha,1
G-00000000020415,P-GR-E080DBA778BC,GrupLAC: producto listado en la ficha,1
G-00000000020415,P-GR-E0C241A434DA,GrupLAC: producto listado en la ficha,1
G-00000000020415,P-GR-E1560A203ECC,GrupLAC: producto listado en la ficha,1
G-00000000020415,P-GR-E469EE371F95,GrupLAC: producto listado en la ficha,1
G-00000000020415,P-GR-E85D8119EB07,GrupLAC: producto listado en la ficha,1
G-00000000020415,P-GR-E8F11DB998DA,GrupLAC: producto listado en la ficha,1
G-00000000020415,P-GR-ED1EC0B777C6,GrupLAC: producto listado en la ficha,1
G-00000000020415,P-GR-F135FE7A520B,GrupLAC: producto listado en la ficha,1
G-00000000020415,P-GR-F2BDE025BECC,GrupLAC: producto listado en la ficha,1
G-00000000020415,P-GR-F2FDD54C28B9,GrupLAC: producto listado en la ficha,1
G-00000000020415,P-GR-F59056544661,GrupLAC: producto listado en la ficha,1
G-00000000020415,P-GR-FA1A7ED4914E,GrupLAC: producto listado en la ficha,1
G-00000000020415,P-GR-FA362386AE17,GrupLAC: producto listado en la ficha,1
G-00000000020415,P-GR-FDC5E9D208E3,GrupLAC: producto listado en la ficha,1
G-00000000020415,P-GR-FE8DD03679D3,GrupLAC: producto listado en la ficha,1
G-00000000020415,P-GR-FECEB79D76D5,GrupLAC: producto listado en la ficha,1
G-00000000020415,P-GR-FFC4D8121600,GrupLAC: producto listado en la ficha,1
G-00000000020417,P-GR-01BA1A5F9D3E,GrupLAC: producto listado en la ficha,1
G-00000000020417,P-GR-0398BAE06487,GrupLAC: producto listado en la ficha,1
G-00000000020417,P-GR-0732A04CF075,GrupLAC: producto listado en la ficha,1
G-00000000020417,P-GR-10CD995962DF,GrupLAC: producto listado en la ficha,1
G-00000000020417,P-GR-17658606B39A,GrupLAC: producto listado en la ficha,1
G-00000000020417,P-GR-1A139913BE1F,GrupLAC: producto listado en la ficha,1
G-00000000020417,P-GR-22EE46EEDB2F,GrupLAC: producto listado en la ficha,1
G-00000000020417,P-GR-23F37F93F62B,GrupLAC: producto listado en la ficha,1
G-00000000020417,P-GR-24DF03B93B5E,GrupLAC: producto listado en la ficha,1
G-00000000020417,P-GR-251E75B237DE,GrupLAC: producto listado en la ficha,1
G-00000000020417,P-GR-267CF419F559,GrupLAC: producto listado en la ficha,1
G-00000000020417,P-GR-2A42C38D0732,GrupLAC: producto listado en la ficha,1
G-00000000020417,P-GR-315F2982552D,GrupLAC: producto listado en la ficha,1
G-00000000020417,P-GR-3A0ECC1CF696,GrupLAC: producto listado en la ficha,1
G-00000000020417,P-GR-3C6345BFDCB9,GrupLAC: producto listado en la ficha,1
G-00000000020417,P-GR-3D2BFF2B822C,GrupLAC: producto listado en la ficha,1
G-00000000020417,P-GR-425FDB7334ED,GrupLAC: producto listado en la ficha,1
G-00000000020417,P-GR-428E21FCFC73,GrupLAC: producto listado en la ficha,1
G-00000000020417,P-GR-4D77610D3B34,GrupLAC: producto listado en la ficha,1
G-00000000020417,P-GR-4DB752460E9B,GrupLAC: producto listado en la ficha,1
G-00000000020417,P-GR-5074A9C38FA1,GrupLAC: producto listado en la ficha,1
G-00000000020417,P-GR-569C844F155A,GrupLAC: producto listado en la ficha,1
G-00000000020417,P-GR-6903B94861FC,GrupLAC: producto listado en la ficha,1
G-00000000020417,P-GR-6B5A99336F89,GrupLAC: producto listado en la ficha,1
G-00000000020417,P-GR-6CD5DF0A8488,GrupLAC: producto listado en la ficha,1
G-00000000020417,P-GR-70161EA03251,GrupLAC: producto listado en la ficha,1
G-00000000020417,P-GR-724A9D8A3040,GrupLAC: producto listado en la ficha,1
G-00000000020417,P-GR-7C9E86040E39,GrupLAC: producto listado en la ficha,1
G-00000000020417,P-GR-7FAC76F2915A,GrupLAC: producto listado en la ficha,1
G-00000000020417,P-GR-84DB6A0010A7,GrupLAC: producto listado en la ficha,1
G-00000000020417,P-GR-8CD6A74A1646,GrupLAC: producto listado en la ficha,1
G-00000000020417,P-GR-8D95E187E58A,GrupLAC: producto listado en la ficha,1
G-00000000020417,P-GR-98562727B8DD,GrupLAC: producto listado en la ficha,1
G-00000000020417,P-GR-98975D78D2E5,GrupLAC: producto listado en la ficha,1
G-00000000020417,P-GR-991D39A2CC6F,GrupLAC: producto listado en la ficha,1
G-00000000020417,P-GR-9A475F94CA3E,GrupLAC: producto listado en la ficha,1
G-00000000020417,P-GR-9CC53EB38346,GrupLAC: producto listado en la ficha,1
G-00000000020417,P-GR-9EBAAC7425CD,GrupLAC: producto listado en la ficha,1
G-00000000020417,P-GR-A54B6BB53B88,GrupLAC: producto listado en la ficha,1
G-00000000020417,P-GR-A6965CF5C6FF,GrupLAC: producto listado en la ficha,1
G-00000000020417,P-GR-A7282DBE24D2,GrupLAC: producto listado en la ficha,1
G-00000000020417,P-GR-AB336FAB180D,GrupLAC: producto listado en la ficha,1
G-00000000020417,P-GR-AF297C5FB892,GrupLAC: producto listado en la ficha,1
G-00000000020417,P-GR-BD16D3104FCC,GrupLAC: producto listado en la ficha,1
G-00000000020417,P-GR-BDB70905B4D1,GrupLAC: producto listado en la ficha,1
G-00000000020417,P-GR-C255CB1EF80A,GrupLAC: producto listado en la ficha,1
G-00000000020417,P-GR-C2F6C02ED327,GrupLAC: producto listado en la ficha,1
G-00000000020417,P-GR-C80E15042FCA,GrupLAC: producto listado en la ficha,1
G-00000000020417,P-GR-C857F6BDB15E,GrupLAC: producto listado en la ficha,1
G-00000000020417,P-GR-CC09DD04F5F9,GrupLAC: producto listado en la ficha,1
G-00000000020417,P-GR-CDF8E0DC49F8,GrupLAC: producto listado en la ficha,1
G-00000000020417,P-GR-CECF76910A32,GrupLAC: producto listado en la ficha,1
G-00000000020417,P-GR-D98E62CCB6CA,GrupLAC: producto listado en la ficha,1
G-00000000020417,P-GR-E080DBA778BC,GrupLAC: producto listado en la ficha,1
G-00000000020417,P-GR-E29DF837653F,GrupLAC: producto listado en la ficha,1
G-00000000020417,P-GR-E9876CEA4987,GrupLAC: producto listado en la ficha,1
G-00000000020417,P-GR-EE3C6E65B9BB,GrupLAC: producto listado en la ficha,1
G-00000000020417,P-GR-F1C4B221EC67,GrupLAC: producto listado en la ficha,1
G-00000000020417,P-GR-F48ACA20E6C0,GrupLAC: producto listado en la ficha,1
G-00000000020417,P-GR-F7EA4F97B5E7,GrupLAC: producto listado en la ficha,1
G-00000000020417,P-GR-F831267D0AC3,GrupLAC: producto listado en la ficha,1
G-00000000020417,P-GR-F8A839FD6BBB,GrupLAC: producto listado en la ficha,1
G-00000000020417,P-GR-F95F088A34EB,GrupLAC: producto listado en la ficha,1
G-00000000020734,P-GR-016AACB14C82,GrupLAC: producto listado en la ficha,1
G-00000000020734,P-GR-02251D6E260B,GrupLAC: producto listado en la ficha,1
G-00000000020734,P-GR-0E071DB03892,GrupLAC: producto listado en la ficha,1
G-00000000020734,P-GR-158CCDD803CF,GrupLAC: producto listado en la ficha,1
G-00000000020734,P-GR-18F4A25D2C20,GrupLAC: producto listado en la ficha,1
G-00000000020734,P-GR-18FC3E477223,GrupLAC: producto listado en la ficha,1
G-00000000020734,P-GR-1C21010D627C,GrupLAC: producto listado en la ficha,1
G-00000000020734,P-GR-225CAB9E4368,GrupLAC: producto listado en la ficha,1
G-00000000020734,P-GR-25CB30C8C152,GrupLAC: producto listado en la ficha,1
G-00000000020734,P-GR-31BED235A51C,GrupLAC: producto listado en la ficha,1
G-00000000020734,P-GR-32853ECD93BD,GrupLAC: producto listado en la ficha,1
G-00000000020734,P-GR-3862F2401232,GrupLAC: producto listado en la ficha,1
G-00000000020734,P-GR-3CAC7ADF74EB,GrupLAC: producto listado en la ficha,1
G-00000000020734,P-GR-3CBA5239FC5C,GrupLAC: producto listado en la ficha,1
G-00000000020734,P-GR-4181CCEA38FD,GrupLAC: producto listado en la ficha,1
G-00000000020734,P-GR-444496245136,GrupLAC: producto listado en la ficha,1
G-00000000020734,P-GR-4DC950A17E44,GrupLAC: producto listado en la ficha,1
G-00000000020734,P-GR-4F2A9E4FF464,GrupLAC: producto listado en la ficha,1
G-00000000020734,P-GR-52004959F3A2,GrupLAC: producto listado en la ficha,1
G-00000000020734,P-GR-5B0E01926AAB,GrupLAC: producto listado en la ficha,1
G-00000000020734,P-GR-5CE13E0E13B7,GrupLAC: producto listado en la ficha,1
G-00000000020734,P-GR-5D47A122C612,GrupLAC: producto listado en la ficha,1
G-00000000020734,P-GR-6424B2782107,GrupLAC: producto listado en la ficha,1
G-00000000020734,P-GR-658AC3326C4C,GrupLAC: producto listado en la ficha,1
G-00000000020734,P-GR-6DA5B7E51719,GrupLAC: producto listado en la ficha,1
G-00000000020734,P-GR-6DC5C101F6EF,GrupLAC: producto listado en la ficha,1
G-00000000020734,P-GR-741633545313,GrupLAC: producto listado en la ficha,1
G-00000000020734,P-GR-7EDB011247B4,GrupLAC: producto listado en la ficha,1
G-00000000020734,P-GR-81DEA2BCFF05,GrupLAC: producto listado en la ficha,1
G-00000000020734,P-GR-81F29F1B9A51,GrupLAC: producto listado en la ficha,1
G-00000000020734,P-GR-86D0EED023C1,GrupLAC: producto listado en la ficha,1
G-00000000020734,P-GR-8750BD00B797,GrupLAC: producto listado en la ficha,1
G-00000000020734,P-GR-8F49B3E99C31,GrupLAC: producto listado en la ficha,1
G-00000000020734,P-GR-9069BE7835E7,GrupLAC: producto listado en la ficha,1
G-00000000020734,P-GR-963E78BD41A3,GrupLAC: producto listado en la ficha,1
G-00000000020734,P-GR-9AE696C21710,GrupLAC: producto listado en la ficha,1
G-00000000020734,P-GR-9CBB36F85E65,GrupLAC: producto listado en la ficha,1
G-00000000020734,P-GR-A10CE3939B83,GrupLAC: producto listado en la ficha,1
G-00000000020734,P-GR-AA81C6485B19,GrupLAC: producto listado en la ficha,1
G-00000000020734,P-GR-ABFB43141B69,GrupLAC: producto listado en la ficha,1
G-00000000020734,P-GR-B035566B80A4,GrupLAC: producto listado en la ficha,1
G-00000000020734,P-GR-B085783AA8CF,GrupLAC: producto listado en la ficha,1
G-00000000020734,P-GR-B1193B5F97FA,GrupLAC: producto listado en la ficha,1
G-00000000020734,P-GR-B130FB80554C,GrupLAC: producto listado en la ficha,1
G-00000000020734,P-GR-B959ED71B2A4,GrupLAC: producto listado en la ficha,1
G-00000000020734,P-GR-BE50F90ADB0C,GrupLAC: producto listado en la ficha,1
G-00000000020734,P-GR-BF0D822D0E98,GrupLAC: producto listado en la ficha,1
G-00000000020734,P-GR-C591F7B7FC93,GrupLAC: producto listado en la ficha,1
G-00000000020734,P-GR-CD7D90C7C171,GrupLAC: producto listado en la ficha,1
G-00000000020734,P-GR-D25DB1E0E903,GrupLAC: producto listado en la ficha,1
G-00000000020734,P-GR-DF8F01C094A3,GrupLAC: producto listado en la ficha,1
G-00000000020734,P-GR-E3C6B455B1AD,GrupLAC: producto listado en la ficha,1
G-00000000020734,P-GR-E692BA6A027F,GrupLAC: producto listado en la ficha,1
G-00000000020734,P-GR-E7D024BF1C52,GrupLAC: producto listado en la ficha,1
G-00000000020734,P-GR-E8D1B262B489,GrupLAC: producto listado en la ficha,1
G-00000000020734,P-GR-EA945E1D28B2,GrupLAC: producto listado en la ficha,1
G-00000000020734,P-GR-F025660CC28C,GrupLAC: producto listado en la ficha,1
G-00000000020734,P-GR-F1935BC5EF7A,GrupLAC: producto listado en la ficha,1
G-00000000020734,P-GR-F253C08BC7B4,GrupLAC: producto listado en la ficha,1
G-00000000020734,P-GR-F360B4E002F1,GrupLAC: producto listado en la ficha,1
G-00000000020734,P-GR-F7E52D5E56CE,GrupLAC: producto listado en la ficha,1
G-00000000020734,P-GR-F83DC44A7DE0,GrupLAC: producto listado en la ficha,1
G-00000000020734,P-GR-F88D53FD274A,GrupLAC: producto listado en la ficha,1
G-00000000020734,P-GR-FB64AFD0DCEC,GrupLAC: producto listado en la ficha,1
G-00000000022006,P-GR-06DF7C8B62B4,GrupLAC: producto listado en la ficha,1
G-00000000022006,P-GR-0989CE87AD13,GrupLAC: producto listado en la ficha,1
G-00000000022006,P-GR-0A0EBBC5072D,GrupLAC: producto listado en la ficha,1
G-00000000022006,P-GR-0A50CB237425,GrupLAC: producto listado en la ficha,1
G-00000000022006,P-GR-0AE4B5918C07,GrupLAC: producto listado en la ficha,1
G-00000000022006,P-GR-0B026E661104,GrupLAC: producto listado en la ficha,1
G-00000000022006,P-GR-11461AF66515,GrupLAC: producto listado en la ficha,1
G-00000000022006,P-GR-143BC74BC718,GrupLAC: producto listado en la ficha,1
G-00000000022006,P-GR-183D96623E6D,GrupLAC: producto listado en la ficha,1
G-00000000022006,P-GR-1A5F884E2876,GrupLAC: producto listado en la ficha,1
G-00000000022006,P-GR-1B598B3DBD00,GrupLAC: producto listado en la ficha,1
G-00000000022006,P-GR-1BBEC1A8F97F,GrupLAC: producto listado en la ficha,1
G-00000000022006,P-GR-2158336134F3,GrupLAC: producto listado en la ficha,1
G-00000000022006,P-GR-24C996699936,GrupLAC: producto listado en la ficha,1
G-00000000022006,P-GR-24D333BD3567,GrupLAC: producto listado en la ficha,1
G-00000000022006,P-GR-2530237BB537,GrupLAC: producto listado en la ficha,1
G-00000000022006,P-GR-25BE77D2BE93,GrupLAC: producto listado en la ficha,1
G-00000000022006,P-GR-261BCCE0C96E,GrupLAC: producto listado en la ficha,1
G-00000000022006,P-GR-2800CA98CEAC,GrupLAC: producto listado en la ficha,1
G-00000000022006,P-GR-2885D6E9E0E5,GrupLAC: producto listado en la ficha,1
G-00000000022006,P-GR-2F00370342B5,GrupLAC: producto listado en la ficha,1
G-00000000022006,P-GR-32695444ED3D,GrupLAC: producto listado en la ficha,1
G-00000000022006,P-GR-3409FE1F1A72,GrupLAC: producto listado en la ficha,1
G-00000000022006,P-GR-3971BAC0F96E,GrupLAC: producto listado en la ficha,1
G-00000000022006,P-GR-3AB4F24093B5,GrupLAC: producto listado en la ficha,1
G-00000000022006,P-GR-3E354B8A8A4D,GrupLAC: producto listado en la ficha,1
G-00000000022006,P-GR-3FD9691811CF,GrupLAC: producto listado en la ficha,1
G-00000000022006,P-GR-4695094D84F9,GrupLAC: producto listado en la ficha,1
G-00000000022006,P-GR-4765015AFB5E,GrupLAC: producto listado en la ficha,1
G-00000000022006,P-GR-4B2A6A537BB2,GrupLAC: producto listado en la ficha,1
G-00000000022006,P-GR-4B3B83AC7568,GrupLAC: producto listado en la ficha,1
G-00000000022006,P-GR-507FED769327,GrupLAC: producto listado en la ficha,1
G-00000000022006,P-GR-53CA77179832,GrupLAC: producto listado en la ficha,1
G-00000000022006,P-GR-560A55715591,GrupLAC: producto listado en la ficha,1
G-00000000022006,P-GR-580A0FDA319D,GrupLAC: producto listado en la ficha,1
G-00000000022006,P-GR-5AF273733069,GrupLAC: producto listado en la ficha,1
G-00000000022006,P-GR-5BCDB4C1AB8F,GrupLAC: producto listado en la ficha,1
G-00000000022006,P-GR-5FAFF6ACB533,GrupLAC: producto listado en la ficha,1
G-00000000022006,P-GR-61F10E6EE0EA,GrupLAC: producto listado en la ficha,1
G-00000000022006,P-GR-6231574B1987,GrupLAC: producto listado en la ficha,1
G-00000000022006,P-GR-6A3E922E2B49,GrupLAC: producto listado en la ficha,1
G-00000000022006,P-GR-6CAB322C3D96,GrupLAC: producto listado en la ficha,1
G-00000000022006,P-GR-6DE166622AAC,GrupLAC: producto listado en la ficha,1
G-00000000022006,P-GR-74C08200D4FE,GrupLAC: producto listado en la ficha,1
G-00000000022006,P-GR-798C5AD4D490,GrupLAC: producto listado en la ficha,1
G-00000000022006,P-GR-7DDD8554E2B4,GrupLAC: producto listado en la ficha,1
G-00000000022006,P-GR-7EF4D72BA3D1,GrupLAC: producto listado en la ficha,1
G-00000000022006,P-GR-7F779FBF1054,GrupLAC: producto listado en la ficha,1
G-00000000022006,P-GR-81277C56D6B1,GrupLAC: producto listado en la ficha,1
G-00000000022006,P-GR-8318510AA8CE,GrupLAC: producto listado en la ficha,1
G-00000000022006,P-GR-88A7C2115E41,GrupLAC: producto listado en la ficha,1
G-00000000022006,P-GR-8A09B67C0E75,GrupLAC: producto listado en la ficha,1
G-00000000022006,P-GR-8D20ABB91A33,GrupLAC: producto listado en la ficha,1
G-00000000022006,P-GR-8D966ECB3223,GrupLAC: producto listado en la ficha,1
G-00000000022006,P-GR-908655944315,GrupLAC: producto listado en la ficha,1
G-00000000022006,P-GR-908D5088AEF5,GrupLAC: producto listado en la ficha,1
G-00000000022006,P-GR-924231EEDD85,GrupLAC: producto listado en la ficha,1
G-00000000022006,P-GR-95016A2A7C3E,GrupLAC: producto listado en la ficha,1
G-00000000022006,P-GR-99C521811D33,GrupLAC: producto listado en la ficha,1
G-00000000022006,P-GR-ABD456487E40,GrupLAC: producto listado en la ficha,1
G-00000000022006,P-GR-B4396B587F0C,GrupLAC: producto listado en la ficha,1
G-00000000022006,P-GR-B657960FB304,GrupLAC: producto listado en la ficha,1
G-00000000022006,P-GR-B8B2933A06B8,GrupLAC: producto listado en la ficha,1
G-00000000022006,P-GR-BA50D803B3E3,GrupLAC: producto listado en la ficha,1
G-00000000022006,P-GR-BD5172CD78AF,GrupLAC: producto listado en la ficha,1
G-00000000022006,P-GR-C13EA33A6A87,GrupLAC: producto listado en la ficha,1
G-00000000022006,P-GR-C2858A9AAB6C,GrupLAC: producto listado en la ficha,1
G-00000000022006,P-GR-C468A3D9789B,GrupLAC: producto listado en la ficha,1
G-00000000022006,P-GR-C78DD2277E93,GrupLAC: producto listado en la ficha,1
G-00000000022006,P-GR-C9D48EA0EE85,GrupLAC: producto listado en la ficha,1
G-00000000022006,P-GR-CEEE0F3CCBE1,GrupLAC: producto listado en la ficha,1
G-00000000022006,P-GR-CF31CEDEEBF6,GrupLAC: producto listado en la ficha,1
G-00000000022006,P-GR-D233053B6BD2,GrupLAC: producto listado en la ficha,1
G-00000000022006,P-GR-D337C11BAD40,GrupLAC: producto listado en la ficha,1
G-00000000022006,P-GR-D6CF8AF7CDD8,GrupLAC: producto listado en la ficha,1
G-00000000022006,P-GR-D872683199B9,GrupLAC: producto listado en la ficha,1
G-00000000022006,P-GR-DBE7F4A0D11B,GrupLAC: producto listado en la ficha,1
G-00000000022006,P-GR-DFBD5E12C0FF,GrupLAC: producto listado en la ficha,1
G-00000000022006,P-GR-E2F8FC1F5449,GrupLAC: producto listado en la ficha,1
G-00000000022006,P-GR-E9B7E1A7B791,GrupLAC: producto listado en la ficha,1
G-00000000022006,P-GR-EAE39BEF6F36,GrupLAC: producto listado en la ficha,1
G-00000000022006,P-GR-EB66112EB52F,GrupLAC: producto listado en la ficha,1
G-00000000022006,P-GR-F1693501F28B,GrupLAC: producto listado en la ficha,1
G-00000000022006,P-GR-F196013AAEE2,GrupLAC: producto listado en la ficha,1
G-00000000022006,P-GR-F212A5C5E8A5,GrupLAC: producto listado en la ficha,1
G-00000000022006,P-GR-F58667E38C3D,GrupLAC: producto listado en la ficha,1
G-00000000022006,P-GR-F6698EBCDA6A,GrupLAC: producto listado en la ficha,1
G-00000000022006,P-GR-F9C6E95EB724,GrupLAC: producto listado en la ficha,1
G-00000000022006,P-GR-FD83AB184572,GrupLAC: producto listado en la ficha,1
G-00000000022105,P-GR-0004D907DBC0,GrupLAC: producto listado en la ficha,1
G-00000000022105,P-GR-5E94A0CF205A,GrupLAC: producto listado en la ficha,1
G-00000000022105,P-GR-807BE10704A5,GrupLAC: producto listado en la ficha,1
G-00000000022105,P-GR-879D485E56D1,GrupLAC: producto listado en la ficha,1
G-00000000022105,P-GR-AB15F9790452,GrupLAC: producto listado en la ficha,1
G-00000000022105,P-GR-D00F9899CA2B,GrupLAC: producto listado en la ficha,1
G-00000000022105,P-GR-D381660D5AE4,GrupLAC: producto listado en la ficha,1
G-00000000022105,P-GR-EB7455C17B86,GrupLAC: producto listado en la ficha,1
G-00000000022105,P-GR-EF8FA58B4C6E,GrupLAC: producto listado en la ficha,1
G-00000000023299,P-GR-0DE77CB6CE06,GrupLAC: producto listado en la ficha,1
G-00000000023299,P-GR-0FF887EED930,GrupLAC: producto listado en la ficha,1
G-00000000023299,P-GR-16DC21C63CBB,GrupLAC: producto listado en la ficha,1
G-00000000023299,P-GR-183AC1C44326,GrupLAC: producto listado en la ficha,1
G-00000000023299,P-GR-2DEEA05CCF14,GrupLAC: producto listado en la ficha,1
G-00000000023299,P-GR-4DAB30438FFB,GrupLAC: producto listado en la ficha,1
G-00000000023299,P-GR-7B889445D634,GrupLAC: producto listado en la ficha,1
G-00000000023299,P-GR-933D5DD7C6EC,GrupLAC: producto listado en la ficha,1
G-00000000023299,P-GR-936BD8B5AB30,GrupLAC: producto listado en la ficha,1
G-00000000023299,P-GR-B9E5D141DAFA,GrupLAC: producto listado en la ficha,1
G-00000000023299,P-GR-C0A94AC78958,GrupLAC: producto listado en la ficha,1
G-00000000023299,P-GR-C211F2AE6BB2,GrupLAC: producto listado en la ficha,1
G-00000000023299,P-GR-C9C0D5788A7B,GrupLAC: producto listado en la ficha,1
G-00000000023299,P-GR-D06A8B16E634,GrupLAC: producto listado en la ficha,1
G-00000000023299,P-GR-D84DE91F27AD,GrupLAC: producto listado en la ficha,1
G-00000000023299,P-GR-F02E718BBACE,GrupLAC: producto listado en la ficha,1
G-00000000023299,P-GR-F47B421FD8B7,GrupLAC: producto listado en la ficha,1
G-00000000023299,P-GR-FB34F5A14F72,GrupLAC: producto listado en la ficha,1
G-00000000023768,P-GR-2F99AF2977D7,GrupLAC: producto listado en la ficha,1
G-00000000023768,P-GR-31BED235A51C,GrupLAC: producto listado en la ficha,1
G-00000000023768,P-GR-38986BA20E59,GrupLAC: producto listado en la ficha,1
G-00000000023768,P-GR-3CB96BCD0041,GrupLAC: producto listado en la ficha,1
G-00000000023768,P-GR-3D44D4E38403,GrupLAC: producto listado en la ficha,1
G-00000000023768,P-GR-42BF7C323010,GrupLAC: producto listado en la ficha,1
G-00000000023768,P-GR-46584EF7575A,GrupLAC: producto listado en la ficha,1
G-00000000023768,P-GR-5650D560B87D,GrupLAC: producto listado en la ficha,1
G-00000000023768,P-GR-59B971D8F161,GrupLAC: producto listado en la ficha,1
G-00000000023768,P-GR-5B761A9DAA2A,GrupLAC: producto listado en la ficha,1
G-00000000023768,P-GR-629D21E01148,GrupLAC: producto listado en la ficha,1
G-00000000023768,P-GR-66613E6BE4E5,GrupLAC: producto listado en la ficha,1
G-00000000023768,P-GR-6740498CD283,GrupLAC: producto listado en la ficha,1
G-00000000023768,P-GR-6884D3F301D8,GrupLAC: producto listado en la ficha,1
G-00000000023768,P-GR-755F22CFA9C1,GrupLAC: producto listado en la ficha,1
G-00000000023768,P-GR-7FBA042B0070,GrupLAC: producto listado en la ficha,1
G-00000000023768,P-GR-82FA6D5AD4C6,GrupLAC: producto listado en la ficha,1
G-00000000023768,P-GR-85973F22C567,GrupLAC: producto listado en la ficha,1
G-00000000023768,P-GR-8B0353B92E4D,GrupLAC: producto listado en la ficha,1
G-00000000023768,P-GR-8D0BA2793A28,GrupLAC: producto listado en la ficha,1
G-00000000023768,P-GR-96870A37916A,GrupLAC: producto listado en la ficha,1
G-00000000023768,P-GR-AE3586A4A2BD,GrupLAC: producto listado en la ficha,1
G-00000000023768,P-GR-B2BBA56166DC,GrupLAC: producto listado en la ficha,1
G-00000000023768,P-GR-B8F68E0CCF11,GrupLAC: producto listado en la ficha,1
G-00000000023768,P-GR-BA68CB0E8061,GrupLAC: producto listado en la ficha,1
G-00000000023768,P-GR-BAD4882344A2,GrupLAC: producto listado en la ficha,1
G-00000000023768,P-GR-BE6ED0924609,GrupLAC: producto listado en la ficha,1
G-00000000023768,P-GR-C4775BD438D7,GrupLAC: producto listado en la ficha,1
G-00000000023768,P-GR-C8B3F0541C77,GrupLAC: producto listado en la ficha,1
G-00000000023768,P-GR-C9CEE18FFF98,GrupLAC: producto listado en la ficha,1
G-00000000023768,P-GR-CA4661ED6B7D,GrupLAC: producto listado en la ficha,1
G-00000000023768,P-GR-D291367C2EA0,GrupLAC: producto listado en la ficha,1
G-00000000023768,P-GR-DE9D47E6B713,GrupLAC: producto listado en la ficha,1
G-00000000023768,P-GR-E23B29F28305,GrupLAC: producto listado en la ficha,1
G-00000000023768,P-GR-EBDD5ACFF7F1,GrupLAC: producto listado en la ficha,1
G-00000000023779,P-GR-097CAACBCE71,GrupLAC: producto listado en la ficha,1
G-00000000023779,P-GR-3060FD9029D7,GrupLAC: producto listado en la ficha,1
G-00000000023779,P-GR-3B991417A4C1,GrupLAC: producto listado en la ficha,1
G-00000000023779,P-GR-79BEE3B3F684,GrupLAC: producto listado en la ficha,1
G-00000000023779,P-GR-86D0EED023C1,GrupLAC: producto listado en la ficha,1
G-00000000023779,P-GR-E692BA6A027F,GrupLAC: producto listado en la ficha,1
G-00000000023779,P-GR-EE91C1550116,GrupLAC: producto listado en la ficha,1
G-00000000023779,P-GR-F7E52D5E56CE,GrupLAC: producto listado en la ficha,1
G-00000000023784,P-GR-0174E49BFB6B,GrupLAC: producto listado en la ficha,1
G-00000000023784,P-GR-3D53BAD5C1F9,GrupLAC: producto listado en la ficha,1
G-00000000023784,P-GR-40E7C3DBB56E,GrupLAC: producto listado en la ficha,1
G-00000000023784,P-GR-6B312092EA62,GrupLAC: producto listado en la ficha,1
G-00000000023784,P-GR-B71CBC69E86A,GrupLAC: producto listado en la ficha,1
G-00000000023785,P-GR-0998BAA36238,GrupLAC: producto listado en la ficha,1
G-00000000023785,P-GR-09C7AAE9BFE0,GrupLAC: producto listado en la ficha,1
G-00000000023785,P-GR-0CA47E54A3CA,GrupLAC: producto listado en la ficha,1
G-00000000023785,P-GR-14F7BD717FBC,GrupLAC: producto listado en la ficha,1
G-00000000023785,P-GR-2D83C6883E04,GrupLAC: producto listado en la ficha,1
G-00000000023785,P-GR-3346ED4E9C31,GrupLAC: producto listado en la ficha,1
G-00000000023785,P-GR-4197127B6763,GrupLAC: producto listado en la ficha,1
G-00000000023785,P-GR-5311C7611421,GrupLAC: producto listado en la ficha,1
G-00000000023785,P-GR-59970F421B09,GrupLAC: producto listado en la ficha,1
G-00000000023785,P-GR-7589F021AE5F,GrupLAC: producto listado en la ficha,1
G-00000000023785,P-GR-7FA85C9B7CC5,GrupLAC: producto listado en la ficha,1
G-00000000023785,P-GR-96AD6C58AE31,GrupLAC: producto listado en la ficha,1
G-00000000023785,P-GR-9A80FA0CDB05,GrupLAC: producto listado en la ficha,1
G-00000000023785,P-GR-9B64B14BF501,GrupLAC: producto listado en la ficha,1
G-00000000023785,P-GR-A4CD2A97E960,GrupLAC: producto listado en la ficha,1
G-00000000023785,P-GR-A7CB1D6275AF,GrupLAC: producto listado en la ficha,1
G-00000000023785,P-GR-BBFFE9A7E8DF,GrupLAC: producto listado en la ficha,1
G-00000000023785,P-GR-D08FFF723468,GrupLAC: producto listado en la ficha,1
G-00000000023785,P-GR-E85093B00565,GrupLAC: producto listado en la ficha,1
G-00000000023785,P-GR-EA91AB40AFC3,GrupLAC: producto listado en la ficha,1
G-00000000023785,P-GR-F3E40910E2ED,GrupLAC: producto listado en la ficha,1
G-00000000023785,P-GR-F5C56F7DEA72,GrupLAC: producto listado en la ficha,1
G-00000000023785,P-GR-F8BE894AEFE7,GrupLAC: producto listado en la ficha,1
G-00000000023799,P-GR-091B648C565C,GrupLAC: producto listado en la ficha,1
G-00000000023799,P-GR-62B3B1E21F8D,GrupLAC: producto listado en la ficha,1
G-00000000023799,P-GR-632C0B6868A0,GrupLAC: producto listado en la ficha,1
G-00000000023799,P-GR-A4E9A85A1742,GrupLAC: producto listado en la ficha,1
G-00000000023799,P-GR-D66709665CE8,GrupLAC: producto listado en la ficha,1
G-00000000023954,P-GR-045B0A2134FC,GrupLAC: producto listado en la ficha,1
G-00000000023954,P-GR-166A13F3EC73,GrupLAC: producto listado en la ficha,1
G-00000000023954,P-GR-22DE8B6ADB98,GrupLAC: producto listado en la ficha,1
G-00000000023954,P-GR-2B38FD102BF8,GrupLAC: producto listado en la ficha,1
G-00000000023954,P-GR-2BA437CF784D,GrupLAC: producto listado en la ficha,1
G-00000000023954,P-GR-3298A9466354,GrupLAC: producto listado en la ficha,1
G-00000000023954,P-GR-368D9E4E1F55,GrupLAC: producto listado en la ficha,1
G-00000000023954,P-GR-3B5A22C2C47D,GrupLAC: producto listado en la ficha,1
G-00000000023954,P-GR-4A70E18AE3D2,GrupLAC: producto listado en la ficha,1
G-00000000023954,P-GR-4CFF21220212,GrupLAC: producto listado en la ficha,1
G-00000000023954,P-GR-63667B1DD334,GrupLAC: producto listado en la ficha,1
G-00000000023954,P-GR-6D3469386830,GrupLAC: producto listado en la ficha,1
G-00000000023954,P-GR-79E397287163,GrupLAC: producto listado en la ficha,1
G-00000000023954,P-GR-7E025E77C0B1,GrupLAC: producto listado en la ficha,1
G-00000000023954,P-GR-818D9B3027B6,GrupLAC: producto listado en la ficha,1
G-00000000023954,P-GR-9DE0BB56DFDE,GrupLAC: producto listado en la ficha,1
G-00000000023954,P-GR-A595E0D74E4A,GrupLAC: producto listado en la ficha,1
G-00000000023954,P-GR-B41B3A9F8AE0,GrupLAC: producto listado en la ficha,1
G-00000000023954,P-GR-B553CB8309DD,GrupLAC: producto listado en la ficha,1
G-00000000023954,P-GR-BE477D9F5368,GrupLAC: producto listado en la ficha,1
G-00000000023954,P-GR-BECB54DE5E7D,GrupLAC: producto listado en la ficha,1
G-00000000023954,P-GR-C7F1DF37B2F9,GrupLAC: producto listado en la ficha,1
G-00000000023954,P-GR-CB90DDDF6CD8,GrupLAC: producto listado en la ficha,1
G-00000000023954,P-GR-CD563795BCCA,GrupLAC: producto listado en la ficha,1
G-00000000023954,P-GR-E5A3E385188A,GrupLAC: producto listado en la ficha,1
G-00000000023954,P-GR-F419E03B42EF,GrupLAC: producto listado en la ficha,1
G-00000000023954,P-GR-FC3E49D7766B,GrupLAC: producto listado en la ficha,1
G-00000000024231,P-GR-0975888AF113,GrupLAC: producto listado en la ficha,1
G-00000000024231,P-GR-0D4AF0C320B6,GrupLAC: producto listado en la ficha,1
G-00000000024231,P-GR-1C849CD17916,GrupLAC: producto listado en la ficha,1
G-00000000024231,P-GR-1F114F7DA009,GrupLAC: producto listado en la ficha,1
G-00000000024231,P-GR-3A6FC2A9EB1B,GrupLAC: producto listado en la ficha,1
G-00000000024231,P-GR-4D8C76FD8F9D,GrupLAC: producto listado en la ficha,1
G-00000000024231,P-GR-5038783ACD74,GrupLAC: producto listado en la ficha,1
G-00000000024231,P-GR-5302E21D9062,GrupLAC: producto listado en la ficha,1
G-00000000024231,P-GR-5784CA16247D,GrupLAC: producto listado en la ficha,1
G-00000000024231,P-GR-5A8033D14263,GrupLAC: producto listado en la ficha,1
G-00000000024231,P-GR-5E82692398FB,GrupLAC: producto listado en la ficha,1
G-00000000024231,P-GR-71210108B034,GrupLAC: producto listado en la ficha,1
G-00000000024231,P-GR-73CD08F5E4D0,GrupLAC: producto listado en la ficha,1
G-00000000024231,P-GR-7A5C4CD5F7EC,GrupLAC: producto listado en la ficha,1
G-00000000024231,P-GR-7B1B4F5DE1E7,GrupLAC: producto listado en la ficha,1
G-00000000024231,P-GR-866D5049E97C,GrupLAC: producto listado en la ficha,1
G-00000000024231,P-GR-88297A7ABC72,GrupLAC: producto listado en la ficha,1
G-00000000024231,P-GR-93D736D619BF,GrupLAC: producto listado en la ficha,1
G-00000000024231,P-GR-9DFF855BAF95,GrupLAC: producto listado en la ficha,1
G-00000000024231,P-GR-B7018F299062,GrupLAC: producto listado en la ficha,1
G-00000000024231,P-GR-C214E1AAA4EF,GrupLAC: producto listado en la ficha,1
G-00000000024231,P-GR-EA20713A28A1,GrupLAC: producto listado en la ficha,1
G-00000000024231,P-GR-ECA8DA0711CB,GrupLAC: producto listado en la ficha,1
G-00000000024231,P-GR-F41FF75D2BEE,GrupLAC: producto listado en la ficha,1
G-00000000024231,P-GR-F4288C504421,GrupLAC: producto listado en la ficha,1
G-00000000024231,P-GR-F63491B97670,GrupLAC: producto listado en la ficha,1
G-00000000024259,P-GR-091E572F98B2,GrupLAC: producto listado en la ficha,1
G-00000000024259,P-GR-18542571A764,GrupLAC: producto listado en la ficha,1
G-00000000024259,P-GR-1E60EEFB23E0,GrupLAC: producto listado en la ficha,1
G-00000000024259,P-GR-2E5A150293EC,GrupLAC: producto listado en la ficha,1
G-00000000024259,P-GR-300808842853,GrupLAC: producto listado en la ficha,1
G-00000000024259,P-GR-45AA0225B560,GrupLAC: producto listado en la ficha,1
G-00000000024259,P-GR-48BC251BEF40,GrupLAC: producto listado en la ficha,1
G-00000000024259,P-GR-4CC716F39BB2,GrupLAC: producto listado en la ficha,1
G-00000000024259,P-GR-5BFD232D54D0,GrupLAC: producto listado en la ficha,1
G-00000000024259,P-GR-6CBD7747C426,GrupLAC: producto listado en la ficha,1
G-00000000024259,P-GR-72E6ADEB11F0,GrupLAC: producto listado en la ficha,1
G-00000000024259,P-GR-78977263982F,GrupLAC: producto listado en la ficha,1
G-00000000024259,P-GR-7B40F6E74E9E,GrupLAC: producto listado en la ficha,1
G-00000000024259,P-GR-84A997836C18,GrupLAC: producto listado en la ficha,1
G-00000000024259,P-GR-85DBB70D50BC,GrupLAC: producto listado en la ficha,1
G-00000000024259,P-GR-C2306AE6688C,GrupLAC: producto listado en la ficha,1
G-00000000024259,P-GR-C5884A172B1D,GrupLAC: producto listado en la ficha,1
G-00000000024259,P-GR-DF6B717C3D3E,GrupLAC: producto listado en la ficha,1
G-00000000024259,P-GR-EF9A11B31B28,GrupLAC: producto listado en la ficha,1
G-00000000024259,P-GR-F02AC395C4C6,GrupLAC: producto listado en la ficha,1
G-00000000024259,P-GR-F69C5BA0F248,GrupLAC: producto listado en la ficha,1
G-00000000024277,P-GR-00CABCBAF717,GrupLAC: producto listado en la ficha,1
G-00000000024277,P-GR-03F4AF5EB4A8,GrupLAC: producto listado en la ficha,1
G-00000000024277,P-GR-2273909C712B,GrupLAC: producto listado en la ficha,1
G-00000000024277,P-GR-3366533D2BA9,GrupLAC: producto listado en la ficha,1
G-00000000024277,P-GR-391E3F4E237A,GrupLAC: producto listado en la ficha,1
G-00000000024277,P-GR-3ABBD4F750B7,GrupLAC: producto listado en la ficha,1
G-00000000024277,P-GR-3D963CC541FD,GrupLAC: producto listado en la ficha,1
G-00000000024277,P-GR-41A1CE1AC8A1,GrupLAC: producto listado en la ficha,1
G-00000000024277,P-GR-42E3F7843186,GrupLAC: producto listado en la ficha,1
G-00000000024277,P-GR-540524BB7FCA,GrupLAC: producto listado en la ficha,1
G-00000000024277,P-GR-545663D12ABB,GrupLAC: producto listado en la ficha,1
G-00000000024277,P-GR-56F1BEA9059E,GrupLAC: producto listado en la ficha,1
G-00000000024277,P-GR-5987B48387CC,GrupLAC: producto listado en la ficha,1
G-00000000024277,P-GR-6B3579B30957,GrupLAC: producto listado en la ficha,1
G-00000000024277,P-GR-7C1430EF5251,GrupLAC: producto listado en la ficha,1
G-00000000024277,P-GR-936BD8B5AB30,GrupLAC: producto listado en la ficha,1
G-00000000024277,P-GR-956AD5EAFBC4,GrupLAC: producto listado en la ficha,1
G-00000000024277,P-GR-99D2AB7CF0A4,GrupLAC: producto listado en la ficha,1
G-00000000024277,P-GR-9BC941341DBB,GrupLAC: producto listado en la ficha,1
G-00000000024277,P-GR-B22FE0F0D09D,GrupLAC: producto listado en la ficha,1
G-00000000024277,P-GR-B3208FA3B086,GrupLAC: producto listado en la ficha,1
G-00000000024277,P-GR-BF9B88E2DAF5,GrupLAC: producto listado en la ficha,1
G-00000000024277,P-GR-C05D4F692BCF,GrupLAC: producto listado en la ficha,1
G-00000000024277,P-GR-CDCA0DDE7B4F,GrupLAC: producto listado en la ficha,1
G-00000000024277,P-GR-CE38659EA5E6,GrupLAC: producto listado en la ficha,1
G-00000000024277,P-GR-D3CB71D25E30,GrupLAC: producto listado en la ficha,1
G-00000000024277,P-GR-DDEF95C48B89,GrupLAC: producto listado en la ficha,1
G-00000000024277,P-GR-E5CB78A8836D,GrupLAC: producto listado en la ficha,1
G-00000000024277,P-GR-E67182BB7DE4,GrupLAC: producto listado en la ficha,1
G-00000000024277,P-GR-EEC8C2F6B362,GrupLAC: producto listado en la ficha,1
G-00000000024277,P-GR-F63491B97670,GrupLAC: producto listado en la ficha,1
G-00000000024291,P-GR-038CE30E3B98,GrupLAC: producto listado en la ficha,1
G-00000000024291,P-GR-1FD930E1FC17,GrupLAC: producto listado en la ficha,1
G-00000000024291,P-GR-2FE4AEAB05C1,GrupLAC: producto listado en la ficha,1
G-00000000024291,P-GR-B6CA65F3B5E5,GrupLAC: producto listado en la ficha,1
G-00000000024291,P-GR-E87BE33ABBF4,GrupLAC: producto listado en la ficha,1
G-00000000024297,P-GR-045B0A2134FC,GrupLAC: producto listado en la ficha,1
G-00000000024297,P-GR-0C4437EBA9F7,GrupLAC: producto listado en la ficha,1
G-00000000024297,P-GR-26232B1BDDD6,GrupLAC: producto listado en la ficha,1
G-00000000024297,P-GR-2BC5D2E4B668,GrupLAC: producto listado en la ficha,1
G-00000000024297,P-GR-2BD0CAAF6DBC,GrupLAC: producto listado en la ficha,1
G-00000000024297,P-GR-3555BCB9FE6B,GrupLAC: producto listado en la ficha,1
G-00000000024297,P-GR-4566F27A5A56,GrupLAC: producto listado en la ficha,1
G-00000000024297,P-GR-4D53A14F2211,GrupLAC: producto listado en la ficha,1
G-00000000024297,P-GR-6E645D413A9E,GrupLAC: producto listado en la ficha,1
G-00000000024297,P-GR-738301EF43C5,GrupLAC: producto listado en la ficha,1
G-00000000024297,P-GR-84706599AA2B,GrupLAC: producto listado en la ficha,1
G-00000000024297,P-GR-A5E0B9457F95,GrupLAC: producto listado en la ficha,1
G-00000000024297,P-GR-B2EA5A855EEA,GrupLAC: producto listado en la ficha,1
G-00000000024297,P-GR-B3CD493462DB,GrupLAC: producto listado en la ficha,1
G-00000000024297,P-GR-C476BABEB26C,GrupLAC: producto listado en la ficha,1
G-00000000024297,P-GR-CC2204FAE50D,GrupLAC: producto listado en la ficha,1
G-00000000024297,P-GR-FA80FFA26D91,GrupLAC: producto listado en la ficha,1
G-00000000024331,P-GR-054CA01753A9,GrupLAC: producto listado en la ficha,1
G-00000000024331,P-GR-861EC3BCF8ED,GrupLAC: producto listado en la ficha,1
G-00000000024331,P-GR-937476615135,GrupLAC: producto listado en la ficha,1
G-00000000024331,P-GR-B63AB5B304EE,GrupLAC: producto listado en la ficha,1
G-00000000024331,P-GR-D6E627CA532A,GrupLAC: producto listado en la ficha,1
G-00000000024331,P-GR-DC5049E4606E,GrupLAC: producto listado en la ficha,1
G-00000000024331,P-GR-F46E276270D3,GrupLAC: producto listado en la ficha,1
