id,nombre,codigo_gruplac,fecha_creacion,unidad,responsable,categoria,descripcion,objetivos,mision,vision,lineas,url,fuente,activo
G-00000000020734,Sierra Nevada de Santa Marta,00000000020734,,,Antonio Yesid Pedroza Estrada,B,"El Grupo de investigación SIERRA NEVADA DE SANTA MARTA, su labor se encuentra dirigida al quehacer científico y académico desde una perspectiva pluri e interdisciplinaria. Su origen responde a la propuesta de los docentes investigadores que visualizaban la creación del grupo como una necesidad para visibilizar y lograr un mayor impacto en el escenario curricular y extracurricular realizando trabajo en equipo y cooperando entre los mismos para generar aportes desde el desarrollo de investigaciones en el ámbito JURÍDICO, SOCIO JURÍDICO y en la ADMINISTRACIÓN PÚBLICA estudiando los fenómenos y brindando alternativas de solución de las necesidades sociales, económicas, políticas y culturales, para moldearlas como instrumentos que permitan asumir las realidades nacionales y afrontar el panorama internacional.","Objetivo General
Realizar investigaciones interdisciplinarias en derecho, ciencias sociales y administración pública que contribuyan al entendimiento y solución de problemáticas sociales, políticas, económicas y culturales en Colombia, con impacto regional e internacional.
Objetivos Específicos
Fortalecer y consolidar las líneas de investigación prioritarias del grupo, orientadas a problemáticas actuales y relevantes para la sociedad.
Desarrollar procesos de investigación formativa mediante la participación activa de semilleros y jóvenes investigadores, fomentando su formación integral y científica.
Formular, ejecutar y gestionar proyectos de investigación con financiación nacional e internacional, priorizando aquellos que generen impacto social y académico.
Difundir resultados académicos en revistas indexadas, libros, congresos y medios de divulgación científica, optimizando la visibilidad y el aporte del grupo a la comunidad académica y sociedad en general.",,"Ser un grupo de investigación reconocido nacional e internacionalmente por su excelencia en la producción académica, la innovación científica y tecnológica, y su compromiso con la proyección social y extensión universitaria. Consolidarse como un referente en la generación de conocimiento interdisciplinario que responda de manera pertinente y novedosa a las problemáticas regionales, nacionales e internacionales, contribuyendo al desarrollo sostenible, la inclusión social y la transformación educativa. A través de la articulación efectiva entre investigadores, comunidades y actores institucionales, impulsar procesos de investigación y transferencia que fortalezcan la calidad de vida y promuevan la justicia social en contextos dinámicos y complejos.","1.- Capacidad Institucional del Estado
2.- DERECHO LABORAL Y SEGURIDAD SOCIAL EN EL CONTEXTO DE LA GLOBALIZACIÓN E INTERNACIONALIZACIÓN DE LA ECONOMÍA
3.- DERECHO PENAL, CRIMINOLOGÍA, POLÍTICA CRIMINAL Y SEGURIDAD PÚBLICA
4.- DERECHO PÚBLICO Y ESTADO SOCIAL DE DERECHO
5.- GLOBALIZACIÓN Y NUEVO DERECHO
6.- Litigio estratégico en la pospandemia de inicios del siglo XXI
7.- Nuevas tendencias en la administración pública en el escenario de la pospandemia
8.- POLÍTICAS PÚBLICAS EN EDUCACIÓN
9.- Perspectivas de los Derechos Humanos en el siglo XXI",https://scienti.minciencias.gov.co/gruplac/jsp/visualiza/visualizagr.jsp?nro=00000000020734,"Scienti, consultado 2026-09-25; formación: 2018 - 1",1
G-00000000001901,Grupo de investigacion ZooBios.,00000000001901,,,Fanny Matilde PINZON CANDELARIO,B,"El grupo de investigación Zoobios se enmarca dentro de las dinámicas actuales de la investigación agropecuaria y ambiental, abordando temas de nutrición animal, biodiversidad, biotecnología, epidemiología y desarrollo rural. A nivel global, las investigaciones en estas áreas se orientan hacia la sostenibilidad de los sistemas productivos, el bienestar animal y la conservación de los recursos genéticos, alineándose con los Objetivos de Desarrollo Sostenible (ODS).
En Colombia, las políticas de ciencia y tecnología promueven la articulación entre universidades, sectores productivos y comunidades, incentivando la producción científica y la transferencia de conocimiento. Zoobios ha fortalecido su impacto mediante publicaciones científicas, vinculación de estudiantes a semilleros y participación en macroproyectos territoriales. La creciente necesidad de soluciones innovadoras en el sector agropecuario y ambiental ha impulsado al grupo a consolidar alianzas estratégicas y fomentar la movilidad académica.
En el marco de los objetivos del grupo Zoobios se busca incrementar su productividad científica, avanzar en su categorización en MinCiencias y fortalecer su posicionamiento en redes de investigación. Su enfoque interdisciplinario y su compromiso con la innovación le permiten contribuir al desarrollo sostenible de la región Caribe y al avance del conocimiento en el ámbito agropecuario y ambiental. Además la participación de docentes investigadores de dos Universidades permite proyectarnos y fortalecer los procesos investigativos.","Contribuir en la formación investigativa de los estudiantes, egresados, docentes y sector productivo con el fin de propiciar un desarrollo permanente de la investigación de los programas de la Escuela de Ciencias agrícolas pecuarias y del medio ambiente de la Universidad nacional Abierta y a Distancia y del Programa de Microbiología de la Universidad Popular del cesar en la Región Caribe.
Formar personas integras en un ambiente abierto y voluntario, con el fin de contribuir al desarrollo social, tecnológico, económico y ambiental de la región Caribe y del país.
Fomentar un pensamiento critico para estimular el diseño de proyectos de investigación acordes con la realidad de nuestro entorno.
Aportar soluciones con una visión integral a los problemas de la región caribe y del país
Contribuir al desarrollo de las líneas de investigación propuestas por el grupo.
Incubar proyectos de investigación con viabilidad de desarrollo.",,"El grupo de investigación ZOOBIOS de la Escuela de Ciencias Agrícolas, Pecuarias y del Medio Ambiente del Programa de Zootecnia de la Universidad Nacional Abierta y a Distancia UNAD-CEAD Valledupar- Zona Caribe y del Universidad Popular del Cesar, es y será un grupo reconocido por excelencia en el ámbito Nacional e Internacional para fomentar la cultura investigativa en la comunidad académica para el año 2015, toda vez que será participe en la formación y autoformación mediante la investigación y el compromiso ineludible de su propósito de fomentar y desarrollar un conocimiento científico por medio de proyectos investigativo en el ámbito social y tecnológico de esta parte del Territorio nacional.","1.- Nutricion Animal
2.- Biodiversidad y Recursos geneticos.
3.- Biotecnología y Medio Ambiente
4.- Desarrollo Rural
5.- Epidemiología y Enfermedades Infecciosas
6.- Reproduccion Y Mejoramiento Animal",https://scienti.minciencias.gov.co/gruplac/jsp/visualiza/visualizagr.jsp?nro=00000000001901,"Scienti, consultado 2026-09-25; formación: 2005 - 3",1
G-00000000016636,"GESTIÓN EN INVESTIGACIÓN, PRODUCCIÓN Y TRANSFORMACIÓN AGROINDUSTRIAL (GIPTA)",00000000016636,,,Jacqueline Chavez Galvis,C,"son muchas las investigaciones enmarcadas en esta área del conocimiento a nivel nacional e internacional ya que se tiende a mejorar los procesos existentes y a encontrar nuevos productos que mejoren la calidad de vida de los habitantes de cada región
La universidad de San Buenaventura, La Universidad de Chapingo de México, La Universidad Autónoma de Chile, La Pontificia Bolivariana, La universidad de Armenia, La universidad de Pasto, la universidad del Valle trabajan en pro del desarrollo agroindustrial de sus regiones para fortalecer las cadenas productivas y líneas metodológicas de la ciencias básicas.
La Universidad Popular del Cesar Seccional Aguachica no desea quedarse atrás y quiere contribuir al desarrollo agroindustrial de la región mediante la integración de los diferentes estamentos regionales en la conformación del grupo de investigación GESTIÓN EN INVESTIGACIÓN, PRODUCCIÓN Y TRANSFORMACIÓN AGROINDUSTRIAL (GIPTA).
El programa de ingeniería Agroindustrial conformó
en el año 2013, el GESTIÓN EN INVESTIGACIÓN, PRODUCCIÓN Y TRANSFORMACIÓN AGROINDUSTRIAL (GIPTA). como una estrategia
encaminada a satisfacer las necesidades actuales del conocimiento en los
ámbitos local, nacional e internacional. El proceso de construcción, desarrollo y consolidación del grupo de investigación ha hecho posible la generación de
nuevo producción investigativa sacando ventaja de su conformación
típicamente interdisciplinar.","OBJETIVOS
GENERALES
Conformar un grupo de acción interdisciplinaria que contribuya al intercambio, consolidación y aplicación del conocimiento, enfocado a la producción y transformación de productos agropecuarios
Fomentar la investigación en el programa de ingeniería agroindustrial para obtener resultados que contribuyan a la generación del conocimiento científico
Complementar la parte teórica con la práctica fomentando el uso de tecnologías actuales en la planeación, diseño y construcción de equipos Agroindustriales.
Identificar y crear líneas de investigación enmarcadas dentro del departamento de ingenierías y tecnológicas que estén acordes con las necesidades de la región.
Desarrollar y fortalecer la academia científica, técnica y tecnológica de la facultad de ingenierías y tecnológicas de la Seccional Aguachica.
ESPECIFICOS
Mejorar el nivel académico del programa de ingeniería agroindustrial con la inclusión de los docentes y estudiantes en el proceso investigativo.
Aprovechar al máximo los productos agropecuarios de la región para adicionarle valor agregado
Explorar mediante diferentes técnicas analíticas el potencial productivo de los productos agropecuarios
Identificar problemáticas regionales relacionadas con la producción agropecuaria
Formular proyectos de investigación aplicada que brinden soluciones a las necesidades regionales existentes en torno a la producción y transformación de productos agropecuarios.
Construir espacios de investigación para estudiantes de últimos semestres que puedan desarrollar su proyecto de grado en las diferentes líneas de investigación.",,"El grupo de investigación GESTION EN INVESTIGACION EN PRODUCCION Y TRANSFORMACION AGROINDUSTRIAL se consolidará como un grupo de índole científica y tecnológica a nivel regional, nacional e internacional que brindará alternativas de desarrollo para el sector agropecuario de la región, atendiendo necesidades del sector bajo la filosofía de desarrollo ético y sostenible en el marco de la transformación y desarrollo de nuevos productos, sistemas de gestión aplicadas a las empresas agroindustriales que mejoren los procesos productivos, conservación ambiental entre otros.","1.- Beneficio y Tecnología de productos y subproductos con aplicación de procesos agroindustriales (alimentarios y no alimentarios)
2.- Biotecnología, biocombustibles y Tecnologias limpias
3.- Sistemas Integrados de Gestión",https://scienti.minciencias.gov.co/gruplac/jsp/visualiza/visualizagr.jsp?nro=00000000016636,"Scienti, consultado 2026-09-25; formación: 2013 - 2",1
G-00000000024291,Investiguemos en Instrumentación Quirúrgica (INVIQ),00000000024291,,,maria carolina araujo arzuaga,Reconocido,"ESTADO DEL ARTE: el presente grupo (INVIQ) Investiguemos en Instrumentación Quirúrgica surge de la iniciativa de estos integrantes con el propósito de fortalecer la investigación en estudiantes y docentes y de esta manera la cualificación de los mismo, con miras a una acreditación institucional.","* Generar conocimiento científico de alta calidad que contribuya a la mejora de la salud pública, mediante la investigación interdisciplinaria, el desarrollo de nuevas estrategias de prevención, diagnóstico y tratamiento de enfermedades, y la promoción de políticas de salud basadas en la evidencia.
* Evaluar prácticas educativas innovadoras y basadas en la evidencia, con el fin de mejorar la calidad del aprendizaje y la enseñanza. A través de la investigación interdisciplinaria, buscamos influir en las políticas educativas y contribuir al desarrollo de un sistema educativo más equitativo y efectivo.
* Analizar los sistemas de administración en salud mediante investigaciones que identifiquen estrategias innovadoras y eficientes, para optimizar la gestión de recursos, mejorar la calidad de los servicios de salud y contribuir a la formulación de políticas que fortalezcan la sostenibilidad y equidad del sistema sanitario.",,"La proyección del grupo INVIQ como organización a largo plazo busca formar profesionales integrales que participaran mediante sus conocimientos, experiencias y productos en la evaluación, análisis y transformación de las problemáticas en salud, educación, administración y comunidad a nivel local, regional y nacional proponiendo soluciones para la mejora de la calidad de vida de la población.","1.- ADMINISTRACIÓN DE LAS ORGANIZACIONES DE SALUD
2.- ASEGURAMIENTO DE LA CALIDAD DE SERVICIOS QUIRÚRGICOS Y CENTRALES DE ESTERILIZACIÓN
3.- ORIENTACIÓN EN LA EDUCACIÓN, CULTURA Y SOCIEDAD
4.- SALUD PUBLICA",https://scienti.minciencias.gov.co/gruplac/jsp/visualiza/visualizagr.jsp?nro=00000000024291,"Scienti, consultado 2026-09-25; formación: 2023 - 1",1
G-00000000024297,Ars Scribendi: investigación en estudios literarios y pedagógicos,00000000024297,,,Nellys montenegro de la hoz,Reconocido,,"Analizar el estado del arte para la identificación de estrategias de enseñanza aprendizaje en el área de la literatura hispanohablante y de lengua inglesa.
Desarrollar conocimientos y estrategias innovadoras para la mejora la enseñanza y el aprendizaje de la literatura hispanohablante y de lengua inglesa.
Evaluar el aporte de las estrategias innovadoras en la enseñanza y el aprendizaje de la literatura hispanohablante y de lengua inglesa.",,Posicionarnos como un referente nacional en investigación en el campo de los estudios literarios y pedagógicos destacando por la participación activa de estudiantes y docentes del programa de Licenciatura en Literatura y Lengua Castellana de la Universidad Popular del Cesar.,"1.- Enseñanza y aprendizaje de lenguas extranjeras
2.- Lingüística, comunicación y lenguas
3.- Literatura de Gran caribe
4.- Literatura de la diáspora afroamericana
5.- Pedagogía de la literatura
6.- Teoría Literaria",https://scienti.minciencias.gov.co/gruplac/jsp/visualiza/visualizagr.jsp?nro=00000000024297,"Scienti, consultado 2026-09-25; formación: 2022 - 1",1
G-00000000024259,Grupo de Investigación en Producción Sostenible de las Ciencias Agropecuarias,00000000024259,,,Ingris Yohana Hernández Martínez,C,"El concepto de ¿sostenibilidad¿ fue definido en el Informe Brundtland en 1987, donde se establece que el desarrollo debe satisfacer las necesidades del presente sin comprometer la capacidad de las futuras generaciones para satisfacer las suyas. Este enfoque integra dimensiones económicas, sociales y ambientales, y reconoce la necesidad de equilibrar la explotación de recursos con la conservación del entorno. Investigaciones recientes han ampliado esta teoría al considerar la sostenibilidad no solo como un objetivo, sino como un proceso dinámico que requiere ajustes continuos y la participación de múltiples actores para abordar desafíos globales como el cambio climático, la pérdida de biodiversidad y la equidad social.
En este contexto, la integración de enfoques en la práctica agropecuaria ofrece una base sólida para el desarrollo de prácticas que sean tanto productivas como sostenibles. Al aplicar estos conceptos, se busca una transición hacia sistemas de producción que no solo aumenten la eficiencia y la productividad, sino que también respeten y preserven los recursos naturales y el equilibrio ecológico. Investigaciones recientes han demostrado que la combinación de estos enfoques puede ofrecer soluciones innovadoras para enfrentar los desafíos actuales del sector agropecuario, mejorando la resiliencia de los sistemas agrícolas y contribuyendo al desarrollo sostenible. La implementación efectiva de estas estrategias requiere la colaboración entre científicos, agricultores, políticos y comunidades para lograr un equilibrio duradero entre la producción y la conservación.
En relación con los Objetivos de Desarrollo Sostenible (ODS) , establecidos por la Asamblea General de las Naciones Unidas en 2015, estos representan un marco integral para abordar los desafíos globales de manera coordinada y eficaz. Los 17 objetivos abarcan áreas críticas como la erradicación de la pobreza, la seguridad alimentaria, el acceso al agua limpia, la igualdad de género y la acción","Objetivo General
Desarrollar e implementar soluciones científicas y tecnológicas innovadoras que impulsen prácticas sostenibles en la producción agropecuaria, mejorando la eficiencia, conservando los recursos naturales y contribuyendo al bienestar socioeconómico de las comunidades rurales, alineado con los principios de sostenibilidad y los Objetivos de Desarrollo Sostenible (ODS).
Objetivos Específicos.
Fortalecer las competencias científicas, tecnológicas e innovadoras en la comunidad académica promoviendo el desarrollo de capacidades avanzadas en el campo agropecuario sostenible.
Fomentar una cultura de investigación y desarrollo alineada con las políticas nacionales e internacionales, facilitando alianzas estratégicas con entidades gubernamentales e industriales.
Implementar proyectos de investigación aplicada que optimicen el uso del agua y el suelo en la producción agropecuaria, mejorando la eficiencia y la productividad de los sistemas agrícolas y ganaderos.
Promover la colaboración interdisciplinaria entre investigadores, productores y comunidades, para generar soluciones integrales que aborden los desafíos del sector agropecuario en un contexto de sostenibilidad",,"Para el año 2030, GIPSCA se propone convertirse en un referente y modelo en procesos investigativos con un alto enfoque en la producción agrícola y pecuaria. El grupo busca liderar el desarrollo sostenible del sector agropecuario, trabajando en la recuperación de áreas impactadas por actividades antrópicas. Además, GIPSCA pretende fomentar proyectos de seguridad alimentaria, contribuyendo al bienestar de las comunidades y al equilibrio ambiental.","1.- Biodiversidad y biotecnología
2.- Gestión Social Agropecuaria
3.- Manejo agro-sostenible de cultivos
4.- NUTRICIÓN ANIMAL, REPRODUCCIÓN Y MANEJO PECUARIO
5.- Tecnologías limpias y producción agropecuaria sostenible y de precisión",https://scienti.minciencias.gov.co/gruplac/jsp/visualiza/visualizagr.jsp?nro=00000000024259,"Scienti, consultado 2026-09-25; formación: 2021 - 11",1
G-00000000018873,SALUD Y BIENESTAR PARA EL SER HUMANO EN SU ENTORNO (SBSHE),00000000018873,,,Luz MEJIA REALES,B,"La actividad investigativa en la actualidad es un factor constitutivo de la vida académica y fundamental de la misión universitaria, que busca la formación integral de sus educandos, para la generación de nuevos conocimientos y la articulación de la realidad con el contexto en el cual interactúa.
En el país en las últimas dos décadas se ha fortalecido el Sistema de Ciencia, Tecnología e Innovación regido por Minciencias, quien permanentemente abre convocatorias para el establecimiento de líneas, grupos y proyectos de ciencia tecnológica e innovacion; igualmente crece vertiginosamente la comunidad académica adscrita al mismo a través del GrupLAC y el CvLAC, los productos de grupos adquieren reconocimiento solo si se difunden o visibilizan; las asociaciones científicas apoyan a los grupos de docentes que se encuentren vinculados o en proceso de vinculación a Minciencias y el Sistema Educativo legisla con base en estas tendencias de desarrollo.
Es por ello que la Universidad Popular del Cesar y en especial el programa de Enfermería se encuentra comprometida en mantener la alta calidad que fue otorgada, mediante el acompañamiento, asesoría y fomento a los investigadores y grupos de investigación para que desarrollen proyectos de investigación que generen productos científicos, tecnológicos y de innovación que enriquezcan su propio sistema de investigación e impacten a la comunidad educativa a nivel local, regional, nacional e internacional.
Por lo anterior El grupo de investigación (SBSHE) dentro de sus metas y objetivos fomenta estilos de vida saludables tendientes a mejorar su calidad de vida tomando como referencia estudios de investigación que permitan establecer estrategias de solución a las necesidades sentidas de la comunidad, que repercutan en la creación de productos de ciencia y tecnología en salud y educación.","OBJETIVO GENERAL:
Fomentarla investigación aplicada a la educación y la salud como herramienta para contribuir en la calidad de vida del colectivo social y su entorno.
OBJETIVOS ESPECÍFICOS
- Fortalecer a la Universidad Popular del Cesar en el área de investigación relacionada con la salud pública y los procesos de enseñanza aprendizaje.
- Crear innovación y tecnología para el mejoramiento de los procesos en el área de salud y educación.
- Identificar factores de riesgos y factores protectores que contribuyan al mejoramiento de la calidad de vida de las personas, familia y su entorno.",,"Nos vemos en un futuro como un grupo de investigación capaz de poner al servicio de la comunidad innovación, ciencia y tecnología que permitan favorecer su calidad de vida, disminuir los factores de riesgos y fomentar los factores protectores con la firme convicción que dejaremos en alto el nombre del Alma Mater que representamos, así lograr un crecimiento intelectual, espíritu investigativo y sobre todo seremos el grupo que vaya a la vanguardia en el control y cuidado en la calidad de vida.","1.- CUIDADOS DE ENFERMERÍA BRINDADOS A GRUPOS ETARIOS ADULTOS SANOS Y CON ENFERMEDADES CRÍTICAS, CRÓNICAS Y/O DEGENERATIVAS
2.- CUIDADOS DE ENFERMERÍA DURANTE EL PERIOPERATORIO
3.- EDUCACIÓN,SALUD, PROCESOS PEDAGÓGICOS Y CURRICULARES.
4.- ENFERMERIA EN SALUD MENTAL Y EL CRECIMIENTO HUMANO",https://scienti.minciencias.gov.co/gruplac/jsp/visualiza/visualizagr.jsp?nro=00000000018873,"Scienti, consultado 2026-09-25; formación: 2014 - 11",1
G-00000000017356,Grupo de Investigación Educativa en Ciencias Naturales y Matemática ECINAMA,00000000017356,,,Juan Bautista Pacheco Fernández,C,,"Realizar investigaciones en el campo de la educación y epistemología de la física y de las Ciencias Naturales que aporten elementos teóricos, metodológicos y didácticos desde un enfoque sistémico y contextualizado.
Realizar investigaciones en el área de la educación matemática que aporten elementos teóricos, metodológicos y didácticos desde un enfoque sistémico y contextualizado.",,"El grupo de investigación educativa en Ciencias Naturales y Matemática ECINAMA aspira a ser reconocido a nivel regional, nacional e internacional por sus aportes científicos y tecnológicos en el campo educativo en Ciencias Naturales, en Ciencias Físicas y en Matemáticas, desde una perspectiva sistémica contextualizada.","1.- Educación Matemática
2.- Enseñanza de las ciencias Naturales
3.- Historia y Enseñanza de la Física",https://scienti.minciencias.gov.co/gruplac/jsp/visualiza/visualizagr.jsp?nro=00000000017356,"Scienti, consultado 2026-09-25; formación: 2014 - 7",1
G-00000000023954,MUEVETE_UPECISTA,00000000023954,,,Beatriz Elena Mestre Moron,C,"Para el año 2019 el programa de licenciatura en educación física recreación y deporte inicia su proceso de alistamiento para crear las condiciones en miras a su proceso de autoevaluación. Como resultado de este ejercicio surge la necesidad de crear de un grupo de investigación que aporte al crecimiento del programa y a la investigación formativa de los estudiantes, ya que se considera importante la conformación de semilleros de investigación donde estos tengan una participación activa. En este orden de ideas, los integrantes del comité de investigación del programa inician un proceso para conocer las políticas institucionales en esta materia, recibir asesorías por parte de expertos que laboran en la institución y dar creación al grupo. A la fecha, el grupo de investigación es una realidad, donde se integran diferentes saberes para aportarle al desarrollo de la región en temas pertinentes a la educación física, la recreación y el deporte.","General:
- Conformar un colectivo de investigadores interdisciplinarios que propendan por dar solución a las diferentes problemáticas del contexto local, regional, nacional, e internacional inherentes a la práctica de la educación física, la recreación y el deporte.
Específicos.
- Diseñar propuestas de investigación acordes a las necesidades de la región.
- Participar en eventos científicos que favorezcan la circulación del nuevo conocimiento y la socialización de los resultados de investigación.
- Fortalecer los procesos investigativos del programa integrando la investigación formativa, con la docencia, proyección social y extensión.
- Promover alianzas estratégicas en redes y con otros grupos de investigación para contribuir al fortalecimiento de la investigación y construcción de nuevo conocimiento.
- Participar en convocatorias internas para la financiación de proyectos de investigación y extensión.",,Para el año 2025 será un grupo de investigación reconocido y clasificado por el sistema nacional de ciencia y tecnología producto de su compromiso y participación en la construcción de proyectos con impacto social que brinden soluciones a las diferentes problemáticas que se encuentran presentes en la región.,"1.- Educación Rural y Desarollo Humano
2.- Movimiento Humano y Salud
3.- Pedagogía y Didáctica de la Educación Física
4.- Recreación y Ocio
5.- Ética y Políticas Públicas Educativas y Deportivas",https://scienti.minciencias.gov.co/gruplac/jsp/visualiza/visualizagr.jsp?nro=00000000023954,"Scienti, consultado 2026-09-25; formación: 2022 - 1",1
G-00000000018949,GESTIÓN AMBIENTAL Y TERRITORIOS SOSTENIBLES (GE&TES),00000000018949,,,Jorge Luis Rangel Acosta,C,"Los conceptos de ¿Desarrollo Sostenible¿ provenientes tanto de la ecología como de la economía no son nuevos. Aparecen en una coyuntura global de contradicciones existentes entre las enormes riquezas ecológicas que posee una región y al alto impacto ambiental por la explotación de recursos naturales en pro del desarrollo social y económico, siguiendo la visión antropocéntrica que situaba a la Naturaleza como algo ajeno a ese problema, solo nombrada cuando se hacía referencia a materias primas o factores de producción. En este sentido, el proceso de globalización actual determina en gran medida las dinámicas que se asocian a tres factores: lo social, lo ambiental y lo económico.
Es así como plantea la Unesco el concepto de Desarrollo Sostenible, subrayando cuatro dimensiones interconectadas entre si: la sociedad, el medio ambiente, la cultura y la economía; que guardan pertinencia con la definición de la Comisión Mundial sobre el Medio Ambiente y el Desarrollo: ¿el desarrollo sostenible como la satisfacción de las necesidades de la generación presente sin comprometer la capacidad de las generaciones futuras para satisfacer sus propias necesidades. De modo que se hace necesario abrir el análisis a múltiples dimensiones y reforzar la idea de que el desarrollo sostenible se logra cuando existe un equilibrio entre el desarrollo económico, el desarrollo social y la protección ambiental.
A continuación se hará mención a diversos grupos de investigación, de nivel internacional y nacional, que se caracterizan por manejar un enfoque interdisciplinar con énfasis en la línea del desarrollo sostenible.
Ámbito internacional
Grupo de Investigación Desarrollo Sostenible y Planificación Territorial (DESOSTE).
Grupo Interdisciplinario de Investigación para el Desarrollo Sostenible (GRIDES).
Grupo de Investigación Sustentabilidad Agropecuaria.
Ámbito Nacional
Centro de Investigaciones en Medio Ambiente y Desarrollo - CIMAD.
Grupo de investigación en sostenibilida","General:
Construir conocimiento científico que conlleve a la transformación de los modelos socioeconómicos y estilos de vida sustentables en la región del Magdalena medio.
Objetivos específicos:
a. Fortalecer competencias científicas, tecnológicas e innovadoras en la comunidad académica upecista
b. Propender por una cultura de investigación y desarrollo dentro de las políticas nacionales con visión global que permita la alianza con entidades gubernamentales e industriales.
c. Identificar problemáticas y necesidades a nivel regional, afines con las líneas de investigación propuestas por el grupo.
d. Gestionar alianzas estratégicas en proyectos de desarrollo sostenible
e. Publicar resultados de los proyectos de investigación y extensión periódicamente en revistas indexadas.",,"En el año 2021, GE&TES será un grupo de investigación reconocido y categorizado en el Sistema Nacional de Ciencia, Tecnología e Innovación, con productos y resultados transformadores del contexto socioeconómico, productivo y ambiental en la región del Magdalena Medio.","1.- DESARROLLO ECONOMICO SOSTENIBLE
2.- GESTION AMBIENTAL Y DESARROLLO HUMANO
3.- PRODUCCIÓN AGROPECUARIA SOSTENIBLE (Tecnología Agropecuaria)
4.- SANEAMIENTO BÁSICO",https://scienti.minciencias.gov.co/gruplac/jsp/visualiza/visualizagr.jsp?nro=00000000018949,"Scienti, consultado 2026-09-25; formación: 2017 - 2",1
G-00000000020417,GRUPO DE INVESTIGACION BUTERAMA,00000000020417,,,YICETH ALEJANDRA GONZALEZ DUARTE,C,"El Grupo De Investigación Buterama que opera en la universidad Popular del Cesar Seccional Aguachica, cuyo objeto de actuación primordial inicial consistía en detectar y analizar las oportunidades de desarrollo y empleo, para impulsar el crecimiento sostenible de los municipios del sur del Cesar, se han elaborados estudios socio económicos, estudios tributarios y de impacto social como documentos base a la hora de emprender cualquier iniciativa en relación con el desarrollo económico de la región sur del Cesar. No es un solo un inventario de recursos, sino que se ha tratado de llevar a cabo un diagnóstico de estos y sus potencialidades con una finalidad claramente operativa.
Los procesos investigativos que propone el grupo interdisciplinario Buterama, están orientados específicamente a las políticas socioeconómicas, análisis contables y tributarios de gestión del desarrollo regional, nacional e internacional ligado a la globalización de las diferentes áreas contextuales en el marco administrativo para lograr otras oportunidades de gestión municipal, procesos de planeación estratégica basados en innovaciones, políticas adecuadas, transferencia de nuevos conocimientos y la adaptación en los campos políticos y privados donde las fortalezas permitan nuevas generaciones de procesos y lograr modernizar el sector gubernamental, ello debido que la existente son casi nulas en la zona sur del Cesar y en Colombia en general.","'- Ser reconocidos ante Colciencias como grupo que desarrolle trabajos de investigación en el área de ciencias administrativas, contables y económicas en el trabajo mancomunado con investigadores especializados en el área nacional e internacional.
- Contribuir con la ampliación del estado del arte existente, como una contribución para futuros investigadores que estén interesados en desarrollar las líneas de investigación propuestas.
-Desarrollar investigaciones que permitan impactar de manera positiva a la sociedad y entes gubernamentales en la solución de problemas, sociales, económicos y fiscales.
-Categorizar a los miembros del Grupo Investigadores en los diferentes rangos establecidos.",,"El Grupo de Investigación BUTERAMA para el año 2025 buscara el reconocimiento mayor categoría a categoría c ante las diferentes instancias como grupo solido con principios y valores fomentando el proceso investigativos en los diferentes campos económicos, sociales y ambientales contribuyendo al desarrollo integral y mejoramiento continuo de la calidad de vida de los habitantes de sur del cesar.","1.- DESARROLLO ECONÓMICO Y SOCIAL
2.- GESTION ORGANIZACIONAL
3.- GESTIÓN FUNCIONAL
4.- Gestión y Organización Empresarial
5.- INNOVACIÓN Y EMPRENDIMIENTO
6.- MERCADO, MARKETING ESTRATÉGICO Y TRANSFORMACIÓN DIGITAL
7.- TALENTO HUMANO Y LIDERAZGO TRANSFORMACIONAL",https://scienti.minciencias.gov.co/gruplac/jsp/visualiza/visualizagr.jsp?nro=00000000020417,"Scienti, consultado 2026-09-25; formación: 2017 - 11",1
G-00000000016202,Grupo de Investigación en Matemática Educativa- DELTA,00000000016202,,,Rafael Enrique Ordoñez Cardales,C,"Los años 60 se puede considerar como el tiempo de gestación de lo que hoy conocemos como didáctica de las matemáticas (Francia), Educación Matemática (España) o Matemática Educativa (México), pues a partir de esta década hubo un especial interés por matemáticos y sicólogos por revisar los procesos de enseñanza¿aprendizaje de las matemáticas en la escuela. Una década antes había comenzado un movimiento de reformas curriculares en varios países motivadas por la brecha existente entre la matemática universitaria y la matemática de la escolaridad previa y también por la preocupación acerca de la disminución en el ingreso universitario a carreras matemáticas. En esta ocasión matemáticos y psicólogos se unieron en el desarrollo de estudios y proyectos curriculares que conjugaron ambas perspectivas (Kilpatrick, 1998).
Hay dos disciplinas que han tenido una influencia fecunda en la investigación en matemática educativa: las matemáticas mismas y la psicología. Ambas de manera separada o conjunta han contribuido a la realización de importantes estudios que propenden por mejorar la enseñanza y aprendizaje de las matemáticas.
Hasta hace más o menos quince años, la gran mayoría de la investigación en educación matemática se centró en el aprendizaje, más que en la enseñanza. Una gran cantidad de investigación que se realizó al comienzo de los setentas tuvo que ver con la comparación de métodos para enseñar el ¿mismo¿ contenido matemático. Sin embargo, el interés de los investigadores giraba invariablemente alrededor del método, definido de una forma general, y no en el proceso de instrucción mismo. Recientemente, estos estudios de comparación de métodos han sido considerados infructuosos y han sido casi completamente abandonados. El interés de los investigadores se ha volcado, por una parte, hacia cómo los profesores manifiestan su conocimiento y sus creencias en el proceso de instrucción, y, por el otro, hacia cómo los estudiantes aprenden y comprenden aspectos específicos","General: Realizar investigación de alto nivel que aporte a la generación de nuevo conocimiento en el área de las matemáticas educativas y a la formación de talento humano con finas competencias investigativas en sus áreas de actuación.
Específicos: 1). Desarrollar proyectos de investigación en las líneas de formación del docente de matemáticas, pensamiento variacional, formación de conceptos matemáticos e integración de las TIC a los procesos de enseñanza-aprendizaje de las matemáticas.
2). Contribuir desde las líneas los procesos de investigación formativa a través de los semilleros de investigación.
3). Apoyar los procesos de reformas curriculares del programa de Licenciatura en Matemáticas y Física.
4). Aportar a la formación avanzada de profesores en el área de las matemáticas educativas.
5). Publicar los resultados de investigaciones en revistas científicas de alto impacto y divulgación de productos en eventos académicos.
6). Realizar actividades de capacitación docente en el área de las matemáticas educativas que propendan por mejoramiento continuo la practica pedagógica de los docentes de la región.",,"El grupo DELTA propenderá, de forma permanente y sistemática, por el desarrollo de proyecto de investigación de impacto en la comunidad académica y del entorno institucional que den cuenta de la generación de nuevo conocimiento en las líneas de investigación registradas, sirviendo de apoyo a los procesos curriculares del programa de Licenciatura en Matemáticas y Física; así como el posicionamiento de los productos de investigación a través de la participación en eventos de carácter nacional e internacional, publicación en medios de divulgación científica, generación de espacios de formación de talento humano y consecuentemente obtener reconocimiento en el Sistema Nacional de Ciencia, Tecnología e Innovación SNCTel.","1.- Formación de conceptos matemáticos
2.- Formación del docente de matemáticas
3.- Pensamiento y lenguaje variacional
4.- Prospectiva y estrategias en educación matemática
5.- TIC para la enseñanza y aprendizaje de las Matemáticas",https://scienti.minciencias.gov.co/gruplac/jsp/visualiza/visualizagr.jsp?nro=00000000016202,"Scienti, consultado 2026-09-25; formación: 2014 - 1",1
G-00000000023779,Acepciones del Derecho y la Administración Pública,00000000023779,,,martha maria charris balcazar,Reconocido,"Estado del arte: El Grupo de investigación ACEPTACIONES DEL DERECHO Y LA ADMINISTRACIÓN PÚBLICA, su labor se encuentra dirigida al quehacer científico y académico desde una perspectiva pluri e interdisciplinaria. Su origen responde a la propuesta de los docentes investigadores que visualizaban la creación del grupo como una necesidad para generar espacio de apropiación social del conocimiento y lograr un mayor impacto en el escenario curricular y extracurricular realizando trabajo en equipo y cooperando entre los mismos para generar aportes desde el desarrollo de investigaciones en el ámbito JURÍDICO, SOCIO JURÍDICO y en la ADMINISTRACIÓN PÚBLICA estudiando los fenómenos y brindando alternativas de solución de las necesidades sociales, económicas, políticas y culturales, para moldearlas como instrumentos que permitan asumir las realidades nacionales y afrontar el panorama internacional.","Objetivos: Objetivo General: Desarrollar investigaciones en el ámbito JURÍDICO, SOCIO JURÍDICO y en la ADMINISTRACIÓN PÚBLICA estudiando los fenómenos y brindando alternativas de solución de las necesidades sociales, económicas, políticas y culturales, para moldearlas como instrumentos que permitan asumir las realidades nacionales y afrontar el panorama internacional. OBJETIVOS ESPECÍFICOS Generar propuestas dentro de la comunidad académica y científica, con el fin de consolidar los avances en los temas bajo estudio. y con ello divulgar los resultados de nuestras metas en el orden nacional e internacional Identificar las necesidades y oportunidades de investigación del sector productivo de la región y desarrollar proyectos de investigación que conduzcan a la solución de las necesidades detectadas. Fortalecer cada una de las líneas de investigación a partir de desarrollo de múltiples investigaciones. Generar productos de investigación, desarrollo Tecnológico o de Innovación en sus diferentes tipologías. Categorización del grupo de investigación ante el Ministerio de Ciencia Tecnología e Innovación. Presentar documento maestro ante el Ministerio de Educación de posgrados correspondientes a las ciencias Sociales. Fortalecer los semilleros de investigación que pertenecen al grupo de investigación. Participar en convocatorias internas y externas que permitan acceder a recursos financieros para el desarrolla de las investigaciones. Establecer alianzas estratégicas que permitan acceder a recursos financieros para el desarrolla de las investigaciones.",,"Visión: Contribuir al beneficio social mediante la innovación y la evolución del conocimiento científico en el ámbito educativo y tecnológico, consolidándose como grupo de investigación de excelencia en su producción académica, en su labor de extensión y proyección social, procurando desarrollar una agenda pertinente y novedosa para dar respuesta a problemáticas nacionales e internacional.","1.- Derecho Laboral y Seguridad Social en el contexto de la Globalización e Internacionalización de la Economía
2.- Derecho Penal, Criminología, Política Criminal y Seguridad Pública
3.- Derecho Público y Estado Social del Derecho
4.- Globalización y Nuevo Derecho
5.- Litigio estratégico en la pospandemia de inicios del siglo XXI
6.- Nuevas tendencias en la administración pública en el escenario de la pospandemia
7.- Perspectivas de los Derechos Humanos en el siglo XXI
8.- Políticas Públicas en Educación",https://scienti.minciencias.gov.co/gruplac/jsp/visualiza/visualizagr.jsp?nro=00000000023779,"Scienti, consultado 2026-09-25; formación: 2022 - 1",1
G-00000000024331,Lecturas del territorio,00000000024331,,,Elsy Paola Villazon Villero,C,,"Objetivo General:
- Contribuir al desarrollo de la región a través de la lectura de los principales fenómenos y realidades que la caracterizan.
Objetivos Específicos:
* Elaborar un estado del arte sobre las principales temáticas identificadas, teniendo en cuenta los proyectos a desarrollar.
* Desarrollar e implementar proyectos de investigación sobre las líneas de trabajo presentadas anteriormente.
* Establecer criterios para el fomento y la divulgación de los resultados de investigación.
* Contribuir al proceso de rescate de la memoria histórica de la región y el país.",,"En el año 2026 el grupo de investigación será reconocido y avalado por Colciencias; así como por la comunidad académica e instituciones publicas, por los diversos aportes que haga gracias a la lectura de los principales fenómenos que distinguen a la región.","1.- BIODIVERSIDAD
2.- DESARROLLO SOCIAL Y CULTURA EN CONTEXTOS LOCALES
3.- DESARROLLO SOSTENIBLE
4.- INSTITUCIONES SOCIALES, POLÍTICAS PÚBLICAS Y BUEN VIVIR EN CONTEXTOS LOCALES
5.- SOCIEDAD, CONFLICTO SOCIAL Y POST CONFLICTO EN CONTEXTOS LOCALES",https://scienti.minciencias.gov.co/gruplac/jsp/visualiza/visualizagr.jsp?nro=00000000024331,"Scienti, consultado 2026-09-25; formación: 2022 - 1",1
G-00000000018897,PEDAGOGÍA Y EDUCACIÓN EN SALUD (PES),00000000018897,,,DORIS MARINA CERCHIARO FERNANDEZ,A,"El grupo de Investigación orienta sus actividades a generar conocimientos y proporcionar información acerca de los estudios de enfermería, contribuyendo a potenciar la docencia con pedagogía y a la formación de estudiantes en el campo de la Investigación científica como semilleros para formar profesionales idóneos e incrementar procesos de calidad en el cuidado de Enfermería.
Propicia espacios de reflexión, debate y análisis crítico sobre los diferentes aspectos del quehacer en Enfermería, fomentando las capacidades y aptitudes propias del trabajo en investigación bajo sólidos fundamentos éticos y compromiso social.","Sensibilizar sobre la importancia de la investigación para el crecimiento y desarrollo tecnológico-científico en el área de la Salud.
Propiciar espacios de discusión y debate sobre diferentes temas relacionados con la realidad y los recursos que nos ofrece la Institución sobre la academia.
Brindar las herramientas básicas que permitan desarrollar el trabajo en investigación entre los estudiantes.
Motivar la vinculación de los estudiantes a los diferentes grupos de investigación del Programa de Enfermería de la Universidad Popular del Cesar.
Fomentar a profesionales de otras disciplinas a integrarse a los grupos de
Investigación del Programa de Enfermería.
Facilitar el mejoramiento pedagógico en los diferentes espacios de aprendizaje.",,"Será un grupo de pensamiento científico sobre el desarrollo en la investigación de Ciencias de la Salud con proyección nacional, también será una fuente de información significativa en los procesos de enfermería. Contribuirá a la expansión del conocimiento y su aplicación en la investigación regional y nacional.","1.- Cuidados de enfermería al niño
2.- Cuidados de enfermería neonatal
3.- Educación Salud, Procesos Pedagógicos y Curriculares
4.- El valor de la vida y la salud y el cuidado de enfermería en el proceso maternal
5.- Formación y fomento del autocuidado
6.- Ética De Los Cuidados Humanizados",https://scienti.minciencias.gov.co/gruplac/jsp/visualiza/visualizagr.jsp?nro=00000000018897,"Scienti, consultado 2026-09-25; formación: 2014 - 11",1
G-00000000002497,GILEHKA,00000000002497,,,Melfi Campo Torres,C,"En la dinámica del rastreo teórico para el estudio de la Relación entre Novela Fundacional Caribe Colombiano, mediados del siglo XIX e historia regional encontramos textos críticos, bases para los estudios futuros, pero no agotan el análisis histórico literario de estas ficciones iniciáticas. La Revisión sobre tradición costeña, las novelas indianista y la síntesis de la historia de la Conquista en Yngermina de Williams, McGRADY, Pineda Botero y Wilmer Vega, son ensayos iluminadores, sin embargo no hay investigación que indague por la génesis de la novela histórica en esta región a partir de la construcción de nación y de identidad, manifiestas en la novelística que legitime la coexistencia de varias etnias y culturas que llegaron a América y cómo desde el discurso científico del siglo XIX presente en Yngermina ha sido antecedentes para la novela histórica plena. La investigación de Doris Sommer, quien analiza algunos textos narrativos, escritos entre mediados del siglo XIX y primeras décadas del XX que apoyaron la carga ideológica para establecer símbolos de Nación en Latinoamérica. Los estudios que ha hecho la Universidad del Atlántico sobre la narrativa y poesía como también, la literatura popular y oral, así mismo las Investigaciones que dejó en vida Jairo Mercado Romero. Estos trabajos relacionan la historia, la cultura popular y la literatura. Este último punto tendrá en cuenta los aportes de la teoría de la novela de Aguiar , Bajtin, Novela histórica de McGRADY, Williams, Pineda Botero. La Intertextualidad de Gérard; funciones del lenguaje de Roman Jakobson; el concepto de lenguaje literario de Octavio Paz y de Lafforgue; las formaciones ideológicas en el texto literario de Edmond Cross que permitan comprender y explicar la visión de mundo como elemento constitutivo de la conciencia colectiva. y Los conceptos de campo, posición y habitus de Bourdieu que permita aproximarnos al análisis del campo literario de la novela del caribe colombiano.","1. Desarrollar estudios y análisis literarios a la luz de las herramientas teóricas e investigativas actuales y coherentes para la valoración crítica de la producción literaria y del conocimiento sociocultural del Cesar, del Caribe colombiano, de Hispanoamérica y del resto del mundo.
2. Establecer las poéticas conscientes o inconscientes que alientan las obras de géneros como el lírico, narrativo producidos en el Caribe hispánico y no hispánico.
3. Comprender la relación entre la literatura del Caribe hispánico y no hispánico.
4. Estudiar, desde el punto de vista histórico-crítico, el origen, desarrollo, evolución y proyecciones de la literatura caribe colombiana.
5. Aportar al estudio y comprensión de los elementos configuradores de la identidad socio-cultural de las mujeres y hombres del Caribe en general, a partir de las características literarias de sus creadores y de los distintos géneros literarios.
6. Producir artículos, memorias de eventos y ediciones críticas sobre la literatura del Caribe para establecer vasos comunicantes con otras literaturas de otras latitudes.",,"El grupo de Investigación GILEHKA le apuesta a la investigación sobre la literatura del Cesar, del Gran Caribe, de Hispanoamérica y del mundo para entrar al diálogo con otros grupos de investigación y comunidades en general de otras latitudes y así cualificar el ejercicio docente y la formación de los estudiantes de la Universidad Popular del Cesar desde los semilleros que lidera.","1.- Estudios críticos y estudios culturales
2.- Formación, investigación y creación literaria
3.- La poesía del Cesar
4.- Lenguaje, pedagogía y contextos socioculturales
5.- Lingüística e Interculturalidad
6.- Literatura Hispanoamericana y del Caribe
7.- Literatura del Caribe colombiano
8.- Narrativa del Cesar",https://scienti.minciencias.gov.co/gruplac/jsp/visualiza/visualizagr.jsp?nro=00000000002497,"Scienti, consultado 2026-09-25; formación: 2003 - 1",1
G-00000000017409,DSP-ASIC BUILDER GROUP,00000000017409,,,Luisa Salazar Gil,C,"El Grupo DSP-ASIC Builder Group ha enfocado sus esfuerzos en el desarrollo de proyectos de Bioingeniería, Procesamiento de Señales e imágenes, diseño de Hardware y en el sector energía reconfigurable con el objeto de impulsar la investigación en estas áreas que ofrecen soluciones a necesidades sentidas de la sociedad.
El procesamiento de señales e imágenes es un área dinámica que ofrece soluciones innovadoras en campos como la rehabilitación de pacientes con movilidad reducida, el reconocimiento de patrones en imágenes, el desarrollo de herramientas que contribuyan al mejoramiento del aprendizaje en el área de la salud y en general productos que faciliten el acceso a los servicios médicos, el diagnostico y la prevención de las enfermedades.
Igualmente, el desarrollo de prototipos que contribuyan a fortalecer las áreas de de Biotecnología para la producción de bioproductos aplicados al agro.
El desarrollo de la linea Energía en sintonía con las metas propuestas por Colombia horizonte 2030.","Objetivo General
Contribuir al desarrollo de la ciencia en los campos de las líneas de investigación a través de los proyectos de investigación y la implementación de soluciones a problemas específicos para el mejoramiento de la calidad de vida de nuestra sociedad.
Objetivos específicos
Proponer soluciones a problemas particulares en las diferentes áreas que comprenden las líneas de investigación.
Generar productos de innovación a partir de los trabajos de grado derivados de los proyectos del grupo.
Fortalecer las líneas de investigación mediante la realización de proyectos de investigación.
Formar jóvenes con espíritu investigativo a partir de los semilleros de investigación.
Participar en eventos de apropiación social y circulación del conocimiento.
Ofrecer a la comunidad académica y el sector empresarial asesoría en temas relacionados con las líneas de investigación del grupo.
Mejorar periódicamente la calidad y resultados de los productos de investigación que conlleven a una clasificación superior del grupo ante el sistema nacional de ciencia y tecnología.",,"Que el Grupo de Investigación DSP-ASIC BUILDER GROUP al 2022 se consolide como un grupo categorizado en sus líneas de investigación. Caracterizándose por el mejoramiento continuo y crecimiento de sus integrantes, generando conocimientos nuevos en búsqueda de la excelencia.","1.- Automatización y Control de Proceso
2.- Bioingenieria
3.- Energía
4.- Inteligencia Artificial
5.- Microelectrónica
6.- Procesamiento de Señales",https://scienti.minciencias.gov.co/gruplac/jsp/visualiza/visualizagr.jsp?nro=00000000017409,"Scienti, consultado 2026-09-25; formación: 2014 - 6",1
G-00000000018931,CEGOSA Cuidado de Enfermería y Gestión en Organizaciones y Servicios de Salud,00000000018931,,,FABIO HERNANDO CORTES ESCALANTE,C,"El proyecto Percepción de los estudiantes del programa de Enfermería de la Universidad Popular del Cesar sobre la supervisión docente de las prácticas formativas, actualmente se encuentra finalizado y en el proceso de socialización y divulgación de sus resultados.
Posteriormente se presentará el informe final a la Vicerrectoría de Investigación con la entrega de los productos, constituidos por: Elaboración de artículos en revistas indexadas y preparación de ponencias en eventos académicos del orden regional, nacional e internacional. Además, se solicitará para la elaboración de un libro, la evaluación de pares externos.","1. Identificar las necesidades de investigación del sector salud y de Enfermería
en la región, para el desarrollo de proyectos de investigación que conduzcan a
la solución de las necesidades detectadas.
2. Fortalecer las líneas de investigación.
3. Generar productos de investigación con impacto en la región
4. Asesorar a la comunidad académica y el sector salud, en las líneas del trabajo
del grupo.
5. Fomentar la cultura investigativa en el programa de Enfermería
6. Generar propuestas curriculares al Programa de Enfermería
7. Buscar apoyo por parte de la institución, para la consecución de espacios y
tiempo para investigar.
8. Documentar debidamente cada plan y resultado de investigación.
9. Divulgar a la comunidad académica los planes y resultados de investigación
10.Consolidar la conformación de Semillero de Investigación de acuerdo con las
líneas de investigación
11.Desarrollar Proyectos de Investigación sobre temáticas relacionadas con la
humanización, ética y bioética; gestión de Enfermería; políticas de SGSSS
y la participación de Enfermería",,"En el año 2025, CEGOSA, será un grupo de investigación reconocido y categorizado (A) en el Sistema Nacional de Ciencia y Tecnología, con generación de proyectos de investigación en el sector Salud y en Enfermería, con impacto en la comunidad académica, científica y en el sector salud de la región; que contribuya a la solución de problemas en el ámbito de la salud y de Enfermería; fomentando una gestión del cuidado y de los servicios de Enfermería, con calidad, ética y humanización. El grupo CEGOSA, se sustenta en una cultura de investigación, la cual se demostrará a través de eventos de carácter regional, nacional, publicaciones en los niveles nacional e internacional y cursos de actualización en las líneas de investigación.","1.- GESTIÓN COMO PROCESO ORIENTADO A LA CALIDAD DEL CUIDADO, A ORGANIZACIONES Y SERVICIOS DE SALUD
2.- HUMANIZACIÓN, ÉTICA Y BIOÉTICA EN LA GESTIÓN DEL CUIDADO DE ENFERMERIA Y EN LOS PROCESOS GERENCIALES DE LAS ORGANIZACIONES Y SERVICIOS DE SALUD
3.- POLÍTICAS DEL SISTEMA GENERAL DE SEGURIDAD SOCIAL EN SALUD (SGSSS) Y SU INFLUENCIA EN LA PRÁCTICA Y GESTIÓN DEL CUIDADO
4.- PROCESOS ESTRATÉGICOS ORIENTADOS A LA CALIDAD DE LAS ORGANIZACIONES Y SERVICIOS DE SALUD",https://scienti.minciencias.gov.co/gruplac/jsp/visualiza/visualizagr.jsp?nro=00000000018931,"Scienti, consultado 2026-09-25; formación: 2014 - 11",1
G-00000000022105,CENTRO DE INVESTIGACIÓN MUSICAL DEL CESAR,00000000022105,,,Víctor Alfonso Gómez López,C,,,,Líneas de investigación declaradas por el grupo,"1.- Música, Pedagogía y Cultura
2.- Tecnología y producción musical",https://scienti.minciencias.gov.co/gruplac/jsp/visualiza/visualizagr.jsp?nro=00000000022105,"Scienti, consultado 2026-09-25; formación: 2020 - 1",1
G-00000000003161,Grupo de Optimización Agroindustrial,00000000003161,,,Jader Dario Alean Valle,B,"El grupo de investigación Optimización Agroindustrial (GOA) creado en el año 2002, en la Facultad de Ingenierías y tecnológicas de la Universidad Popular del Cesar, categorizado en Colciencias con el código COL0048741 y reconocido en convocatoria 2012, desarrolla líneas de investigación en fisiología y tecnología poscosecha, aprovechamiento industrial de biomasa disponible, control automático y simulación de procesos, control de calidad de la producción y diseño y construcción de equipos agroindustriales. Dentro de sus miembros cuenta con un doctor en ingeniería de la Universidad Pontificia Bolivariana y tres estudiantes en octavo semestre de doctorado en ingeniería en la Universidad de Antioquía (dos ingenieros químicos y un ingeniero de sistemas); un máster en educación, un máster y estudiante de doctorado en la universidad Urbe en Venezuela (ingeniero de sistemas), un estudiante de maestría en ciencias ambientales (ingeniero agroindustrial), un ingeniero agroindustrial como joven investigador Colciencias, profesionales y estudiantes de pregrado de los diferentes programas de la facultad de ingeniería (agroindustrial, ambiental, sistemas y electrónica). Sus integrantes han participado en eventos nacionales e internacionales e igualmente con publicaciones en las diferentes líneas de investigación.VerGruplac en http://201.234.78.173:8080/gruplac/jsp/visualiza/visualizagr.jsp?nro=00000000003161
El Grupo de Optimización Agroindustrial ha desarrollado trabajos de investigación tendientes a conocer las características y el aprovechamiento integral de diferentes especies vegetales como aguacate, lúcuma arguacuense, tomate, maracuyá, caña de azúcar, Jacinto de agua, et y jatropha etc., a través de estudiantes de pregrado con investigadores del grupo; además se están desarrollando trabajos con el mango vallenato y la naranja valenciana tendientes a conocer las características y el aprovechamiento integral en la extracción de aceite esencial, optimización de pectinas,","1. aumentar la formación de recurso humano de alto nivel
2. desarrollar estrategias para aumentar el número de proyectos
3. aumentar la presencia de estudiantes de pregrado y posgrado
4. desarrollar la especialización en ingeneiria de procesos
5. elevar el nivel de participación y alianzas con el sector productivo
6. propiciar el intercambio de estudiantes en pasantias y proyectos de inevstigación",,"en los proximso 10 años, ser el grupo mas reconocido a nivel regional en la ingenieria de procesos agroindustriales y su optimización","1.- Aprovechamiento industrial de la biomasa disponible
2.- CONTROL AUTOMATICO Y SIMULACIÓN DE PROCESOS
3.- Control de Calidad de la producción
4.- Diseño y Construcción de Equipos Agroindustriales.
5.- Fisiología y Tecnología Postcosecha",https://scienti.minciencias.gov.co/gruplac/jsp/visualiza/visualizagr.jsp?nro=00000000003161,"Scienti, consultado 2026-09-25; formación: 2002 - 1",1
G-00000000003202,FACEUPC,00000000003202,,,YIMY GORDON HERNANDEZ,A,"El grupo nace a raiz de las diferentes convocatorias para presentacion de proyectos de investigacion por parte del centro de investigaciones de la universidad popular del cesar, donde se esta incentivando a la realizacion de practicas investigativas que involucren a los diferentes docentes y estudiantes a traves de la conformacion de los semilleros de investigacion que culminen con los proyectos de grado y publicaciones internacionales.","OBJETIVO GENERAL
Realizar procesos de investigacion que conduzcan a la identificacion de situaciones y fenomenos presentados en la comunidad, como factor primordial para la solucion de problemas economicos, sociales y ambientales que en ella se desarrollen.
OBJETIVOS ESPECIFICOS
1. Desarrollar etapas de preparacion para la realizacion de un adecuado proceso de investigacion.
2. Detectar causas de problemas economicos, sociales y ambientales que aquejen el bienestar de la comunidad.
3. Propender por el desarrollo economico, social y ambiental de la region.
4. Generar estrategias de solucion a problemas socioeconomicos y ambientales de la region aplicando proyectos de sensibilizacion dirigidas a la comunidad.",,"El grupo de investigacion FACEUPC, prevee en el mediano plazo sensibilizar a la comunidad academica de la Facultad de Ciencias Administrativas, Contables y Economicas, para que se realice en ella investigacion aplicada y se genere nuevo conocimiento que oriente a todos los involucrados en el proceso de enseñanza aprendizaje y se traduzca en actividades que lleven al mejoramiento de la calidad de vida de su entorno.","1.- COMERCIO EXTERIOR AGROALIMENTARIO Y SEGURIDAD ALIMENTARIA.
2.- COMERCIO INTERNACIONAL Y DINÁMICAS GEOPOLÍTICAS
3.- DISTRIBUCIÓN FÍSICA INTERNACIONAL DESDE UNA PERSPECTIVA DE GESTIÓN
4.- ESTRATEGIAS EMPRESARIALES
5.- ESTUDIOS SOBRE LOS FENÓMENOS SOCIALES Y SUS IMPLICACIONES EN LA CALIDAD DE VIDA
6.- GESTIÓN FINANCIERA INTERNACIONAL
7.- MERCADOS Y CONSUMIDORES TRANSFRONTERIZOS
8.- REGULACIÓN ECONÓMICA Y MOVILIDAD INTERNACIONAL DE FACTORES.
9.- TENDENCIAS EN LOS MERCADOS INTERNACIONALES",https://scienti.minciencias.gov.co/gruplac/jsp/visualiza/visualizagr.jsp?nro=00000000003202,"Scienti, consultado 2026-09-25; formación: 2003 - 8",1
G-00000000017413,GRESBIOCA,00000000017413,,,Jean Carlos Ospino Jimenez,Reconocido,"ESTADO DEL ARTE:
En la región existe una investigación incipiente en el campo de la biodiversidad. Algunos aspectos en el área biológico y ambiental se han desarrollado pero a un nivel informal por instituciones universitarias de la región o entidades públicas administrativas .Algunos estudios formales fueron realizados por universidades fuera del contexto regional cuyos resultados no fueron o no han sido socializado aun con la comunidad local.
También se pretende renovar o construir propuestas pedagógicas que contribuyan al mejoramiento en la educación en la región ya que de acuerdo a los resultados de las pruebas saber de los últimos años, el Corredor Minero, integrado por los municipios de Chiriguaná, El Paso, Becerril y La Jagua, así como el Complejo Cenagoso, del cual hacen parte Tamalameque, La Gloria, Chimichagua y La Gloria, son las localidades donde se intensifican los más bajos puntajes de la región caribe. Por lo tanto la investigación se convierte en una metodología que favorece el desarrollo de la enseñanza y aprendizaje teniendo como intencionalidad generar nuevos conocimientos a partir de la realidad educativa de nuestra cultura.
La región del Cesar ofrece un campo amplio por estudiar y caracterizar, razón por la cual con la creación de este grupo se propone integrar estudiantes y docentes, logrando así la consolidación y oficialización de una actividad colectiva con objetivos comunes, dirigida a la investigación y desarrollo de la capacidad de organización y formulación de propuestas. La creación de este grupo de investigación espera fortalecer los objetivos del departamento de Ciencias naturales y Medio Ambiente de la Universidad Popular del Cesar como un apoyo concreto a los grupos de investigación al interior de la universidad, creando un espacio de presentación, discusión y evaluación de resultados..","1. Analizar la diversidad, distribución, estructura y funcionalidad de especies típicas de la región.
2. Desarrollar investigación en el campo agroambiental enfocado al aprovechamiento de microorganismos como alternativa en el desarrollo sostenible.
3. Investigar y desarrollar biotecnologías aplicadas a la propagación, conservación, recuperación y mejoramiento de recursos naturales.
4. Desarrollar investigación pedagógica como posibilitadora de construcción de conocimiento a partir del contexto de nuestras escuelas y realidad educativa que busca la transformación de prácticas pedagógicas a partir de la reorganización intencional y explicita de relaciones, estructuras y contenidos",,Consolidar el grupo en investigación y generación de información útil para la gestión de sostenibilidad de los recursos NATURALES de la región,"1.- Pedagogía y didáctica
2.- Recursos Naturales Y Ecología",https://scienti.minciencias.gov.co/gruplac/jsp/visualiza/visualizagr.jsp?nro=00000000017413,"Scienti, consultado 2026-09-25; formación: 2014 - 1",1
G-00000000017566,DIDACINNOVACIONCN,00000000017566,,,JIMMY HENRY LOPEZ LOPEZ,C,,"1. Hacer de la función investigativa, una prioridad para la generación .
2. Diseñar, implementar y evaluar programas tendientes a maximización del potencial de aprendizaje.
3. Desarrollar programas de intervención para el desarrollo de los estudiantes y para la evaluación de la atención a las dificultades de los estudiantes",,"Figurar a nivel local, regional y nacional como un grupo excelente, de referencia, que conduzca a la investigación y produzca conocimiento en cualquieras de las líneas de investigación planteadas.",1.- PEDAGOGIA Y DIDÁCTICA,https://scienti.minciencias.gov.co/gruplac/jsp/visualiza/visualizagr.jsp?nro=00000000017566,"Scienti, consultado 2026-09-25; formación: 2014 - 1",1
G-00000000017467,ESTUDIOS SOCIALES EN EL DEPARTAMENTO DEL CESAR,00000000017467,,,Josefina CUELLO DAZA,C,"En los 2019, 2020, 2021 y 2022 las investigaciones del grupo se desarrollaron satisfactoriamente, logrando importantes publicaciones como las relacionadas a continuación:
1.Capítulo de libro VENDEDORES AMBULANTES: REEMPLAZADOS O DESPLAZADOS POR INMIGRANTES DE VENEZUELA EN EL MUNICIPIO DE VALLEDUPAR-2018"" Reflexiones en Torno a Discusiones Sociológicas. En: Colombia ISBN: 978-958-5493-47-6 ed: Universidad Popular del Cesar, v., p.99 - 115 1 ,2020. Por parte del docente: ARIEL BANDERAS MANCERA
2. Capítulo de libro ""INTERPRETAR EL SIGNIFICADO DEL VOTO EN BLANCO EN EL ENTORNO NACIONAL"" Reflexiones en Torno a Discusiones Sociológicas. En: Colombia ISBN: 978-958-5493-47-6 ed: Universidad Popular del Cesar, v., p.43 - 56, 2020. Por parte del docente: ARLET JOSÉ USECHE CÓRDOBA
3. Capítulo de libro ""RETRIBUCIÓN SALARIAL EN LOS TRABAJADORES DE INSTITUCIONES PÚBLICAS DE SALUD EN VALLEDUPAR"" Reflexiones en Torno a Discusiones Sociológicas. En: Colombia ISBN: 978-958-5493-47-6 ed: Universidad Popular del Cesar , v. , p.57 - 77 ,2020. Por parte de la docente: CARMEN CRISTINA CUELLO DAZA.
4. Capítulo de libro ALGUNOS ELEMENTOS TEÓRICOS Y CONCEPTUALES SOBRE LA CRISIS DE LOS PARTIDOS POLÍTICOS TRADICIONALES"" Reflexiones en Torno a Discusiones Sociológicas. En: Colombia ISBN: 978-958-5493-47-6 ed: Universidad Popular del Cesar , v. , p.18 - 42 ,2020. Por parte de la docente: CARMEN CRISTINA CUELLO DAZA.
5. Producción bibliográfica - Libro - Libro resultado de investigación ""TENDENCIAS EN COMUNICACIÓN ESTRATÉGICA EN EL CARIBE COLOMBIANO (1980-2012). ABORDAJES Y RETOS"" En: Colombia 2019. ed: Universidad Sergio Arboleda ISBN: 978-958-5511-11-8. Por parte del docente: EDGAR REY SINNING
6. Producción bibliográfica - Libro - Libro resultado de investigación ELSY PAOLA VILLAZÓN VILLERO, JOSEFINA CUELLO DAZA, ""Conflicto interétnico por el uso, tenencia y permanencia en el territorio entre el pueblo Yukpa y las comunidades campesinas, en la Serranía del Pe","Objetivo General:
Desarrollar investigaciones en el ámbito de la política, la educación, pobreza y desarrollo humano, contrabando, reasentamiento e identidad de género; en el Departamento del Cesar; estudiando los fenómenos y brindando alternativas de solución.
Objetivos Específicos:
* Elaborar un estado del arte sobre temáticas tales como:
- Política y Partidos Políticos.
- Estrategia para Fomentar la Investigación en el aula de clases.
- Pobreza y perfiles Socioeconómicos.
- Comercialización ilegal de la gasolina.
- Reasentamiento por explotación de Minerales.
- Estudios de Identidad de Género.
* Realizar investigaciones sobre las líneas de trabajo presentadas anteriormente.
* Presentar Alternativas de Solución a las problemáticas que generen malestar en la comunidad Cesarense.",,"* En el 2025, aumentar la categoría del grupo de investigación Estudios Sociales en el Departamento del Cesar a ""C"" y consolidarlo como unos de los grupos de trabajo del departamento del Cesar con aportes significativos en la presentación de estrategias de solución en aspectos económicos, sociales, políticos y educativos.","1.- Desarrollo Social y Cultura en Contextos Locales
2.- Instituciones Sociales, Políticas Publicas y Buen Vivir en contextos locales
3.- Sociedad, conflicto Social y Post conflicto en contextos locales",https://scienti.minciencias.gov.co/gruplac/jsp/visualiza/visualizagr.jsp?nro=00000000017467,"Scienti, consultado 2026-09-25; formación: 2014 - 1",1
G-00000000023784,EKONOLAB,00000000023784,,,Dannyra Tatiana Mendoza Cuello,C,"Formular y desarrollar proyectos de investigación en las líneas temáticas definidas por el
grupo, contribuyendo al avance científico y tecnológico en nuestras áreas de interés.
Contribuir en el mediano y largo plazo al diseño de políticas y estrategias que mejoren
los niveles de calidad de vida en la región y el país, mediante investigaciones que aporten
soluciones prácticas y sustentables.
Fortalecer y expandir nuestras líneas de investigación dentro de los ámbitos económicos
y ambientales, promoviendo la excelencia y la innovación.
Contribuir a la formación de profesionales altamente calificados, integrando a
estudiantes de pregrado y posgrado de los diversos programas académicos de la
Universidad Popular del Cesar, para la gestión y desarrollo de investigaciones que aborden
problemáticas relevantes tanto a nivel nacional como internacional fomentando
soluciones creativas y efectivas.
Consolidarnos como un grupo de investigación de excelencia, reconocido por la calidad y
relevancia de nuestras investigaciones, convirtiéndonos en una entidad de referencia para
el análisis y propuesta de políticas y estrategias en nuestra área de especialización, tanto a
nivel regional como nacional.","EKONOLAB se dedica a promover el desarrollo de investigaciones científicas en el ámbito socioeconómico y ambiental, fortaleciendo la formación de habilidades científicas en estudiantes y docentes, y generando impacto en la comunidad. Tiene como propósito investigar, evaluar, diagnosticar y asesorar a empresas y entes públicos para el análisis de comportamientos y fenómenos socioeconómicos a nivel nacional y local, aplicando métodos cuantitativos.",,"Ser al 2030 un grupo de investigación líder en el análisis y diagnóstico de fenómenos socioeconómicos, reconocido a nivel nacional e internacional por su excelencia en la asesoría estratégica a empresas y entidades públicas. Contribuir de manera significativa al desarrollo sostenible y a la competitividad local, regional y nacional, impactando positivamente las dinámicas económicas y sociales mediante soluciones innovadoras y transformadoras.","1.- Análisis Microeconómico, la Estructura de la Empresa y los Mercados
2.- Desarrollo humano, ética y calidad de vida
3.- Economia Internacional
4.- Economía Ambiental, Regionalización y Desarrollo Económico Sostenible
5.- Economía, innovación, competitividad y sostenibilidad",https://scienti.minciencias.gov.co/gruplac/jsp/visualiza/visualizagr.jsp?nro=00000000023784,"Scienti, consultado 2026-09-25; formación: 2022 - 1",1
G-00000000023299,"Grupo de Investigación en Tributación, Ciencias Contables e Información Financiera (TRICOFI)",00000000023299,,,RICARDO JESUS GUERRERO DIAZ,C,"Las diferentes teorías económicas y de los impuestos han tratado de explicar o fundamentar del por qué de la obligación de las personas de contribuir con el Estado. En cuanto a la Teoría de la Relación de Sujeción se fundamenta en el deber que tiene todo ciudadano de contribuir con las cargas impositivas que el Estado le asigna, dada la condición de súbdito o gobernado que posee (Cadavid, Valencia & Cardona, 2008). Se puede decir que la persona debe cumplir con las cargas impositivas sin tener en cuenta los beneficios que éste reciba a través de los servicios sociales inherentes que deba retribuirle el Estado.
Para Andreozzi, en su Teoría de la Necesidad Social sostiene que el estado debe cumplir con las necesidades sociales de sus ciudadanos, para lo cual recurre al cumplimiento del pago de los impuestos que hacen los mismos. Existen para los individuos necesidades físicas: alimentación, vestuario y todas aquellas necesarias para subsistir; y las espirituales: que ayudan a elevar la calidad de vida y que le permita su superación personal. Todas estas necesidades deben satisfacerse y su realización está en manos del Estado con todos los recursos que obtiene en la contribución de las personas que integran la sociedad (Magraña, s.f.).
Así mismo con la adopción de los Marcos técnicos normativos contables y la aplicación de las Normas Internacionales de información financiera (NIIF) y Normas Internacionales de Información Contable, es necesario estar a la vanguardia en su contexto y la aplicación de las empresas de la región y del país. DUR 2420 DE 2015.","OBJETIVO GENERAL
Desarrollar actividades de fortalecimiento de la investigación en temáticas tributarias, de las ciencias contables y de información financiera, que coadyuven a la solución de problemáticas y fortalecimiento en los sectores empresariales, culturales, académicos y de la administración pública, a nivel local y nacional.
OBJETIVOS ESPECÍFICOS
1. Formular proyectos de investigación que estén acordes a las líneas de investigación del programa y las temáticas de estudio definidas en el grupo.
2. Promover la participación y desarrollo de actividades investigativas, por parte de docentes y estudiantes activos, con el fin de crear una cultura investigativa en la Institución.
3. Establecer alianzas o convenios con entidades públicas o privadas, gremios, grupos o centros de investigación, redes de apoyo, para el fortalecimiento y desarrollo de proyectos y trabajos investigativos.
4. Propender por la socialización constante de las diferentes experiencias investigativas llevadas a cabo al interior del grupo.",,"Para el año 2027, el Grupo de Investigación en Tributación, Ciencias Contables e Información Financiera (TRICOFI), será líder en el desarrollo de investigaciones en temáticas tributarias, e las ciencias contables y de información financiera, que propendan a la solución de problemáticas y fortalecimiento en los sectores empresariales, culturales, académicos y de la administración pública, del Sur del Cesar, Sur de Bolívar, Norte de Santander y demás área de influencia.","1.- ESTADO, TERRITORIO Y CULTURA
2.- GESTIÓN DE LA INFORMACIÓN CONTABLE Y FINANCIERA
3.- INTERNACIONALIZACIÓN DE LA INFORMACIÓN FINANCIERA, NO FINANCIERA Y SU ASEGURAMIENTO
4.- LEGISLACIÓN TRIBUTARIA Y POLITICA FISCAL",https://scienti.minciencias.gov.co/gruplac/jsp/visualiza/visualizagr.jsp?nro=00000000023299,"Scienti, consultado 2026-09-25; formación: 2021 - 1",1
G-00000000002093,Grupo de óptica e informática,00000000002093,,,SINDI DAYANA HORTA PIÑERES,A,"PROCESADO DIGITAL DE IMAGENES Y OPTICA FRACCIONAL DE FOURIER
El avance de la investigación en óptica en el país ha sido resultado de la consolidación de la comunidad óptica de Colombia y más concretamente como consecuencia de la formación de investigadores tanto a nivel de Maestría como de Doctorado, lo cual se ha logrado gracias a la articulación de la Red Nacional de Optica y a la organización de los diferentes eventos en los cuales participan cada uno de sus miembros; Es así como en la pasada reunión Iberoamericana de Óptica (RIAO) y Encuentro Latinoamericano de Óptica (OPTILAS) queda como una gran conclusión, que el aporte más relevante en estos temas se corresponde a países como España, México, Argentina, Brasil y comienza a repuntar Colombia pues el informe estadístico mostró un notable crecimiento en este campo de investigación; es por ello que es importante para el desarrollo de la óptica en Colombia continuar en esta dirección.
En particular en la actualidad la comunidad académica internacional trabaja arduamente pretendiendo resolver el interrogante correspondiente al estudio, diseño y montaje de un correlador óptico portatil fraccional tipo Vander Lugt para trabajar imágenes que permita su reconocimiento de manera segura y rápida. La bibliografía consultada muestra la importancia que tiene este tipo de trabajos en el contexto mundial dado el ámbito de aplicación que es el correspondiente a la seguridad; nuestros desarrollos no solo pretenden encontrar aplicabilidad en los sectores de seguridad sino en las aplicaciones genéticas, agroindustriales, de mineria; etc. Nuestro Grupo como tal participará en el desarrollo de filtros de preprocesamiento y en la implementación óptico digital de correladores que utilicen la transformación fraccional de Fourier.
FIBRAS OPTICAS
El trabajo está centrado en el diseño e implementación de sensores basados en fibras que tengan aplicaciones en las telecomunicaciones y algunas aplicaciones industriales.
NANO","Objetivos Generales
Desarrollar nuevos métodos del procesamiento digital de imágenes que permitan la determinación de parámetros asociados a la estimación y caracterización de procesos agroindustriales y de salud de la región; posibilitando, así de esta manera una formación integral e investigativa de estudiantes universitarios de pregrado de la Universidad Popular del Cesar.
Desarrollar e implementar sensores a fibra óptica que tengan aplicaciones en las áreas agroindustriales, mineras de salud y de telecomunicaciones
Sintetizar mediante técnicas verdes nanopartículas encontrando sus principales características ópticas y posibles aplicaciones al sector agroindustrial de la región
Objetivos Específicos
1. Aplicar los diferentes procedimientos del procesado digital de imágenes, el desarrollo de sensores a fibra óptica y la obtención y caracterización de nanomateriales para contribuir a la solución de algunos procesos agroindustriales, mineros y de salud en la región de influencia de la Universidad Popular del Cesar.
2. Establecer alianzas de cooperación con las empresas regional agroindustriales y de salud para el intercambio de recurso humano, técnico y logístico que apoyen el desarrollo de proyectos de investigación tecnológica centrados en el procesado digital de imágenes, el desarrollo de sensores a fibra óptica y las aplicaciones de nanomateriales obtenidos por síntesis verde.
3. Desarrollar e implementar estrategias de integración interdisciplinaria a través de grado actividades de investigación entre los estudiantes de pregrado y posgrado de la Universidad Popular del Cesar.",,"El grupo aspira a convertirse en el grupo líder de investigación en el campo de la óptica, las fibras ópticas, el procesamiento digital de imágenes y la síntesis verde y caracterización óptica de nanomateriales en la costa norte Colombiana; así mismo a ser interlocutor válido ante los grupos de investigación reconocidos tanto nacionales como internacionales, a ser fructífero en publicaciones especializadas, a intercambiar investigadores y estudiantes, a formar profesionales a nivel de Maestría y Doctorado en ciencias Físicas y a servir de consultor de las empresas de la región e las áreas de aplicación de la óptica.","1.- Adquisición, Análisis y Procesamiento de Información Optica-Digital
2.- Análisis y procesamiento de señales e imágenes digitales mediante el uso de circuitos lógicos programables (FPGA) y herramientas matemáticas relacionadas con números enteros.
3.- Fibras Ópticas
4.- Nanobiotecnología Ambiental: Síntesis verde, caracterización y aplicaciones
5.- Optica Fraccional de Fourier
6.- Optoelectrónica
7.- Procesamiento digital de imágenes
8.- Propiedades Ópticas de Materiales
9.- Propiedades ópticas y eléctricas de heteroestructuras para celdas solares.
10.- Sensores ópticos
11.- Síntesis verde y caracterización óptica de nanomateriales
12.- Óptica Cuántica",https://scienti.minciencias.gov.co/gruplac/jsp/visualiza/visualizagr.jsp?nro=00000000002093,"Scienti, consultado 2026-09-25; formación: 2000 - 2",1
G-00000000023799,Grupo de Optoelectrónica y Procesamiento de Señales (OPSE),00000000023799,,,Fabio vega nieto,Reconocido,,,,Líneas de investigación declaradas por el grupo,"1.- Aplicaciones Iot
2.- Electrónica, Optoelectrónica y Ciencias Computacionales.
3.- Procesamiento de Señales
4.- Reconstruccion 3D
5.- Sistemas Embebidos
6.- Transformación del aprendizaje en ciencias básicas de la ingenieria mediante modelos pedagógicos innovadores y tecnologías educativas con enfoque STEAM.",https://scienti.minciencias.gov.co/gruplac/jsp/visualiza/visualizagr.jsp?nro=00000000023799,"Scienti, consultado 2026-09-25; formación: 2023 - 1",1
G-00000000023785,"Tecnología, educación, salud, Instrumentación e inclusión y sociedad TESIS",00000000023785,,,tahania Chona Rodriguez,Reconocido,"El grupo de investigación Tecnología, educación, salud, Instrumentación e inclusión y sociedad TESIS surge como respuesta a la necesidad de un espacio en donde se analicen las problemáticas actuales en la docencia y el sector salud promoviendo además la cualificación docente aportando a los requerimientos de la universidad en cuanto a competencias investigativas para la acreditación.","Ofrecer a través de la investigación soluciones integrales a diferentes problemáticas propias de la salud desde el programa de Instrumentación Quirúrgica.
Promover la competencia investigativa en los docentes miembros del grupo, propiciando además espacios de discusiones frente a las líneas de investigación propuestas.
Apoyar al cumplimiento de la visión del programa en los campos científicos e investigativos que permitan el desarrollo de los lineamientos institucionales a la vanguardia de los avances del sector salud.",,"El grupo de investigación TESIS en el 2028 será reconocido como referente nacional por fortalecer desde la docencia y la investigación los campos de administración, mercadeo, centrales de esterilización, y otras características del perfil de egresado del programa de Instrumentación Quirúrgica y el quehacer docente dentro de la Universidad Popular del Cesar, aportando a su vez soluciones integrales a la problemática del sector salud en el país.","1.- LINEA DE INVESTIGACIÓN BIOTECNOLOGÍA EN SALUD
2.- LINEA DE INVESTIGACIÓN ADMINISTRACIÓN DE LAS ORGANIZACIONES DE SALUD
3.- LINEA DE INVESTIGACIÓN ASEGURAMIENTO DE LA CALIDAD DE SERVICIOS QUIRÚRGICOS Y CENTRALES DE ESTERILIZACIÓN
4.- LINEA DE INVESTIGACIÓN ORIENTACIÓN EN LA EDUCACIÓN, CULTURA Y SOCIEDAD
5.- LINEA DE INVESTIGACIÓN SALUD PÚBLICA",https://scienti.minciencias.gov.co/gruplac/jsp/visualiza/visualizagr.jsp?nro=00000000023785,"Scienti, consultado 2026-09-25; formación: 2020 - 10",1
G-00000000017478,Biotecnología y Genotoxicidad Ambiental - BiotecGen,00000000017478,,,Carmen Julia Pedroza Padilla,C,"El grupo BiotecGen de la Universidad Popular del Cesar, se creó en enero de 2014 bajo el liderazgo del profesor Anderson Ramírez Ayala, que trabaja en la línea de mutagénesis ambiental con la participación de estudiantes del programa de microbiología y ciencias naturales. Actualmente desarrolla trabajos de investigación en la línea de Biotecnología y Bioprospección microbiana. Su evolución y experiencia científica está soportada con publicaciones científicas en revistas indexadas de alto impacto. Mantiene colaboración científica con grupos de investigación nacionales e internacionales y realiza consultorías al sector agrícola y agroindustrial de la región.","BiotecGen tiene como OBJETIVO GENERAL Desarrollar investigación básica y aplicada que aproveche el uso de los recursos microbianos de ambientes naturales en Colombia para contribuir al desarrollo agrícola, agroindustrial, biotecnológico, ambiental y alimentario del pais. OBJETIVOS ESPECÍFICOS: promover la generación de nuevo conocimiento.Fomentar la formación de investigadores en el campo de las ciencias biológicas con énfasis en microorganismos. Contribuir con la solución a los problemas relacionados a la agricultura, agroindustria, ambiente y biomedicina aprovechando estrategias biotecnológicas amigables con el medio ambiente y la biodiversidad.",,"Ser un grupo reconocido por su calidad científica, líder en investigación en el campo de las ciencias biológicas y aprovechamiento de la biodiversidad en Colombia, desarrollador de productos y servicios biotecnológicos innovadores con impacto positivo en el desarrollo sostenible del sector agrícola, industrial, alimentario y ambiental.","1.- Biotecnología y bioprospección microbiana
2.- Mutagénesis Ambiental",https://scienti.minciencias.gov.co/gruplac/jsp/visualiza/visualizagr.jsp?nro=00000000017478,"Scienti, consultado 2026-09-25; formación: 2014 - 1",1
G-00000000001883,POTENCIALIDAD DIALÓGICA,00000000001883,,,Miguel Chajin Florez,B,"Una presentación del recorrido hecho por la Fundación Consultores del talento Humano, en torno al desarrollo de capacidades investigativas y su proyección social puede ser visto en el siguiente enlace https://mchajin.files.wordpress.com/2018/05/presentacion-cth-7-06-2018.pdf","La Escuela de Desarrollo del Talento Humano tiene como objetivo integrar las potencialidades de desarrollo de todos sus actores, que permita superar las situaciones críticas de pobreza, conflicto social, gobernabilidad, sostenibilidad ambiental, calidad de vida y crisis de sentido en América Latina.",,"Para el año 2030 seremos una amplia red latinoamericana de investigadores, mediadores de procesos de desarrollo entre la universidad, la empresa, la sociedad civil y el Estado, de tal forma que empodere la ciencia como factor dinamizador de las transformaciones económicas, políticas, socioculturales y ambientales de América Latina, frente al mundo.","1.- POTENCIALIDADES Y ESTRATEGIAS DE DESARROLLO SOCIOTERRITORIAL( Medio ambiente, empresa y desarrollo)
2.- Potencialidades de desarrollo de la educación, la ciencia y la tecnología
3.- Potencialidades de desarrollo de la salud, la calidad de vida y el talento humano
4.- Potencialidades de desarrollo empresarial (desarrollo organizacional, marketing, emprendimiento e innovación)
5.- Potencialidades de desarrollo familiar, cultural y comunitario",https://scienti.minciencias.gov.co/gruplac/jsp/visualiza/visualizagr.jsp?nro=00000000001883,"Scienti, consultado 2026-09-25; formación: 1994 - 8",1
G-00000000017462,Grupo de investigación de desarrollo social y salud GIDESA,00000000017462,,,LIYIBETH LOZANO GUERRERO,C,"Este grupo reúne integrantes del área de la salud y socio-humanística, creado en el año 2002 con experiencia en investigación, con trayectoria entre 10 y 15 años en la docencia universitaria.
En el área de la salud, el grupo cubre temáticas como Aseguramiento de la Calidad de Servicios Quirúrgicos y Centrales de Esterilización, Proyección Social con Intervención, Acción y Participación a la Comunidad.
La multidisciplinariedad del grupo le permitirá explorar temas relacionados con la problemática actual del sector salud aportando soluciones enfocadas al mejoramiento del mismo","Analizar el comportamiento de los eventos en salud y desarrollo social.
Identificar, priorizar y analizar los factores de riesgo de los eventos de salud y en la sociedad.
Implementación de hábitos y conductas saludables.
Diseñar e implementar modelos de gestión y atención en salud a grupos vulnerables.
Fomentar la participación de docentes y estudiantes en las actividades de investigación propuestas por el grupo, estimulando la conformación de semilleros de investigación.
Participar en redes temáticas y de conocimiento sobre las líneas de investigación propuestas por el grupo.
Propender por el establecimiento de redes y alianzas estratégicas para el desarrollo del grupo.",,"Ser un grupo de investigación en aras de fortalecer los procesos en salud y desarrollo social; siendo reconocidos por nuestros productos, buscando ser generadores de cambio y mejorar la calidad del entorno social basados en la educación continua y los avances tecnológicos en busca de la transformación del conocimiento para crear acciones con alto impacto social en diferentes sectores del ámbito local, regional, nacional e internacional.","1.- CUIDADO DE LA VIDA Y LA SALUD.
2.- DESARROLLO SOCIAL
3.- PROCESOS EDUCATIVOS Y ACADÉMICOS EN SALUD
4.- PROYECCIÓN SOCIAL CON INTERVENCIÓN, ACCIÓN Y PARTICIPACIÓN A LA COMUNIDAD.
5.- SALUD PUBLICA",https://scienti.minciencias.gov.co/gruplac/jsp/visualiza/visualizagr.jsp?nro=00000000017462,"Scienti, consultado 2026-09-25; formación: 2014 - 1",1
G-00000000016815,Grupo de investigación literaria Luis Mizar,00000000016815,,,DIANA VERÓNICA MÉNDEZ SÁNCHEZ,C,"El grupo de investigación literaria Mizar, es un grupo incipiente que busca entrar a solucionar el problema de la falta de estudios sobre las expresiones literarias de escritores cesarenses que permitan establecer la propuesta estética que los autores locales desarrollan a partir del diálogo con las otras expresiones literarias nacionales.
La investigación literaria en la Universidad Popular del Cesar necesita articularse con los estudios sobre música vallenata, lo mismo que con el rescate de las tradiciones orales propias de la región que aún están sin estudiarse, no existe tampoco un registro que dé cuenta del campo de la literatura en el Cesar y la Guajira, por lo que creemos que nuestros trabajos apuntarán a la solución de estas deficiencias.","El objetivo Central de nuestro grupo es desarrollar proyectos de investigación que resuelvan problemas locales teniendo en cuenta nuestra literatura regional y la música vallenata que hoy se muestra como un sistema de interpretación del mundo.
Pretendemos estudiar, diseñar y organizar investigaciones sobre tradición oral.
Estimular la creación literaria como el resultado de investigación",,El grupo de Investigación literaria Mizar será un grupo de investigación reconocido a nivel nacional e internacional por la rigurosidad investigativa y la alta calidad. El trabajo de sus miembros será de trascendencia nacional e internacional y hará aportes significativamente relevantes a los estudios de las literaturas regionales y la música vallenata en los próximos cinco años.,"1.- Crítica literaria
2.- Didáctica de la literatura
3.- Estudios sobre música vallenata
4.- Estética de la cultura Popular
5.- Historiografía literaria
6.- Literatura del Caribe
7.- Literatura y creación
8.- Pedagogías y/o didácticas",https://scienti.minciencias.gov.co/gruplac/jsp/visualiza/visualizagr.jsp?nro=00000000016815,"Scienti, consultado 2026-09-25; formación: 2015 - 7",1
G-00000000011723,Grupo Interdisciplinario de Investigación en Evaluación,00000000011723,,,Arnaldo de Jesús Peralta Castilla,C,"Escritos dos proyectos y presentados en convocatoria
Escrito proyecto observatorio de la calidad de la educación en el Departamento del Cesar
En proceso de desarrollo entre la Universidad Popular del Cesar y la Universidad del Magdalena",Desarrollar investigaciones en el campo evaluativo tanto en la educación superior como en la básica y media contribuyendo con la generación de propuestas tendientes a mejorar la calidad educativa de la ciudad y el Departamento,,"Para el 2015 el Grupo Interdisciplinario de Investigación en Evaluación será reconocido a nivel regional y nacional por los aportes significativos realizados en el área de la evaluación, y el liderazgo en los procesos de transformación educativa articulado a las redes nacionales e internacionales","1.- Calidad de la Educación
2.- Contexto Social del Aprendizaje
3.- Currículo y Nuevas Tecnologías Aplicadas a la Información y Comunicación
4.- Derecho público y Estado social del derecho
5.- Desarrollo curricular y evaluación
6.- Educación Inclusiva e Intercultural
7.- Gestión de la Calidad, Implementación y Sostenibilidad en Organizaciones de Base Tecnológica y Agroindustrial
8.- Interdisciplinariedad de la Pedagogía
9.- LA PEDAGOGÍA
10.- Política tecnológica de apoyo a la innovación y la investigación y desarrollo",https://scienti.minciencias.gov.co/gruplac/jsp/visualiza/visualizagr.jsp?nro=00000000011723,"Scienti, consultado 2026-09-25; formación: 2008 - 8",1
G-00000000023768,POLITES (Grupo de investigación socio-jurídico del programa de Derecho UPC),00000000023768,,,cindy lorena toloza gamarra,C,"El grupo de investigación POLITES se ha consolidado como un referente en el estudio de las interacciones entre la política, la tecnología y la innovación social. Su enfoque multidisciplinario abarca una variedad de áreas, entre las que se incluyen la sociología, las ciencias políticas, la economía, la ingeniería, la ciencia de datos y la ética, con el objetivo de comprender cómo las tecnologías emergentes pueden transformar las estructuras sociales y políticas. A través de sus investigaciones, POLITES busca aportar soluciones innovadoras a problemas sociales y políticos, así como desarrollar propuestas que contribuyan al bienestar de las comunidades mediante el uso de la tecnología.
A lo largo de su trayectoria, el grupo ha demostrado un compromiso con la creación de conocimiento académico de alto impacto, explorando temas como la gobernanza digital, la innovación social y las políticas tecnológicas. Esta labor ha permitido a POLITES posicionarse como un grupo consolidado que no solo genera conocimiento, sino que también participa activamente en la solución de problemas actuales mediante proyectos colaborativos y la difusión de sus resultados en el ámbito científico.
Marco Teórico y Fundamentos
El trabajo del grupo se fundamenta en diversas teorías y enfoques que buscan integrar la política, la tecnología y la innovación social de manera crítica. Entre las teorías clave que orientan las investigaciones del grupo, se encuentran la teoría de la innovación social, la teoría de la gobernanza digital y los estudios sobre política de innovación y desarrollo económico. Estas teorías proporcionan el marco necesario para comprender cómo la tecnología puede ser utilizada para generar cambios sociales positivos y cómo las políticas públicas pueden favorecer el desarrollo de tecnologías innovadoras que impulsen el crecimiento económico y el bienestar social.
La innovación social se considera un componente fundamental en los estudios del grupo, ya que está orientada a","Objetivo General:
Generar conocimiento y propuestas innovadoras que contribuyan al desarrollo de soluciones sostenibles y equitativas, mediante la investigación interdisciplinaria sobre la interacción entre la política, la tecnología y la innovación social, con el fin de mejorar las condiciones sociales, económicas y políticas en contextos locales y globales.
Objetivos Específicos:
Fomentar la investigación interdisciplinaria sobre la interacción entre política, tecnología e innovación social.
Desarrollar estudios que exploren el impacto de las tecnologías emergentes, como la inteligencia artificial, la biotecnología y las TIC, sobre las estructuras políticas, sociales y económicas.
Promover investigaciones que integren enfoques de ciencias políticas, ingeniería, sociología, y ciencias sociales para abordar los desafíos contemporáneos.
Analizar y proponer políticas públicas para el fomento de la innovación tecnológica.
Evaluar el impacto de las políticas públicas en el desarrollo de tecnologías innovadoras en diferentes contextos, especialmente en países en vías de desarrollo.
Proponer modelos de políticas públicas que favorezcan la investigación, el desarrollo (I+D) y la creación de entornos propicios para la innovación tecnológica sostenible.
Investigar la gobernanza digital y su influencia en las políticas públicas y la participación ciudadana.
Analizar cómo las tecnologías digitales transforman la toma de decisiones gubernamentales y la gestión pública.
Explorar el potencial de las plataformas digitales para mejorar la transparencia y la participación ciudadana en los procesos políticos.
Desarrollar soluciones innovadoras a través de la innovación social para resolver problemas sociales y ambientales.
Promover proyectos de innovación social que utilicen la tecnología para mejorar la calidad de vida de comunidades vulnerables, priorizando la sostenibilidad y la justicia social.
Proponer nuevas formas de colaboración entre s",,"La visión del grupo de investigación POLITES es convertirse en un referente internacional en la producción de conocimiento interdisciplinario sobre la interacción entre la política, la tecnología y la innovación social, impulsando soluciones innovadoras que favorezcan el desarrollo sostenible, la equidad social y la mejora de la gobernanza global. A través de la investigación aplicada y la creación de políticas públicas efectivas, POLITES busca contribuir a la construcción de sociedades más justas, inclusivas y resilientes, en las que las tecnologías emergentes se utilicen de manera ética y responsable para resolver los desafíos sociales, económicos y ambientales del siglo XXI.","1.- Derecho Laboral y Seguridad Social en el Contexto de la Globalización e Internacionalización de la Economía.
2.- Derecho Penal, Criminología, Política Criminal y Seguridad Pública
3.- Derecho Público y Estado Social de Derecho
4.- Globalización y Nuevo Derecho",https://scienti.minciencias.gov.co/gruplac/jsp/visualiza/visualizagr.jsp?nro=00000000023768,"Scienti, consultado 2026-09-25; formación: 2019 - 1",1
G-00000000002521,Grupo de Energías Ambiente y Biotecnología (GEAB),00000000002521,,,Luis Carlos DÍAZ MUEGUE,C,"La demanda de energía está estrechamente relacionada con el crecimiento económico y los estándares de vida. Actualmente la demanda mundial de energía está incrementándose en un promedio de aproximadamente 2% anual. Se anticipa que este incremento ha de continuar, y por tanto, el consumo de energía será el doble de 1995 en el 2030 y el triple en el 2050. Aunque actualmente la industria del carbón es más limpia, eficiente y con mayor conciencia ambiental, continúa la lucha para dejar la falsa imagen que viene del pasado. El carbón carga el estigma injustificable de ser un combustible sucio, contaminante, al recordar las nubes de humo negro de las chimeneas. En la medida que a medio y largo plazo el desarrollo tecnológico proporcione productos con costos más competitivos, se irá trabajando en aplicaciones con generación masiva de energía. En algunos casos, como el de la generación eólica, esta posibilidad se está haciendo realidad a corto plazo. Las posibles fuentes son varias, pudiendo citar algunas de las más relevantes: Energía solar, Energía a partir de combustibles fósiles, Energía eólica, Bioenergía, Energía microhidráulica, Energía geotérmica y otras. Las posibilidades de ir agregando otras fuentes dependerán de las disponibilidades de recursos para mantener el funcionamiento de nuevas Redes Temáticas y Proyectos de Investigación. Se espera que a medio plazo se integren en forma explícita temas como el de ahorro energético y microhidráulica. El objetivo para biocombustibles es aprovechar dos de las más importantes ventajas derivadas del uso de estas energías: su renovabilidad y la baja contaminación que producen. El incremento en los estudios de estas fuentes comenzó a darse a principios de la década del 70 con la primera crisis del petróleo y la actividad se centró en la posibilidad de generar recursos renovables.","Generar nuevos conocimientos científicos y tecnológicos mediante investigación aplicada en las áreas de energías alternativas, biomasa, diseño y construcción de equipos, procesos de producción limpia y gestión energética.
Despertar y estructurar el espíritu investigativo de la comunidad académica del a Facultad de Ingenierías de la Universidad Popular del Cesar, para que con su trabajo contribuya al desarrollo académico, científico, social y económico del a región.
Divulgar los resultados de las investigaciones realizadas por el Grupo por medio de publicaciones, conferencias, presentaciones, seminarios, entre otros medios de divulgación.
Brindar asesoría especializada a las empresas de la región en diseño y construcción de equipos, desarrollo de procesos de producción limpia y gestión energética.
Establecer vínculos con grupos de investigación afines nacionales e internacionales para el desarrollo de proyectos conjuntos y fortalecimiento mutuo.
Gestionar la formación a nivel de postgrados de los miembros del Grupo en las áreas de actuación que este maneja o relacionadas.
Fomentar la explotación transformación y uso racional del recurso renovable y no renovable, respetando el ecosistema y los postulados del Desarrollo Sostenible.
Incrementar el acervo de información en la región acerca de sus recursos y su explotación; abrir canales de comunicación entre los sectores científicos y empresarios.
Apoyar el desarrollo de acciones interdisciplinarias (botáni-cos, agrónomos, químicos, ingenieros ambientales, electrónicos y de sistemas) que conduzcan a resultados pasibles de aplicación industrial.
Desarrollar Catalizadores y Adsorbentes para mejorar el medio ambiente y la calidad de vida, mediante tecnologías correctivas, preventivas y de alto valor agregado.
Facilitar el Desarrollo de Tecnologías de Ingeniería del software y potenciar su transferencia a los sectores industriales y de servicios.",,"El Grupo de Energías Alternativas y Biomasa -GEAB-, será líder en los procesos de investigación, transferencia y adopción de tecnología en el sector minero-energético y ambiental; modernizando los aspectos esenciales de productividad y calidad, incrementando la masa critica de expertos y la participación en generación de nuevos conocimiento, infraestructura adecuada para la generación de conocimiento e innovación aplicable al sector; explorando e identificando las potencialidades de los recursos naturales y del medio ambiente bajo la filosofía de la competitividad, sostenibilidad y equidad.","1.- BIOCOMBUSTIBLES
2.- BIOTECNOLOGIA
3.- DISEÑO INDUSTRIAL Y PLANTA PILOTO
4.- EFLUENTES GASEOSOS Y EMISIONES A LA ATMOSFERA
5.- GESTION AMBIENTAL Y ENERGETICA
6.- NUEVOS MATERIALES ADSORBENTES Y CATALITICOS
7.- RECURSOS NATURALES y ENERGETICOS",https://scienti.minciencias.gov.co/gruplac/jsp/visualiza/visualizagr.jsp?nro=00000000002521,"Scienti, consultado 2026-09-25; formación: 2003 - 3",1
G-00000000005792,DESAFIO BIOMEDICO Y BIOTECNOLOGICO (DESBIOTEC),00000000005792,,,Arley denisse vega ochoa,B,"El grupo nace de la necesidad de consolidar conocimientos en el área de las ciencias básicas biomédicas priorizando los problemas en salud pública de la población humana en general y con el desarrollo de biotecnología para el mejoramiento de la calidad de vida de la comunidad.
Procesos:
1. Convocatoria De Docentes Y Estudiantes Que Cumplan Con Un Perfil De Investigación Especifico Y Acorde A Los Objetivos Del Grupo.
2. Reuniones Permanente Con Los Docentes Y Estudiantes Escogidos Por Convocatoria, Según Condiciones Y Exigencias Del Grupo.
3. Consolidación Del Grupo De Investigación Ante La Universidad O Ente Académico.
4. Desarrollo De Actividades Y Cronograma Del Mismo.
5. Publicación De Resultados","OBJETIVOS GENERALES
1. Propender por el desarrollo intelectual, académico y científico de los investigadores y coinvestigadores del grupo.
2. Desarrollar productos de una alta calidad técnica y científica en la publicación de revistas indexadas de nivel nacional e internacional y el desarrollo de procesos de nuevas patentes.
3. Desarrollar seminarios y simposios de capacitación científica y técnica que propendan por el desarrollo de la región y del país con la formación de nuevos investigadores.
4. Asistir a cursos nacionales e internacionales para el mejoramiento del grupo de investigación en concordancia con la misión y visión del grupo.
5. Participar de las diferentes convocatorias de Colciencias y demás organismos gubernamentales y no gubernamentales para el financiamiento de los diferentes proyectos de investigación.
Objetivos Específicos
1. Diseñar proyectos que den respuesta a los principales problemas de salud de la población humana.
2. Plantear estrategias de intervención basados en planes estratégicos de resultados de procesos de investigación con impacto en la educación superior de la región y del pais.
3. Analisis de lectura y procesamiento de ADN.
4. Asesoramiento y gestión de proyectos de I+D en las ciencias biomédicas.
5. Desarrollo de herramientas para mejorar la expresión, detección y modelamiento de moléculas.
6. Diseño y desarrollo para diagnóstico molecular de procesos patológicos y comporta mentales del individuo en sociedad.
7. Análisis de expresión génica. Utilizando la bioinformática como herramienta.
8. Trazado de marcadores de susceptibilidad genética en la población colombiana relacionada con procesos patológicos.
9. Satisfacer aquellas necesidades analíticas de las empresas del sector agroindustrial, que únicamente pueda cubrirse mediante el análisis de ADN de los microorganismos, virus y células humanas o animales, etc.",,"Grupo líder en el desarrollo de productos biotecnológicos y servicios de asesoramiento y formulación de proyectos en los campos de la ciencias biomédicas y la salud publica en Colombia que permitan avanzar en el conocimiento, diagnostico, identificación y tratamientos de patologías así como identificación e intervención de problemas sociales.","1.- BIOETICA Y BIOMEDICINA
2.- CUIDADO DE LA VIDA Y LA SALUD CON IMPACTO AMBIENTAL Y SOCIAL
3.- EPIDEMIOLOGIA Y SALUD PUBLICA
4.- INMUNOBIOINFORMATICA Y DESARROLLO BIOMEDICO",https://scienti.minciencias.gov.co/gruplac/jsp/visualiza/visualizagr.jsp?nro=00000000005792,"Scienti, consultado 2026-09-25; formación: 2006 - 1",1
G-00000000015173,GINTICS,00000000015173,,,Giovanni Bracho Tovar,C,"En las últimas décadas diversas entidades públicas en Colombia han aumentado sus esfuerzos por fortalecer la ciencia, tecnología e innovación en el país usando como medio para tal fin la investigación, actividad humana dedicada a la construcción de conocimientos que permiten la solución de problemas y ayudan a acelerar el crecimiento económico y desarrollo productivo, humano y social del país.
A pesar que la legislación actual (Ley 29 de 1991 de ciencia y tecnología) apoya el fortalecimiento y consolidación de grupos de investigación, existen diferencias sustanciales en la actividad investigativa que se desarrolla entre las regiones del territorio colombiano donde las estadísticas sobre los grupos y proyectos de investigación básica y aplicada son favorables e incluso prometedoras, como es el caso de la Región Andina que concentra las universidades y centros de investigación de mayor relevancia; pero en la región Caribe y en especial en el departamento del Cesar no se observa un cambio que pueda considerarse alentador en el tema de investigación.","1.Formular y desarrollar proyectos de investigación, innovación y base tecnológica en el área industrial, agrícola y comercio para la solución de problemas de la región y el país.
2. Aplicar nuevas tecnologías a la ejecución de proyectos con componentes de innovación en áreas como: control, automatización, telecomunicaciones y sistemas embebidos. Desarrollar protocolos de comunicación para dispositivos embebidos.
4. Desarrollar proyectos orientados a resolver problemas en el sector Agro industrial, Biomédico, Electronica de Consumo, Servicios y redes de Datos utilizando las tecnologías de información y la comunicación.
7. Desarrollar transferencia tecnológica de investigación aplicada al sector productivo de la región.
8. Publicar los resultados de las investigaciones del grupo en revistas indexadas y eventos científicos.
9. Diseñar y desarrollar propuestas investigativas utilizando Redes de telecomunicaciones, IoT, Sensores Inalámbricos y el procesamiento de imágenes en los diferentes sectores productivos de la Región y el País; para la generación de nuevo conocimiento.",,"En el año 2025 el grupo de investigación GINTICS tiene como meta ser un grupo líder en la formación de investigadores y desarrollo de propuestas investigativas en las áreas de Electrónica, Telecomunicaciones, tecnologías de la información y el procesamiento de imágenes en los diferentes sectores productivos de la Región y el País; para la generación de nuevo conocimiento y la divulgación del mismo.","1.- Procesamiento de imágenes
2.- Tecnologías de la información y comunicaciones TIC´s
3.- Telemática, redes y comunicaciones",https://scienti.minciencias.gov.co/gruplac/jsp/visualiza/visualizagr.jsp?nro=00000000015173,"Scienti, consultado 2026-09-25; formación: 2014 - 2",1
G-00000000014398,CÁTEDRA CARRILLO LUQUEZ,00000000014398,,,Simón Martínez Ubarnez,Reconocido,"El grupo de investigación Cátedra Carrillo nace inicialmente inicialmente como un grupo de reflexión y estudio, conformado por estudiantes universitarios de facultades de derecho de la ciudad de Valledupar. En desarrollo de su fase inicial organizó varios eventos académicos con invitados locales, nacionales e internacionales, los cuales le dieron una dinámica nueva al ambiente académico.
Al comenzar 2013 la decisión de convertir al grupo en grupo de investigación, reorientó la dinámica hacia la actividad investigativa comenzó a organizar como un evento institucional el COLOQUIO REGIONAL DE FILOSOFÍA DEL DERECHO, QUE se ha realizado en los dos años anteriores, con participación de estudiantes de las carreras jurídicas, sociales y administrativas de la región y participación de catedráticos de las ciudades de Barranquilla, Santa Marta y Sincelejo.
En 2015, el coloquio no se realizará, debido a que el grupo tiene la responsabilidad de organizar, con la ASOCIACIÓN COLOMBIANA DE FILOSOFÍA DEL DERECHO Y FILOSOFÍA SOCIAL, el XIV Congreso Nacional de Filosofía del Derecho y Filosofía Social.
En 2014, diez integrantes del grupo fueron ponentes en las mesas de trabajo del XIII congreso nacional, realizado en la ciudad de Montería.
El grupo continúa su dinámica y espera tener el reconocimiento de las tres entidades universitarias de la ciudad, con las cuales se mantiene estrecha relación y vínculos, como son, la Universidad Popular del Cesar, la Escuela Superior de Administración Pública, Cetap Valledupar y la Fundación Universitaria del Área Andina.","GENERAl:
¿ Conformar en el ambiente universitario un tanque de pensamiento que con visión académica contribuya a generar un ambiente intelectual para la construcción de pensamiento propio, en el marco del debate civilizado, el respeto, la tolerancia y el desarrollo de la creatividad propia del estudiante upecista.",,"En 2015 EL GRUPO DE INVESTIGACIÓN CÁTEDRA CARRILLO ha sido acreditado por Colciencias y reconocido en el medio universitario local y regional del Caribe, como una organización académica universitaria generadora de cultura investigativa, con pensamiento y productos propios de una cultura abierta hacia los diálogos de saberes, con las disciplinas científicas y tecnológicas que constituyen la oferta académica universitaria, promoviendo espacios para interdisciplinariedad, construcción de pensamiento universal propio, búsqueda de autonomía intelectual, consolidación de identidad local y regional, contextualizadas en el ambiente mundial de la globalización y la sociedad de la Información y el conocimiento.","1.- FILOSOFÍA POLÍTICA Y DEL DERECHO
2.- POLÍTICA Y CIUDADANÍA
3.- Políticas públicas y gobernabilidad
4.- TERRITORIO Y GOBIERNO",https://scienti.minciencias.gov.co/gruplac/jsp/visualiza/visualizagr.jsp?nro=00000000014398,"Scienti, consultado 2026-09-25; formación: 2013 - 3",1
G-00000000017408,GRUPO DE INVESTIGACIÓN ARGOS,00000000017408,,,CARMEN CECILIA GALVIS NUÑEZ,C,,,,Líneas de investigación declaradas por el grupo,"1.- CALIDAD Y PRODUCTIVIDAD EN LAS ORGANIZACIONES
2.- Cultura, Medio Ambiente y Economía Local
3.- GERENCIA DEL VALOR Y DESARROLLO EMPRESARIAL
4.- GESTIÓN E INNOVACION TURISTICA Y HOTELERA
5.- GESTIÓN ORGANIZACIONAL
6.- Gestión, desarrollo empresarial e innovación
7.- HISTORIA EMPRESARIAL, CULTURAL, POLITICO Y SOCIAL
8.- MERCADEO, ENTORO Y NUEVAS TECNOLOGIAS
9.- ORGANIZACIÓN Y DIRECCION DE EMPRESAS
10.- Planificación territorial en la Gestión Turística y Hotelera
11.- Planificación y Gestión del Turismo
12.- Sociedad, desarrollo humano y equidad",https://scienti.minciencias.gov.co/gruplac/jsp/visualiza/visualizagr.jsp?nro=00000000017408,"Scienti, consultado 2026-09-25; formación: 2014 - 1",1
G-00000000002397,Microbiología agrícola y ambiental,00000000002397,,,Nelson Osvaldo VALERO VALERO,B,"Para Colombia, con base en el diagnóstico realizado para la formulación del plan nacional en bioprospección continental y marina (Melgarejo et al, 2002), se puede decir que hay avances en investigación y generación de desarrollo en microbiología agrícola, ambiental, del suelo, industrial, básica y veterinaria. La mayoría de actividades se han orientado a la producción de bioinsumos agrícolas, borremediación, diagnóstico y aplicaciones en salud animal, vegetal y humana, estudios en ecología microbiana y algunas aplicaciones a nivel industrial.
Como resultado de estas investigaciones, en diferentes instituciones se cuenta con bancos de germoplasma de microorganismos de interés. Hay algunos laboratorios certificados para la realización de análisis microbiológicos y producción de bioinsumos. Existen algunos productos basados en microorganismos: Con respecto a los productos agrobiológicos, varios están posicionados en el mercado y otros se encuentran en proceso de patentes o registros. El desarrollo de productos bitecnológicos está orientado a la solución de necesidades particulares mediante la producción a nivel piloto, principalmente de inoculantes microbianos, bioplaguicidas, biopolímeros y microorganismos de interés en birremediación. A pesar de lo anterior, en el país ha sido difícil el paso de la investigación a la producción con fines comerciales y de manera continua. Pocos grupos enfocan su trabajo de manera específica hacia el objetivo de obtener un producto. La mayoría de la investigación hasta el momento ha sido de carácter básico, a escala de laboratorio, con algunas pruebas llevadas a campo.","GENERAL
Promover y desarrollar investigación básica y aplicada encaminada a explorar, evaluar y proyectar el uso de los recursos microbiológicos de las diferentes regiones naturales colombianas, para contribuir con el desarrollo de tecnologías sostenibles, aplicables al mejoramiento de la actividad agroindustrial, el desarrollo rural, la seguridad alimentaria y el saneamiento ambiental, de acuerdo a los diagnósticos, las necesidades y perspectivas de este campo en Colombia.
ESPECÍFICOS
Generar y socializar conocimiento sobre el microbioma asociado a los agroecosistemas y sistemas naturales tropicales y su aplicación en pro del desarrollo sostenible del sector agrícola y el mejoramiento del ambiente, con especial énfasis en el recurso suelo.
Promover la bioprospección de recursos microbiológicos, y propender por el complemento con actividades encaminadas al desarrollo industrial con base en las potencialidades identificadas en apoyo a la sostenibilidad del sector agrícola y ambiental.
Estudiar bioestimulantes para apoyar la reconversión de la agricultura hacia modelos sostenibles en zonas tropicales con especial énfasis en el caribe colombiano
Promover la enseñanza y la investigación en educación desde las ciencias básicas y naturales para el desarrollo sostenible.
Formar recurso humano en investigación, mediante actividades de, iniciación científica, profundización, entrenamiento y actualización y estudios de alto nivel para la apropiación del conocimiento, con miras a fortalecer las capacidades de investigación de la institución y el país.",,VISION,"1.- Bioprospección y microorganismos de interés en agricultura tropical
2.- Ecologia microbiana y microorganismos fotosintèticos
3.- Materia orgánica, salud y calidad del suelo",https://scienti.minciencias.gov.co/gruplac/jsp/visualiza/visualizagr.jsp?nro=00000000002397,"Scienti, consultado 2026-09-25; formación: 2003 - 6",1
G-00000000005564,ESTUDIOS SANITARIOS Y AMBIENTALES - E.S.A.,00000000005564,,,Luis Hernando Montoya Armenta,B,"ESTADO DEL ARTE:
Entendiendo estado del arte como el grado de mayor desarrollo temático sobre el área de estudio o línea de investigación. Se realizara un seguimiento a los antecedentes de cada uno de los temas de estudio, este abarcara el escenario regional, nacional y mundial, con la intención de responder las siguientes preguntas que reflejaran lo más cercano al estado del arte de la investigación en el área ambiental y sanitaria.
¿Cuál es el volumen de publicaciones en el área ambiental y sanitaria, referente a los temas de investigación?
¿Cuáles son las pautas por las cuales se investiga?
¿Qué tipos de investigación se han desarrollado en los temas de estudio?","OBJETIVOS:
- Incentivar la participación de la comunidad estudiantil y docentes en la formulación y ejecución de proyectos de investigación.
- Crear alternativas que permitan la capacitación de los integrantes del grupo en el área ambiental y sanitaria.
- Socializar las investigaciones realizadas mediante la publicación de estas en revistas especializadas, la pagina de la Universidad y Colciencias.
- Alcanzar un impacto positivo en el programa de ingeniería ambiental y sanitaria y demás programas afines.
- Ser líderes en la aplicación de nuevas alternativas de solución a los problemas ambientales que se generan en la región y el país.",,VISION:,"1.- Gestión Ambiental y Desarrollo Humano Sostenible
2.- Saneamiento Básico
3.- Sostenibilidad y Gestión Ambiental",https://scienti.minciencias.gov.co/gruplac/jsp/visualiza/visualizagr.jsp?nro=00000000005564,"Scienti, consultado 2026-09-25; formación: 2007 - 1",1
G-00000000009744,Grupo de investigación FASAPROIN (facultad de salud con proyección investigativa),00000000009744,,,Olga HERNANDEZ ALMANZA,C,"Los estudios investigativos que propone el grupo FASAPROIN están orientados hacia la calidad de la educación y practica profesional, local, nacional e institucional teniendo en cuenta las diferentes aéreas contextuales. Del mismo modo ingresar en el ámbito social, cultural, político y económico de nuestras instituciones lo cual nos lleve a mejores investigaciones y por consiguiente a nuevos temas de estudio.","¿ Ser conocidos ante Colciencias como un grupo que desarrolla investigación en el area de prácticas profesionales, promoción y prevención de la salud, calidad de la educación dentro de un grupo integrado por investigadores especializados en el area local, nacional e internacional.
¿ Contribuir con la ampliación del estado del arte existente en la actualidad, con el fin de ayudar en futuras investigaciones, las cuales estén interesadas en realizar líneas de investigación.
¿ Integrarnos dentro de los diferentes grupos e investigaciones para llenar los espacios y temas para nuevos proyectos investigativos.",,"¿ El grupo de investigación FASAPROIN busca ser un grupo líder en el fomento de la investigación en salud, con el propósito de realizar innovaciones y estrategias investigativas buscando un alto impacto social y científico.","1.- Control de Calidad de los Procesos en Salud
2.- PROYECCION SOCIAL CON INTERVENCIÓN, ACCION Y PARTICIPACION A LA COMUNIDAD.",https://scienti.minciencias.gov.co/gruplac/jsp/visualiza/visualizagr.jsp?nro=00000000009744,"Scienti, consultado 2026-09-25; formación: 2008 - 1",1
G-00000000009022,CINBIOS,00000000009022,,,AUGUSTO MIGUEL TORRES JIMENEZ,B,"Las brechas tecnológicas y de conocimiento, junto con la disparidad en la distribución de la riqueza, demandan soluciones que fomenten la creatividad y promuevan la emergencia de nuevos modelos y concepciones. Estas soluciones deben surgir no solo de los estudiosos y las instituciones gubernamentales, sino principalmente de las universidades. Estas últimas, en última instancia, deben desempeñar un papel central en la propuesta de desarrollo para la sociedad, manteniendo un enfoque conservacionista de los recursos y un compromiso con las generaciones futuras.
La relación entre ciencia, tecnología y desarrollo es particularmente compleja, especialmente al analizarla en el contexto de un país en vías de desarrollo como Colombia. Esta complejidad se ve enriquecida por aspectos derivados de su historia política, su cultura, sus recursos naturales y su ubicación geográfica. Hoy en día, existe una conexión intrínseca entre la sociedad y la ciencia, una relación que no solo impacta, sino que también debe transformar a la sociedad, donde la ciencia adquiere un papel cada vez más relevante en esta transformación.
Bajo esta premisa, la ciencia no solo representa un conjunto de conceptos, sino también una manifestación de las actividades sociales. Se presenta como una institución social, un sistema de organizaciones científicas cuyo desarrollo y estructura están íntimamente ligados a la economía, la política, los fenómenos culturales, así como a las necesidades y posibilidades de la sociedad en cuestión.","Objetivo General:
Fortalecer condiciones apropiadas para el desarrollo de la investigación en la Universidad Popular del Cesar; dar a conocer los productos, resultados y aplicaciones de la misma, con el fin de contribuir al desarrollo regional y nacional.
Objetivos específicos:
1)Proponer elementos que ayuden a fortalecer la cultura investigativa en temáticas referidas a las Ciencias Biológicas relacionadas con salud pública.
2)Identificar políticas, coherentes con las institucionales, que cualifiquen los procesos de investigación en esta área del conocimiento.
3)Socializar y difundir a través de todos los medios posibles, las conclusiones y resultados, producto y de temas de investigación.
4)Cualificar a los investigadores del grupo para que avancen en consonancia con el desarrollo tecnológico e investigativo, en los diferentes temas que el grupo propone.
5)Establecer coaliciones con otros grupos de investigación que permitan tener, criterios de comparación, relaciones de pares en temas específicos de interés mutuo y, que den la posibilidad al grupo de tener unos márgenes altos de movilidad, visibilidad y reconocimiento científico y académico.
6)Promover el impulso y creación de programas posgraduales, de acuerdo a las necesidades del medio y el avance de la investigación, según los intereses y necesidades de la región y del grupo.",,Misión,"1.- BIOINDICADORES
2.- EPIDEMIOLOGÍA Y ENFERMEDADES INFECCIOSAS
3.- IPEC (INVESTIGACIÓN PEDAGOGICA EN LAS CIENCIAS)
4.- PROTOTIPOS DE EQUIPOS DE LABORATORIO
5.- RESISTENCIA MICROBIANA",https://scienti.minciencias.gov.co/gruplac/jsp/visualiza/visualizagr.jsp?nro=00000000009022,"Scienti, consultado 2026-09-25; formación: 2009 - 2",1
G-00000000000900,"GRUPO INTERDISCIPLINARIO ESTUDIO DEL PENSAMIENTO NUMERICO, POLÍTICAS PÚBLICAS DE CIENCIA Y TECNOLOGÍA, PRODUCCIÓN AGRARIA, MEDIO AMBIENTE, Y PROBLEMATICA DE LA EDUCACION LATINOAMERICANA Y DEL CARIBE",00000000000900,,,Teobaldo GARCIA ROMERO,B,"La declaración mundial sobre la Educación Superior en el siglo XXI, considera que la solución de los problemas que se plantean en los albores del siglo XXI, estará determinada por la amplitud de miras de la sociedad del futuro, a través de la construcción del discernimiento y al mejoramiento del conjunto de la nueva sociedad investigativa del conocimiento globalizado, que permita contribuir al desarrollo sostenible, sustentable de su hábitat.
En ese orden de ideas, uno de los propósitos de la Ley 1286 del 2009 y del Sistema Nacional de Ciencia, Tecnología e innovación (SNCTI), es que el conocimiento generado a partir de la investigación y del desarrollo tecnológico Nacional, tenga un mayor impacto sobre el sistema productivo y contribuya a la solución de la problemática de la sociedad Colombiana. En tal sentido, alcanzar este objetivo, el SNCTI ha implementado una serie de estrategias y acciones que pretenden:
1º. Acercar el sector productivo al aparato científico tanto Nacional como Internacional.
2º. Que los investigadores y las Instituciones responsables de la producción, aplicación y apropiación del conocimiento sean más cercanos a las inquietudes y necesidades de las empresas y de la sociedad en general.
3º. Crear por parte de los entes organizacionales, de nivel superior y carácter académico las condiciones de apoyo logístico para que el desarrollo del conocimiento pueda extenderse a todas las regiones del país, de manera que las capacidades de I+D+i localizadas hoy por hoy en los centros y grupos de investigación pertenecientes a estos entes regionales contribuyan a superar los factores condicionantes que no permiten cerrar las brechas de la incompetitividad de la región en este mundo globalizado de la investigación.
Por ende, es necesario seguir construyendo desde la Universidad Popular del Cesar un sistema de Ciencia, Tecnología e Innovación que certifique la incubación de conocimiento fundamentalmente que promueva su transferencia y apropiación","Contribuir con la consolidación y el desarrollo del capital intelectual de la región Caribe Colombiana y del país, en el fortalecimiento de su educación, y en consecuencia, del desarrollo sustentable y sostenible del país, a través de la Informática Educativa, la Gestión del Sistema de la Globalización de la Investigación Universitaria, las políticas públicas de ciencia, tecnología e innovación, la problemática de la educación Latinoamerica y del Caribe, el medio ambiente y la optimización de los recursos naturales.
Promover la investigación en el campo de la educación matemática, I+D, la ciencia de la educación, la historia y espistemología de las Ciencias en general desarrollando líneas específicas que conlleven a mejorar la calidad de la enseñanza- aprendizaje de las ciencias de la educación y específicamnete de las matemáticas y, por ende, la calidad de vida a través de políticas gubernamentales e institucionales que redunden en beneficios de la comunidad Cesarense.
Conformar una red de docentes comprometidos en la difusión de una cultura investigativa a nivel glocal y global.",,Visión:,"1.- EDUCACIÓN MATEMÁTICA: Enseñanza, Pedagogía y Didáctica de las matemáticas.
2.- Educación Científica e Investigación Formativa
3.- CIENCIAS NATURALES Y MEDIO AMBIENTE
4.- Gestión Ambiental y Evaluación del Impacto Ambiental
5.- INFORMÁTICA EDUCATIVA
6.- Neurociencia, Educación y Psicología
7.- PROBLEMAS DE LA EDUCACIÓN LATINOAMERICANA Y DEL CARIBE
8.- Políticas públicas tecnológicas como apoyo a la ciencia, tecnología e innovación y a la investigación y desarrollo (I+D).
9.- Transformación Curricular e Innovación Educativa en Procesos de Gestión y Contextos Diversos",https://scienti.minciencias.gov.co/gruplac/jsp/visualiza/visualizagr.jsp?nro=00000000000900,"Scienti, consultado 2026-09-25; formación: 2000 - 1",1
G-00000000020413,GIDEATIC Grupo de Investigación en Desarrollo y Aplicación de Tecnologías de Información y la Comunicación,00000000020413,,,Miguel Alberto Rincon Pinzon,C,"La utilización de Tecnologías de la Información y la Comunicación son amplias en el país y el mundo, encontramos ejemplo de varias Universidades que estudian la forma de aplicar estos artificios de la sociedad del conocimiento en aras de mejorar la forma de trabajar, educarse, divertirse y de vivir del mundo en general.
Estas tecnologías permiten sino una mejor forma de hacer las cosas si una diferente, mostrando como el conocimiento generado por los profesionales que dominan estas áreas llega a solucionar o mostrar una mejor forma de realizar los procesos.
El Grupo de Investigación en Desarrollo y Aplicación de Tecnologías de Información y la Comunicación de la Universidad Popular del Cesar seccional Aguachica se conforma con el propósito de crear un espacio de reflexión en torno al estudio y generación de conocimiento en torno al uso y aplicación de las mismas.
La subregión Sur del Cesar y sus alrededores es rica en pequeñas empresas de índole agropecuario, trayendo como consecuencia que sus pobladores se preocupen por la adopción de cualquier tipo de tecnología diferente a la de tecnologías de la información y la comunicación, llevando al poco desarrollo en otros niveles que no sean agropecuarios. Se requiere un cambio de paradigma en la forma de hacer los procesos de cualquier índole, ya sea administrativo, educativo o productivo y más ahora que nos encontramos en un mercado globalizado donde la generación de conocimiento y el conocimiento mismo es el motor que impulsará las empresas, es necesario pues tener en cuenta todo esto y no dejar rezagar la región en cuanto a estos temas se refiere. Y es por medio del grupo de docentes, estudiantes de la UPC y otros profesionales de la región presentan una amplia perspectiva en esta área de interés para la comunidad en general.","OBJETIVO GENERAL
❑ Diseñar e implementar propuestas de investigación en el campo de la educación mediante la aplicación e innovación de las tecnologías, que contribuyan con un desarrollo regional, nacional e internacional y que posicionen a la Universidad Popular del Cesar como una institución que líder en tecnologías educativas.
OBJETIVOS ESPECÍFICOS
 Promover el uso de las TIC en los procesos formativos de la comunidad académica ingenieril.
 Identificar y adaptar estrategias de experiencias exitosas a los procesos de formación.
 Realizar actividades de investigación y transferencia de TICs en cualquier campo del sector productivo y educativo colombiano y en especial en el departamento del Cesar.",,"Para el año 2025, GIDEATIC será el grupo líder en la generación e implementación de propuestas para la incorporación y uso de las tecnologías de la informática y la comunicación TICs en las empresas de la región, que contribuyan a la transformación de la academia y la ciencia con repercusión en el beneficio social, cultural y económico de las comunidades locales y globales, con criterios de calidad, equidad y democracia social.","1.- Automatización y control
2.- Gobierno, Gestión y Auditoría de Tecnologías de la información
3.- Ingeniería de software
4.- Inteligencia Artificial
5.- Telemática",https://scienti.minciencias.gov.co/gruplac/jsp/visualiza/visualizagr.jsp?nro=00000000020413,"Scienti, consultado 2026-09-25; formación: 2016 - 11",1
G-00000000018778,CISATEC-LINE,00000000018778,,,Shirley GARCIA MORA,B,"La investigación es el principal elemento integrador de los procesos de formación, evaluación y medición de la educación media, técnica, tecnológica y profesional, que determina el modo de actuación de la sociedad y su competitividad; siendo la salud un elemento esencial para el desarrollo integral de todo ser humano
Se materializara la investigación, como elemento transversal de la productividad y la competitividad en un ambiente de equidad , sano y sostenible . Por tal motivo, es necesario participar en procesos de investigación, innovación y desarrollo que aseguren calidad en los procesos que integran la salud desde la promoción y prevención hasta el diagnóstico, tratamiento y rehabilitación","1. Desarrollar proyectos para identificar los factores de riesgo que propician la enfermedad
2. Identificar necesidades y problemáticas dentro del entorno relacionadas con la salud de la comunidad.
3. ¿Diseñar prototipos que optimicen las prestación del servicio de salud.
4. Articular la investigación con los sectores educativos, salud, e ingeniería
5. Participar en proyectos de cooperación interinstitucional
6. Realizar seguimiento y apoyo en las nuevas tecnologías en las áreas de centrales de esterilización y quirofanos en el municipio, departamento y la nación
7. generar nuevos conocimientos a partir de los resultados de los proyectos investigación y contribuir con la políticas publicas en materia de salud",,"El grupo de investigación CISATEC LINE , estará integrado por personas con altas competencias a nivel de maestrías y doctorados y será reconocido a nivel regional, departamental y nacional por brindar apoyo en la solución de problemas de salud y gestión en salud pública, innovación en salud, tecnología en salud, y procesos de calidad de la gestión médica y brindar alternativas eficaces a la solución de las necesidades y problemas que se presenten en el ámbito de salud .","1.- ASEGURAMIENTO DE LA CALIDAD DE SERVICIOS QUIRÚRGICOS Y CENTRALES DE ESTERILIZACIÓN
2.- CIENCIA,TECNOLOGIA E INNOVACION EN SALUD
3.- SALUD PUBLICA",https://scienti.minciencias.gov.co/gruplac/jsp/visualiza/visualizagr.jsp?nro=00000000018778,"Scienti, consultado 2026-09-25; formación: 2014 - 11",1
G-00000000017497,OBSERVATORIO DE DESARROLLO ECONÓMICO DEL CESAR - ODECE,00000000017497,,,CARMEN PATRICIA GUERRERO VIDES,B,"5 ESTADO DEL ARTE DEL OBSERVATORIO DE DESARROLLO ECONÓMICO DEL CESAR- ODECE
Para realizar el Estado de Arte del Observatorio se partirá de lo que es el Grupo de Investigación y de las actividades que se ejecutarán al interior de este grupo.
¿Observatorio es un punto de mira, un punto de enfoque, una atalaya digital desde la cual se observa un objeto o una situación. Al mismo tiempo, se le concibe como un mecanismo de monitoreo de tendencias detectables en su ámbito de observación¿ Ortuño, Carlos, 2006.
En el ámbito nacional existen:
-OBSERVATORIO DE DESARROLLO ECONÓMICO DE BOGOTÁ desde donde se monitorea el comportamiento de los principales indicadores de desarrollo y el contexto económico de la ciudad. http://observatorio.desarrolloeconomico.gov.co/portal/
-OBSERVATORIO ECONÓMICO Y SOCIAL DEL VALLE DEL CAUCA, creado en 1999 como grupo interinstitucional con el ánimo de aunar y coordinar esfuerzos para dar información acerca de la coyuntura económica regional específicamente de Cali y del Valle del Cauca. http://www.ccc.org.co/fortalecimiento-de-region/observatorio-economico-y-social-del-valle-del-cauca
-OBSERVATORIO DEL CARIBE COLOMBIANO es un Centro de Investigación en el área de las ciencias sociales y económicas cuya área de influencia son los ocho departamentos del norte de Colombia incluidos sus 197 municipios trabaja prioritariamente en los temas: planeación estratégica y prospectiva, análisis económico, ambiental y social para políticas públicas, Desarrollo rural y seguridad alimentaria y nutricional, cultura caribe y desarrollo. http://www.ocaribe.org/
-OEA: El OBSERVATORIO ECONÓMICO DE ANDALUCÍA es una asociación sin ánimo de lucro que basa sus reflexiones y propuestas en el análisis económico. Está integrado por economistas y otros profesionales de muy distintos ámbitos (empresarial, financiero, académico, público, consultoría) de todas las provincias andaluzas. http://www.oeandalucia.com/
-OBELA: EL OBSERVATORIO ECONÓMICO LATINOAME","8 OBJETIVOS
8.1 OBJETIVO GENERAL
Fomentar la investigación y monitorear los hechos y fenómenos económicos que afectan a la sociedad y dar respuesta a las necesidades del Departamento del Cesar.
8.2 OBJETIVOS ESPECÍFICOS
1)Efectuar propuestas orientadas a la solución de los problemas previamente formulados, todo ello con un enfoque global y económico.
2)Prestar asistencia técnica a las organizaciones e instituciones públicas y privadas de la región en todas aquellas actividades científicas, técnicas, investigativas que les sean requeridas, a los efectos de la mejora continua de dichas organizaciones.
3)Hacer evaluaciones de impacto de los instrumentos, acciones y programas de los gobiernos de orden municipal y departamental que afecte el desarrollo de las comunidades.
4)Implementar una política de cooperación con entidades públicas y privadas para el desarrollo en conjunto de actividades investiga que favorezca los intereses mutuos.
5)Dar orientación y hacer seguimiento a los Planes de Desarrollo Departamentales y Municipales y su coherencia con los Planes de Desarrollo Nacionales, así como a los programas de desarrollo empresarial.
6)Elaborar un banco de datos económicos y empresariales (búsqueda, selección y recopilación de los datos relevantes elaborados por distintas instituciones).
7)Incentivar la academia y la investigación económica en los estudiantes, docentes y comunidad en general para así contribuir a la ampliación de conocimiento en estos aspectos e incentivar la creación de nuevos semilleros de investigación.
8)Elaborar un banco de datos del conocimiento investigador en el que queden reflejados los proyectos de investigación que se han realizado y los que efectivamente se encuentran en proceso.
9)Publicar una revista especializada en temas económicos (La Lupa en el Cesar) en la cual se publicarán artículos originales, reseñas, monografías, tesis de grado del campo específico que dará a conocer las diferentes investigaciones y procesos q",,7 VISIÓN,"1.- 1. DESARROLLO HUMANO, ÉTICA Y CALIDAD DE VIDA
2.- 2. ECONOMÍA, INNOVACIÓN, COMPETITIVIDAD Y SOSTENIBILIDAD:",https://scienti.minciencias.gov.co/gruplac/jsp/visualiza/visualizagr.jsp?nro=00000000017497,"Scienti, consultado 2026-09-25; formación: 2014 - 1",1
G-00000000003915,GUATAPURI (Grupo de Investigación y estudios socioculturales),00000000003915,,,Hermes Emilio Martinez Barrios,C,"Los proyectos se basan en el reconocimiento y descripción de unos fenomenos sociales un tanto complejos, que implican a su vez, una organización contextual y conceptual. Organización contextual en tanto que el sitio o localidad en donde se desarrolla la investigación posee unas caracteristicas sui generis, partiendo de la creación como tal del departamento del Cesar(1967), y de la vinculación de los municipios que hoy dia pertenecen a este. Es decir, se toma un punto coyuntural para abordar varios fenomeno que pueden ser variable en diversos sitios del departamento.
En cuanto al plano especifico de las categorías o conceptos a desarrollar es importante tener en cuenta que los proyectos se enmarcan bajo el analisis de un conjunto de hechos socioculturales pero bajo la optica de la interdisciplinariedad es por ello que existe la relación entre Sociología, Antropología e Historia.
Al momento de abordar los proyectos es importante señalar además, que el conjunto de hechos socioculturales, nos ayudarán a abordar el tema desde la perspectiva interdisciplinaria. (Durkheim, 1993; Caro Baroja; 1985; Rowe y Schelling, 1993; Nanda, 1999; Geertz, 2000; Giner, 2004;), Santos y Sánchez, 2004; Palma 1988; Londoño, Haddox, 1970;). (Gutiérrez, 2000; Castro, 1998; Arbeláez, 1952; Reichel¿Dolmatoff, 1951; De la rosa, 1975; Navarrete, 1995; Adamoli, 1989; Fals, 2002; Rey Sinning, 1990;),(Contreras, c.a.s 2003)(Linz et Cazola,1968; Surtz,1995; Sáenz,1937; Luibheid,1993),Cahill,1996; García,1998; Navarrete,2001; Monsivais,1978; Bastian,1993).","Realizar investigaciones socio-Culturales sobre la ciudad de valledupar y el departamento del cesar, enmarcadas en el conocimiento y la ampliacion de la investigación en el ámbito local, regional y nacional desde la sociologia como practica cientifica.",,"El grupo ""GUATAPURI"", propenderá por liderar la proyección de la actividad científica sociocultural de la región caribe de Colombia hacia el mundo para el desarrollo sostenible del colectivo humano, en términos de mejorar la calidad de vida de la comunidad objeto de estudio.","1.- Cultura religiosa del Caribe Colombiano.
2.- Derecho labora y seguridad social
3.- Derecho público y estado social de derecho
4.- Educación y desarrollo social regional
5.- Estetica de la cultura Popular
6.- Identidades Culturales locales en el Caribe Colombiano
7.- Sociedad, Conflicto Social y Post Conflicto en contextos locales
8.- Territorio, Conflicto, Lenguaje y Cultura",https://scienti.minciencias.gov.co/gruplac/jsp/visualiza/visualizagr.jsp?nro=00000000003915,"Scienti, consultado 2026-09-25; formación: 2004 - 3",1
G-00000000020415,ECONFI,00000000020415,,,Luis Hernando Restrepo Sierra,B,"De acuerdo a Bourdieu (1999, )1, el desarrollo interdisciplinario es fundamental para el avance científico de los sectores sociales dominados, su cuestionamiento se centra en estancamiento que produce el ¿culturalismo¿ que puede estancar una ciencia al mantenerla al margen de la legitimidad y de la teoría misma, que de acuerdo a Ortiz J.2 separa lo legitimo de lo ilegitimo.
Siguiendo a Ortiz J. respecto a sus reflexiones de Bourdieu como líder del desarrollo interdisciplinario, quien resalta que este aborda el problema de integrar las bases sociales de la producción del conocimiento y de su aprobación para la aplicación, a través del ejercicio de diferentes profesiones, adoptando dos conceptos nuevos al respecto, el habitus y le campo, así como reinventa uno ya establecido, el capital.
El habitus entiende las formas de obrar, pensar y sentir que están originadas por la posición ocupa en la estructura social. En relación al campo, se concibe como el espacio social que se crea en el entorno a la valoración de hechos sociales tales como el arte, la ciencia, la religió, la política [¿] estos espacios están ocupados por agentes, que compiten tanto por los recursos materiales como simbólicos del campo.
Siguiendo a la descripción de Ortiz J. respecto a Bourdieu, los capitales antes mencionados, son parte del capital económico, están formados por el capital cultural, el capital social y por cualquier tipo de capital que sea percibido como natural, forma parte del denominado capital simbólico. Por tanto los agentes, con el habitus que es propio dada su posición social, y con los recursos de que disponen, juegan en los distintitos campos sociales, y en este juego contribuyen a reproducir y transformas la estructura social.
El concepto del habitus planteado por Bourdieu viene a ser una invitación a tratar de entender más la dinámica sinérgica entre los campos del conocimiento y los agentes que participan para reducir la brecha entre la teoría y la práctica.","OBJETIVOS
OBJETIVO GENERAL
- Generar investigación del alto impacto y calidad en el contexto del departamento del Cesar y el magdalena medio en las áreas económicas, contable y financiera.
OBJETIVOS ESPECÍFICOS
- Desarrollar proyectos de investigación encaminados al análisis y solución de problemáticas desde los enfoques metodológicos y teóricos que ofrece la economía, contabilidad y finanzas en articulación multidisciplinaria para responder a las necesidades del contexto.
- Fortalecer la proyección social desde la investigación en la Universidad popular del Cesar Seccional Aguachica
- Adelantar proyectos interdisciplinarios en producción pecuaria, biotecnología y bioeconomía.
- Gestionar Proyectos de cooperación del orden nacional e internacional para el desarrollo comunitario con enfoque de desarrollo sostenible.
- Adelantar acuerdos y convenios con instituciones públicas y privadas para el desarrollo de investigaciones y proyectos de inversión.
- Promover el emprendimiento social y privado.
- Participar de los procesos de planeación del orden departamental y local.
- Desarrollar producto de investigación de alto impacto en el orden nacional e internacional.
- Promover la formación continuada a través del desarrollo de programas de posgrados y no formal.",,MISIÓN,"1.- CRECIMIENTO Y DESARROLLO ECONÓMICO SOSTENIBLE
2.- ECONOMÍA FINANCIERA
3.- EMPRENDIMIENTO E INNOVACIÓN
4.- GESTIÓN DE LA INFORMACIÓN CONTABLE Y FINANCIERA
5.- INTERNACIONALIZACIÓN DE LA INFORMACIÓN FINANCIERA
6.- INTERNACIONALIZACIÓN DE LA INFORMACIÓN FINANCIERA, NO FINANCIERA Y SU ASEGURAMIENTO
7.- Industria 4.0
8.- LEGISLACIÓN TRIBUTARIA Y DE POLITICA FISCAL
9.- Línea de economía social y comunitaria para el fortalecimiento al desarrollo económico comunitario
10.- Producción Pecuaria
11.- Valoración económica de los servicios ecosistémicos",https://scienti.minciencias.gov.co/gruplac/jsp/visualiza/visualizagr.jsp?nro=00000000020415,"Scienti, consultado 2026-09-25; formación: 2016 - 11",1
G-00000000015180,"Grupo de Investigacion en Biotecnologia, Ingenieria y Salud",00000000015180,,,Sandra Milena Rodriguez Puerta,C,"La Universidad Popular del Cesar en el Programa de Ingeniería Ambiental y Sanitaria y el Programa de Microbiología, se han desarrollado proyectos e insumos; asimismo participar en convocatorias externas e internas para fortalecer las líneas de investigación del Grupo. Actualmente el grupo esta de forma activa con Docentes de la Universidad Popular del Cesar de los programas de Ingeniería Ambiental y sanitaria, Administración de empresas y Microbiología; articulado con la Maestría en Microbiología Agrícola e Industrial.
El Centro Biotecnológico del Caribe (CBC) de la regional SENA - Cesar se establece desde el año 2006 con el objeto de fortalecer el proceso de redes del conocimiento en el SENA bajo la dirección nacional del Doctor Dario Montoya. Luego en el transcurso de estos 8 años se desarrolla a partir del año 2014 la estructura SENNOVA, que le permite al SENA el registro de grupos de investigación y semilleros para participar en convocatorias publicas internas inicialmente del SENA. El Grupo de investigación se crea en el febrero de 2014 como respuesta al llamado de dar soluciones de manera concreta y profunda desde la investigación aplicada a muchos problemas del sector agroindustrial, alimentario y salud de nuestra región. El grupo esta conformado por profesionales de planta, contratistas y aprendices del CBC.","1. Aumentar el indice de investigación aplicada del Centro Biotecnológico del Caribe Sena regional Cesar en cada una de las líneas del grupo.
2. Realizar proyectos de investigación en cooperación con instituciones del sector empresarial y universidades que contribuyan a la competitividad de la región.
3. Desarrollar nuevas estrategias que estimulen la solución de los problemas de los aprendices bajo el modelo de investigación aplicada de SENNOVA.",,"Dentro de 4 años Ser el grupo de investigación con mas reconocimiento por SENNOVA, Colciencias y la comunidad científica en nuestra área del conocimiento.","1.- Biotecnologia y Medio Ambiente
2.- Biología Celular, Molecular y Bioprocesos
3.- Cambio Climatico
4.- Desarrollo de insumos para el mejoramiento de la productividad en el sector agropecuario y agro industrial
5.- Desarrollo e implementación de metodologías diagnosticas
6.- Ingeniería de Software y Telecomunicaciones
7.- Seguridad Alimentaria y Nutricional",https://scienti.minciencias.gov.co/gruplac/jsp/visualiza/visualizagr.jsp?nro=00000000015180,"Scienti, consultado 2026-09-25; formación: 2014 - 2",1
G-00000000002099,GRUPO DE INVESTIGACION EN SISTEMAS Y COMPUTACIÓN -GISICO-,00000000002099,,,john jairo PATIÑO VANEGAS,C,"En el panorama universitario Nacional y en especial, en la región caribe, son muy pocos los grupos de investigación en Ingeniería de Sistemas que existen registrando que nuestras empresas se sitúen en un bajo nivel de competitividad por la falta de control en sus procesos y que toda la tecnología existente sea realizada en otras latitudes o sea importada.
La mayoría de las universidades en el mundo han encontrado en la Ingeniría de Sistemas una estrategia tecnológica que ha arrojado excelentes resultados, podemos mencionar algunos ejemplos como:
La Universidad Autónoma Metropolitana de México trabaja simuladores como estrategia pedagógica para la enseñanza de los diferentes procesos en el área de la Ingeniería Química e Ingeniería Industrial, programas de Maestría y Doctorado en simulación numérica y control en la Universidad de Buenos Aires, universidad autónoma de Taxcala, Escuela politécnica nacional de Quito (ecuador); diferentes grupos y centros de Investigación como el Departamento de Ingeniería de la Universidad de Cambridge, universidad de liége y universidad Katholieke (belgica), Universidad Federal de Minas Gerais (Brazil); University of Alberta, Edmonton, École Polytechnique Montréal, University of New Brunswick, University of Toronto (Canadá); Universidad de Chile (Chile); Aalborg University, Technical University , Lyngby (Dinamarca), Helsinki University of Technology y Tampere University of Technology (Finlandia), ECOLE CENTRALE PARIS, Ecole Nationale Supérieure des Mines de Paris, Supélec (Francia); University of Technology Aachen, Technical University Braunschweig (Alemania); Advanced Research and Studies Center, National University of Mexico (México), Politechnical University, University of Seville, University of Valladolid (España), Case Western Reserve University, Harvard, Idaho State University, Lehigh University, University of Missouri-Rolla, Ohio State University , University of Tennessee, Texas A&M University, University of Texas","GENERAL
Contribuir al desarrollo de la Región en el Aspecto Industrial, Científico y Académico a través de la Investigación e implementación de Sistemas de Control, Sistemas de Información y Simulación para los procesos productivos y educativos que en ella se llevan a cabo; dentro del marco de la constante actualización e intercambio de información con grupos afines en el ámbito nacional y mundial.
ESPECIFICOS
1. Fortalecimiento de la Facultad de Ingeniería y Tecnológicas en el área de Ingeniería de Sistemas, la automatización, el control, la simulación a través del trabajo interdisciplinario.
2. Generar modelos que permitan el estudio, análisis y optimización de los procesos productivos de la región; todo dentro de la rigurosidad Científica inherente en todo grupo de investigación; pero buscando alcanzar beneficios inmediatos para las empresas de la región y el país.
3. Posibilitar espacios de estudio e investigación para estudiantes, conducentes a trabajos monográficos de grado.
4. Realización de eventos y publicaciones en las áreas de la Ingeniería de Sistemas.
5. Generar y desarrollar proyectos de grado en el área del Control y la Simulación que repercutan en la optimización de los procesos industriales.
6. Generar espacios para la profundización y cualificación docente, a nivel de formación avanzada.
7. Ofrecer soporte técnico-científico a los programas académicos que ofrece la Universidad Popular del Cesar.",,"El grupo GISICO se consolidará a nivel regional y nacional, a través de su posicionamiento en el sector manufacturero y de servicios y fortalecimiento de la academia generando producción científica de la mas alta calidad para participar en eventos académicos e interacción con grupos afines y de otras disciplinas de carácter nacional y mundial logrando reconocimiento a través de publicaciones nacionales e internacionales.","1.- CIENCIA E INGENIERIA DE LOS DATOS
2.- INGENIERÍA DE SOFTWARE
3.- INTELIGENCIA ARTIFICIAL
4.- REDES Y TELECOMUNICACIONES
5.- SEGURIDAD DE LA INFORMACIÓN
6.- SISTEMAS DE INFORMACIÓN
7.- SISTEMAS INTELIGENTES
8.- TECNOLOGÍAS DE INFORMACIÓN Y COMUNICACIÓN",https://scienti.minciencias.gov.co/gruplac/jsp/visualiza/visualizagr.jsp?nro=00000000002099,"Scienti, consultado 2026-09-25; formación: 2001 - 2",1
G-00000000007152,"CREANDO CIENCIAS ""CRECI""",00000000007152,,,Carlos Ramón VIDAL TOVAR,C,"Creando Ciencias inició desarrollando las siguientes investigaciones:
- COMERCIALIZACIÓN DE CARNE DE VACUNO EN LOS EXPENDIOS DE CARTAGENA DE INDIAS.
- COMERCIALIZACIÓN DE VEGETALES EN EL MERCADO DE BAZURTO DE LA CIUDAD DE CARTAGENA.
- EFECTO DE LA APLICACIÓN DE ENZIMAS SOBRE EL ALMIDON DE LA VARIEDAD DEL ÑAME ESPINO (Dioscorea rotundata ) PARA LA OBTENCIÓN DE JARABES¿
Actualmente este grupo esta conformado por profesionales pertenecientes a tres universidades y agentes externos que enriquecen la dinámica de producción de conocimiento.","'- Desarrollar investigación en el campo industrial y agroalimentario que permitan contribuir a la solución de problemas y generación de nuevas fuentes de conocimiento.
- Fortalecer la actividad académica de la investigación por medio del desarrollo de proyectos investigativos en el campo industrial y agroalimentario.
- Profundizar en la producción de capital intelectual en organizaciones y procesos de gestión del conocimiento en áreas de la educación e ingeniería.",,"Para el año 2025 el grupo de investigación CREANDO CIENCIAS ""CRECI"". Sera un grupo consolidado y reconocido en la comunidad científica nacional por sus logros y aportes al mejoramiento de los procesos industriales y agroalimentarios desde la gestión del conocimiento y producción de capital intelectual","1.- Control de Calidad de la producción
2.- DESARROLLO EMPRESARIAL
3.- DESARROLLO REGIONAL
4.- FISIOLOGÍA Y TECNOLOGÍA DE POS COSECHA DE PRODUCTOS VEGETALES Y PERECEDEROS
5.- Gestión y desarrollo ingenieril de sistemas de producción de alimentos y productos biológicos.
6.- Organizaciones y Gestion de Procesos Productivos
7.- SOSTENIBILIDAD Y GESTIÓN AMBIENTAL",https://scienti.minciencias.gov.co/gruplac/jsp/visualiza/visualizagr.jsp?nro=00000000007152,"Scienti, consultado 2026-09-25; formación: 2008 - 3",1
G-00000000014742,TC-Psi,00000000014742,,,Libia María Alvis Barranco,A,,"Fortalecer los procesos de investigación de la facultad de psicología, acordes a las lineas de investigación y la disciplina que guía la formación de profesores y estudiantes.
Robustecer la investigación propiamente dicha en la facultad de psicología y en el grupo de investigación
Fortalecer la cultura investigativa y la investigación formativa de la facultad, a través de los semilleros de investigación, la particpación en redes y encuentros de investigación, además de la generación de eventos de investigación.",,"Constituirse constantemente como el grupo de investigación que lidera la investigación-la innovación-y el desarrollo en ciencias sociales y humanas, bajo un modelo relacional cuya mirada político-legal se encentre ajustada a las dinámicas y vulnerabilidades de la región y del país.","1.- Contextos sociales y culturales
2.- Político-Legal
3.- Psicología Educativa
4.- Psicología clínica y de la salud
5.- Psicología y las organizaciones",https://scienti.minciencias.gov.co/gruplac/jsp/visualiza/visualizagr.jsp?nro=00000000014742,"Scienti, consultado 2026-09-25; formación: 2013 - 10",1
G-00000000001307,Grupo de Espectroscopia Optica y Laser,00000000001307,,,Ruben Dario Fonseca Rodriguez,A1,"Actualmente el número de moléculas que generan radiación láser supera las 1900. Sin embargo, el problema de la búsqueda de nuevos compuestos, que posean capacidad de generación láser sigue siendo de un problema vigente y de actualidad ya que no siempre cada compuesto que genera radiación láser por sus parámetros se puede utilizar en calidad de medio activo, o debido a pequeños del coeficiente de conversión de energía de bombeo en energía de radiación láser, característico para la mayoría de las sustancias que presentan el efecto láser en dichas regiones espectrales. De otra parte, el descubrimiento y síntesis de moléculas de gran importancia en diferentes ramas de la ciencia (biología, medicina, Física del láser, etc.) ha estimulado el desarrollo de nuevos y eficientes métodos de su preparación. Una de las tareas más importantes de la química orgánica es la preparación de compuestos de interés en Biología, Química Farmacéutica, y para la Física del Láser.
Los colorantes como moléculas complejas, de acuerdo a los estudios espectroscópicos y la Química Computacional. se caracterizan por poseer unas propiedades ópticas únicas: una franja de absorción y de fluorescencia ancha; lo que las convierten en candidatas a poseer una franja espectral ancha de amplificación óptica y de generación láser, aspecto deseado y vital a la hora de escoger al elemento más importante de un láser - el medio activo. Por todo esto, los colorantes son los candidatos promisorios en la solución del problema planteado","Teniendo en cuenta las líneas y proyectos de investigación los principales Objetivos son:
1. Desarrollo del programa de investigación institucional en el campo de la Espectroscopía Óptica y Física del Láser en la Universidad.
2. El montaje de una Laboratorio de Espectroscopía y Láser
3. La proyección del Grupo en el contexto regional, nacional e internacional
4 Contribuir a la formación de jovenes investigadores mediante su vinculación con los programas de Maestría en ciencias físicas y doctorado en ciencias física.
El grupo aspira a:
1. Convertirse en protagonista en investigaciones en el campo de la Espectroscopia, Óptica lineal y no lineal, Instrumentación electrónica y Física del Láser en la costa norte Colombiana, a nivel nacional e internacional, para lograr ser un interlocutor válido ante los grupos de investigación reconocidos en este ambito, siendo fructifero en publicaciones especializadas, a intercambiar investigadores y estudiantes, a formar profesionales a nivel de Maestría y doctorado.
2.Servir de consultor de las empresas de la región e las áreas de aplicación de la spectroscopia, Óptica lineal y no lineal, Instrumentación electrónica y Física del Láser.
Formar estudiantes para que continuen sus estudios de formación avanzada (Doctorados) a través de la cooperación internacional con centros de excelencia académica.",,I. Estrategia Visionaria,"1.- Didáctica y Enseñanza de la Ciencia
2.- Instrumentación electrónica
3.- Síntesis, caracterización, modelación y simulación de las propiedades de los materiales
4.- Óptica no lineal",https://scienti.minciencias.gov.co/gruplac/jsp/visualiza/visualizagr.jsp?nro=00000000001307,"Scienti, consultado 2026-09-25; formación: 2003 - 3",1
G-00000000018935,Mente Lila,00000000018935,,,Adriana Cristina Acosta Ramos,C,"el grupo de investigación Mente Lila del programa de psicología de la Universidad Popular del Cesar nace en el año 2014 con la necesidad de responder a las demandas de las diferentes problemáticas de la región y el país. Su propósito fundamental es contribuir desde la academia a la producción de conocimiento científico y tecnológico que permita la cooperación entre equipos de trabajo altamente capacitados.
El grupo de investigación se enmarca dentro de las lineas de investigación de psicología educativa, psicología y las organizaciones, contextos sociales y culturales y la línea clínica y de la salud. Este grupo mediante la consolidación de los semilleros de investigación facilitan espacios para que los docentes y estudiantes generen competencias investigativas y a su vez participen activamente en convocatorias internas y externas de generación de nuevo conocimiento.","Potenciar los procesos de investigación formativa del programa de psicología acorde a las líneas de investigación propuestas.
consolidar la transferencia de conocimiento mediante la participación en eventos científicos y la publicación de contenido impreso y/o electrónico.
facilitar espacios a estudiantes y docentes que faciliten los procesos investigativos.",,"El grupo de investigación Mente Lila en el año 2027 será pionero en investigaciones ajustadas a sus líneas de investigación, con vinculación de docentes y egresados altamente competentes capaces de responder a la problemática regional y nacional.","1.- Desarrollo Sostenible de las Organizaciones y el Talento Humano
2.- Psicoinnovación en Contextos Educativos Integrales
3.- Psicología Política y Transformaciones Sociales
4.- Salud y Bienestar en Contextos Diversos",https://scienti.minciencias.gov.co/gruplac/jsp/visualiza/visualizagr.jsp?nro=00000000018935,"Scienti, consultado 2026-09-25; formación: 2014 - 11",1
G-00000000002668,AITICE,00000000002668,,,Armando Javier Lopez Sierra,B,"En el mundo de hoy, tanto a nivel regional como internacional, la tecnología se constituye en fuente de innovaciones en todos los campos. En la educación, este puede ser el motivo para repensarla, de manera que la misma educación sea motor de cambio. Integrar la tecnología a la educación requiere de una política educativa, por lo que el grupo AITICE aspira a enunciar ciertos principios básicos y proponer pautas para una integración exitosa que considere el planteamiento, los recursos humanos, los aspectos institucionales, las estrategias de desarrollo, la investigación, la formación permanente y la cooperación a todos los niveles.
La mayoría de las universidades en el mundo han encontrado en las Tecnologías de la Información y la Comunicación una excelente oportunidad para implementar nuevas formas de enseñanza, que permitan atender la demanda de la población insatisfecha como también de proveer los medios para acceder a la cantidad de información valiosa que a cada momento se produce en cualquier lugar de la tierra. Podemos mencionar ejemplos de instituciones que vienen trabajando en este sentido:
El primer proyecto importante llevado a cabo en la Universidad de Murcia (España) para el desarrollo de una solución integral TIC (Tecnologías de la Información y las Comunicaciones), se denominó proyecto SUMA, el cual posibilita el acceso remoto a la Universidad desde sus propios hogares a aquellos alumnos acogidos al proyecto. Con él se prevén los siguientes resultados:
- Mejoramiento de la calidad docente
- Aumento de las posibilidades de docencia
- Creación de nuevos contenidos docentes
- Utilización de nuevas herramientas tecnológicas aplicadas a la docencia y
- Apertura de nuevos canales de sinergia entre la Universidad y el mundo empresarial. (http://www.um.es/atica/proyectosuma.htm)
Otro proyecto también importante tiene que ver con la Universidad Oberta de Catalunya, España (UOC) la cual se encuentra trabajando con el objetivo de lid","OBJETIVO GENERAL
Generar investigación tendiente a la incorporación de las Tecnologías de la Información y Comunicación en los procesos educativos, mediante el aporte de estrategias significativas que conlleven al logro de los objetivos cognitivos de los estudiantes y de soluciones enmarcadas en el contexto de la sociedad del conocimiento
OBJETIVOS ESPECIFICOS
1. Promover una cultura familiarizada con el uso generalizado de las TIC en los procesos formativos de la comunidad académica upecista.
2. Diseñar planes y propuestas de formación y educación virtual a través de sistemas telepresenciales.
3. Construir y mejorar marcos teóricos y conceptuales que sustenten la comprensión de los procesos formativos y uso de TIC, en los sistemas de Educación virtual.
4. Identificar y adaptar metodologías de experiencias exitosas a procesos de educación virtual través de redes y comunidades virtuales de aprendizaje.",,"Proyectar al grupo AITICE como líderes en la región en desarrollo e implementación de proyectos de investigación en TICs que contribuyan a la transformación de la academia y la ciencia, con repercusión en el beneficio social, cultural y económico de las comunidades locales y globales, con criterios de calidad, equidad y democracia social.","1.- Estrategias de Aprendizaje y medios digitales para ambientes educativos soportados en TIC
2.- Ingeniería de Software
3.- Inteligencia Artificial
4.- Internet de las cosas - IoT
5.- Redes y Telecomunicaciones
6.- Seguridad de la Información
7.- Soluciones basadas en TIC para aplicar en contextos educativos
8.- Soluciones empresariales y de desarrollo social apoyadas en tecnologías digitales
9.- Tecnologías de la información y la comunicación en la educación",https://scienti.minciencias.gov.co/gruplac/jsp/visualiza/visualizagr.jsp?nro=00000000002668,"Scienti, consultado 2026-09-25; formación: 2005 - 7",1
G-00000000003639,GIELEHLA,00000000003639,,,Carmen Beatriz Araújo Quiroz,B,"Existen diferentes aproximaciones teóricas concernientes al aprendizaje de una segunda lengua; el behaviorismo, que se basa fundamentalmente en el habito; la teoría cognitiva, que explica la adquisición de una segunda lengua como un proceso meramente mental; la afectiva que sugiere que la parte motivación está íntimamente ligada al aprendizaje, entre otras (Stern: 1983)
A lo largo de la historia, estas teorías, consideradas como tradicionales, han sido debatidas, complementadas e incluso aplicadas eclecticamente. A través de los diversos debates y estudios han surgido nuevas propuestas en cuento a los elementos esenciales para el aprendizaje de una segunda lengua o un lenguaje extranjero, una de ellas, expuesta desde la década de los 70 por varios autores.
El concepto de autonomía suele definirse en función de la capacidad de saber aprender y saber aprender implica saber darse objetivos de aprendizaje, saber dotarse de los medios para alcanzar dichos objetivos, organizar el propio aprendizaje en términos de lugar, tiempo, ritmo, etc. y evaluar los resultados. Todos estos factores pueden ser integrados a través del oso de un mediador académico ¿ texto, siempre que este apoye el proceso de aprendizaje autónomo.
Existen diversos tipos de mediadores, comunes para el desarrollo de habilidades específicas de una lengua extranjera, el más manipulado por sus características suele ser el manual, el cual según Dana Ferris (2003) brinda al aprendiente la oportunidad de ejercitar sus habilidades de una forma procesal y secuencial, lo que permite que el estudiante trabaje a su propio ritmo, y recurra a la asesoría del profesor ante situaciones específicas. Del mismo modo, contribuye al aprendizaje cooperativo al posibilitar la ¿peerr correction¿ que consiste en ser evaluado no solo por el profesor, si no también por el compañero del mismo nivel.","Promover el estudio de todos los aspectos relacionados con la investigación de lenguas extranjeras en hablantes latinos en contextos de interculturalidad, desde la universidad popular del cesar hacia la comunidad regional.",,El colectivo de investigación GIELEHLA será pionero en la integración y asesoría de docentes del área de inglés centrada en el manejo de estrategias de enseñanza de una lengua extranjera en todos los ámbitos de la comunidad local y regional capaces de transformar su quehacer docente.,"1.- Formacion Docente
2.- LINGUISTICA APLICADA
3.- Lengua, Cultura y sociedad",https://scienti.minciencias.gov.co/gruplac/jsp/visualiza/visualizagr.jsp?nro=00000000003639,"Scienti, consultado 2026-09-25; formación: 2004 - 2",1
G-00000000017498,Investigarte,00000000017498,,,Jorge Enrique Ferreira Sarmiento,C,"'- En la actualidad el grupo se encuentra en categoría C, desde el año 2017.
- Contamos con 7 semilleros de investigación relacionados con distintas disciplinas artísticas
- En la actualidad se vienen desarrollando dos propuestas financiadas por colciencias.
- En junio de 2018 se realizó el primer encuentro de investigación en artes que contó con la participación de ponentes y artistas de la región y del país.
- Se diseño una revista de investigación en artes con ISSN 2619-4376 de publicación anual
- se publicó un artículo en la revista indexada Calle 14, código ISSN 2011-3757 Y ISSN 2145-0706","¿ Fortalecer los procesos de investigación en la facultad de Bellas Artes y la Universidad Popular del Cesar.
¿ Estimular el desarrollo de la cultura de socialización de proyectos, productos de apropiación social del conocimiento y procesos de investigación artística en semilleros de Investigación, estudiantes, docentes y artistas.
¿ Facilitar el dialogo, la interacción, la construcción y socialización entre las redes del conocimiento disciplinares e interdisciplinares entre la comunidad académica.
¿ Fomentar la integración de los semilleros, docentes, egresados, estudiantes y artistas de la región,vinculados al grupo.",,"Visión: en el 2025 ser un grupo de investigación que se destaque por su producción intelectual y artística estando a la vanguardia de los procesos de investigación artística en la región y el país, alcanzando la máxima categoría.","1.- ESTUDIOS DEL FOLKLORE Y LA CULTURA
2.- HISTORIA, TÉCNICAS, DISEÑO, PRODUCCIÓN E INNOVACIÓN EN LAS ARTES
3.- Pedagogía y Didáctica de las Artes
4.- Sociedad, cultura y pedagogía",https://scienti.minciencias.gov.co/gruplac/jsp/visualiza/visualizagr.jsp?nro=00000000017498,"Scienti, consultado 2026-09-25; formación: 2013 - 1",1
G-00000000002681,PARASITOLOGIA - AGROECOLOGIA MILENIO,00000000002681,,,Pedro Jose Fragoso Castilla,B,"El control de insectos vectores de enfermedades en humanos, animales y plantas, ha sido objeto de investigaciones multidisciplinarias en centros de investigación en todo el mundo (OMS, 2015); en el grupo Parasitología y Agroecología Milenio, se están implementando alternativas novedosas, efectivas y seguras para el medio ambiente, a través de microorganismos autóctonos para el control de insectos vectores de enfermedades, lo que conlleva a una disminución de los insecticidas sintéticos empleados para tal fin. Estamos en la búsqueda de un bioinsecticida basado en Bacillus thuringiensis para el control de Aedes aegypti, mosquito vector del virus del dengue, chikungunya y la fiebre amarilla en regiones tropicales y subtropicales, particularmente en Colombia. Se están realizado trabajos orientados a la higiene e inocuidad alimentaria, a través de la determinación de contaminantes físicos y microbiológicos de alimentos expendidos por empresas y particulares en el departamento del Cesar. Se trabaja también en estudios de mitigación de la contaminación del rio cesar con aguas residuales domesticas e industriales, mediante la reutilización de estas en el riego de cultivos agrícolas. De todas las investigaciones se están estudiando prototipos para llevarlos a escala industrial.","General: Implementación de investigaciones, orientadas a solución de problemas de salud pública y medio ambiente, a través de tecnologías sostenibles.
Específicos:
¿Contribuir a la formación de investigadores a nivel de semilleros, jóvenes investigadores, especializaciones, maestrías y doctorados.
¿Desarrollar proyectos de investigación orientados al control biológico de insectos plagas.
¿Desarrollar investigación dirigidas a disminuir la carga microbiana de productos alimenticios.
¿Utilizar las aguas residuales con fines benéficos.
¿Desarrollar proyectos de investigación orientados al fortalecimiento de políticas de salud pública.
¿Realizar diagnóstico de enfermedades infecciosas en humanos, animales y plantas.",,"En el año 2023, nuestro grupo de investigación alcanzará la categoría más alta para grupos de investigación establecida por Colciencias.","1.- Bioprospección
2.- Biotecnología Agropecuaria y Agroindustrial
3.- Control Biologico (Biocontrol-Entomopatogenos)
4.- Enfermedades Infecciosas
5.- Manejo Agrosostenible de Cultivos de Clima Calido
6.- Microbiologìa Ambiental y de Agua (Bioindicadores)
7.- Parasitologìa y Microbiologìa Agricola,
8.- Prevenciòn y Control de enfermedades fitosanitarias mediante Microorganimos Antagonicos",https://scienti.minciencias.gov.co/gruplac/jsp/visualiza/visualizagr.jsp?nro=00000000002681,"Scienti, consultado 2026-09-25; formación: 2002 - 2",1
G-00000000024277,EQUIPO DE INVESTIGACIÓN EN DESARROLLO Y GESTIÓN AVANZADA (EIDGA),00000000024277,,,yina paola ortega santiago,C,"El estado del arte en la formación de recurso humano en Ciencia, Tecnología e Innovación (CTeI) revela un enfoque creciente hacia la educación interdisciplinaria, especialmente en ingeniería. Los programas de posgrado están integrando conocimientos de diversas disciplinas para abordar problemas complejos de manera más efectiva. Las metodologías activas de aprendizaje, como el aprendizaje basado en proyectos, se están utilizando para ofrecer experiencias prácticas y mejorar la comprensión teórica. Además, se está promoviendo la colaboración multidisciplinaria y la incorporación de tecnologías emergentes, lo que está transformando la investigación y el desarrollo, facilitando soluciones innovadoras adaptadas a los desafíos actuales.","Objetivo general: Fortalecer la capacidad investigativa y formativa en Ciencia, Tecnología e Innovación (CTeI) en el ámbito de la ingeniería, mediante la promoción de una formación de alta calidad, la realización de investigaciones interdisciplinarias, la transferencia de conocimiento hacia la industria y la sociedad, y el establecimiento de alianzas estratégicas que generen un impacto tanto regional como global en el desarrollo sostenible y el avance tecnológico.
1: Fortalecer la Formación de Recurso Humano: Proporcionar una formación de alta calidad en Ciencia, Tecnología e Innovación (CTeI), enfocada en la ingeniería, mediante programas de posgrado, capacitación continua y metodologías educativas avanzadas.
2: Fomentar la Investigación Interdisciplinaria: Promover y llevar a cabo investigaciones interdisciplinarias que integren diferentes áreas del conocimiento para abordar desafíos multidimensionales y generar nuevos conocimientos aplicables.
3: Impulsar la Transferencia de Conocimiento: Facilitar la transferencia de conocimientos y tecnologías desarrolladas en el grupo hacia la industria y la sociedad, contribuyendo a la mejora de procesos y la creación de soluciones prácticas.
4: Establecer Alianzas Estratégicas: Formar convenios y colaboraciones con instituciones académicas, centros de investigación y empresas para fortalecer la capacidad investigativa del grupo y ampliar el impacto de sus proyectos
5: Generar Impacto Regional y Global: Contribuir al desarrollo sostenible y al avance tecnológico tanto a nivel regional como global mediante la investigación aplicada y la implementación de prácticas innovadoras.",,"Ser un referente global en el 2027 para la generación y aplicación de conocimiento avanzado en ingeniería, promoviendo la innovación interdisciplinaria y la formación de líderes en Ciencia, Tecnología e Innovación (CTeI). Buscamos impactar positivamente en la sociedad y la industria mediante la creación de soluciones prácticas y sostenibles, fortaleciendo la colaboración entre el mundo académico y el sector productivo para abordar los desafíos del futuro.","1.- Ambientes urbanos y rurales sostenibles
2.- Desarrollo de procesos y productos industriales enfocados al consumo responsable.
3.- Estrategias innovadoras en el aula.
4.- Gestión empresarial y mercadeo
5.- Industria 4.0
6.- Seguridad Alimentaria.
7.- Sistemas integrados de gestión
8.- Valoración económica de los Servicios Ecosistémicos.",https://scienti.minciencias.gov.co/gruplac/jsp/visualiza/visualizagr.jsp?nro=00000000024277,"Scienti, consultado 2026-09-25; formación: 2021 - 12",1
G-00000000022006,"GRUPO INTERDISCIPLINARIO ORGANIZACION SOCIEDAD, EDUCACION Y CULTURA PARA LA PAZ",00000000022006,,,Martha GUERRA MUÑOZ,C,"Los aspectos centrales que emprende este grupo de investigación, nombrado genéricamente, pero con líneas de investigación específicas, dentro de las disciplinas establecidas, se unirá al conjunto de grupos similares reconocidos a nivel del país, con la diferencia que marcaremos pautas relevantes en las disciplinas expuestas, creciendo en la producción de conocimientos, basados en la responsabilidad investigativa y los lineamientos de calidad. En este sentido González y Gómez (2014) manifiesta que las calidades de las acciones organizacionales deben asegurar que los productos deben contar con niveles óptimos de calidad.
Desde lo anterior, traemos a colación lo propuesto por Giardina (2002) en torno a la necesidad de que las universidades investigación de las universidades, deben abrir caminos para la ética y la responsabilidad social. Es así como se interpreta en este grupo, la responsabilidad unida a la ética en los procesos investigativos como una manera de indicar que la investigación debemos ejercerla con el propósito de generar conocimientos nuevos, coadyuvando a la resolución de problemas en el marco de lo académico. Babbie (2001), dice que, al ejercitar la investigación con ética y valores, ésta se convierte en una contribución social y humana al progreso y desarrollo del hombre.","Objetivo: General.
Construir un grupo de investigadores interdisciplinarios que generen alternativas de solución a las diferentes problemáticas que surgen en el contexto local, nacional e internacional.
Específicos.
-Plantear propuestas de investigación acordes a las diferentes necesidades de la región en consideración de los microsistemas existentes desde un enfoque diferencial
-Contribuir a la cualificación investigativa del programa.
-Apoyar la investigación formativa mediante los semilleros.
-Promover los procesos académico-científicos que fortalecen las diversas competencias desde el marco de la interculturalidad en la educación de la mano de los docentes y acompañamiento de las directivas universitarias.
- Desarrollar asociaciones estratégicas que actúen en pro de la creación de nuevos conocimientos.
- Ejecutar proyectos que garantizan el mejoramiento académico a través de la investigación científica.",,"El grupo de investigación GIOSEC se concibe para el año 2026 como un grupo de investigación con reconocimiento local, regional, nacional e internacional, al interior de la Universidad Popular del Cesar proponiendo integralidad investigativa y haciendo enlaces con distintos sectores de la sociedad civil en la region y en Colombia.","1.- ORGANIZACIONAL HUMANA Y EMPRESARIAL
2.- CIENCIAS POLITICAS, Y DERECHO
3.- CULTURA, COMUNICACIÓN Y SOCIEDAD
4.- DESARROLLO TECNOLÒGICO AGROPECUARIO Y AGROINDUSTRIAL
5.- EDUCACION INCLUSIVA Y NEUROEDUCACIÓN
6.- SALUD Y EDUCACIÓN",https://scienti.minciencias.gov.co/gruplac/jsp/visualiza/visualizagr.jsp?nro=00000000022006,"Scienti, consultado 2026-09-25; formación: 2019 - 1",1
G-00000000001727,(BIAT) BIOTECNOLOGIA E INNOVACION AGROINDUSTRIAL TROPICAL,00000000001727,,,Aldo Alexander Fernandez Varela,C,"la biotecnologia en colombia y elmundo ha tomado uno de los mayores auges en desarrollo cientifico y la dedicacion de presupuestos publicos y privados debido en gran parte a la esperanza que genera para la solucion de problemas ambientales, alimentarios, de productividad y de salud, entre otros beneficios a la humanidad cuando en ella esta operando como valor el servicio a la humanidad.
En la agroindustria está tomando en estos momentos un mayor auge aunque un poco menos que en salud pues procesos y productos que ninguna industria ha podido hacer por los metodos convencionales termodinamicos y mecanicos han resultado los mas efectivos en productivad y costos.
Aunque su apropiacion y generacion de conocimiento requiere gran dedicacion y orgnizacion, la biotenologia y la ingenieria para hacer desarrollos agroindustriales han resultado exitosas yaque a la fecha se posee un buen numero de productos alimenticios funcionales y nutracéuticos, farmaceuticos, quimicos, ademas de informacion cientifica patentados y protegidos por secreto industrial y en otros casos puestos a disposicion publica y libre acceso que estan dando mayor interes en la poblacion para apropiarse y fomentar el desarrollo de estos conocimientos y para utilizarlos en una mayor calidad de vida y en algunos aspectos a profundizar mas como en la bionanotecnología. colombia no se queda atras, ademas de haber centro, grupos y empresas oranizadas tambien hay una politica publica especial para temas ciencias agropeuarias y biotecnologia.","El objetivo general del grupo es la generaciòn, transferencia, intercambio y utilizaciòn de conocimiento cientifico y tecnologico que sea demandado por la regiòn, el pais y las regiones tropicales para su desarrollo sostenible y el aumento de capacidad de comunidades rurales y urbanas mas necesitadas y entidades involucradas.
.Posicionar en el ambito internacional al grupo y a su produccion junto con las caracteristicas y potencialidades de los recursos naturales del tropico descubiertas y/o repontencializadas con sus investigaciones.
.Colaborar a nivel nacional e internacional con conocimientos en redes de investigadores y al desarrollo de objetivos de la Fundacion Tropilogia.
. Popularizar la ciencia y el espíritu investigativo dentro de las comunidades rurales y urbanas del país para un constante avance en sus niveles de productividad, competitividad, dignidad y hacia una cultura basada en el conocimiento.
. Realizar programas, proyectos y actividades específicas de investigación científica y desarrollo tecnológico,inteligencia de nuevos productos, procesos, servicios, maquinaria, plantas, sistemas y asociatividades para producir y organizar conocimiento y tecnología autóctonos que sirvan de fundamento y apoyo para la instauración, integración, fortalecimiento y perfeccionamiento de sistemas agroindustriales tropicales sostenibles.
.Servir de interlocutor y apoyar el desarrollo del sistema nacional de ciencia y tecnología, con una participación muy activa dentro del sistema nacional de ciencia y tecnología agroindustrial y el sistema nacional de innovación.
.Hacer prevalecer el uso del conocimiento y la tecnología autóctona dentro de los proyectos y actividades, así como respaldar el conocimiento tradicional y practicas sobresalientes de las comunidades rurales y urbanas en la producción y usos de los productos agropecuarios tropicales.",,"Grupo con producción de excelencia y de tipo A integrada a la comunidad cientifica y empresarial nacional e internacional, de referencia para redes y pares en el país y el exterior en temas de investigacion de las ciencias agroindustriales, asesora a entidades publicas y privadas en materia de programas de investigación, es promotora en latinoamerica de investigaciones agroindustriales y su producción tiene impacto en toda la comunidad internacional y especificamente en las zonas tropicales.","1.- ALMIDONES DERIVADOS DE TUBERCULOS TROPICALES
2.- ENZIMAS, BIOPRODUCTOS Y APLICACIONES
3.- ESPECIES DESCONOCIDAS
4.- NUEVOS ALIMENTOS
5.- PENSAMIENTO Y ESTRATEGIA AGROINDUSTRIAL
6.- PEQUEÑA AGROINDUSTRIA TRADICIONAL
7.- TECNOLOGIAS DE LA INFORMACION Y COMUNICACION EN AGROINDUSTRIA
8.- TECNOLOGIAS SOSTENIBLES",https://scienti.minciencias.gov.co/gruplac/jsp/visualiza/visualizagr.jsp?nro=00000000001727,"Scienti, consultado 2026-09-25; formación: 1996 - 9",1
G-00000000017495,APOLO INFINITO,00000000017495,,,EDWIN IVÁN VÁSQUEZ PINO,A,"LAS INVESTIGACIONES QUE PROPONE EL GRUPO A TRAVÉS DE LOS PROYECTOS DE I+D,DESARROLLANDO LINEAS ESPECIFICAS,ORIENTADAS A LAS POLÍTICAS ECONÓMICAS,SOCIALES,DE COMERCIO INTERNACIONAL,LA ARMONIZACIÓN Y GLOBALIZACIÓN DE LAS ÁREAS CONTABLES,LA APLICACIÓN DE LAS NUEVAS TECNOLOGÍAS A LA EDUCACIÓN,PARA LOGRAR OPORTUNIDADES DE NEGOCIO BASADAS EN INNOVACIÓN,TRANSFERENCIA Y LA ADAPTACIÓN EN LOS ÁMBITOS PÚBLICOS Y PRIVADOS,QUE PERMITAN LA GENERACIÓN,CUALIFICACIÓN Y LA MODERNIZACIÓN DEL SECTOR EMPRESARIAL DE BASE TECNOLÓGICA,SON CASI NULAS EN LA REGIÓN DEL CESAR Y EN COLOMBIA EN GENERAL.","OBJETIVO GENERAL:
REALIZAR PROYECTOS DE INVESTIGACIÓN, INNOVACIÓN Y DESARROLLO TECNOLÓGICO DE I + D, DE ALTA CALIDAD; ENFOCADOS AL FORTALECIMIENTO Y EL DESARROLLO DEL SECTOR EMPRESARIAL, INDUSTRIAL Y ACADÉMICO DE BASES TECNOLÓGICAS, GESTIÓN DEL CONOCIMIENTO, DE COMPETITIVIDAD A NIVEL REGIONAL Y NACIONAL.
OBJETIVOS ESPECÍFICOS:
Los propósitos estratégicos del Grupo de Investigación Apolo infinito son:
1.Realizar programas de sensibilización en proyectos de investigación, innovación y desarrollo tecnológico, mediante estrategias de crecimiento y cualificación formando a partir del conocimiento y la experiencia en el sector empresarial, industrial y académico.
2.Fortalecer la capacidad investigativa, en los integrantes, estudiantes y semilleros de investigación y la formación de personal, con voluntad, compromiso, creencia es sí mismo, como futuro investigador, como punto de desarrollo en los procesos de innovación y visión investigativa dentro de la dinámica que requiere el País.
3.Mantener una alta visibilidad, una activa de cooperación nacional e internacional con la red del conocimiento, vinculado con el entorno productivo, imperando una investigación responsable y de calidad, en las líneas de investigación y los componentes o ejes de cada una de ellas.",,"EL GRUPO DE INVESTIGACIÓN APOLO INFINITO APROVECHANDO SU TRADICIÓN,EXPERIENCIA Y SU CAPACIDAD CREATIVA,FORMARÁ INVESTIGADORES EN LA CANTERA UNIVERSITARIA Y APOYARÁ A LA UNIVERSIDAD EN LA FORMACIÓN DE PROFESIONALES INTEGRALES;PARTICIPARÁ MEDIANTE SUS INVESTIGACIONES Y PRODUCTOS EN EL ANÁLISIS Y TRANSFORMACIÓN DE LA PROBLEMÁTICA LOCAL,REGIONAL,NACIONAL E INTERNACIONAL,GENERANDO CONOCIMIENTOS,PROPONIENDO SOLUCIONES Y EJERCIENDO SU CAPACIDAD DE LIDERAZGO MEDIANTE EL TRABAJO EN EQUIPO INTERDISCIPLINARIOS.","1.- Agroecología y Producción Sostenible para la Soberanía Alimentaria
2.- Economía Circular y Sostenibilidad
3.- Educación y Formación para la Innovación
4.- Emprendimiento Social y Desarrollo Comunitario
5.- Gobernanza Regional para el Desarrollo Productivo y Convergencia Socioeconómica
6.- Políticas Públicas y Justicia Social para la Paz
7.- Transformación Digital y Tecnologías Emergentes
8.- Transformación Educativa y Comunitaria a través de Proyectos Interdisciplinarios Avanzados",https://scienti.minciencias.gov.co/gruplac/jsp/visualiza/visualizagr.jsp?nro=00000000017495,"Scienti, consultado 2026-09-25; formación: 2014 - 1",1
G-00000000002103,CONTROL DE CALIDAD DE LOS PROCESOS EN SALUD,00000000002103,,,FRANCIA ESTHER HERRERA SALAZAR,B,"En muchos paises en via de desarrollo se evalua el desarrollo humano por el cambio de unas condiciones de atraso a unas condiciones de modernismo, evadiéndose el desarrollo de aspectos fundamentales para el crecimiento personal y social, repercutiendo negativamente en la calidad de vida de los pueblos, sin que las reformas privatizadoras en salud hayan contribuido en mejorar las condiciones de atención en salud ni en educación. En Colombia, la práctica de salud enfatiza el proceso de facturación, como el mecanismo que garantiza los ingresos de las empresas de salud, relegando la calidad de la atención a un segundo plano. Al rededor de este tema interactuamos con los muchos grupos de investigación a nivel local, nacional e internacional. En el año 2000, cuando este Grupo se conformó para investigar sobre la calidad de los procesos de formación y de atención, pensábamos en ese momento que solo necesitábamos ejecutar el conocimiento que teníamos de investigación para aplicarlo; pero en la medida en que investigábamos sobre la complejidad de los fenómenos de la salud, ese conocimiento se quedó corto porque nos quedamos sin herramientas para abordar estos nuevos fenómenos de la vida. Culminamos el Doctorado en Ciencias de la Educación y esa formación nos ha permitido orientar los procesos de investigación a nivel de la maestría en Educación SUE-CARIBE y en el Programa de Pregrado de Enfermeríia. Participamos en la Formación de una escuela de Pensamiento al rededor del Cuidado de la Vida y la Salud; por lo que fue necesario crear la Línea de Investigación ""Cuidado de la Vida y la Salud"", línea matriz que nos permitió visionar el Diseño de un Programa de Formación Avanzada en Salud: Programa de Maestría Cuidado de la Vida para el Desarrollo Social Sostenible (en proceso de evaluación). Participamos en la creación de los Lineamientos de Investigación de Enfermería a nivel nacional (ACOFAEN). Actualmente nuestras Líneas de Investigación soportan la Maestría en educación,","1. Ofertar nuestras Líneas de Investigación para servir de soporte a Programas de Formación Avanzada.
2. Establecer comunicación con grupos pares nacionales e internacionales para concertar investigación colaborativa.
3. Vincular nuestras Investigadoras a Redes de Conocimiento Científico participando en Proyectos de Investigación Multicéntricos.
4.Proyectar la investigación hacia los problemas sociales para impactar en el Perfil de Morbilidad de las comunidades atendidaas
5. Difundir la Productividad Investigativa en Eventos Nacionales e Internacionales
6. Contribuir con el fomento de una cultura académica e investigativa en nuestras comunidades de educación media y superior a través de la organización de eventos y acciones de investigación
7. Integrar las funciones misionales de Formación-Investigación-Intervención Social desde nuestro quehacer, para gestionar el conocimiento incidiendo en la transformación de una organización que caracterice la institución como la Universidad Socialmente Responsable.",,"Interactuar con los Grupos de Investigación a nivel local, regional nacional e internacional, en torno a la problemática de la formación y de la atención en salud,destacando el cuidado de la vida y del ambiente como el componente central que conecta al equipo de salud en los entornos laborales y con las personas y colectivos que requieren de los servicios de salud de calidad; posicionando así el Grupo de Investigación Control de Calidad de los Procesos en Salud que prioriza y fomenta la condición humana en la atención de salud para aprenderla y para ofrecerla.","1.- CUIDADO DE LA VIDA Y LA SALUD
2.- Control de Calidad de los Procesos en Salud Relacionados con Procesos de Atención
3.- Control de Calidad de los Procesos en Salud Relacionados con los Procesos de Formación
4.- EL VALOR DE LA VIDA Y LA SALUD Y EL CUIDADO DE ENFERMERÍA EN EL PROCESO MATERNAL
5.- Prácticas de los Ciudados de Enfermería
6.- SALUD, GÉNERO Y CULTURA",https://scienti.minciencias.gov.co/gruplac/jsp/visualiza/visualizagr.jsp?nro=00000000002103,"Scienti, consultado 2026-09-25; formación: 2000 - 12",1
G-00000000024231,Grupo de Investigación de aplicación de las TIC en la educación y sector productivo,00000000024231,,,YERLY CRISTANCHO PORTILLO,,"El Grupo de Investigación de Aplicación de las TIC en la Educación y Sector Productivo se fundamenta en teorías que resaltan la importancia de integrar tecnologías en el aula y su conexión con el sector productivo. La teoría del aprendizaje constructivista, defendida por Piaget y Vygotsky, establece que el aprendizaje es un proceso activo donde cada una de las personas construye su conocimiento a través de experiencias significativas.
Estas metodologías no solo enriquecen el proceso educativo, sino que también preparan a las personas para enfrentar los desafíos del mercado laboral actual, donde las habilidades prácticas y la capacidad de trabajar en equipo son esenciales.
En el ámbito de la Industria, el desarrollo de competencias digitales es fundamental para que las personas puedan adaptarse a un entorno laboral cada vez más tecnológico. El Marco Europeo de Competencias Digitales (DigComp) define estas competencias como la capacidad de utilizar tecnologías digitales de manera efectiva y crítica, incluyendo habilidades como la alfabetización digital, la comunicación y colaboración, y la resolución de problemas (Carretero, Vuorikari & Punie, 2017).
Estas competencias son esenciales para que personas puedan desempeñarse con éxito en un contexto laboral caracterizado por la integración de tecnologías avanzadas como la inteligencia artificial, el Internet de las Cosas (IoT) y la automatización (Schwab, 2016).","OBJETIVO GENERAL
➢Fomentar la innovación en la educación y el sector productivo a través de la aplicación de estrategias que integran las TIC, promoviendo un aprendizaje significativo y adaptado a las demandas de la Industria 4.0.
OBJETIVOS ESPECÍFICOS
1. Desarrollar estrategias innovadoras en el aula que incorporan el uso de tecnologías emergentes.
2. Capacitar a las personas en el uso de TIC y metodologías pedagógicas innovadoras.
3. Establecer alianzas con empresas líderes en la Industria 4.0 para desarrollar proyectos de investigación aplicada y prácticas profesionales.
4. Evaluar el impacto de las estrategias implementadas y difundir los resultados a la comunidad.",,"En el 2027 ser un grupo de investigación líder en la aplicación de las TIC en la educación y el sector productivo, contribuyendo al desarrollo de profesionales competentes y adaptables a los desafíos de la Industria 4.0, y promoviendo una cultura de innovación y aprendizaje.","1.- Estrategias innovadoras en el aula
2.- Industria 4.0.
3.- Ingenieria del Software
4.- Inteligencia Artificial",https://scienti.minciencias.gov.co/gruplac/jsp/visualiza/visualizagr.jsp?nro=00000000024231,"Scienti, consultado 2026-09-25; formación: 2021 - 12",1
