id,nombre,codigo_cvlac,afiliacion,categoria,contacto,url,fuente,activo
I-0000713899,Antonio Yesid Pedroza Estrada,0000713899,,Investigador Junior (IJ),,https://scienti.minciencias.gov.co/cvlac/visualizador/generarCurriculoCv.do?cod_rh=0000713899,"GrupLAC, censo de integrantes, consultado 2026-09-25; vinculación: 2017/1 - Actual",1
I-0001510894,martha maria charris balcazar,0001510894,,Investigador Junior (IJ),,https://scienti.minciencias.gov.co/cvlac/visualizador/generarCurriculoCv.do?cod_rh=0001510894,"GrupLAC, censo de integrantes, consultado 2026-09-25; vinculación: 2017/6 - Actual",1
I-0002159536,Adriana Carolina Rojas Ortiz,0002159536,,,,https://scienti.minciencias.gov.co/cvlac/visualizador/generarCurriculoCv.do?cod_rh=0002159536,"GrupLAC, censo de integrantes, consultado 2026-09-25; vinculación: 2022/2 - 2022/12",1
I-0000171252,alejandro enzor criales sierra,0000171252,,,,https://scienti.minciencias.gov.co/cvlac/visualizador/generarCurriculoCv.do?cod_rh=0000171252,"GrupLAC, censo de integrantes, consultado 2026-09-25; vinculación: 2018/3 - 2021/3",1
I-0001750937,ana elvira mercado cuadrado,0001750937,,,,https://scienti.minciencias.gov.co/cvlac/visualizador/generarCurriculoCv.do?cod_rh=0001750937,"GrupLAC, censo de integrantes, consultado 2026-09-25; vinculación: 2023/5 - Actual",1
I-0001401450,ana sthephania forero sanchez,0001401450,,,,https://scienti.minciencias.gov.co/cvlac/visualizador/generarCurriculoCv.do?cod_rh=0001401450,"GrupLAC, censo de integrantes, consultado 2026-09-25; vinculación: 2023/5 - 2023/12",1
I-0002052195,Angelo Yecid Pedroza Miranda,0002052195,,,,https://scienti.minciencias.gov.co/cvlac/visualizador/generarCurriculoCv.do?cod_rh=0002052195,"GrupLAC, censo de integrantes, consultado 2026-09-25; vinculación: 2023/4 - Actual",1
I-0001668782,Antony Yesid Pedroza Miranda,0001668782,,,,https://scienti.minciencias.gov.co/cvlac/visualizador/generarCurriculoCv.do?cod_rh=0001668782,"GrupLAC, censo de integrantes, consultado 2026-09-25; vinculación: 2025/1 - Actual",1
I-0002159629,Anyi Lorena Mora Gutierrez,0002159629,,,,https://scienti.minciencias.gov.co/cvlac/visualizador/generarCurriculoCv.do?cod_rh=0002159629,"GrupLAC, censo de integrantes, consultado 2026-09-25; vinculación: 2022/1 - 2023/2",1
I-0002230959,Arturo Mario Arrieta Balcazar,0002230959,,,,https://scienti.minciencias.gov.co/cvlac/visualizador/generarCurriculoCv.do?cod_rh=0002230959,"GrupLAC, censo de integrantes, consultado 2026-09-25; vinculación: 2023/12 - Actual",1
I-0002151034,BREINYS MARIA PEDROZA OTALORA,0002151034,,,,https://scienti.minciencias.gov.co/cvlac/visualizador/generarCurriculoCv.do?cod_rh=0002151034,"GrupLAC, censo de integrantes, consultado 2026-09-25; vinculación: 2025/5 - Actual",1
I-0001526255,Carlos Andrés Botero Pérez,0001526255,,,,https://scienti.minciencias.gov.co/cvlac/visualizador/generarCurriculoCv.do?cod_rh=0001526255,"GrupLAC, censo de integrantes, consultado 2026-09-25; vinculación: 2019/2 - 2020/11",1
I-0002095334,CARLOS GUILLERMO RAMIREZ ARAUJO,0002095334,,,,https://scienti.minciencias.gov.co/cvlac/visualizador/generarCurriculoCv.do?cod_rh=0002095334,"GrupLAC, censo de integrantes, consultado 2026-09-25; vinculación: 2023/4 - 2023/12",1
I-0000593982,Carlos LIÑAN ZUÑIGA,0000593982,,,,https://scienti.minciencias.gov.co/cvlac/visualizador/generarCurriculoCv.do?cod_rh=0000593982,"GrupLAC, censo de integrantes, consultado 2026-09-25; vinculación: 2019/5 - Actual",1
I-0001412422,EDGARDO JOSE MAESTRE SANCHEZ,0001412422,,,,https://scienti.minciencias.gov.co/cvlac/visualizador/generarCurriculoCv.do?cod_rh=0001412422,"GrupLAC, censo de integrantes, consultado 2026-09-25; vinculación: 2022/8 - Actual",1
I-0002100647,EDUART DAVID SUAREZ BARRAZA,0002100647,,,,https://scienti.minciencias.gov.co/cvlac/visualizador/generarCurriculoCv.do?cod_rh=0002100647,"GrupLAC, censo de integrantes, consultado 2026-09-25; vinculación: 2023/2 - 2023/12",1
I-0000986020,ELIECER SUAREZ SERRANO,0000986020,,,,https://scienti.minciencias.gov.co/cvlac/visualizador/generarCurriculoCv.do?cod_rh=0000986020,"GrupLAC, censo de integrantes, consultado 2026-09-25; vinculación: 2025/3 - Actual",1
I-0001823730,ELISA MERCEDES VANEGAS ZUÑIGA,0001823730,,,,https://scienti.minciencias.gov.co/cvlac/visualizador/generarCurriculoCv.do?cod_rh=0001823730,"GrupLAC, censo de integrantes, consultado 2026-09-25; vinculación: 2023/4 - 2023/12",1
I-0001414874,EMA YUSELSY MOLINA ROYS,0001414874,,,,https://scienti.minciencias.gov.co/cvlac/visualizador/generarCurriculoCv.do?cod_rh=0001414874,"GrupLAC, censo de integrantes, consultado 2026-09-25; vinculación: 2021/1 - 2021/12",1
I-0001740927,erida lorena bejarano valdez,0001740927,,,,https://scienti.minciencias.gov.co/cvlac/visualizador/generarCurriculoCv.do?cod_rh=0001740927,"GrupLAC, censo de integrantes, consultado 2026-09-25; vinculación: 2023/12 - Actual",1
I-0001425831,GUILLERMO ANDRES ECHAVARRIA GIL,0001425831,,,,https://scienti.minciencias.gov.co/cvlac/visualizador/generarCurriculoCv.do?cod_rh=0001425831,"GrupLAC, censo de integrantes, consultado 2026-09-25; vinculación: 2022/11 - 2023/6",1
I-0001482630,JAVIER ENRIQUE DE LA HOZ MERCADO,0001482630,,,,https://scienti.minciencias.gov.co/cvlac/visualizador/generarCurriculoCv.do?cod_rh=0001482630,"GrupLAC, censo de integrantes, consultado 2026-09-25; vinculación: 2022/1 - 2022/12",1
I-0001554092,jesus angel Orozco Molina,0001554092,,,,https://scienti.minciencias.gov.co/cvlac/visualizador/generarCurriculoCv.do?cod_rh=0001554092,"GrupLAC, censo de integrantes, consultado 2026-09-25; vinculación: 2026/3 - Actual",1
I-0000871516,Jhon Jairo Díaz Carpio,0000871516,,,,https://scienti.minciencias.gov.co/cvlac/visualizador/generarCurriculoCv.do?cod_rh=0000871516,"GrupLAC, censo de integrantes, consultado 2026-09-25; vinculación: 2022/1 - Actual",1
I-0001177362,Jose BOTERO COTES,0001177362,,,,https://scienti.minciencias.gov.co/cvlac/visualizador/generarCurriculoCv.do?cod_rh=0001177362,"GrupLAC, censo de integrantes, consultado 2026-09-25; vinculación: 2019/5 - 2019/12",1
I-0001601441,JOSE DEL CARMEN VILLALOBOS TOVAR,0001601441,,Investigador Junior (IJ),,https://scienti.minciencias.gov.co/cvlac/visualizador/generarCurriculoCv.do?cod_rh=0001601441,"GrupLAC, censo de integrantes, consultado 2026-09-25; vinculación: 2022/1 - 2022/12",1
I-0000041749,José Javier Nuvaez Castillo,0000041749,,Investigador Asociado (I),,https://scienti.minciencias.gov.co/cvlac/visualizador/generarCurriculoCv.do?cod_rh=0000041749,"GrupLAC, censo de integrantes, consultado 2026-09-25; vinculación: 2022/1 - Actual",1
I-0002390981,JOSE JUAN CAMILO GUERRA MENDOZA,0002390981,,,,https://scienti.minciencias.gov.co/cvlac/visualizador/generarCurriculoCv.do?cod_rh=0002390981,"GrupLAC, censo de integrantes, consultado 2026-09-25; vinculación: 2025/3 - Actual",1
I-0002159625,Juan Sebastián Cardenas Orta,0002159625,,,,https://scienti.minciencias.gov.co/cvlac/visualizador/generarCurriculoCv.do?cod_rh=0002159625,"GrupLAC, censo de integrantes, consultado 2026-09-25; vinculación: 2022/1 - 2022/12",1
I-0002063293,Lina Maria Ramirez Serrano,0002063293,,,,https://scienti.minciencias.gov.co/cvlac/visualizador/generarCurriculoCv.do?cod_rh=0002063293,"GrupLAC, censo de integrantes, consultado 2026-09-25; vinculación: 2024/4 - Actual",1
I-0000008984,liz karina barragán peñate,0000008984,,,,https://scienti.minciencias.gov.co/cvlac/visualizador/generarCurriculoCv.do?cod_rh=0000008984,"GrupLAC, censo de integrantes, consultado 2026-09-25; vinculación: 2022/4 - 2023/6",1
I-0000241687,Luis Arturo Escobar Caro,0000241687,,,,https://scienti.minciencias.gov.co/cvlac/visualizador/generarCurriculoCv.do?cod_rh=0000241687,"GrupLAC, censo de integrantes, consultado 2026-09-25; vinculación: 2020/2 - Actual",1
I-0001686469,luis enrique Beleño Chamorro,0001686469,,,,https://scienti.minciencias.gov.co/cvlac/visualizador/generarCurriculoCv.do?cod_rh=0001686469,"GrupLAC, censo de integrantes, consultado 2026-09-25; vinculación: 2018/9 - 2020/12",1
I-0002062413,Luisa Fernanda Iseda Polo,0002062413,,,,https://scienti.minciencias.gov.co/cvlac/visualizador/generarCurriculoCv.do?cod_rh=0002062413,"GrupLAC, censo de integrantes, consultado 2026-09-25; vinculación: 2023/1 - 2023/12",1
I-0001570355,Madelein Arellano Rodríguez,0001570355,,,,https://scienti.minciencias.gov.co/cvlac/visualizador/generarCurriculoCv.do?cod_rh=0001570355,"GrupLAC, censo de integrantes, consultado 2026-09-25; vinculación: 2018/2 - 2023/2",1
I-0001503437,MARIA ANGELICA SANCHEZ JULIO,0001503437,,Investigador Junior (IJ),,https://scienti.minciencias.gov.co/cvlac/visualizador/generarCurriculoCv.do?cod_rh=0001503437,"GrupLAC, censo de integrantes, consultado 2026-09-25; vinculación: 2022/5 - 2023/12",1
I-0002159641,Maria Camila Arias Teran,0002159641,,,,https://scienti.minciencias.gov.co/cvlac/visualizador/generarCurriculoCv.do?cod_rh=0002159641,"GrupLAC, censo de integrantes, consultado 2026-09-25; vinculación: 2022/1 - 2023/12",1
I-0002159529,Maria Fernanda Arias Maestre,0002159529,,,,https://scienti.minciencias.gov.co/cvlac/visualizador/generarCurriculoCv.do?cod_rh=0002159529,"GrupLAC, censo de integrantes, consultado 2026-09-25; vinculación: 2022/1 - 2023/12",1
I-0000185819,maria loraine villalba martinez,0000185819,,,,https://scienti.minciencias.gov.co/cvlac/visualizador/generarCurriculoCv.do?cod_rh=0000185819,"GrupLAC, censo de integrantes, consultado 2026-09-25; vinculación: 2023/2 - 2024/12",1
I-0000082185,MARIA TERESA RINCON BECERRA,0000082185,,,,https://scienti.minciencias.gov.co/cvlac/visualizador/generarCurriculoCv.do?cod_rh=0000082185,"GrupLAC, censo de integrantes, consultado 2026-09-25; vinculación: 2019/3 - 2023/2",1
I-0002159522,Michel Carolais Ricardo Ortiz,0002159522,,,,https://scienti.minciencias.gov.co/cvlac/visualizador/generarCurriculoCv.do?cod_rh=0002159522,"GrupLAC, censo de integrantes, consultado 2026-09-25; vinculación: 2022/1 - 2022/6",1
I-0002159539,Nasly Sohara Lopez Jaimes,0002159539,,,,https://scienti.minciencias.gov.co/cvlac/visualizador/generarCurriculoCv.do?cod_rh=0002159539,"GrupLAC, censo de integrantes, consultado 2026-09-25; vinculación: 2023/1 - 2023/12",1
I-0000122096,Orlando Scoppetta Diaz Granados,0000122096,,Investigador Junior (IJ),,https://scienti.minciencias.gov.co/cvlac/visualizador/generarCurriculoCv.do?cod_rh=0000122096,"GrupLAC, censo de integrantes, consultado 2026-09-25; vinculación: 2022/1 - Actual",1
I-0001349276,Oscar Edmundo Narváez Martínez,0001349276,,,,https://scienti.minciencias.gov.co/cvlac/visualizador/generarCurriculoCv.do?cod_rh=0001349276,"GrupLAC, censo de integrantes, consultado 2026-09-25; vinculación: 2021/3 - 2021/12",1
I-0000599514,Romelio Jose Gonzalez Daza,0000599514,,Investigador Junior (IJ),,https://scienti.minciencias.gov.co/cvlac/visualizador/generarCurriculoCv.do?cod_rh=0000599514,"GrupLAC, censo de integrantes, consultado 2026-09-25; vinculación: 2025/5 - Actual",1
I-0001631067,SERGIO ZAPATA ROMERO,0001631067,,,,https://scienti.minciencias.gov.co/cvlac/visualizador/generarCurriculoCv.do?cod_rh=0001631067,"GrupLAC, censo de integrantes, consultado 2026-09-25; vinculación: 2020/8 - Actual",1
I-0002227342,Shirly Valentina Oñate Arzuaga,0002227342,,,,https://scienti.minciencias.gov.co/cvlac/visualizador/generarCurriculoCv.do?cod_rh=0002227342,"GrupLAC, censo de integrantes, consultado 2026-09-25; vinculación: 2023/1 - Actual",1
I-0002159533,Veronica Massiel Contreras Fierro,0002159533,,,,https://scienti.minciencias.gov.co/cvlac/visualizador/generarCurriculoCv.do?cod_rh=0002159533,"GrupLAC, censo de integrantes, consultado 2026-09-25; vinculación: 2022/1 - 2023/12",1
I-0000148756,WILFER DE LEON FERNANDEZ DUARTE,0000148756,,,,https://scienti.minciencias.gov.co/cvlac/visualizador/generarCurriculoCv.do?cod_rh=0000148756,"GrupLAC, censo de integrantes, consultado 2026-09-25; vinculación: 2023/1 - 2023/12",1
I-0001653161,WYNTER JOAQUIN DIAZ CORZO,0001653161,,,,https://scienti.minciencias.gov.co/cvlac/visualizador/generarCurriculoCv.do?cod_rh=0001653161,"GrupLAC, censo de integrantes, consultado 2026-09-25; vinculación: 2019/6 - Actual",1
I-0002384671,YOVANNY ORALDO ROMERO RAMIREZ,0002384671,,,,https://scienti.minciencias.gov.co/cvlac/visualizador/generarCurriculoCv.do?cod_rh=0002384671,"GrupLAC, censo de integrantes, consultado 2026-09-25; vinculación: 2025/6 - Actual",1
I-0002113021,Yuranllelys Cordoba Brito,0002113021,,,,https://scienti.minciencias.gov.co/cvlac/visualizador/generarCurriculoCv.do?cod_rh=0002113021,"GrupLAC, censo de integrantes, consultado 2026-09-25; vinculación: 2023/2 - Actual",1
I-0001161423,Fanny Matilde PINZON CANDELARIO,0001161423,,Investigador Junior (IJ),,https://scienti.minciencias.gov.co/cvlac/visualizador/generarCurriculoCv.do?cod_rh=0001161423,"GrupLAC, censo de integrantes, consultado 2026-09-25; vinculación: 2017/1 - Actual",1
I-0001561197,ABID SILVESTRE CAÑATE GONZALEZ,0001561197,,Investigador Junior (IJ),,https://scienti.minciencias.gov.co/cvlac/visualizador/generarCurriculoCv.do?cod_rh=0001561197,"GrupLAC, censo de integrantes, consultado 2026-09-25; vinculación: 2024/2 - Actual",1
I-0001568398,ALDER RODRIGUEZ ANGARITA,0001568398,,,,https://scienti.minciencias.gov.co/cvlac/visualizador/generarCurriculoCv.do?cod_rh=0001568398,"GrupLAC, censo de integrantes, consultado 2026-09-25; vinculación: 2014/3 - 2018/11",1
I-0001608971,ALEJANDRA MARGARITA OLMEDO MEZA,0001608971,,,,https://scienti.minciencias.gov.co/cvlac/visualizador/generarCurriculoCv.do?cod_rh=0001608971,"GrupLAC, censo de integrantes, consultado 2026-09-25; vinculación: 2017/6 - Actual",1
I-0001582933,Alejandra Milena Cuadrado Salgado,0001582933,,,,https://scienti.minciencias.gov.co/cvlac/visualizador/generarCurriculoCv.do?cod_rh=0001582933,"GrupLAC, censo de integrantes, consultado 2026-09-25; vinculación: 2014/8 - 2016/11",1
I-0001505340,ALEXANDER VERA VELASQUEZ,0001505340,,Investigador Junior (IJ),,https://scienti.minciencias.gov.co/cvlac/visualizador/generarCurriculoCv.do?cod_rh=0001505340,"GrupLAC, censo de integrantes, consultado 2026-09-25; vinculación: 2014/10 - 2016/11",1
I-0000017462,Alfredo De Jesús Mendoza Gámes,0000017462,,,,https://scienti.minciencias.gov.co/cvlac/visualizador/generarCurriculoCv.do?cod_rh=0000017462,"GrupLAC, censo de integrantes, consultado 2026-09-25; vinculación: 2013/9 - 2014/1",1
I-0000444740,Alvaro Araujo Guerra,0000444740,,Investigador Junior (IJ),,https://scienti.minciencias.gov.co/cvlac/visualizador/generarCurriculoCv.do?cod_rh=0000444740,"GrupLAC, censo de integrantes, consultado 2026-09-25; vinculación: 2005/3 - Actual",1
I-0001593484,Alvaro Pineda Quintero,0001593484,,,,https://scienti.minciencias.gov.co/cvlac/visualizador/generarCurriculoCv.do?cod_rh=0001593484,"GrupLAC, censo de integrantes, consultado 2026-09-25; vinculación: 2014/9 - 2016/4",1
I-0001415611,amairet rodriguez lopez,0001415611,,,,https://scienti.minciencias.gov.co/cvlac/visualizador/generarCurriculoCv.do?cod_rh=0001415611,"GrupLAC, censo de integrantes, consultado 2026-09-25; vinculación: 2011/3 - 2012/1",1
I-0001028960,Ana GARRIDO ARAGON,0001028960,,,,https://scienti.minciencias.gov.co/cvlac/visualizador/generarCurriculoCv.do?cod_rh=0001028960,"GrupLAC, censo de integrantes, consultado 2026-09-25; vinculación: 2005/3 - 2007/12",1
I-0001554711,Ana Yulieth Diaz Orozco,0001554711,,,,https://scienti.minciencias.gov.co/cvlac/visualizador/generarCurriculoCv.do?cod_rh=0001554711,"GrupLAC, censo de integrantes, consultado 2026-09-25; vinculación: 2016/2 - 2016/10",1
I-0000081988,Angela Maria Castillejo Morales,0000081988,,,,https://scienti.minciencias.gov.co/cvlac/visualizador/generarCurriculoCv.do?cod_rh=0000081988,"GrupLAC, censo de integrantes, consultado 2026-09-25; vinculación: 2024/2 - Actual",1
I-0001685368,Angelica Beatriz Herazo Portillo,0001685368,,,,https://scienti.minciencias.gov.co/cvlac/visualizador/generarCurriculoCv.do?cod_rh=0001685368,"GrupLAC, censo de integrantes, consultado 2026-09-25; vinculación: 2026/2 - Actual",1
I-0001031635,Anthony Will Lopez Villarreal,0001031635,,,,https://scienti.minciencias.gov.co/cvlac/visualizador/generarCurriculoCv.do?cod_rh=0001031635,"GrupLAC, censo de integrantes, consultado 2026-09-25; vinculación: 2007/4 - 2008/12",1
I-0001619313,Arturo Luis Alvarado Vega,0001619313,,,,https://scienti.minciencias.gov.co/cvlac/visualizador/generarCurriculoCv.do?cod_rh=0001619313,"GrupLAC, censo de integrantes, consultado 2026-09-25; vinculación: 2015/10 - 2016/9",1
I-0000781711,Beverlys ROMERO ZAMBRANO,0000781711,,,,https://scienti.minciencias.gov.co/cvlac/visualizador/generarCurriculoCv.do?cod_rh=0000781711,"GrupLAC, censo de integrantes, consultado 2026-09-25; vinculación: 2006/7 - 2008/12",1
I-0001664673,blanca mercedes gomez guerrero gomez guerrero,0001664673,,,,https://scienti.minciencias.gov.co/cvlac/visualizador/generarCurriculoCv.do?cod_rh=0001664673,"GrupLAC, censo de integrantes, consultado 2026-09-25; vinculación: 2020/1 - 2020/12",1
I-0001356682,breiner jose arias montero,0001356682,,,,https://scienti.minciencias.gov.co/cvlac/visualizador/generarCurriculoCv.do?cod_rh=0001356682,"GrupLAC, censo de integrantes, consultado 2026-09-25; vinculación: 2010/10 - 2014/1",1
I-0000018017,BRENDY PAOLA CABALLERO MENDOZA,0000018017,,,,https://scienti.minciencias.gov.co/cvlac/visualizador/generarCurriculoCv.do?cod_rh=0000018017,"GrupLAC, censo de integrantes, consultado 2026-09-25; vinculación: 2013/8 - 2014/1",1
I-0001265318,Carlos CUESTA HOYOS,0001265318,,,,https://scienti.minciencias.gov.co/cvlac/visualizador/generarCurriculoCv.do?cod_rh=0001265318,"GrupLAC, censo de integrantes, consultado 2026-09-25; vinculación: 2017/6 - 2019/2",1
I-0000918636,Carlos Domingo Orozco Gallardo,0000918636,,,,https://scienti.minciencias.gov.co/cvlac/visualizador/generarCurriculoCv.do?cod_rh=0000918636,"GrupLAC, censo de integrantes, consultado 2026-09-25; vinculación: 2017/6 - Actual",1
I-0001770910,Carlos Enrique Villegas Benedetti,0001770910,,,,https://scienti.minciencias.gov.co/cvlac/visualizador/generarCurriculoCv.do?cod_rh=0001770910,"GrupLAC, censo de integrantes, consultado 2026-09-25; vinculación: 2018/2 - Actual",1
I-0000328090,Cindy Lorena García Pinto,0000328090,,,,https://scienti.minciencias.gov.co/cvlac/visualizador/generarCurriculoCv.do?cod_rh=0000328090,"GrupLAC, censo de integrantes, consultado 2026-09-25; vinculación: 2018/2 - Actual",1
I-0001303384,Claudia Patricia Mojica Guerra,0001303384,,,,https://scienti.minciencias.gov.co/cvlac/visualizador/generarCurriculoCv.do?cod_rh=0001303384,"GrupLAC, censo de integrantes, consultado 2026-09-25; vinculación: 2008/8 - 2010/11",1
I-0000725552,Claudia WILCHES CONTRERAS,0000725552,,,,https://scienti.minciencias.gov.co/cvlac/visualizador/generarCurriculoCv.do?cod_rh=0000725552,"GrupLAC, censo de integrantes, consultado 2026-09-25; vinculación: 2017/6 - 2018/11",1
I-0001357375,Daceira Ester Rubio Piñerez,0001357375,,,,https://scienti.minciencias.gov.co/cvlac/visualizador/generarCurriculoCv.do?cod_rh=0001357375,"GrupLAC, censo de integrantes, consultado 2026-09-25; vinculación: 2009/9 - 2010/8",1
I-0000002344,Daniel Eduardo Solorzano Estrada,0000002344,,,,https://scienti.minciencias.gov.co/cvlac/visualizador/generarCurriculoCv.do?cod_rh=0000002344,"GrupLAC, censo de integrantes, consultado 2026-09-25; vinculación: 2008/9 - 2010/10",1
I-0001403823,Dayan Zuley Maza Toncel,0001403823,,,,https://scienti.minciencias.gov.co/cvlac/visualizador/generarCurriculoCv.do?cod_rh=0001403823,"GrupLAC, censo de integrantes, consultado 2026-09-25; vinculación: 2010/10 - 2014/1",1
I-0001303430,Dayana Osman Viloria,0001303430,,,,https://scienti.minciencias.gov.co/cvlac/visualizador/generarCurriculoCv.do?cod_rh=0001303430,"GrupLAC, censo de integrantes, consultado 2026-09-25; vinculación: 2008/8 - 2010/11",1
I-0000018020,dayana paola cordoba roques,0000018020,,,,https://scienti.minciencias.gov.co/cvlac/visualizador/generarCurriculoCv.do?cod_rh=0000018020,"GrupLAC, censo de integrantes, consultado 2026-09-25; vinculación: 2013/8 - 2014/11",1
I-0000092225,Deiby Jose Nuñez Vitola,0000092225,,,,https://scienti.minciencias.gov.co/cvlac/visualizador/generarCurriculoCv.do?cod_rh=0000092225,"GrupLAC, censo de integrantes, consultado 2026-09-25; vinculación: 2024/1 - Actual",1
I-0001415550,Diana Carolina Chinchia Vence,0001415550,,,,https://scienti.minciencias.gov.co/cvlac/visualizador/generarCurriculoCv.do?cod_rh=0001415550,"GrupLAC, censo de integrantes, consultado 2026-09-25; vinculación: 2011/3 - 2011/4",1
I-0001683677,Diana Carolina Montaño Junco,0001683677,,Investigador Junior (IJ),,https://scienti.minciencias.gov.co/cvlac/visualizador/generarCurriculoCv.do?cod_rh=0001683677,"GrupLAC, censo de integrantes, consultado 2026-09-25; vinculación: 2022/2 - Actual",1
I-0001413294,Diego Armando Ojeda Bernal,0001413294,,,,https://scienti.minciencias.gov.co/cvlac/visualizador/generarCurriculoCv.do?cod_rh=0001413294,"GrupLAC, censo de integrantes, consultado 2026-09-25; vinculación: 2011/3 - 2016/11",1
I-0001472158,DIEGO RAMON BERNAL AVILEZ,0001472158,,,,https://scienti.minciencias.gov.co/cvlac/visualizador/generarCurriculoCv.do?cod_rh=0001472158,"GrupLAC, censo de integrantes, consultado 2026-09-25; vinculación: 2017/6 - 2018/6",1
I-0000092860,Domingo Alirio Montano Arias,0000092860,,Investigador Senior (IS),,https://scienti.minciencias.gov.co/cvlac/visualizador/generarCurriculoCv.do?cod_rh=0000092860,"GrupLAC, censo de integrantes, consultado 2026-09-25; vinculación: 2010/2 - Actual",1
I-0000428523,Efren Antonio Valencia Parra,0000428523,,,,https://scienti.minciencias.gov.co/cvlac/visualizador/generarCurriculoCv.do?cod_rh=0000428523,"GrupLAC, censo de integrantes, consultado 2026-09-25; vinculación: 2018/1 - 2018/12",1
I-0000077681,Eliana Milena Cuellar parada,0000077681,,,,https://scienti.minciencias.gov.co/cvlac/visualizador/generarCurriculoCv.do?cod_rh=0000077681,"GrupLAC, censo de integrantes, consultado 2026-09-25; vinculación: 2016/2 - 2016/11",1
I-0000034131,Elyeris De la rosa Camacho,0000034131,,,,https://scienti.minciencias.gov.co/cvlac/visualizador/generarCurriculoCv.do?cod_rh=0000034131,"GrupLAC, censo de integrantes, consultado 2026-09-25; vinculación: 2015/11 - 2016/9",1
I-0001392622,ERIKA MARIA PARODY FERNADEZ,0001392622,,,,https://scienti.minciencias.gov.co/cvlac/visualizador/generarCurriculoCv.do?cod_rh=0001392622,"GrupLAC, censo de integrantes, consultado 2026-09-25; vinculación: 2019/8 - 2020/12",1
I-0001358412,FERNANDO ALARCON MORA,0001358412,,,,https://scienti.minciencias.gov.co/cvlac/visualizador/generarCurriculoCv.do?cod_rh=0001358412,"GrupLAC, censo de integrantes, consultado 2026-09-25; vinculación: 2009/10 - 2010/11",1
I-0001570068,FRANCY TATIANA PEÑA TRILLOS,0001570068,,,,https://scienti.minciencias.gov.co/cvlac/visualizador/generarCurriculoCv.do?cod_rh=0001570068,"GrupLAC, censo de integrantes, consultado 2026-09-25; vinculación: 2018/12 - 2019/1",1
I-0001064401,Franklin Mejia Padilla,0001064401,,,,https://scienti.minciencias.gov.co/cvlac/visualizador/generarCurriculoCv.do?cod_rh=0001064401,"GrupLAC, censo de integrantes, consultado 2026-09-25; vinculación: 2007/11 - 2016/1",1
I-0001636658,Genesy Peréz Jorge,0001636658,,Investigador Junior (IJ),,https://scienti.minciencias.gov.co/cvlac/visualizador/generarCurriculoCv.do?cod_rh=0001636658,"GrupLAC, censo de integrantes, consultado 2026-09-25; vinculación: 2025/2 - Actual",1
I-0001098314,German LOBO RUBIO,0001098314,,,,https://scienti.minciencias.gov.co/cvlac/visualizador/generarCurriculoCv.do?cod_rh=0001098314,"GrupLAC, censo de integrantes, consultado 2026-09-25; vinculación: 2006/7 - 2007/12",1
I-0001912512,GUSTAVO ADOLFO RAMOS GELVEZ,0001912512,,,,https://scienti.minciencias.gov.co/cvlac/visualizador/generarCurriculoCv.do?cod_rh=0001912512,"GrupLAC, censo de integrantes, consultado 2026-09-25; vinculación: 2022/8 - Actual",1
I-0000110350,Hernán Alonso Soto Martínez,0000110350,,,,https://scienti.minciencias.gov.co/cvlac/visualizador/generarCurriculoCv.do?cod_rh=0000110350,"GrupLAC, censo de integrantes, consultado 2026-09-25; vinculación: 2017/6 - 2017/12",1
I-0000523852,Humberto BARRIOS ESCOBAR,0000523852,,,,https://scienti.minciencias.gov.co/cvlac/visualizador/generarCurriculoCv.do?cod_rh=0000523852,"GrupLAC, censo de integrantes, consultado 2026-09-25; vinculación: 2009/8 - 2015/1",1
I-0000112231,Ingris Yohana Hernández Martínez,0000112231,,Investigador Asociado (I),,https://scienti.minciencias.gov.co/cvlac/visualizador/generarCurriculoCv.do?cod_rh=0000112231,"GrupLAC, censo de integrantes, consultado 2026-09-25; vinculación: 2022/8 - Actual",1
I-0001364685,jaime luis fortich FORTICH,0001364685,,,,https://scienti.minciencias.gov.co/cvlac/visualizador/generarCurriculoCv.do?cod_rh=0001364685,"GrupLAC, censo de integrantes, consultado 2026-09-25; vinculación: 2018/2 - Actual",1
I-0000781436,Janys Peralta Devia,0000781436,,,,https://scienti.minciencias.gov.co/cvlac/visualizador/generarCurriculoCv.do?cod_rh=0000781436,"GrupLAC, censo de integrantes, consultado 2026-09-25; vinculación: 2005/9 - 2007/12",1
I-0000014989,Jeison Hernando Rodriguez Novoa,0000014989,,,,https://scienti.minciencias.gov.co/cvlac/visualizador/generarCurriculoCv.do?cod_rh=0000014989,"GrupLAC, censo de integrantes, consultado 2026-09-25; vinculación: 2013/8 - 2014/1",1
I-0001189590,Jerardine OÑATE SUAREZ,0001189590,,,,https://scienti.minciencias.gov.co/cvlac/visualizador/generarCurriculoCv.do?cod_rh=0001189590,"GrupLAC, censo de integrantes, consultado 2026-09-25; vinculación: 2008/4 - 2010/9",1
I-0001415613,jessica paola marquez mendoza,0001415613,,,,https://scienti.minciencias.gov.co/cvlac/visualizador/generarCurriculoCv.do?cod_rh=0001415613,"GrupLAC, censo de integrantes, consultado 2026-09-25; vinculación: 2011/3 - 2017/5",1
I-0001464720,Jessica Yisselly Ortiz Apolinar,0001464720,,,,https://scienti.minciencias.gov.co/cvlac/visualizador/generarCurriculoCv.do?cod_rh=0001464720,"GrupLAC, censo de integrantes, consultado 2026-09-25; vinculación: 2010/10 - 2012/2",1
I-0001596422,Jesús Federico Mejía Arbeláez,0001596422,,,,https://scienti.minciencias.gov.co/cvlac/visualizador/generarCurriculoCv.do?cod_rh=0001596422,"GrupLAC, censo de integrantes, consultado 2026-09-25; vinculación: 2014/9 - 2015/8",1
I-0000109757,JHANNA PATRICK BRIEVA FUENTES,0000109757,,,,https://scienti.minciencias.gov.co/cvlac/visualizador/generarCurriculoCv.do?cod_rh=0000109757,"GrupLAC, censo de integrantes, consultado 2026-09-25; vinculación: 2019/2 - 2019/2",1
I-0001525342,JHONATAN ANGARITA CUELLAR,0001525342,,,,https://scienti.minciencias.gov.co/cvlac/visualizador/generarCurriculoCv.do?cod_rh=0001525342,"GrupLAC, censo de integrantes, consultado 2026-09-25; vinculación: 2013/4 - 2014/1",1
I-0001422390,JOHAN FALQUEZ CABALLERO,0001422390,,,,https://scienti.minciencias.gov.co/cvlac/visualizador/generarCurriculoCv.do?cod_rh=0001422390,"GrupLAC, censo de integrantes, consultado 2026-09-25; vinculación: 2011/3 - 2014/1",1
I-0001603976,JORGE EDUARDO DE JESÚS LEON ALONSO,0001603976,,,,https://scienti.minciencias.gov.co/cvlac/visualizador/generarCurriculoCv.do?cod_rh=0001603976,"GrupLAC, censo de integrantes, consultado 2026-09-25; vinculación: 2015/11 - Actual",1
I-0001599679,jorge luis luquez carrillo,0001599679,,,,https://scienti.minciencias.gov.co/cvlac/visualizador/generarCurriculoCv.do?cod_rh=0001599679,"GrupLAC, censo de integrantes, consultado 2026-09-25; vinculación: 2014/9 - 2016/6",1
I-0000799564,Jorge VILLERO ESCOBAR,0000799564,,,,https://scienti.minciencias.gov.co/cvlac/visualizador/generarCurriculoCv.do?cod_rh=0000799564,"GrupLAC, censo de integrantes, consultado 2026-09-25; vinculación: 2012/2 - 2014/8",1
I-0001598770,JOSE MAURICIO PEREZ ROYERO,0001598770,,,,https://scienti.minciencias.gov.co/cvlac/visualizador/generarCurriculoCv.do?cod_rh=0001598770,"GrupLAC, censo de integrantes, consultado 2026-09-25; vinculación: 2014/9 - 2018/12",1
I-0001303546,Jose Ramon Acosta Gonzalez,0001303546,,,,https://scienti.minciencias.gov.co/cvlac/visualizador/generarCurriculoCv.do?cod_rh=0001303546,"GrupLAC, censo de integrantes, consultado 2026-09-25; vinculación: 2009/9 - 2010/8",1
I-0001358950,JOSE REYES MORENO PARRA,0001358950,,,,https://scienti.minciencias.gov.co/cvlac/visualizador/generarCurriculoCv.do?cod_rh=0001358950,"GrupLAC, censo de integrantes, consultado 2026-09-25; vinculación: 2009/10 - 2014/1",1
I-0001413293,Juan Carlos Rumbo Ustariz,0001413293,,,,https://scienti.minciencias.gov.co/cvlac/visualizador/generarCurriculoCv.do?cod_rh=0001413293,"GrupLAC, censo de integrantes, consultado 2026-09-25; vinculación: 2011/3 - 2016/12",1
I-0001422962,JULLEINE BRIGITTE MOJICA ITURRIAGO,0001422962,,,,https://scienti.minciencias.gov.co/cvlac/visualizador/generarCurriculoCv.do?cod_rh=0001422962,"GrupLAC, censo de integrantes, consultado 2026-09-25; vinculación: 2010/9 - 2014/1",1
I-0001405556,KARELYS AVENDAÑO FANDIÑO,0001405556,,,,https://scienti.minciencias.gov.co/cvlac/visualizador/generarCurriculoCv.do?cod_rh=0001405556,"GrupLAC, censo de integrantes, consultado 2026-09-25; vinculación: 2011/5 - 2014/1",1
I-0000061336,Kelly Johana Mejía Solis,0000061336,,,,https://scienti.minciencias.gov.co/cvlac/visualizador/generarCurriculoCv.do?cod_rh=0000061336,"GrupLAC, censo de integrantes, consultado 2026-09-25; vinculación: 2016/2 - 2016/10",1
I-0000109653,ketty tamara lopez,0000109653,,,,https://scienti.minciencias.gov.co/cvlac/visualizador/generarCurriculoCv.do?cod_rh=0000109653,"GrupLAC, censo de integrantes, consultado 2026-09-25; vinculación: 2017/6 - 2017/12",1
I-0002065802,LEONARDO DAVID LORA FUENTES,0002065802,,,,https://scienti.minciencias.gov.co/cvlac/visualizador/generarCurriculoCv.do?cod_rh=0002065802,"GrupLAC, censo de integrantes, consultado 2026-09-25; vinculación: 2024/1 - Actual",1
I-0000545058,Lina Maria MONSALVE CASTRO,0000545058,,,,https://scienti.minciencias.gov.co/cvlac/visualizador/generarCurriculoCv.do?cod_rh=0000545058,"GrupLAC, censo de integrantes, consultado 2026-09-25; vinculación: 2011/7 - 2015/1",1
I-0001365621,LINA MARIA WADNIPAR CANO,0001365621,,,,https://scienti.minciencias.gov.co/cvlac/visualizador/generarCurriculoCv.do?cod_rh=0001365621,"GrupLAC, censo de integrantes, consultado 2026-09-25; vinculación: 2024/1 - Actual",1
I-0001401268,Liseth Danavis Palacio Patiño,0001401268,,,,https://scienti.minciencias.gov.co/cvlac/visualizador/generarCurriculoCv.do?cod_rh=0001401268,"GrupLAC, censo de integrantes, consultado 2026-09-25; vinculación: 2010/10 - 2014/1",1
I-0000979430,Loris CARRILLO OLIVERO,0000979430,,,,https://scienti.minciencias.gov.co/cvlac/visualizador/generarCurriculoCv.do?cod_rh=0000979430,"GrupLAC, censo de integrantes, consultado 2026-09-25; vinculación: 2010/8 - 2011/3",1
I-0001189611,Luis Arturo TERNERA MOLINA,0001189611,,,,https://scienti.minciencias.gov.co/cvlac/visualizador/generarCurriculoCv.do?cod_rh=0001189611,"GrupLAC, censo de integrantes, consultado 2026-09-25; vinculación: 2008/4 - 2010/9",1
I-0000121103,LUIS CARLOS DIAZ ATENCIA,0000121103,,,,https://scienti.minciencias.gov.co/cvlac/visualizador/generarCurriculoCv.do?cod_rh=0000121103,"GrupLAC, censo de integrantes, consultado 2026-09-25; vinculación: 2017/6 - 2017/12",1
I-0000121104,Luis Carlos Diaz Ramírez,0000121104,,,,https://scienti.minciencias.gov.co/cvlac/visualizador/generarCurriculoCv.do?cod_rh=0000121104,"GrupLAC, censo de integrantes, consultado 2026-09-25; vinculación: 2017/6 - 2017/12",1
I-0000121112,LUIS DANIEL MUÑOZ PADILLA,0000121112,,,,https://scienti.minciencias.gov.co/cvlac/visualizador/generarCurriculoCv.do?cod_rh=0000121112,"GrupLAC, censo de integrantes, consultado 2026-09-25; vinculación: 2017/6 - 2017/12",1
I-0001578345,Luis Fernando Acosta Perez,0001578345,,,,https://scienti.minciencias.gov.co/cvlac/visualizador/generarCurriculoCv.do?cod_rh=0001578345,"GrupLAC, censo de integrantes, consultado 2026-09-25; vinculación: 2018/1 - Actual",1
I-0000078507,Luis Guillermo Correa Mejia,0000078507,,,,https://scienti.minciencias.gov.co/cvlac/visualizador/generarCurriculoCv.do?cod_rh=0000078507,"GrupLAC, censo de integrantes, consultado 2026-09-25; vinculación: 2017/6 - 2017/12",1
I-0000145258,Luis Miguel Barreto Lopez,0000145258,,,,https://scienti.minciencias.gov.co/cvlac/visualizador/generarCurriculoCv.do?cod_rh=0000145258,"GrupLAC, censo de integrantes, consultado 2026-09-25; vinculación: 2024/1 - Actual",1
I-0001424509,Margareth Paulina Arteta Ochoa,0001424509,,,,https://scienti.minciencias.gov.co/cvlac/visualizador/generarCurriculoCv.do?cod_rh=0001424509,"GrupLAC, censo de integrantes, consultado 2026-09-25; vinculación: 2010/10 - 2013/1",1
I-0001771505,MARIA ADELAIDA ACOSTA USTA,0001771505,,,,https://scienti.minciencias.gov.co/cvlac/visualizador/generarCurriculoCv.do?cod_rh=0001771505,"GrupLAC, censo de integrantes, consultado 2026-09-25; vinculación: 2023/1 - Actual",1
I-0000034845,María Alejandra Cuello Sánchez,0000034845,,,,https://scienti.minciencias.gov.co/cvlac/visualizador/generarCurriculoCv.do?cod_rh=0000034845,"GrupLAC, censo de integrantes, consultado 2026-09-25; vinculación: 2015/11 - 2016/8",1
I-0001031570,Maria Monica Gamez Roca,0001031570,,,,https://scienti.minciencias.gov.co/cvlac/visualizador/generarCurriculoCv.do?cod_rh=0001031570,"GrupLAC, censo de integrantes, consultado 2026-09-25; vinculación: 2007/8 - 2009/12",1
I-0001403342,Monica Trinidad Sandoval Tamayo,0001403342,,,,https://scienti.minciencias.gov.co/cvlac/visualizador/generarCurriculoCv.do?cod_rh=0001403342,"GrupLAC, censo de integrantes, consultado 2026-09-25; vinculación: 2010/11 - 2014/1",1
I-0001010697,Nelson Enrique Manjarrez Serna,0001010697,,,,https://scienti.minciencias.gov.co/cvlac/visualizador/generarCurriculoCv.do?cod_rh=0001010697,"GrupLAC, censo de integrantes, consultado 2026-09-25; vinculación: 2023/3 - Actual",1
I-0001350888,NISETH MAYERLIN VENCE DAZA,0001350888,,,,https://scienti.minciencias.gov.co/cvlac/visualizador/generarCurriculoCv.do?cod_rh=0001350888,"GrupLAC, censo de integrantes, consultado 2026-09-25; vinculación: 2022/11 - Actual",1
I-0001358415,OLVER ENRIQUE CARRILLO MONSALVO,0001358415,,,,https://scienti.minciencias.gov.co/cvlac/visualizador/generarCurriculoCv.do?cod_rh=0001358415,"GrupLAC, censo de integrantes, consultado 2026-09-25; vinculación: 2009/10 - 2010/11",1
I-0001411123,OMAR ENRIQUE TRUJILLO ROMERO,0001411123,,Investigador Junior (IJ),,https://scienti.minciencias.gov.co/cvlac/visualizador/generarCurriculoCv.do?cod_rh=0001411123,"GrupLAC, censo de integrantes, consultado 2026-09-25; vinculación: 2017/2 - Actual",1
I-0001398324,OSCAR DAVID DE ARMAS ROJAS,0001398324,,,,https://scienti.minciencias.gov.co/cvlac/visualizador/generarCurriculoCv.do?cod_rh=0001398324,"GrupLAC, censo de integrantes, consultado 2026-09-25; vinculación: 2011/3 - 2014/1",1
I-0000745669,Rafael Alberto Ovalle Castro,0000745669,,,,https://scienti.minciencias.gov.co/cvlac/visualizador/generarCurriculoCv.do?cod_rh=0000745669,"GrupLAC, censo de integrantes, consultado 2026-09-25; vinculación: 2006/7 - 2008/12",1
I-0001706498,Rafael Enrique Carbonó Murgas,0001706498,,,,https://scienti.minciencias.gov.co/cvlac/visualizador/generarCurriculoCv.do?cod_rh=0001706498,"GrupLAC, censo de integrantes, consultado 2026-09-25; vinculación: 2025/4 - Actual",1
I-0000576964,Ramon RUEDA OCHOA,0000576964,,,,https://scienti.minciencias.gov.co/cvlac/visualizador/generarCurriculoCv.do?cod_rh=0000576964,"GrupLAC, censo de integrantes, consultado 2026-09-25; vinculación: 2007/4 - 2014/1",1
I-0000092342,Raul David Peralta Mendoza,0000092342,,,,https://scienti.minciencias.gov.co/cvlac/visualizador/generarCurriculoCv.do?cod_rh=0000092342,"GrupLAC, censo de integrantes, consultado 2026-09-25; vinculación: 2018/2 - Actual",1
I-0001520480,ROBERT SMITH VALENCIA AGRESOTH,0001520480,,,,https://scienti.minciencias.gov.co/cvlac/visualizador/generarCurriculoCv.do?cod_rh=0001520480,"GrupLAC, censo de integrantes, consultado 2026-09-25; vinculación: 2024/1 - Actual",1
I-0000908258,Rogelinda BARRAZA CABARCAS,0000908258,,,,https://scienti.minciencias.gov.co/cvlac/visualizador/generarCurriculoCv.do?cod_rh=0000908258,"GrupLAC, censo de integrantes, consultado 2026-09-25; vinculación: 2010/2 - 2014/1",1
I-0000034136,Sandra Sirley Ortega Sabogal,0000034136,,,,https://scienti.minciencias.gov.co/cvlac/visualizador/generarCurriculoCv.do?cod_rh=0000034136,"GrupLAC, censo de integrantes, consultado 2026-09-25; vinculación: 2015/11 - 2016/2",1
I-0001566722,Saul Albeiro Velilla Tobon,0001566722,,,,https://scienti.minciencias.gov.co/cvlac/visualizador/generarCurriculoCv.do?cod_rh=0001566722,"GrupLAC, censo de integrantes, consultado 2026-09-25; vinculación: 2014/5 - 2015/8",1
I-0000553760,SAUL ENRIQUE VIDES GOMEZ,0000553760,,,,https://scienti.minciencias.gov.co/cvlac/visualizador/generarCurriculoCv.do?cod_rh=0000553760,"GrupLAC, censo de integrantes, consultado 2026-09-25; vinculación: 2016/2 - 2016/12",1
I-0000563838,SHELLSYN GIRALDO JARAMILLO,0000563838,,,,https://scienti.minciencias.gov.co/cvlac/visualizador/generarCurriculoCv.do?cod_rh=0000563838,"GrupLAC, censo de integrantes, consultado 2026-09-25; vinculación: 2010/8 - 2017/5",1
I-0001363411,SINDY LORENA ROMERO AGUILAR,0001363411,,,,https://scienti.minciencias.gov.co/cvlac/visualizador/generarCurriculoCv.do?cod_rh=0001363411,"GrupLAC, censo de integrantes, consultado 2026-09-25; vinculación: 2010/10 - 2012/1",1
I-0001290517,Sonia orozco Ramirez,0001290517,,,,https://scienti.minciencias.gov.co/cvlac/visualizador/generarCurriculoCv.do?cod_rh=0001290517,"GrupLAC, censo de integrantes, consultado 2026-09-25; vinculación: 2010/10 - 2014/1",1
I-0001599396,ULDA ISABEL DELGADO ROBLES,0001599396,,,,https://scienti.minciencias.gov.co/cvlac/visualizador/generarCurriculoCv.do?cod_rh=0001599396,"GrupLAC, censo de integrantes, consultado 2026-09-25; vinculación: 2014/9 - 2016/2",1
I-0001471615,Urys Mileth Hernandez Alvarez,0001471615,,,,https://scienti.minciencias.gov.co/cvlac/visualizador/generarCurriculoCv.do?cod_rh=0001471615,"GrupLAC, censo de integrantes, consultado 2026-09-25; vinculación: 2026/2 - Actual",1
I-0001504078,Vanessa Lucia Florez RAMOS,0001504078,,,,https://scienti.minciencias.gov.co/cvlac/visualizador/generarCurriculoCv.do?cod_rh=0001504078,"GrupLAC, censo de integrantes, consultado 2026-09-25; vinculación: 2017/6 - 2017/12",1
I-0000120361,victor fabian parra montiel,0000120361,,,,https://scienti.minciencias.gov.co/cvlac/visualizador/generarCurriculoCv.do?cod_rh=0000120361,"GrupLAC, censo de integrantes, consultado 2026-09-25; vinculación: 2017/6 - 2017/12",1
I-0001751235,VICTOR GERARDO PETRO HERNANDEZ,0001751235,,Investigador Junior (IJ),,https://scienti.minciencias.gov.co/cvlac/visualizador/generarCurriculoCv.do?cod_rh=0001751235,"GrupLAC, censo de integrantes, consultado 2026-09-25; vinculación: 2018/2 - Actual",1
I-0000104023,VICTOR HUGO TORRES TORRES,0000104023,,,,https://scienti.minciencias.gov.co/cvlac/visualizador/generarCurriculoCv.do?cod_rh=0000104023,"GrupLAC, censo de integrantes, consultado 2026-09-25; vinculación: 2018/2 - 2018/4",1
I-0001403361,Wendy Patricia Ortiz ESPITIA,0001403361,,,,https://scienti.minciencias.gov.co/cvlac/visualizador/generarCurriculoCv.do?cod_rh=0001403361,"GrupLAC, censo de integrantes, consultado 2026-09-25; vinculación: 2010/10 - 2014/1",1
I-0001405261,WILLIAM ALFONSO ARAUJO PERTUZ,0001405261,,,,https://scienti.minciencias.gov.co/cvlac/visualizador/generarCurriculoCv.do?cod_rh=0001405261,"GrupLAC, censo de integrantes, consultado 2026-09-25; vinculación: 2010/12 - 2014/1",1
I-0001594659,WILMER ENRIQUE ANGULO DE ARMAS,0001594659,,,,https://scienti.minciencias.gov.co/cvlac/visualizador/generarCurriculoCv.do?cod_rh=0001594659,"GrupLAC, censo de integrantes, consultado 2026-09-25; vinculación: 2014/9 - 2015/1",1
I-0001752085,YAMILE ROJAS MORA,0001752085,,,,https://scienti.minciencias.gov.co/cvlac/visualizador/generarCurriculoCv.do?cod_rh=0001752085,"GrupLAC, censo de integrantes, consultado 2026-09-25; vinculación: 2024/2 - Actual",1
I-0001403188,Yaneth de Jesus Galindo Mora,0001403188,,,,https://scienti.minciencias.gov.co/cvlac/visualizador/generarCurriculoCv.do?cod_rh=0001403188,"GrupLAC, censo de integrantes, consultado 2026-09-25; vinculación: 2017/6 - Actual",1
I-0000061335,Yisell Virginia Camargo Noriega,0000061335,,,,https://scienti.minciencias.gov.co/cvlac/visualizador/generarCurriculoCv.do?cod_rh=0000061335,"GrupLAC, censo de integrantes, consultado 2026-09-25; vinculación: 2016/2 - 2016/5",1
I-0000781428,Yudis Mercedes Guevara Romero,0000781428,,,,https://scienti.minciencias.gov.co/cvlac/visualizador/generarCurriculoCv.do?cod_rh=0000781428,"GrupLAC, censo de integrantes, consultado 2026-09-25; vinculación: 2006/9 - 2007/12",1
I-0001413282,Yuleida Elena Martinez Medina,0001413282,,,,https://scienti.minciencias.gov.co/cvlac/visualizador/generarCurriculoCv.do?cod_rh=0001413282,"GrupLAC, censo de integrantes, consultado 2026-09-25; vinculación: 2011/3 - 2014/1",1
I-0000552194,YUMAR ESTHER RUIDIAZ MENDEZ,0000552194,,,,https://scienti.minciencias.gov.co/cvlac/visualizador/generarCurriculoCv.do?cod_rh=0000552194,"GrupLAC, censo de integrantes, consultado 2026-09-25; vinculación: 2010/8 - 2016/11",1
I-0001823329,Zulia Andrea Benavides Hernández,0001823329,,,,https://scienti.minciencias.gov.co/cvlac/visualizador/generarCurriculoCv.do?cod_rh=0001823329,"GrupLAC, censo de integrantes, consultado 2026-09-25; vinculación: 2022/6 - Actual",1
I-0000034674,Aleana Beatriz Cahuana Mojica,0000034674,,,,https://scienti.minciencias.gov.co/cvlac/visualizador/generarCurriculoCv.do?cod_rh=0000034674,"GrupLAC, censo de integrantes, consultado 2026-09-25; vinculación: 2018/1 - 2018/12",1
I-0000531030,Alexander Salazar Montoya,0000531030,,,,https://scienti.minciencias.gov.co/cvlac/visualizador/generarCurriculoCv.do?cod_rh=0000531030,"GrupLAC, censo de integrantes, consultado 2026-09-25; vinculación: 2018/1 - Actual",1
I-0000736333,ANDRES LUCIANO QUINTERO TOVAR,0000736333,,,,https://scienti.minciencias.gov.co/cvlac/visualizador/generarCurriculoCv.do?cod_rh=0000736333,"GrupLAC, censo de integrantes, consultado 2026-09-25; vinculación: 2014/1 - 2024/12",1
I-0001597960,Damileth Dearmas Duarte,0001597960,,,,https://scienti.minciencias.gov.co/cvlac/visualizador/generarCurriculoCv.do?cod_rh=0001597960,"GrupLAC, censo de integrantes, consultado 2026-09-25; vinculación: 2018/1 - Actual",1
I-0001509024,Jaime Luis Hernandez Burgos,0001509024,,,,https://scienti.minciencias.gov.co/cvlac/visualizador/generarCurriculoCv.do?cod_rh=0001509024,"GrupLAC, censo de integrantes, consultado 2026-09-25; vinculación: 2021/1 - Actual",1
I-0000054157,MARGARITA ROSA VIZCAINO BERMEJO,0000054157,,,,https://scienti.minciencias.gov.co/cvlac/visualizador/generarCurriculoCv.do?cod_rh=0000054157,"GrupLAC, censo de integrantes, consultado 2026-09-25; vinculación: 2018/12 - 2019/12",1
I-0000500500,Tirso Binicio Mestre Arzuaga,0000500500,,,,https://scienti.minciencias.gov.co/cvlac/visualizador/generarCurriculoCv.do?cod_rh=0000500500,"GrupLAC, censo de integrantes, consultado 2026-09-25; vinculación: 2018/1 - 2020/12",1
I-0000525898,Jacqueline Chavez Galvis,0000525898,,Investigador Junior (IJ),,https://scienti.minciencias.gov.co/cvlac/visualizador/generarCurriculoCv.do?cod_rh=0000525898,"GrupLAC, censo de integrantes, consultado 2026-09-25; vinculación: 2013/2 - Actual",1
I-0001634427,HECTOR CAMILO ALVERNIA VERJEL,0001634427,,Investigador Junior (IJ),,https://scienti.minciencias.gov.co/cvlac/visualizador/generarCurriculoCv.do?cod_rh=0001634427,"GrupLAC, censo de integrantes, consultado 2026-09-25; vinculación: 2021/7 - Actual",1
I-0001425678,Belkis Xiomara Díaz BASTO,0001425678,,,,https://scienti.minciencias.gov.co/cvlac/visualizador/generarCurriculoCv.do?cod_rh=0001425678,"GrupLAC, censo de integrantes, consultado 2026-09-25; vinculación: 2018/6 - Actual",1
I-0001390688,Catherine Rodríguez Mogollón,0001390688,,,,https://scienti.minciencias.gov.co/cvlac/visualizador/generarCurriculoCv.do?cod_rh=0001390688,"GrupLAC, censo de integrantes, consultado 2026-09-25; vinculación: 2019/9 - Actual",1
I-0001425567,Dagoberto Lozano RIVERA,0001425567,,Investigador Junior (IJ),,https://scienti.minciencias.gov.co/cvlac/visualizador/generarCurriculoCv.do?cod_rh=0001425567,"GrupLAC, censo de integrantes, consultado 2026-09-25; vinculación: 2020/10 - Actual",1
I-0000728187,Fabian Armando Barbosa Páez,0000728187,,,,https://scienti.minciencias.gov.co/cvlac/visualizador/generarCurriculoCv.do?cod_rh=0000728187,"GrupLAC, censo de integrantes, consultado 2026-09-25; vinculación: 2024/8 - Actual",1
I-0001462770,Isaac Dodino Duarte,0001462770,,,,https://scienti.minciencias.gov.co/cvlac/visualizador/generarCurriculoCv.do?cod_rh=0001462770,"GrupLAC, censo de integrantes, consultado 2026-09-25; vinculación: 2020/6 - Actual",1
I-0001562432,Jairo Florez Paez,0001562432,,,,https://scienti.minciencias.gov.co/cvlac/visualizador/generarCurriculoCv.do?cod_rh=0001562432,"GrupLAC, censo de integrantes, consultado 2026-09-25; vinculación: 2024/8 - Actual",1
I-0000155858,Jenny Johanna Pacheco Lopez,0000155858,,,,https://scienti.minciencias.gov.co/cvlac/visualizador/generarCurriculoCv.do?cod_rh=0000155858,"GrupLAC, censo de integrantes, consultado 2026-09-25; vinculación: 2020/6 - 2021/12",1
I-0001822800,jonathan jose guerrero quintero,0001822800,,,,https://scienti.minciencias.gov.co/cvlac/visualizador/generarCurriculoCv.do?cod_rh=0001822800,"GrupLAC, censo de integrantes, consultado 2026-09-25; vinculación: 2024/8 - Actual",1
I-0000550051,JOSE ALEJANDRO OROZCO OCHOA,0000550051,,,,https://scienti.minciencias.gov.co/cvlac/visualizador/generarCurriculoCv.do?cod_rh=0000550051,"GrupLAC, censo de integrantes, consultado 2026-09-25; vinculación: 2014/1 - 2019/12",1
I-0002114065,Jose Camilo Angarita Linero,0002114065,,,,https://scienti.minciencias.gov.co/cvlac/visualizador/generarCurriculoCv.do?cod_rh=0002114065,"GrupLAC, censo de integrantes, consultado 2026-09-25; vinculación: 2024/8 - Actual",1
I-0000373770,José Fernando Solanilla Duque,0000373770,,Investigador Senior (IS),,https://scienti.minciencias.gov.co/cvlac/visualizador/generarCurriculoCv.do?cod_rh=0000373770,"GrupLAC, censo de integrantes, consultado 2026-09-25; vinculación: 2020/2 - Actual",1
I-0000918261,JULIO CESAR SOCARRAS BALLESTA,0000918261,,,,https://scienti.minciencias.gov.co/cvlac/visualizador/generarCurriculoCv.do?cod_rh=0000918261,"GrupLAC, censo de integrantes, consultado 2026-09-25; vinculación: 2014/1 - Actual",1
I-0001931530,Laura Talia Picón González,0001931530,,,,https://scienti.minciencias.gov.co/cvlac/visualizador/generarCurriculoCv.do?cod_rh=0001931530,"GrupLAC, censo de integrantes, consultado 2026-09-25; vinculación: 2024/8 - Actual",1
I-0001362832,LIZETH TAIRINA TRUJILLO DAZA,0001362832,,,,https://scienti.minciencias.gov.co/cvlac/visualizador/generarCurriculoCv.do?cod_rh=0001362832,"GrupLAC, censo de integrantes, consultado 2026-09-25; vinculación: 2020/9 - 2021/12",1
I-0000706485,Lorena Sanchez Donado,0000706485,,,,https://scienti.minciencias.gov.co/cvlac/visualizador/generarCurriculoCv.do?cod_rh=0000706485,"GrupLAC, censo de integrantes, consultado 2026-09-25; vinculación: 2015/1 - Actual",1
I-0001977492,LUIS EDUARDO GALEZO GUERRA,0001977492,,,,https://scienti.minciencias.gov.co/cvlac/visualizador/generarCurriculoCv.do?cod_rh=0001977492,"GrupLAC, censo de integrantes, consultado 2026-09-25; vinculación: 2024/8 - Actual",1
I-0000706159,Luis Hernando Montoya Armenta,0000706159,,,,https://scienti.minciencias.gov.co/cvlac/visualizador/generarCurriculoCv.do?cod_rh=0000706159,"GrupLAC, censo de integrantes, consultado 2026-09-25; vinculación: 2019/1 - 2019/12",1
I-0001483346,LUIS ROBERTO HERNANDEZ ANGULO,0001483346,,,,https://scienti.minciencias.gov.co/cvlac/visualizador/generarCurriculoCv.do?cod_rh=0001483346,"GrupLAC, censo de integrantes, consultado 2026-09-25; vinculación: 2025/2 - Actual",1
I-0001204203,Margarita Del Rosario Salazar Sanchez,0001204203,,Investigador Junior (IJ),,https://scienti.minciencias.gov.co/cvlac/visualizador/generarCurriculoCv.do?cod_rh=0001204203,"GrupLAC, censo de integrantes, consultado 2026-09-25; vinculación: 2020/1 - Actual",1
I-0001905936,MARIA DEL MAR PRIETO MANOSALVA,0001905936,,,,https://scienti.minciencias.gov.co/cvlac/visualizador/generarCurriculoCv.do?cod_rh=0001905936,"GrupLAC, censo de integrantes, consultado 2026-09-25; vinculación: 2022/10 - Actual",1
I-0001976521,Oliva Yineth Páez Madariaga,0001976521,,,,https://scienti.minciencias.gov.co/cvlac/visualizador/generarCurriculoCv.do?cod_rh=0001976521,"GrupLAC, censo de integrantes, consultado 2026-09-25; vinculación: 2026/2 - Actual",1
I-0001478298,ORLANDO BAUTISTA ARENAS,0001478298,,,,https://scienti.minciencias.gov.co/cvlac/visualizador/generarCurriculoCv.do?cod_rh=0001478298,"GrupLAC, censo de integrantes, consultado 2026-09-25; vinculación: 2016/10 - 2024/11",1
I-0000650625,Ramon rincon quintero,0000650625,,,,https://scienti.minciencias.gov.co/cvlac/visualizador/generarCurriculoCv.do?cod_rh=0000650625,"GrupLAC, censo de integrantes, consultado 2026-09-25; vinculación: 2024/8 - Actual",1
I-0000706426,Rodrigo Rene Cuello Marin,0000706426,,,,https://scienti.minciencias.gov.co/cvlac/visualizador/generarCurriculoCv.do?cod_rh=0000706426,"GrupLAC, censo de integrantes, consultado 2026-09-25; vinculación: 2014/1 - Actual",1
I-0000055254,steffanny sanchez portillo,0000055254,,,,https://scienti.minciencias.gov.co/cvlac/visualizador/generarCurriculoCv.do?cod_rh=0000055254,"GrupLAC, censo de integrantes, consultado 2026-09-25; vinculación: 2025/2 - Actual",1
I-0001465942,yina paola ortega santiago,0001465942,,Investigador Junior (IJ),,https://scienti.minciencias.gov.co/cvlac/visualizador/generarCurriculoCv.do?cod_rh=0001465942,"GrupLAC, censo de integrantes, consultado 2026-09-25; vinculación: 2019/10 - Actual",1
I-0001578081,maria carolina araujo arzuaga,0001578081,,,,https://scienti.minciencias.gov.co/cvlac/visualizador/generarCurriculoCv.do?cod_rh=0001578081,"GrupLAC, censo de integrantes, consultado 2026-09-25; vinculación: 2023/1 - Actual",1
I-0001729338,Ana luisa Arzuaga Arzuaga,0001729338,,,,https://scienti.minciencias.gov.co/cvlac/visualizador/generarCurriculoCv.do?cod_rh=0001729338,"GrupLAC, censo de integrantes, consultado 2026-09-25; vinculación: 2023/1 - Actual",1
I-0001744017,ANA YANETH NIEVES LOPERENA,0001744017,,,,https://scienti.minciencias.gov.co/cvlac/visualizador/generarCurriculoCv.do?cod_rh=0001744017,"GrupLAC, censo de integrantes, consultado 2026-09-25; vinculación: 2023/1 - Actual",1
I-0001743931,Andrea Carolina Torres Vasquez,0001743931,,,,https://scienti.minciencias.gov.co/cvlac/visualizador/generarCurriculoCv.do?cod_rh=0001743931,"GrupLAC, censo de integrantes, consultado 2026-09-25; vinculación: 2023/1 - Actual",1
I-0001729359,DUBIS ROCIO BARAHONA QUIÑONEZ,0001729359,,,,https://scienti.minciencias.gov.co/cvlac/visualizador/generarCurriculoCv.do?cod_rh=0001729359,"GrupLAC, censo de integrantes, consultado 2026-09-25; vinculación: 2024/2 - Actual",1
I-0001281321,Hannys PINTO BAUTISTA,0001281321,,Investigador Junior (IJ),,https://scienti.minciencias.gov.co/cvlac/visualizador/generarCurriculoCv.do?cod_rh=0001281321,"GrupLAC, censo de integrantes, consultado 2026-09-25; vinculación: 2023/1 - Actual",1
I-0000883603,Laura Mendoza Morillo,0000883603,,,,https://scienti.minciencias.gov.co/cvlac/visualizador/generarCurriculoCv.do?cod_rh=0000883603,"GrupLAC, censo de integrantes, consultado 2026-09-25; vinculación: 2023/1 - Actual",1
I-0000102210,MICHELLT MARIUXI ZABALETA HEREDIA,0000102210,,,,https://scienti.minciencias.gov.co/cvlac/visualizador/generarCurriculoCv.do?cod_rh=0000102210,"GrupLAC, censo de integrantes, consultado 2026-09-25; vinculación: 2026/2 - Actual",1
I-0001236059,Nellys montenegro de la hoz,0001236059,,Investigador Junior (IJ),,https://scienti.minciencias.gov.co/cvlac/visualizador/generarCurriculoCv.do?cod_rh=0001236059,"GrupLAC, censo de integrantes, consultado 2026-09-25; vinculación: 2023/1 - Actual",1
I-0001373732,Alberto Rascht Gómez Padilla,0001373732,,,,https://scienti.minciencias.gov.co/cvlac/visualizador/generarCurriculoCv.do?cod_rh=0001373732,"GrupLAC, censo de integrantes, consultado 2026-09-25; vinculación: 2023/2 - Actual",1
I-0001448347,Alex Alberto Ortega Ortega,0001448347,,,,https://scienti.minciencias.gov.co/cvlac/visualizador/generarCurriculoCv.do?cod_rh=0001448347,"GrupLAC, censo de integrantes, consultado 2026-09-25; vinculación: 2024/1 - 2025/12",1
I-0002299719,Carlos Andres Rojas Martinez,0002299719,,,,https://scienti.minciencias.gov.co/cvlac/visualizador/generarCurriculoCv.do?cod_rh=0002299719,"GrupLAC, censo de integrantes, consultado 2026-09-25; vinculación: 2024/7 - 2025/12",1
I-0002387414,CHARLES JOSE MENDOZA RUIZ,0002387414,,,,https://scienti.minciencias.gov.co/cvlac/visualizador/generarCurriculoCv.do?cod_rh=0002387414,"GrupLAC, censo de integrantes, consultado 2026-09-25; vinculación: 2025/1 - Actual",1
I-0000085794,Danny Santiago Ramirez Montoya,0000085794,,,,https://scienti.minciencias.gov.co/cvlac/visualizador/generarCurriculoCv.do?cod_rh=0000085794,"GrupLAC, censo de integrantes, consultado 2026-09-25; vinculación: 2025/7 - Actual",1
I-0002031169,DEIMER JESUS DOMINGUEZ OJEDA,0002031169,,,,https://scienti.minciencias.gov.co/cvlac/visualizador/generarCurriculoCv.do?cod_rh=0002031169,"GrupLAC, censo de integrantes, consultado 2026-09-25; vinculación: 2023/2 - Actual",1
I-0001645108,DIANA VERÓNICA MÉNDEZ SÁNCHEZ,0001645108,,,,https://scienti.minciencias.gov.co/cvlac/visualizador/generarCurriculoCv.do?cod_rh=0001645108,"GrupLAC, censo de integrantes, consultado 2026-09-25; vinculación: 2022/2 - 2023/2",1
I-0002231114,Emmanuel David Fragozo Mora,0002231114,,,,https://scienti.minciencias.gov.co/cvlac/visualizador/generarCurriculoCv.do?cod_rh=0002231114,"GrupLAC, censo de integrantes, consultado 2026-09-25; vinculación: 2024/1 - Actual",1
I-0002231124,Esly Daniela Bastidas Cárdenas,0002231124,,,,https://scienti.minciencias.gov.co/cvlac/visualizador/generarCurriculoCv.do?cod_rh=0002231124,"GrupLAC, censo de integrantes, consultado 2026-09-25; vinculación: 2024/1 - Actual",1
I-0002134449,Indira Esther Perea Martínez,0002134449,,,,https://scienti.minciencias.gov.co/cvlac/visualizador/generarCurriculoCv.do?cod_rh=0002134449,"GrupLAC, censo de integrantes, consultado 2026-09-25; vinculación: 2025/1 - Actual",1
I-0002231123,Isaac Camilo Garrido Naeder,0002231123,,,,https://scienti.minciencias.gov.co/cvlac/visualizador/generarCurriculoCv.do?cod_rh=0002231123,"GrupLAC, censo de integrantes, consultado 2026-09-25; vinculación: 2024/1 - Actual",1
I-0002260593,Jesus Alberto Torres Araque,0002260593,,,,https://scienti.minciencias.gov.co/cvlac/visualizador/generarCurriculoCv.do?cod_rh=0002260593,"GrupLAC, censo de integrantes, consultado 2026-09-25; vinculación: 2024/2 - Actual",1
I-0000053338,Jhon henrry Solano Mejia,0000053338,,,,https://scienti.minciencias.gov.co/cvlac/visualizador/generarCurriculoCv.do?cod_rh=0000053338,"GrupLAC, censo de integrantes, consultado 2026-09-25; vinculación: 2024/1 - Actual",1
I-0002387014,JHONATTAN ALEXIS PONTON IBARRA,0002387014,,,,https://scienti.minciencias.gov.co/cvlac/visualizador/generarCurriculoCv.do?cod_rh=0002387014,"GrupLAC, censo de integrantes, consultado 2026-09-25; vinculación: 2025/1 - Actual",1
I-0002186749,Johan David Vargas Quintero,0002186749,,,,https://scienti.minciencias.gov.co/cvlac/visualizador/generarCurriculoCv.do?cod_rh=0002186749,"GrupLAC, censo de integrantes, consultado 2026-09-25; vinculación: 2024/2 - 2025/12",1
I-0002527544,Juan Manuel Arias Esparragoza,0002527544,,,,https://scienti.minciencias.gov.co/cvlac/visualizador/generarCurriculoCv.do?cod_rh=0002527544,"GrupLAC, censo de integrantes, consultado 2026-09-25; vinculación: 2026/1 - Actual",1
I-0001911297,Lauren Andrea Guerra Ospino,0001911297,,,,https://scienti.minciencias.gov.co/cvlac/visualizador/generarCurriculoCv.do?cod_rh=0001911297,"GrupLAC, censo de integrantes, consultado 2026-09-25; vinculación: 2025/9 - Actual",1
I-0002500337,Lina Marcela Caro Cordero,0002500337,,,,https://scienti.minciencias.gov.co/cvlac/visualizador/generarCurriculoCv.do?cod_rh=0002500337,"GrupLAC, censo de integrantes, consultado 2026-09-25; vinculación: 2025/2 - Actual",1
I-0002095061,Luis Fernando Torres Ospino,0002095061,,,,https://scienti.minciencias.gov.co/cvlac/visualizador/generarCurriculoCv.do?cod_rh=0002095061,"GrupLAC, censo de integrantes, consultado 2026-09-25; vinculación: 2025/1 - 2026/9",1
I-0000020588,Marcelo José Cabarcas Ortega,0000020588,,Investigador Junior (IJ),,https://scienti.minciencias.gov.co/cvlac/visualizador/generarCurriculoCv.do?cod_rh=0000020588,"GrupLAC, censo de integrantes, consultado 2026-09-25; vinculación: 2023/2 - Actual",1
I-0002387412,MARIA DE LOS ANGELES MEJIA GUERRA,0002387412,,,,https://scienti.minciencias.gov.co/cvlac/visualizador/generarCurriculoCv.do?cod_rh=0002387412,"GrupLAC, censo de integrantes, consultado 2026-09-25; vinculación: 2025/1 - Actual",1
I-0001834804,MARÌA INÈS MENDOZA ARIAS,0001834804,,,,https://scienti.minciencias.gov.co/cvlac/visualizador/generarCurriculoCv.do?cod_rh=0001834804,"GrupLAC, censo de integrantes, consultado 2026-09-25; vinculación: 2025/2 - Actual",1
I-0002500329,María Laura Liñán Fontalvo,0002500329,,,,https://scienti.minciencias.gov.co/cvlac/visualizador/generarCurriculoCv.do?cod_rh=0002500329,"GrupLAC, censo de integrantes, consultado 2026-09-25; vinculación: 2025/2 - Actual",1
I-0001785259,MAYRA ALEJANDRA JIMENEZ HINOJOSA,0001785259,,,,https://scienti.minciencias.gov.co/cvlac/visualizador/generarCurriculoCv.do?cod_rh=0001785259,"GrupLAC, censo de integrantes, consultado 2026-09-25; vinculación: 2024/1 - Actual",1
I-0001400071,Sindy Johana Montero AREVALO,0001400071,,,,https://scienti.minciencias.gov.co/cvlac/visualizador/generarCurriculoCv.do?cod_rh=0001400071,"GrupLAC, censo de integrantes, consultado 2026-09-25; vinculación: 2025/1 - 2025/12",1
I-0002310331,Valeria Peña Pérez,0002310331,,,,https://scienti.minciencias.gov.co/cvlac/visualizador/generarCurriculoCv.do?cod_rh=0002310331,"GrupLAC, censo de integrantes, consultado 2026-09-25; vinculación: 2024/2 - Actual",1
I-0002231097,Wilman Jose Calderon Escobar,0002231097,,,,https://scienti.minciencias.gov.co/cvlac/visualizador/generarCurriculoCv.do?cod_rh=0002231097,"GrupLAC, censo de integrantes, consultado 2026-09-25; vinculación: 2024/2 - Actual",1
I-0001638711,Yormen Said Garay Useche,0001638711,,,,https://scienti.minciencias.gov.co/cvlac/visualizador/generarCurriculoCv.do?cod_rh=0001638711,"GrupLAC, censo de integrantes, consultado 2026-09-25; vinculación: 2022/2 - Actual",1
I-0002397294,Yuber Santiago Dominguez Chirino,0002397294,,,,https://scienti.minciencias.gov.co/cvlac/visualizador/generarCurriculoCv.do?cod_rh=0002397294,"GrupLAC, censo de integrantes, consultado 2026-09-25; vinculación: 2025/1 - Actual",1
I-0001406106,WILSON ANTONIO SANCHEZ HERNANDEZ,0001406106,,,,https://scienti.minciencias.gov.co/cvlac/visualizador/generarCurriculoCv.do?cod_rh=0001406106,"GrupLAC, censo de integrantes, consultado 2026-09-25; vinculación: 2021/11 - Actual",1
I-0001443019,CESAR AUGUSTO URON CASTRO,0001443019,,,,https://scienti.minciencias.gov.co/cvlac/visualizador/generarCurriculoCv.do?cod_rh=0001443019,"GrupLAC, censo de integrantes, consultado 2026-09-25; vinculación: 2021/12 - Actual",1
I-0001615273,LAURA MARCELA FELIZZOLA CONDE,0001615273,,,,https://scienti.minciencias.gov.co/cvlac/visualizador/generarCurriculoCv.do?cod_rh=0001615273,"GrupLAC, censo de integrantes, consultado 2026-09-25; vinculación: 2021/11 - Actual",1
I-0002113926,Lisbeth katerine Escalante Rincón,0002113926,,,,https://scienti.minciencias.gov.co/cvlac/visualizador/generarCurriculoCv.do?cod_rh=0002113926,"GrupLAC, censo de integrantes, consultado 2026-09-25; vinculación: 2025/2 - Actual",1
I-0002175291,Luis Francisco Pereira Florez,0002175291,,,,https://scienti.minciencias.gov.co/cvlac/visualizador/generarCurriculoCv.do?cod_rh=0002175291,"GrupLAC, censo de integrantes, consultado 2026-09-25; vinculación: 2025/2 - Actual",1
I-0001794928,Ramon Yesid Reyes Cañizares,0001794928,,,,https://scienti.minciencias.gov.co/cvlac/visualizador/generarCurriculoCv.do?cod_rh=0001794928,"GrupLAC, censo de integrantes, consultado 2026-09-25; vinculación: 2021/12 - Actual",1
I-0001795985,Roque Mauricio Rincón Galvis,0001795985,,,,https://scienti.minciencias.gov.co/cvlac/visualizador/generarCurriculoCv.do?cod_rh=0001795985,"GrupLAC, censo de integrantes, consultado 2026-09-25; vinculación: 2021/12 - Actual",1
I-0000555053,Luz MEJIA REALES,0000555053,,,,https://scienti.minciencias.gov.co/cvlac/visualizador/generarCurriculoCv.do?cod_rh=0000555053,"GrupLAC, censo de integrantes, consultado 2026-09-25; vinculación: 2014/11 - Actual",1
I-0000547085,Laura Judith Ospino Royero,0000547085,,,,https://scienti.minciencias.gov.co/cvlac/visualizador/generarCurriculoCv.do?cod_rh=0000547085,"GrupLAC, censo de integrantes, consultado 2026-09-25; vinculación: 2015/1 - Actual",1
I-0001671053,alberto mario osorio arlantte,0001671053,,,,https://scienti.minciencias.gov.co/cvlac/visualizador/generarCurriculoCv.do?cod_rh=0001671053,"GrupLAC, censo de integrantes, consultado 2026-09-25; vinculación: 2019/5 - 2021/2",1
I-0001689933,ALICIA ESTHER MOLINA LÓPEZ,0001689933,,,,https://scienti.minciencias.gov.co/cvlac/visualizador/generarCurriculoCv.do?cod_rh=0001689933,"GrupLAC, censo de integrantes, consultado 2026-09-25; vinculación: 2019/9 - Actual",1
I-0002466891,Alisson Yined Agamez Castro,0002466891,,,,https://scienti.minciencias.gov.co/cvlac/visualizador/generarCurriculoCv.do?cod_rh=0002466891,"GrupLAC, censo de integrantes, consultado 2026-09-25; vinculación: 2026/3 - Actual",1
I-0000125713,BLANCA LUZ BENJUMEA DIAZ,0000125713,,,,https://scienti.minciencias.gov.co/cvlac/visualizador/generarCurriculoCv.do?cod_rh=0000125713,"GrupLAC, censo de integrantes, consultado 2026-09-25; vinculación: 2015/1 - Actual",1
I-0001355642,Brigida Maria Nieves Amaya,0001355642,,,,https://scienti.minciencias.gov.co/cvlac/visualizador/generarCurriculoCv.do?cod_rh=0001355642,"GrupLAC, censo de integrantes, consultado 2026-09-25; vinculación: 2019/9 - 2023/11",1
I-0000562998,Cesar ivan aviles gonzalez,0000562998,,Investigador Senior (IS),,https://scienti.minciencias.gov.co/cvlac/visualizador/generarCurriculoCv.do?cod_rh=0000562998,"GrupLAC, censo de integrantes, consultado 2026-09-25; vinculación: 2015/1 - 2022/3",1
I-0001894538,Dailyn Alejandra Cabana Imbreth,0001894538,,,,https://scienti.minciencias.gov.co/cvlac/visualizador/generarCurriculoCv.do?cod_rh=0001894538,"GrupLAC, censo de integrantes, consultado 2026-09-25; vinculación: 2022/10 - 2023/11",1
I-0000880108,Dairys CAMPO CORDOBA,0000880108,,,,https://scienti.minciencias.gov.co/cvlac/visualizador/generarCurriculoCv.do?cod_rh=0000880108,"GrupLAC, censo de integrantes, consultado 2026-09-25; vinculación: 2015/1 - Actual",1
I-0001582471,Dannyra Tatiana Mendoza Cuello,0001582471,,Investigador Junior (IJ),,https://scienti.minciencias.gov.co/cvlac/visualizador/generarCurriculoCv.do?cod_rh=0001582471,"GrupLAC, censo de integrantes, consultado 2026-09-25; vinculación: 2022/1 - Actual",1
I-0000138155,DARLIS MARIET ROMERO DE ANGEL,0000138155,,,,https://scienti.minciencias.gov.co/cvlac/visualizador/generarCurriculoCv.do?cod_rh=0000138155,"GrupLAC, censo de integrantes, consultado 2026-09-25; vinculación: 2018/3 - Actual",1
I-0001165968,Edelsy BENJUMEA LIÑAN,0001165968,,,,https://scienti.minciencias.gov.co/cvlac/visualizador/generarCurriculoCv.do?cod_rh=0001165968,"GrupLAC, censo de integrantes, consultado 2026-09-25; vinculación: 2017/3 - Actual",1
I-0000028758,Geovanni Antonio Urdaneta Urdaneta,0000028758,,Investigador Asociado (I),,https://scienti.minciencias.gov.co/cvlac/visualizador/generarCurriculoCv.do?cod_rh=0000028758,"GrupLAC, censo de integrantes, consultado 2026-09-25; vinculación: 2022/1 - Actual",1
I-0001829420,german daniel hernandez rincones,0001829420,,,,https://scienti.minciencias.gov.co/cvlac/visualizador/generarCurriculoCv.do?cod_rh=0001829420,"GrupLAC, censo de integrantes, consultado 2026-09-25; vinculación: 2019/5 - Actual",1
I-0001354975,grimalia ester pitre ponton,0001354975,,,,https://scienti.minciencias.gov.co/cvlac/visualizador/generarCurriculoCv.do?cod_rh=0001354975,"GrupLAC, censo de integrantes, consultado 2026-09-25; vinculación: 2015/1 - Actual",1
I-0001402519,Hidalia de Jesus Hernandez Contreras,0001402519,,,,https://scienti.minciencias.gov.co/cvlac/visualizador/generarCurriculoCv.do?cod_rh=0001402519,"GrupLAC, censo de integrantes, consultado 2026-09-25; vinculación: 2017/10 - 2023/10",1
I-0002416091,Isabel Sofía Cubillos Quintero,0002416091,,,,https://scienti.minciencias.gov.co/cvlac/visualizador/generarCurriculoCv.do?cod_rh=0002416091,"GrupLAC, censo de integrantes, consultado 2026-09-25; vinculación: 2025/9 - Actual",1
I-0002137516,Ivan Andres Daza Contreras,0002137516,,,,https://scienti.minciencias.gov.co/cvlac/visualizador/generarCurriculoCv.do?cod_rh=0002137516,"GrupLAC, censo de integrantes, consultado 2026-09-25; vinculación: 2023/8 - Actual",1
I-0000548162,Jorge Rafael Garcia Cueto,0000548162,,,,https://scienti.minciencias.gov.co/cvlac/visualizador/generarCurriculoCv.do?cod_rh=0000548162,"GrupLAC, censo de integrantes, consultado 2026-09-25; vinculación: 2015/1 - Actual",1
I-0000137386,JOSE YESID MECON SALCEDO,0000137386,,,,https://scienti.minciencias.gov.co/cvlac/visualizador/generarCurriculoCv.do?cod_rh=0000137386,"GrupLAC, censo de integrantes, consultado 2026-09-25; vinculación: 2018/5 - Actual",1
I-0000137604,LAURA CAROLINA PEREZ GONZALEZ,0000137604,,,,https://scienti.minciencias.gov.co/cvlac/visualizador/generarCurriculoCv.do?cod_rh=0000137604,"GrupLAC, censo de integrantes, consultado 2026-09-25; vinculación: 2019/9 - 2021/2",1
I-0002390201,Lilibeth Cabrales Oviedo,0002390201,,,,https://scienti.minciencias.gov.co/cvlac/visualizador/generarCurriculoCv.do?cod_rh=0002390201,"GrupLAC, censo de integrantes, consultado 2026-09-25; vinculación: 2024/8 - Actual",1
I-0000036084,lilibeth Romero Mendoza,0000036084,,,,https://scienti.minciencias.gov.co/cvlac/visualizador/generarCurriculoCv.do?cod_rh=0000036084,"GrupLAC, censo de integrantes, consultado 2026-09-25; vinculación: 2015/1 - Actual",1
I-0001708032,maria camila pecopaque pecopaque,0001708032,,,,https://scienti.minciencias.gov.co/cvlac/visualizador/generarCurriculoCv.do?cod_rh=0001708032,"GrupLAC, censo de integrantes, consultado 2026-09-25; vinculación: 2019/5 - 2021/2",1
I-0001777334,maria ines orjuela fernandez,0001777334,,,,https://scienti.minciencias.gov.co/cvlac/visualizador/generarCurriculoCv.do?cod_rh=0001777334,"GrupLAC, censo de integrantes, consultado 2026-09-25; vinculación: 2020/6 - 2021/2",1
I-0001673504,MARIA JOSE MARTINEZ MARTINEZ,0001673504,,,,https://scienti.minciencias.gov.co/cvlac/visualizador/generarCurriculoCv.do?cod_rh=0001673504,"GrupLAC, censo de integrantes, consultado 2026-09-25; vinculación: 2022/1 - Actual",1
I-0002416946,Mariana Sofía Camargo Cuadrado,0002416946,,,,https://scienti.minciencias.gov.co/cvlac/visualizador/generarCurriculoCv.do?cod_rh=0002416946,"GrupLAC, censo de integrantes, consultado 2026-09-25; vinculación: 2025/9 - Actual",1
I-0002062775,Marianella Molina Negrete,0002062775,,,,https://scienti.minciencias.gov.co/cvlac/visualizador/generarCurriculoCv.do?cod_rh=0002062775,"GrupLAC, censo de integrantes, consultado 2026-09-25; vinculación: 2022/8 - 2023/6",1
I-0001409131,Mariela lucila Restrepo Pimienta,0001409131,,,,https://scienti.minciencias.gov.co/cvlac/visualizador/generarCurriculoCv.do?cod_rh=0001409131,"GrupLAC, censo de integrantes, consultado 2026-09-25; vinculación: 2015/1 - Actual",1
I-0001725072,Maryelis Elaine Manjarrez Barbudo,0001725072,,,,https://scienti.minciencias.gov.co/cvlac/visualizador/generarCurriculoCv.do?cod_rh=0001725072,"GrupLAC, censo de integrantes, consultado 2026-09-25; vinculación: 2019/5 - 2021/2",1
I-0001425457,MONICA LILIANA GUEVARA JAIME,0001425457,,,,https://scienti.minciencias.gov.co/cvlac/visualizador/generarCurriculoCv.do?cod_rh=0001425457,"GrupLAC, censo de integrantes, consultado 2026-09-25; vinculación: 2019/9 - Actual",1
I-0001648685,NAJIA MOHAMED FARAH CARRILLO,0001648685,,,,https://scienti.minciencias.gov.co/cvlac/visualizador/generarCurriculoCv.do?cod_rh=0001648685,"GrupLAC, censo de integrantes, consultado 2026-09-25; vinculación: 2019/7 - Actual",1
I-0001671970,Paula Irene Mosquera Duarte,0001671970,,,,https://scienti.minciencias.gov.co/cvlac/visualizador/generarCurriculoCv.do?cod_rh=0001671970,"GrupLAC, censo de integrantes, consultado 2026-09-25; vinculación: 2019/5 - 2021/2",1
I-0001725019,Rafael Andres Blanco Barrios,0001725019,,,,https://scienti.minciencias.gov.co/cvlac/visualizador/generarCurriculoCv.do?cod_rh=0001725019,"GrupLAC, censo de integrantes, consultado 2026-09-25; vinculación: 2019/5 - 2021/2",1
I-0001724839,Tachi Valentina Martínez Arias,0001724839,,,,https://scienti.minciencias.gov.co/cvlac/visualizador/generarCurriculoCv.do?cod_rh=0001724839,"GrupLAC, censo de integrantes, consultado 2026-09-25; vinculación: 2019/5 - 2021/2",1
I-0001402515,tulia leonor lopez VALERA,0001402515,,,,https://scienti.minciencias.gov.co/cvlac/visualizador/generarCurriculoCv.do?cod_rh=0001402515,"GrupLAC, censo de integrantes, consultado 2026-09-25; vinculación: 2017/3 - Actual",1
I-0000036149,viadcy lineth beltran quintero,0000036149,,,,https://scienti.minciencias.gov.co/cvlac/visualizador/generarCurriculoCv.do?cod_rh=0000036149,"GrupLAC, censo de integrantes, consultado 2026-09-25; vinculación: 2015/1 - 2021/2",1
I-0002064092,Yayra Carolina Cuello Pallares,0002064092,,,,https://scienti.minciencias.gov.co/cvlac/visualizador/generarCurriculoCv.do?cod_rh=0002064092,"GrupLAC, censo de integrantes, consultado 2026-09-25; vinculación: 2022/8 - 2023/11",1
I-0002062814,YEIMI YULIET MEJIA NIEBLES,0002062814,,,,https://scienti.minciencias.gov.co/cvlac/visualizador/generarCurriculoCv.do?cod_rh=0002062814,"GrupLAC, censo de integrantes, consultado 2026-09-25; vinculación: 2022/8 - Actual",1
I-0000440027,Juan Bautista Pacheco Fernández,0000440027,,Investigador Junior (IJ),,https://scienti.minciencias.gov.co/cvlac/visualizador/generarCurriculoCv.do?cod_rh=0000440027,"GrupLAC, censo de integrantes, consultado 2026-09-25; vinculación: 2014/7 - Actual",1
I-0001442518,EVER ENRIQUE DE LA HOZ MOLINARES,0001442518,,Investigador Junior (IJ),,https://scienti.minciencias.gov.co/cvlac/visualizador/generarCurriculoCv.do?cod_rh=0001442518,"GrupLAC, censo de integrantes, consultado 2026-09-25; vinculación: 2014/7 - Actual",1
I-0000147355,JUSTO ALBERTO MENDEZ MENDINUETA,0000147355,,,,https://scienti.minciencias.gov.co/cvlac/visualizador/generarCurriculoCv.do?cod_rh=0000147355,"GrupLAC, censo de integrantes, consultado 2026-09-25; vinculación: 2016/7 - Actual",1
I-0000500771,Loeber José Romero Arias,0000500771,,,,https://scienti.minciencias.gov.co/cvlac/visualizador/generarCurriculoCv.do?cod_rh=0000500771,"GrupLAC, censo de integrantes, consultado 2026-09-25; vinculación: 2015/1 - Actual",1
I-0000559822,OMAR ENRIQUE TRUJILLO VARILLA,0000559822,,Investigador Junior (IJ),,https://scienti.minciencias.gov.co/cvlac/visualizador/generarCurriculoCv.do?cod_rh=0000559822,"GrupLAC, censo de integrantes, consultado 2026-09-25; vinculación: 2014/7 - Actual",1
I-0000547280,Roosevelt CARRILLO MARTINEZ,0000547280,,,,https://scienti.minciencias.gov.co/cvlac/visualizador/generarCurriculoCv.do?cod_rh=0000547280,"GrupLAC, censo de integrantes, consultado 2026-09-25; vinculación: 2015/1 - Actual",1
I-0000548723,Sircarlos molina retamozo,0000548723,,,,https://scienti.minciencias.gov.co/cvlac/visualizador/generarCurriculoCv.do?cod_rh=0000548723,"GrupLAC, censo de integrantes, consultado 2026-09-25; vinculación: 2018/6 - 2019/6",1
I-0001667502,Beatriz Elena Mestre Moron,0001667502,,,,https://scienti.minciencias.gov.co/cvlac/visualizador/generarCurriculoCv.do?cod_rh=0001667502,"GrupLAC, censo de integrantes, consultado 2026-09-25; vinculación: 2022/1 - Actual",1
I-0001482027,Jose Mauricio Rivero Olmos,0001482027,,,,https://scienti.minciencias.gov.co/cvlac/visualizador/generarCurriculoCv.do?cod_rh=0001482027,"GrupLAC, censo de integrantes, consultado 2026-09-25; vinculación: 2022/1 - Actual",1
I-0001601952,AMAURY ENRIQUE SALAS JIMENEZ,0001601952,,,,https://scienti.minciencias.gov.co/cvlac/visualizador/generarCurriculoCv.do?cod_rh=0001601952,"GrupLAC, censo de integrantes, consultado 2026-09-25; vinculación: 2022/1 - 2026/7",1
I-0002070563,arnoldo rafael oliveros escobar,0002070563,,,,https://scienti.minciencias.gov.co/cvlac/visualizador/generarCurriculoCv.do?cod_rh=0002070563,"GrupLAC, censo de integrantes, consultado 2026-09-25; vinculación: 2022/1 - Actual",1
I-0000185854,CARLOS ANDRÉS MEJÍA ROJAS,0000185854,,,,https://scienti.minciencias.gov.co/cvlac/visualizador/generarCurriculoCv.do?cod_rh=0000185854,"GrupLAC, censo de integrantes, consultado 2026-09-25; vinculación: 2022/1 - Actual",1
I-0002287999,DIXON LEONARDO ARIZA ROMERO,0002287999,,,,https://scienti.minciencias.gov.co/cvlac/visualizador/generarCurriculoCv.do?cod_rh=0002287999,"GrupLAC, censo de integrantes, consultado 2026-09-25; vinculación: 2025/1 - Actual",1
I-0000056136,Everardo Manuel Sánchez Puche,0000056136,,Investigador Junior (IJ),,https://scienti.minciencias.gov.co/cvlac/visualizador/generarCurriculoCv.do?cod_rh=0000056136,"GrupLAC, censo de integrantes, consultado 2026-09-25; vinculación: 2023/1 - Actual",1
I-0001748966,GABRIEL FERNANDO FRANCO MAYA,0001748966,,,,https://scienti.minciencias.gov.co/cvlac/visualizador/generarCurriculoCv.do?cod_rh=0001748966,"GrupLAC, censo de integrantes, consultado 2026-09-25; vinculación: 2022/1 - Actual",1
I-0002106572,Ingrith Carolina Pavas Romero,0002106572,,,,https://scienti.minciencias.gov.co/cvlac/visualizador/generarCurriculoCv.do?cod_rh=0002106572,"GrupLAC, censo de integrantes, consultado 2026-09-25; vinculación: 2022/1 - Actual",1
I-0001682069,Jhon Jairo Jiménez Pérez,0001682069,,,,https://scienti.minciencias.gov.co/cvlac/visualizador/generarCurriculoCv.do?cod_rh=0001682069,"GrupLAC, censo de integrantes, consultado 2026-09-25; vinculación: 2022/1 - Actual",1
I-0001865235,Jhonny Javier Arroyo Martinez,0001865235,,,,https://scienti.minciencias.gov.co/cvlac/visualizador/generarCurriculoCv.do?cod_rh=0001865235,"GrupLAC, censo de integrantes, consultado 2026-09-25; vinculación: 2022/1 - 2026/7",1
I-0000035825,José Bernardo Petit López,0000035825,,,,https://scienti.minciencias.gov.co/cvlac/visualizador/generarCurriculoCv.do?cod_rh=0000035825,"GrupLAC, censo de integrantes, consultado 2026-09-25; vinculación: 2022/1 - Actual",1
I-0000074929,JOSE DEL ROSARIO ARAMENDIZ MEJIA,0000074929,,,,https://scienti.minciencias.gov.co/cvlac/visualizador/generarCurriculoCv.do?cod_rh=0000074929,"GrupLAC, censo de integrantes, consultado 2026-09-25; vinculación: 2022/1 - Actual",1
I-0001171739,Jose Ignacio Vilardy Armenta,0001171739,,,,https://scienti.minciencias.gov.co/cvlac/visualizador/generarCurriculoCv.do?cod_rh=0001171739,"GrupLAC, censo de integrantes, consultado 2026-09-25; vinculación: 2022/1 - Actual",1
I-0000074315,Melissa Isabel Rondon Angulo,0000074315,,,,https://scienti.minciencias.gov.co/cvlac/visualizador/generarCurriculoCv.do?cod_rh=0000074315,"GrupLAC, censo de integrantes, consultado 2026-09-25; vinculación: 2022/1 - Actual",1
I-0000122089,Miguel Trinidad Arrieta Mattos,0000122089,,,,https://scienti.minciencias.gov.co/cvlac/visualizador/generarCurriculoCv.do?cod_rh=0000122089,"GrupLAC, censo de integrantes, consultado 2026-09-25; vinculación: 2022/1 - Actual",1
I-0001836499,MILTON JOSÉ MORALES VIELMA,0001836499,,,,https://scienti.minciencias.gov.co/cvlac/visualizador/generarCurriculoCv.do?cod_rh=0001836499,"GrupLAC, censo de integrantes, consultado 2026-09-25; vinculación: 2022/1 - Actual",1
I-0002281449,Ronny Javier Lopez De Vivero,0002281449,,,,https://scienti.minciencias.gov.co/cvlac/visualizador/generarCurriculoCv.do?cod_rh=0002281449,"GrupLAC, censo de integrantes, consultado 2026-09-25; vinculación: 2024/1 - Actual",1
I-0000758078,Yenny ALCOCER PLAZA,0000758078,,,,https://scienti.minciencias.gov.co/cvlac/visualizador/generarCurriculoCv.do?cod_rh=0000758078,"GrupLAC, censo de integrantes, consultado 2026-09-25; vinculación: 2022/1 - Actual",1
I-0001388098,Jorge Luis Rangel Acosta,0001388098,,,,https://scienti.minciencias.gov.co/cvlac/visualizador/generarCurriculoCv.do?cod_rh=0001388098,"GrupLAC, censo de integrantes, consultado 2026-09-25; vinculación: 2024/2 - Actual",1
I-0001531662,Kelly Jhoana Rodelo Soto,0001531662,,,,https://scienti.minciencias.gov.co/cvlac/visualizador/generarCurriculoCv.do?cod_rh=0001531662,"GrupLAC, censo de integrantes, consultado 2026-09-25; vinculación: 2020/2 - Actual",1
I-0001848189,Arinaldo Pereira Da silva,0001848189,,,,https://scienti.minciencias.gov.co/cvlac/visualizador/generarCurriculoCv.do?cod_rh=0001848189,"GrupLAC, censo de integrantes, consultado 2026-09-25; vinculación: 2019/2 - Actual",1
I-0001471482,Brayan Alexis Parra Orobio,0001471482,,Investigador Asociado (I),,https://scienti.minciencias.gov.co/cvlac/visualizador/generarCurriculoCv.do?cod_rh=0001471482,"GrupLAC, censo de integrantes, consultado 2026-09-25; vinculación: 2019/8 - 2026/8",1
I-0000155875,Daneisy Ibarra Carvajalino,0000155875,,,,https://scienti.minciencias.gov.co/cvlac/visualizador/generarCurriculoCv.do?cod_rh=0000155875,"GrupLAC, censo de integrantes, consultado 2026-09-25; vinculación: 2024/8 - Actual",1
I-0000123155,Daniel Olivera Paniagua,0000123155,,,,https://scienti.minciencias.gov.co/cvlac/visualizador/generarCurriculoCv.do?cod_rh=0000123155,"GrupLAC, censo de integrantes, consultado 2026-09-25; vinculación: 2017/1 - 2018/12",1
I-0002004369,Danilo Alfonso Piña Velásquez,0002004369,,,,https://scienti.minciencias.gov.co/cvlac/visualizador/generarCurriculoCv.do?cod_rh=0002004369,"GrupLAC, censo de integrantes, consultado 2026-09-25; vinculación: 2020/8 - Actual",1
I-0001425503,Iris Karine Martinez Quintero,0001425503,,,,https://scienti.minciencias.gov.co/cvlac/visualizador/generarCurriculoCv.do?cod_rh=0001425503,"GrupLAC, censo de integrantes, consultado 2026-09-25; vinculación: 2020/2 - Actual",1
I-0001681257,José Alfonso Flórez Mercado,0001681257,,,,https://scienti.minciencias.gov.co/cvlac/visualizador/generarCurriculoCv.do?cod_rh=0001681257,"GrupLAC, censo de integrantes, consultado 2026-09-25; vinculación: 2024/9 - Actual",1
I-0002114728,Jose Javier Cabrera Cabrera,0002114728,,,,https://scienti.minciencias.gov.co/cvlac/visualizador/generarCurriculoCv.do?cod_rh=0002114728,"GrupLAC, censo de integrantes, consultado 2026-09-25; vinculación: 2024/2 - Actual",1
I-0001541907,Juan David Herrera Galviz,0001541907,,Investigador Junior (IJ),,https://scienti.minciencias.gov.co/cvlac/visualizador/generarCurriculoCv.do?cod_rh=0001541907,"GrupLAC, censo de integrantes, consultado 2026-09-25; vinculación: 2019/9 - Actual",1
I-0002081510,Kelly Viviana Duarte Chaudruc,0002081510,,,,https://scienti.minciencias.gov.co/cvlac/visualizador/generarCurriculoCv.do?cod_rh=0002081510,"GrupLAC, censo de integrantes, consultado 2026-09-25; vinculación: 2022/2 - Actual",1
I-0001540372,Luis Carlos Rodriguez Barbosa,0001540372,,,,https://scienti.minciencias.gov.co/cvlac/visualizador/generarCurriculoCv.do?cod_rh=0001540372,"GrupLAC, censo de integrantes, consultado 2026-09-25; vinculación: 2023/1 - Actual",1
I-0002156557,Luisa Fernanda Villalobos Perez,0002156557,,,,https://scienti.minciencias.gov.co/cvlac/visualizador/generarCurriculoCv.do?cod_rh=0002156557,"GrupLAC, censo de integrantes, consultado 2026-09-25; vinculación: 2024/8 - Actual",1
I-0002114086,Luz Neira Gomez Chogo,0002114086,,,,https://scienti.minciencias.gov.co/cvlac/visualizador/generarCurriculoCv.do?cod_rh=0002114086,"GrupLAC, censo de integrantes, consultado 2026-09-25; vinculación: 2025/1 - Actual",1
I-0001441458,Nayibe Tatiana Sanchez Alvarez,0001441458,,Investigador Junior (IJ),,https://scienti.minciencias.gov.co/cvlac/visualizador/generarCurriculoCv.do?cod_rh=0001441458,"GrupLAC, censo de integrantes, consultado 2026-09-25; vinculación: 2019/2 - Actual",1
I-0001845247,NIDIA ROCIO ARIZA CAÑIZARES,0001845247,,,,https://scienti.minciencias.gov.co/cvlac/visualizador/generarCurriculoCv.do?cod_rh=0001845247,"GrupLAC, censo de integrantes, consultado 2026-09-25; vinculación: 2022/2 - Actual",1
I-0002405316,Olmer Edilson Zapata Logatto,0002405316,,,,https://scienti.minciencias.gov.co/cvlac/visualizador/generarCurriculoCv.do?cod_rh=0002405316,"GrupLAC, censo de integrantes, consultado 2026-09-25; vinculación: 2025/3 - Actual",1
I-0001411648,ROCIO ROPERO PALLARES,0001411648,,,,https://scienti.minciencias.gov.co/cvlac/visualizador/generarCurriculoCv.do?cod_rh=0001411648,"GrupLAC, censo de integrantes, consultado 2026-09-25; vinculación: 2017/2 - Actual",1
I-0002315989,Roque Sanchez casallas,0002315989,,,,https://scienti.minciencias.gov.co/cvlac/visualizador/generarCurriculoCv.do?cod_rh=0002315989,"GrupLAC, censo de integrantes, consultado 2026-09-25; vinculación: 2025/10 - Actual",1
I-0000116197,Rossember Saldaña Escorcia,0000116197,,Investigador Junior (IJ),,https://scienti.minciencias.gov.co/cvlac/visualizador/generarCurriculoCv.do?cod_rh=0000116197,"GrupLAC, censo de integrantes, consultado 2026-09-25; vinculación: 2019/2 - Actual",1
I-0001620230,Sergio Iván Guarín Santiago,0001620230,,,,https://scienti.minciencias.gov.co/cvlac/visualizador/generarCurriculoCv.do?cod_rh=0001620230,"GrupLAC, censo de integrantes, consultado 2026-09-25; vinculación: 2020/2 - Actual",1
I-0002368597,victor benjamin herrera casadiegos,0002368597,,,,https://scienti.minciencias.gov.co/cvlac/visualizador/generarCurriculoCv.do?cod_rh=0002368597,"GrupLAC, censo de integrantes, consultado 2026-09-25; vinculación: 2024/2 - Actual",1
I-0001412731,yeny paola casallas zapata,0001412731,,,,https://scienti.minciencias.gov.co/cvlac/visualizador/generarCurriculoCv.do?cod_rh=0001412731,"GrupLAC, censo de integrantes, consultado 2026-09-25; vinculación: 2022/8 - Actual",1
I-0002060398,YISSETH MARIOTTE SANCHEZ OJEDA,0002060398,,,,https://scienti.minciencias.gov.co/cvlac/visualizador/generarCurriculoCv.do?cod_rh=0002060398,"GrupLAC, censo de integrantes, consultado 2026-09-25; vinculación: 2024/8 - Actual",1
I-0001537020,YICETH ALEJANDRA GONZALEZ DUARTE,0001537020,,Investigador Junior (IJ),,https://scienti.minciencias.gov.co/cvlac/visualizador/generarCurriculoCv.do?cod_rh=0001537020,"GrupLAC, censo de integrantes, consultado 2026-09-25; vinculación: 2017/11 - Actual",1
I-0001428804,YAZMIN HERNANDEZ ALVAREZ,0001428804,,,,https://scienti.minciencias.gov.co/cvlac/visualizador/generarCurriculoCv.do?cod_rh=0001428804,"GrupLAC, censo de integrantes, consultado 2026-09-25; vinculación: 2019/2 - Actual",1
I-0000651559,Adolfo Leon DIAZ DE LA ROSA,0000651559,,,,https://scienti.minciencias.gov.co/cvlac/visualizador/generarCurriculoCv.do?cod_rh=0000651559,"GrupLAC, censo de integrantes, consultado 2026-09-25; vinculación: 2017/11 - Actual",1
I-0000027716,angel humberto jurado uribe,0000027716,,,,https://scienti.minciencias.gov.co/cvlac/visualizador/generarCurriculoCv.do?cod_rh=0000027716,"GrupLAC, censo de integrantes, consultado 2026-09-25; vinculación: 2023/9 - Actual",1
I-0002387854,BRANDON ABDUL BARRERO HOLGUIN,0002387854,,,,https://scienti.minciencias.gov.co/cvlac/visualizador/generarCurriculoCv.do?cod_rh=0002387854,"GrupLAC, censo de integrantes, consultado 2026-09-25; vinculación: 2025/8 - Actual",1
I-0001343627,CARLOS ARTURO YAZO GALLLARDO,0001343627,,,,https://scienti.minciencias.gov.co/cvlac/visualizador/generarCurriculoCv.do?cod_rh=0001343627,"GrupLAC, censo de integrantes, consultado 2026-09-25; vinculación: 2017/11 - 2025/1",1
I-0000570486,CARMEN CECILIA GALVIS NUÑEZ,0000570486,,,,https://scienti.minciencias.gov.co/cvlac/visualizador/generarCurriculoCv.do?cod_rh=0000570486,"GrupLAC, censo de integrantes, consultado 2026-09-25; vinculación: 2020/11 - 2021/2",1
I-0002060749,DARLY BRINETH CHIQUILLO BACCA,0002060749,,,,https://scienti.minciencias.gov.co/cvlac/visualizador/generarCurriculoCv.do?cod_rh=0002060749,"GrupLAC, censo de integrantes, consultado 2026-09-25; vinculación: 2023/10 - Actual",1
I-0002069342,Farina Pacheco Granados,0002069342,,,,https://scienti.minciencias.gov.co/cvlac/visualizador/generarCurriculoCv.do?cod_rh=0002069342,"GrupLAC, censo de integrantes, consultado 2026-09-25; vinculación: 2025/6 - Actual",1
I-0001651312,german sanchez vargas,0001651312,,,,https://scienti.minciencias.gov.co/cvlac/visualizador/generarCurriculoCv.do?cod_rh=0001651312,"GrupLAC, censo de integrantes, consultado 2026-09-25; vinculación: 2017/11 - Actual",1
I-0001453275,Henry Ali Montes Montealegre,0001453275,,,,https://scienti.minciencias.gov.co/cvlac/visualizador/generarCurriculoCv.do?cod_rh=0001453275,"GrupLAC, censo de integrantes, consultado 2026-09-25; vinculación: 2023/2 - 2025/12",1
I-0000706167,Jaime Arturo Hernandez espinosa,0000706167,,,,https://scienti.minciencias.gov.co/cvlac/visualizador/generarCurriculoCv.do?cod_rh=0000706167,"GrupLAC, censo de integrantes, consultado 2026-09-25; vinculación: 2026/6 - Actual",1
I-0001746260,JAVIER ENRIQUE CRUZ HERRERA,0001746260,,,,https://scienti.minciencias.gov.co/cvlac/visualizador/generarCurriculoCv.do?cod_rh=0001746260,"GrupLAC, censo de integrantes, consultado 2026-09-25; vinculación: 2019/6 - Actual",1
I-0001498233,JOSE GREGORIO JORGE GARCIA,0001498233,,Investigador Junior (IJ),,https://scienti.minciencias.gov.co/cvlac/visualizador/generarCurriculoCv.do?cod_rh=0001498233,"GrupLAC, censo de integrantes, consultado 2026-09-25; vinculación: 2019/9 - Actual",1
I-0000068159,JOSE LUIS OLARTE MERCHAN,0000068159,,,,https://scienti.minciencias.gov.co/cvlac/visualizador/generarCurriculoCv.do?cod_rh=0000068159,"GrupLAC, censo de integrantes, consultado 2026-09-25; vinculación: 2019/2 - Actual",1
I-0002261903,judith madrid de arco,0002261903,,,,https://scienti.minciencias.gov.co/cvlac/visualizador/generarCurriculoCv.do?cod_rh=0002261903,"GrupLAC, censo de integrantes, consultado 2026-09-25; vinculación: 2024/8 - Actual",1
I-0000052664,KATHERINE ISABEL SOTO ASCANIO,0000052664,,,,https://scienti.minciencias.gov.co/cvlac/visualizador/generarCurriculoCv.do?cod_rh=0000052664,"GrupLAC, censo de integrantes, consultado 2026-09-25; vinculación: 2023/2 - Actual",1
I-0002113933,Kennia Lorena Escobar Ruiz,0002113933,,,,https://scienti.minciencias.gov.co/cvlac/visualizador/generarCurriculoCv.do?cod_rh=0002113933,"GrupLAC, censo de integrantes, consultado 2026-09-25; vinculación: 2024/8 - Actual",1
I-0002269026,LICETH LORAYNE SANCHEZ CARREÑO,0002269026,,,,https://scienti.minciencias.gov.co/cvlac/visualizador/generarCurriculoCv.do?cod_rh=0002269026,"GrupLAC, censo de integrantes, consultado 2026-09-25; vinculación: 2024/8 - Actual",1
I-0000171936,LILIANA MARIA CASTEBLANCO MARTINEZ,0000171936,,,,https://scienti.minciencias.gov.co/cvlac/visualizador/generarCurriculoCv.do?cod_rh=0000171936,"GrupLAC, censo de integrantes, consultado 2026-09-25; vinculación: 2019/8 - Actual",1
I-0001449769,LUIS HERNANDO SERNA CARDONA,0001449769,,,,https://scienti.minciencias.gov.co/cvlac/visualizador/generarCurriculoCv.do?cod_rh=0001449769,"GrupLAC, censo de integrantes, consultado 2026-09-25; vinculación: 2017/11 - 2019/7",1
I-0002169432,Maria Angelica Castiblanco Martinez,0002169432,,,,https://scienti.minciencias.gov.co/cvlac/visualizador/generarCurriculoCv.do?cod_rh=0002169432,"GrupLAC, censo de integrantes, consultado 2026-09-25; vinculación: 2024/8 - Actual",1
I-0002059627,María Camila Amaya Badillo,0002059627,,,,https://scienti.minciencias.gov.co/cvlac/visualizador/generarCurriculoCv.do?cod_rh=0002059627,"GrupLAC, censo de integrantes, consultado 2026-09-25; vinculación: 2022/8 - Actual",1
I-0002161526,NERYS AMPARO MARTINEZ MIER,0002161526,,,,https://scienti.minciencias.gov.co/cvlac/visualizador/generarCurriculoCv.do?cod_rh=0002161526,"GrupLAC, censo de integrantes, consultado 2026-09-25; vinculación: 2024/8 - Actual",1
I-0001410761,RICARDO JESUS GUERRERO DIAZ,0001410761,,Investigador Junior (IJ),,https://scienti.minciencias.gov.co/cvlac/visualizador/generarCurriculoCv.do?cod_rh=0001410761,"GrupLAC, censo de integrantes, consultado 2026-09-25; vinculación: 2017/11 - 2024/5",1
I-0000000063,RICARDO JESUS LOBO CAÑIZARES,0000000063,,,,https://scienti.minciencias.gov.co/cvlac/visualizador/generarCurriculoCv.do?cod_rh=0000000063,"GrupLAC, censo de integrantes, consultado 2026-09-25; vinculación: 2019/10 - 2019/12",1
I-0001459431,RODOLFO RINCON PAEZ,0001459431,,,,https://scienti.minciencias.gov.co/cvlac/visualizador/generarCurriculoCv.do?cod_rh=0001459431,"GrupLAC, censo de integrantes, consultado 2026-09-25; vinculación: 2022/2 - 2024/5",1
I-0000635731,Sandra lago padilla,0000635731,,,,https://scienti.minciencias.gov.co/cvlac/visualizador/generarCurriculoCv.do?cod_rh=0000635731,"GrupLAC, censo de integrantes, consultado 2026-09-25; vinculación: 2023/8 - Actual",1
I-0000655309,Schneyder Jose Molina Romero,0000655309,,,,https://scienti.minciencias.gov.co/cvlac/visualizador/generarCurriculoCv.do?cod_rh=0000655309,"GrupLAC, censo de integrantes, consultado 2026-09-25; vinculación: 2017/11 - 2018/2",1
I-0002138904,Wilfred Smith Torres Gutierrez de Piñeres,0002138904,,,,https://scienti.minciencias.gov.co/cvlac/visualizador/generarCurriculoCv.do?cod_rh=0002138904,"GrupLAC, censo de integrantes, consultado 2026-09-25; vinculación: 2023/9 - Actual",1
I-0000157064,WILTON ALBEIRO QUIÑONES BERMUDEZ,0000157064,,,,https://scienti.minciencias.gov.co/cvlac/visualizador/generarCurriculoCv.do?cod_rh=0000157064,"GrupLAC, censo de integrantes, consultado 2026-09-25; vinculación: 2025/2 - Actual",1
I-0002180930,Yeraldin Smir Vides Guerrero,0002180930,,,,https://scienti.minciencias.gov.co/cvlac/visualizador/generarCurriculoCv.do?cod_rh=0002180930,"GrupLAC, censo de integrantes, consultado 2026-09-25; vinculación: 2024/2 - Actual",1
I-0000064046,ERIMAR CAROLINA BRACHO COLINA,0000064046,,Investigador Asociado (I),,https://scienti.minciencias.gov.co/cvlac/visualizador/generarCurriculoCv.do?cod_rh=0000064046,"GrupLAC, censo de integrantes, consultado 2026-09-25; vinculación: 2020/1 - Actual",1
I-0001409046,JAIRO HUMBERTO NARVAEZ VALET,0001409046,,,,https://scienti.minciencias.gov.co/cvlac/visualizador/generarCurriculoCv.do?cod_rh=0001409046,"GrupLAC, censo de integrantes, consultado 2026-09-25; vinculación: 2025/2 - Actual",1
I-0000002556,RAMON DE JESUS RAMOS SANCHEZ,0000002556,,,,https://scienti.minciencias.gov.co/cvlac/visualizador/generarCurriculoCv.do?cod_rh=0000002556,"GrupLAC, censo de integrantes, consultado 2026-09-25; vinculación: 2022/7 - Actual",1
I-0001398447,Yesid Ramos PEREZ,0001398447,,,,https://scienti.minciencias.gov.co/cvlac/visualizador/generarCurriculoCv.do?cod_rh=0001398447,"GrupLAC, censo de integrantes, consultado 2026-09-25; vinculación: 2021/1 - 2025/1",1
I-0001381258,Rafael Enrique Ordoñez Cardales,0001381258,,Investigador Junior (IJ),,https://scienti.minciencias.gov.co/cvlac/visualizador/generarCurriculoCv.do?cod_rh=0001381258,"GrupLAC, censo de integrantes, consultado 2026-09-25; vinculación: 2021/3 - Actual",1
I-0001448116,Alexander Farith Arenas Quintero,0001448116,,,,https://scienti.minciencias.gov.co/cvlac/visualizador/generarCurriculoCv.do?cod_rh=0001448116,"GrupLAC, censo de integrantes, consultado 2026-09-25; vinculación: 2025/2 - Actual",1
I-0001411506,CESAR ALFONSO MANJARREZ PONTON,0001411506,,,,https://scienti.minciencias.gov.co/cvlac/visualizador/generarCurriculoCv.do?cod_rh=0001411506,"GrupLAC, censo de integrantes, consultado 2026-09-25; vinculación: 2021/2 - Actual",1
I-0001422982,CLAUDIA LILIANA GARCIA MADRID,0001422982,,,,https://scienti.minciencias.gov.co/cvlac/visualizador/generarCurriculoCv.do?cod_rh=0001422982,"GrupLAC, censo de integrantes, consultado 2026-09-25; vinculación: 2024/2 - Actual",1
I-0001641915,David Moreno Ruiz,0001641915,,,,https://scienti.minciencias.gov.co/cvlac/visualizador/generarCurriculoCv.do?cod_rh=0001641915,"GrupLAC, censo de integrantes, consultado 2026-09-25; vinculación: 2021/3 - Actual",1
I-0002068429,Dellerlin Astrid Cepeda Orozco,0002068429,,,,https://scienti.minciencias.gov.co/cvlac/visualizador/generarCurriculoCv.do?cod_rh=0002068429,"GrupLAC, censo de integrantes, consultado 2026-09-25; vinculación: 2025/3 - Actual",1
I-0001410514,Eder Hans Fernandez De leon,0001410514,,,,https://scienti.minciencias.gov.co/cvlac/visualizador/generarCurriculoCv.do?cod_rh=0001410514,"GrupLAC, censo de integrantes, consultado 2026-09-25; vinculación: 2019/1 - Actual",1
I-0001997802,edgar andres muñoz villero,0001997802,,,,https://scienti.minciencias.gov.co/cvlac/visualizador/generarCurriculoCv.do?cod_rh=0001997802,"GrupLAC, censo de integrantes, consultado 2026-09-25; vinculación: 2023/3 - Actual",1
I-0001812903,Fabel Armando Arciniegas Molina,0001812903,,,,https://scienti.minciencias.gov.co/cvlac/visualizador/generarCurriculoCv.do?cod_rh=0001812903,"GrupLAC, censo de integrantes, consultado 2026-09-25; vinculación: 2021/9 - Actual",1
I-0000984264,FELIX MIGUEL MOVILLA CONTRERAS,0000984264,,,,https://scienti.minciencias.gov.co/cvlac/visualizador/generarCurriculoCv.do?cod_rh=0000984264,"GrupLAC, censo de integrantes, consultado 2026-09-25; vinculación: 2014/1 - 2015/1",1
I-0000421332,Isidoro GORDILLO GALVIS,0000421332,,,,https://scienti.minciencias.gov.co/cvlac/visualizador/generarCurriculoCv.do?cod_rh=0000421332,"GrupLAC, censo de integrantes, consultado 2026-09-25; vinculación: 2014/1 - 2014/12",1
I-0001594508,jader enrique esquivel mojica,0001594508,,,,https://scienti.minciencias.gov.co/cvlac/visualizador/generarCurriculoCv.do?cod_rh=0001594508,"GrupLAC, censo de integrantes, consultado 2026-09-25; vinculación: 2014/1 - 2015/12",1
I-0000395536,Jesús María Valencia Bustamante,0000395536,,,,https://scienti.minciencias.gov.co/cvlac/visualizador/generarCurriculoCv.do?cod_rh=0000395536,"GrupLAC, censo de integrantes, consultado 2026-09-25; vinculación: 2020/1 - Actual",1
I-0001410614,JHONNY ANTONIO RIVERA VERGEL,0001410614,,,,https://scienti.minciencias.gov.co/cvlac/visualizador/generarCurriculoCv.do?cod_rh=0001410614,"GrupLAC, censo de integrantes, consultado 2026-09-25; vinculación: 2014/1 - Actual",1
I-0001415487,JHONYS ENRIQUE BOLAÑO OSPINO,0001415487,,,,https://scienti.minciencias.gov.co/cvlac/visualizador/generarCurriculoCv.do?cod_rh=0001415487,"GrupLAC, censo de integrantes, consultado 2026-09-25; vinculación: 2014/1 - 2014/9",1
I-0000421901,Jorge Alfonso Gutièrrez Silva,0000421901,,,,https://scienti.minciencias.gov.co/cvlac/visualizador/generarCurriculoCv.do?cod_rh=0000421901,"GrupLAC, censo de integrantes, consultado 2026-09-25; vinculación: 2018/3 - 2024/8",1
I-0001399497,LACIDES ALFONSO BALETA PALOMINO,0001399497,,Investigador Junior (IJ),,https://scienti.minciencias.gov.co/cvlac/visualizador/generarCurriculoCv.do?cod_rh=0001399497,"GrupLAC, censo de integrantes, consultado 2026-09-25; vinculación: 2014/1 - 2015/2",1
I-0001400361,Liliana Carolina Molina Blanco,0001400361,,,,https://scienti.minciencias.gov.co/cvlac/visualizador/generarCurriculoCv.do?cod_rh=0001400361,"GrupLAC, censo de integrantes, consultado 2026-09-25; vinculación: 2017/8 - Actual",1
I-0001038893,LILIANA PATRICIA BARON AMARIS,0001038893,,,,https://scienti.minciencias.gov.co/cvlac/visualizador/generarCurriculoCv.do?cod_rh=0001038893,"GrupLAC, censo de integrantes, consultado 2026-09-25; vinculación: 2019/1 - 2024/12",1
I-0000164942,Lina Maria Navarro Sajonero,0000164942,,,,https://scienti.minciencias.gov.co/cvlac/visualizador/generarCurriculoCv.do?cod_rh=0000164942,"GrupLAC, censo de integrantes, consultado 2026-09-25; vinculación: 2021/9 - 2024/11",1
I-0001403741,MARCO PEÑALOZA PEREZ PEÑALOZA PEREZ,0001403741,,,,https://scienti.minciencias.gov.co/cvlac/visualizador/generarCurriculoCv.do?cod_rh=0001403741,"GrupLAC, censo de integrantes, consultado 2026-09-25; vinculación: 2024/2 - Actual",1
I-0001484144,Marlon De Jesús Rondón Meza,0001484144,,Investigador Junior (IJ),,https://scienti.minciencias.gov.co/cvlac/visualizador/generarCurriculoCv.do?cod_rh=0001484144,"GrupLAC, censo de integrantes, consultado 2026-09-25; vinculación: 2014/1 - 2015/1",1
I-0001590707,NIVER JAVIER ARAMENDIZ SANJUAN,0001590707,,,,https://scienti.minciencias.gov.co/cvlac/visualizador/generarCurriculoCv.do?cod_rh=0001590707,"GrupLAC, censo de integrantes, consultado 2026-09-25; vinculación: 2015/3 - 2015/12",1
I-0001737616,Osmady López Herrera,0001737616,,,,https://scienti.minciencias.gov.co/cvlac/visualizador/generarCurriculoCv.do?cod_rh=0001737616,"GrupLAC, censo de integrantes, consultado 2026-09-25; vinculación: 2021/1 - 2024/1",1
I-0001410260,Rafael Agustín Cabas Oñate,0001410260,,,,https://scienti.minciencias.gov.co/cvlac/visualizador/generarCurriculoCv.do?cod_rh=0001410260,"GrupLAC, censo de integrantes, consultado 2026-09-25; vinculación: 2019/1 - Actual",1
I-0001590739,Richard Andres Ramirez Mercado,0001590739,,,,https://scienti.minciencias.gov.co/cvlac/visualizador/generarCurriculoCv.do?cod_rh=0001590739,"GrupLAC, censo de integrantes, consultado 2026-09-25; vinculación: 2015/3 - 2015/12",1
I-0001514615,ROBERTO CARLOS CABALLERO FLOREZ,0001514615,,,,https://scienti.minciencias.gov.co/cvlac/visualizador/generarCurriculoCv.do?cod_rh=0001514615,"GrupLAC, censo de integrantes, consultado 2026-09-25; vinculación: 2015/3 - 2015/12",1
I-0000071888,RUTH YALENA ZULETA TORRES,0000071888,,,,https://scienti.minciencias.gov.co/cvlac/visualizador/generarCurriculoCv.do?cod_rh=0000071888,"GrupLAC, censo de integrantes, consultado 2026-09-25; vinculación: 2021/2 - 2024/4",1
I-0001424349,Stephany Patricia Calderon Royero,0001424349,,,,https://scienti.minciencias.gov.co/cvlac/visualizador/generarCurriculoCv.do?cod_rh=0001424349,"GrupLAC, censo de integrantes, consultado 2026-09-25; vinculación: 2019/1 - 2024/3",1
I-0000555142,Carlos martínez Acuña,0000555142,,,,https://scienti.minciencias.gov.co/cvlac/visualizador/generarCurriculoCv.do?cod_rh=0000555142,"GrupLAC, censo de integrantes, consultado 2026-09-25; vinculación: 2021/1 - Actual",1
I-0000501816,OVIDIO RODOLFO BAQUERO BONILLA,0000501816,,,,https://scienti.minciencias.gov.co/cvlac/visualizador/generarCurriculoCv.do?cod_rh=0000501816,"GrupLAC, censo de integrantes, consultado 2026-09-25; vinculación: 2017/1 - Actual",1
I-0002062780,gabriela alejandra illera torres,0002062780,,,,https://scienti.minciencias.gov.co/cvlac/visualizador/generarCurriculoCv.do?cod_rh=0002062780,"GrupLAC, censo de integrantes, consultado 2026-09-25; vinculación: 2023/5 - 2023/11",1
I-0002152072,Miguel Negron Eduardo,0002152072,,,,https://scienti.minciencias.gov.co/cvlac/visualizador/generarCurriculoCv.do?cod_rh=0002152072,"GrupLAC, censo de integrantes, consultado 2026-09-25; vinculación: 2022/1 - Actual",1
I-0000028528,Elsy Paola Villazon Villero,0000028528,,,,https://scienti.minciencias.gov.co/cvlac/visualizador/generarCurriculoCv.do?cod_rh=0000028528,"GrupLAC, censo de integrantes, consultado 2026-09-25; vinculación: 2022/1 - Actual",1
I-0000537349,Ariel David Rincones Marriaga,0000537349,,,,https://scienti.minciencias.gov.co/cvlac/visualizador/generarCurriculoCv.do?cod_rh=0000537349,"GrupLAC, censo de integrantes, consultado 2026-09-25; vinculación: 2022/1 - Actual",1
I-0000053790,Armando Martínez Rosales,0000053790,,,,https://scienti.minciencias.gov.co/cvlac/visualizador/generarCurriculoCv.do?cod_rh=0000053790,"GrupLAC, censo de integrantes, consultado 2026-09-25; vinculación: 2022/2 - Actual",1
I-0001393656,Carmen Cristina Cuello Daza,0001393656,,,,https://scienti.minciencias.gov.co/cvlac/visualizador/generarCurriculoCv.do?cod_rh=0001393656,"GrupLAC, censo de integrantes, consultado 2026-09-25; vinculación: 2025/1 - Actual",1
I-0001806246,EILEEN ARIAS PACHECO,0001806246,,,,https://scienti.minciencias.gov.co/cvlac/visualizador/generarCurriculoCv.do?cod_rh=0001806246,"GrupLAC, censo de integrantes, consultado 2026-09-25; vinculación: 2022/1 - Actual",1
I-0002208404,Eli Rosa Soto Castrillón,0002208404,,,,https://scienti.minciencias.gov.co/cvlac/visualizador/generarCurriculoCv.do?cod_rh=0002208404,"GrupLAC, censo de integrantes, consultado 2026-09-25; vinculación: 2023/1 - Actual",1
I-0001627619,Enderson Rondón Polo,0001627619,,,,https://scienti.minciencias.gov.co/cvlac/visualizador/generarCurriculoCv.do?cod_rh=0001627619,"GrupLAC, censo de integrantes, consultado 2026-09-25; vinculación: 2022/1 - Actual",1
I-0001922603,IVAN DANIEL POLO CONTRERAS,0001922603,,,,https://scienti.minciencias.gov.co/cvlac/visualizador/generarCurriculoCv.do?cod_rh=0001922603,"GrupLAC, censo de integrantes, consultado 2026-09-25; vinculación: 2025/3 - Actual",1
I-0001450071,JANNER ANDRÉS SANJUANELO OBREGÓN,0001450071,,,,https://scienti.minciencias.gov.co/cvlac/visualizador/generarCurriculoCv.do?cod_rh=0001450071,"GrupLAC, censo de integrantes, consultado 2026-09-25; vinculación: 2022/1 - Actual",1
I-0001745538,KELLY MARCELA ANAYA CUELLO,0001745538,,,,https://scienti.minciencias.gov.co/cvlac/visualizador/generarCurriculoCv.do?cod_rh=0001745538,"GrupLAC, censo de integrantes, consultado 2026-09-25; vinculación: 2022/1 - Actual",1
I-0000059193,Luis Eduardo Torres Morón,0000059193,,,,https://scienti.minciencias.gov.co/cvlac/visualizador/generarCurriculoCv.do?cod_rh=0000059193,"GrupLAC, censo de integrantes, consultado 2026-09-25; vinculación: 2024/2 - Actual",1
I-0002022036,María Fernanda Ceballos Padilla,0002022036,,,,https://scienti.minciencias.gov.co/cvlac/visualizador/generarCurriculoCv.do?cod_rh=0002022036,"GrupLAC, censo de integrantes, consultado 2026-09-25; vinculación: 2022/2 - Actual",1
I-0001635580,MERLEN JHOANA MOSQUERA MINDIOLA,0001635580,,,,https://scienti.minciencias.gov.co/cvlac/visualizador/generarCurriculoCv.do?cod_rh=0001635580,"GrupLAC, censo de integrantes, consultado 2026-09-25; vinculación: 2025/1 - Actual",1
I-0002083093,RICARDO ANDRES HERNANDEZ MENDOZA,0002083093,,,,https://scienti.minciencias.gov.co/cvlac/visualizador/generarCurriculoCv.do?cod_rh=0002083093,"GrupLAC, censo de integrantes, consultado 2026-09-25; vinculación: 2022/2 - Actual",1
I-0002019853,Valentina Escobar avendaño,0002019853,,,,https://scienti.minciencias.gov.co/cvlac/visualizador/generarCurriculoCv.do?cod_rh=0002019853,"GrupLAC, censo de integrantes, consultado 2026-09-25; vinculación: 2022/1 - Actual",1
I-0001013300,DORIS MARINA CERCHIARO FERNANDEZ,0001013300,,,,https://scienti.minciencias.gov.co/cvlac/visualizador/generarCurriculoCv.do?cod_rh=0001013300,"GrupLAC, censo de integrantes, consultado 2026-09-25; vinculación: 2014/11 - Actual",1
I-0000124916,Alejandra Sixley Linero Hidalgo,0000124916,,,,https://scienti.minciencias.gov.co/cvlac/visualizador/generarCurriculoCv.do?cod_rh=0000124916,"GrupLAC, censo de integrantes, consultado 2026-09-25; vinculación: 2019/7 - 2022/11",1
I-0001711175,Alexis Junior Andrade Leal,0001711175,,,,https://scienti.minciencias.gov.co/cvlac/visualizador/generarCurriculoCv.do?cod_rh=0001711175,"GrupLAC, censo de integrantes, consultado 2026-09-25; vinculación: 2019/7 - 2022/11",1
I-0001612994,ANA YIMENA TORRES BENJUMEA,0001612994,,,,https://scienti.minciencias.gov.co/cvlac/visualizador/generarCurriculoCv.do?cod_rh=0001612994,"GrupLAC, censo de integrantes, consultado 2026-09-25; vinculación: 2015/1 - Actual",1
I-0001409130,ANGELICA ISABEL ROMERO DAZA,0001409130,,,,https://scienti.minciencias.gov.co/cvlac/visualizador/generarCurriculoCv.do?cod_rh=0001409130,"GrupLAC, censo de integrantes, consultado 2026-09-25; vinculación: 2015/1 - Actual",1
I-0000179897,Anita Lucia Romo Benavides,0000179897,,,,https://scienti.minciencias.gov.co/cvlac/visualizador/generarCurriculoCv.do?cod_rh=0000179897,"GrupLAC, censo de integrantes, consultado 2026-09-25; vinculación: 2019/7 - 2022/11",1
I-0002531838,Anyoli Nathacha Florian Meza,0002531838,,,,https://scienti.minciencias.gov.co/cvlac/visualizador/generarCurriculoCv.do?cod_rh=0002531838,"GrupLAC, censo de integrantes, consultado 2026-09-25; vinculación: 2026/9 - Actual",1
I-0000880175,AURA MARIA NUMA LOPEZ,0000880175,,,,https://scienti.minciencias.gov.co/cvlac/visualizador/generarCurriculoCv.do?cod_rh=0000880175,"GrupLAC, censo de integrantes, consultado 2026-09-25; vinculación: 2015/1 - 2022/11",1
I-0001650965,Belkis Vanessa Cuesta Morato,0001650965,,,,https://scienti.minciencias.gov.co/cvlac/visualizador/generarCurriculoCv.do?cod_rh=0001650965,"GrupLAC, censo de integrantes, consultado 2026-09-25; vinculación: 2022/6 - Actual",1
I-0002222628,Breidis Patricia Ariza Duque,0002222628,,,,https://scienti.minciencias.gov.co/cvlac/visualizador/generarCurriculoCv.do?cod_rh=0002222628,"GrupLAC, censo de integrantes, consultado 2026-09-25; vinculación: 2025/6 - Actual",1
I-0000168168,Carlos Andres Porras Nieto,0000168168,,,,https://scienti.minciencias.gov.co/cvlac/visualizador/generarCurriculoCv.do?cod_rh=0000168168,"GrupLAC, censo de integrantes, consultado 2026-09-25; vinculación: 2022/5 - 2022/11",1
I-0001724181,Dickson Alberto Rojas Carrillo,0001724181,,,,https://scienti.minciencias.gov.co/cvlac/visualizador/generarCurriculoCv.do?cod_rh=0001724181,"GrupLAC, censo de integrantes, consultado 2026-09-25; vinculación: 2019/10 - 2022/11",1
I-0001757001,Elvia Rosa López Panza,0001757001,,,,https://scienti.minciencias.gov.co/cvlac/visualizador/generarCurriculoCv.do?cod_rh=0001757001,"GrupLAC, censo de integrantes, consultado 2026-09-25; vinculación: 2025/2 - Actual",1
I-0001673490,ISABEL LUCIA GUERRA DANGOND,0001673490,,,,https://scienti.minciencias.gov.co/cvlac/visualizador/generarCurriculoCv.do?cod_rh=0001673490,"GrupLAC, censo de integrantes, consultado 2026-09-25; vinculación: 2025/3 - Actual",1
I-0000880159,Jacqueline DANIES VALVERDE,0000880159,,,,https://scienti.minciencias.gov.co/cvlac/visualizador/generarCurriculoCv.do?cod_rh=0000880159,"GrupLAC, censo de integrantes, consultado 2026-09-25; vinculación: 2015/1 - 2022/11",1
I-0001355629,javier galindo ospino,0001355629,,,,https://scienti.minciencias.gov.co/cvlac/visualizador/generarCurriculoCv.do?cod_rh=0001355629,"GrupLAC, censo de integrantes, consultado 2026-09-25; vinculación: 2015/1 - 2024/12",1
I-0001447095,JENYFER JESSIKA PALENCIA SIERRA,0001447095,,Investigador Junior (IJ),,https://scienti.minciencias.gov.co/cvlac/visualizador/generarCurriculoCv.do?cod_rh=0001447095,"GrupLAC, censo de integrantes, consultado 2026-09-25; vinculación: 2015/1 - Actual",1
I-0002061929,JOSE JONAS PEREZ MEJIA,0002061929,,,,https://scienti.minciencias.gov.co/cvlac/visualizador/generarCurriculoCv.do?cod_rh=0002061929,"GrupLAC, censo de integrantes, consultado 2026-09-25; vinculación: 2022/11 - 2026/8",1
I-0000078038,Julia Karina Mejia Rincon,0000078038,,,,https://scienti.minciencias.gov.co/cvlac/visualizador/generarCurriculoCv.do?cod_rh=0000078038,"GrupLAC, censo de integrantes, consultado 2026-09-25; vinculación: 2026/1 - Actual",1
I-0001671916,MARGARETH CORZO CONTRERAS,0001671916,,Investigador Junior (IJ),,https://scienti.minciencias.gov.co/cvlac/visualizador/generarCurriculoCv.do?cod_rh=0001671916,"GrupLAC, censo de integrantes, consultado 2026-09-25; vinculación: 2025/6 - Actual",1
I-0002061945,María Camila Díaz Daza,0002061945,,,,https://scienti.minciencias.gov.co/cvlac/visualizador/generarCurriculoCv.do?cod_rh=0002061945,"GrupLAC, censo de integrantes, consultado 2026-09-25; vinculación: 2022/11 - 2026/8",1
I-0001347072,María Inés Mantilla Pastrana,0001347072,,Investigador Senior (IS),,https://scienti.minciencias.gov.co/cvlac/visualizador/generarCurriculoCv.do?cod_rh=0001347072,"GrupLAC, censo de integrantes, consultado 2026-09-25; vinculación: 2016/1 - Actual",1
I-0002053762,Marianella Ramírez Uribe,0002053762,,,,https://scienti.minciencias.gov.co/cvlac/visualizador/generarCurriculoCv.do?cod_rh=0002053762,"GrupLAC, censo de integrantes, consultado 2026-09-25; vinculación: 2022/11 - 2024/12",1
I-0000020186,Mariluz Ortiz Jimenez,0000020186,,,,https://scienti.minciencias.gov.co/cvlac/visualizador/generarCurriculoCv.do?cod_rh=0000020186,"GrupLAC, censo de integrantes, consultado 2026-09-25; vinculación: 2015/1 - 2022/11",1
I-0000902837,Oscar Javier Vergara Escobar,0000902837,,Investigador Senior (IS),,https://scienti.minciencias.gov.co/cvlac/visualizador/generarCurriculoCv.do?cod_rh=0000902837,"GrupLAC, censo de integrantes, consultado 2026-09-25; vinculación: 2020/2 - Actual",1
I-0000014567,Paola Katherine Niño Rincón,0000014567,,,,https://scienti.minciencias.gov.co/cvlac/visualizador/generarCurriculoCv.do?cod_rh=0000014567,"GrupLAC, censo de integrantes, consultado 2026-09-25; vinculación: 2015/1 - Actual",1
I-0001446474,paola margarita camargo mejia,0001446474,,,,https://scienti.minciencias.gov.co/cvlac/visualizador/generarCurriculoCv.do?cod_rh=0001446474,"GrupLAC, censo de integrantes, consultado 2026-09-25; vinculación: 2025/5 - Actual",1
I-0000167850,ROSA VIRGINIA DAZA VEGA,0000167850,,,,https://scienti.minciencias.gov.co/cvlac/visualizador/generarCurriculoCv.do?cod_rh=0000167850,"GrupLAC, censo de integrantes, consultado 2026-09-25; vinculación: 2019/2 - Actual",1
I-0001724183,Samir Alfaro León,0001724183,,,,https://scienti.minciencias.gov.co/cvlac/visualizador/generarCurriculoCv.do?cod_rh=0001724183,"GrupLAC, censo de integrantes, consultado 2026-09-25; vinculación: 2019/10 - 2022/11",1
I-0001341189,SILENIS EMILCE ESCOBAR RAMÍREZ,0001341189,,,,https://scienti.minciencias.gov.co/cvlac/visualizador/generarCurriculoCv.do?cod_rh=0001341189,"GrupLAC, censo de integrantes, consultado 2026-09-25; vinculación: 2015/1 - Actual",1
I-0002531874,Sugeys Lorena Paba Marquez,0002531874,,,,https://scienti.minciencias.gov.co/cvlac/visualizador/generarCurriculoCv.do?cod_rh=0002531874,"GrupLAC, censo de integrantes, consultado 2026-09-25; vinculación: 2026/9 - Actual",1
I-0002422069,Valery Jisseth Suárez Ramirez,0002422069,,,,https://scienti.minciencias.gov.co/cvlac/visualizador/generarCurriculoCv.do?cod_rh=0002422069,"GrupLAC, censo de integrantes, consultado 2026-09-25; vinculación: 2026/9 - Actual",1
I-0000023278,YISETH KATHERINE ROJAS PICON,0000023278,,,,https://scienti.minciencias.gov.co/cvlac/visualizador/generarCurriculoCv.do?cod_rh=0000023278,"GrupLAC, censo de integrantes, consultado 2026-09-25; vinculación: 2015/1 - Actual",1
I-0000442380,Melfi Campo Torres,0000442380,,,,https://scienti.minciencias.gov.co/cvlac/visualizador/generarCurriculoCv.do?cod_rh=0000442380,"GrupLAC, censo de integrantes, consultado 2026-09-25; vinculación: 2003/1 - Actual",1
I-0000442933,César Augusto López Cruz,0000442933,,,,https://scienti.minciencias.gov.co/cvlac/visualizador/generarCurriculoCv.do?cod_rh=0000442933,"GrupLAC, censo de integrantes, consultado 2026-09-25; vinculación: 2003/1 - Actual",1
I-0000253510,Adalberto Antonio BOLAÑO SANDOVAL,0000253510,,Investigador Junior (IJ),,https://scienti.minciencias.gov.co/cvlac/visualizador/generarCurriculoCv.do?cod_rh=0000253510,"GrupLAC, censo de integrantes, consultado 2026-09-25; vinculación: 2021/7 - Actual",1
I-0000103632,ALVARO RAMIRO ARRIETA HERNANDEZ,0000103632,,,,https://scienti.minciencias.gov.co/cvlac/visualizador/generarCurriculoCv.do?cod_rh=0000103632,"GrupLAC, censo de integrantes, consultado 2026-09-25; vinculación: 2020/9 - Actual",1
I-0001781183,ANA LUISA GONZALEZ OÑATE,0001781183,,,,https://scienti.minciencias.gov.co/cvlac/visualizador/generarCurriculoCv.do?cod_rh=0001781183,"GrupLAC, censo de integrantes, consultado 2026-09-25; vinculación: 2003/1 - 2008/1",1
I-0001504232,Andrea Carolina López Campo,0001504232,,,,https://scienti.minciencias.gov.co/cvlac/visualizador/generarCurriculoCv.do?cod_rh=0001504232,"GrupLAC, censo de integrantes, consultado 2026-09-25; vinculación: 2017/1 - 2017/1",1
I-0001638707,Angie Vanessa Pérez Monroy,0001638707,,,,https://scienti.minciencias.gov.co/cvlac/visualizador/generarCurriculoCv.do?cod_rh=0001638707,"GrupLAC, censo de integrantes, consultado 2026-09-25; vinculación: 2015/7 - 2016/2",1
I-0001761060,Aylin Yisseth Gómez Sánchez,0001761060,,,,https://scienti.minciencias.gov.co/cvlac/visualizador/generarCurriculoCv.do?cod_rh=0001761060,"GrupLAC, censo de integrantes, consultado 2026-09-25; vinculación: 2020/9 - 2021/10",1
I-0000589365,Cristóbal Cruz Romero,0000589365,,,,https://scienti.minciencias.gov.co/cvlac/visualizador/generarCurriculoCv.do?cod_rh=0000589365,"GrupLAC, censo de integrantes, consultado 2026-09-25; vinculación: 2008/1 - 2024/6",1
I-0002131460,Daniel Elías Pérez Peralta,0002131460,,,,https://scienti.minciencias.gov.co/cvlac/visualizador/generarCurriculoCv.do?cod_rh=0002131460,"GrupLAC, censo de integrantes, consultado 2026-09-25; vinculación: 2023/8 - Actual",1
I-0001639223,Dianela Carolina Márquez Barbosa,0001639223,,,,https://scienti.minciencias.gov.co/cvlac/visualizador/generarCurriculoCv.do?cod_rh=0001639223,"GrupLAC, censo de integrantes, consultado 2026-09-25; vinculación: 2015/1 - 2015/11",1
I-0001061330,Eiver José Barceló Gonzalez,0001061330,,,,https://scienti.minciencias.gov.co/cvlac/visualizador/generarCurriculoCv.do?cod_rh=0001061330,"GrupLAC, censo de integrantes, consultado 2026-09-25; vinculación: 2012/8 - 2013/3",1
I-0000080906,ELDA MAVET CASTRO SIERRA,0000080906,,,,https://scienti.minciencias.gov.co/cvlac/visualizador/generarCurriculoCv.do?cod_rh=0000080906,"GrupLAC, censo de integrantes, consultado 2026-09-25; vinculación: 2019/2 - 2019/2",1
I-0000061890,Gerson Ismael Oñate García,0000061890,,,,https://scienti.minciencias.gov.co/cvlac/visualizador/generarCurriculoCv.do?cod_rh=0000061890,"GrupLAC, censo de integrantes, consultado 2026-09-25; vinculación: 2015/1 - Actual",1
I-0001638679,giselle andrea quintero medina,0001638679,,,,https://scienti.minciencias.gov.co/cvlac/visualizador/generarCurriculoCv.do?cod_rh=0001638679,"GrupLAC, censo de integrantes, consultado 2026-09-25; vinculación: 2017/1 - 2017/1",1
I-0000148399,HEIDER LUIS ARRIETA ROA,0000148399,,,,https://scienti.minciencias.gov.co/cvlac/visualizador/generarCurriculoCv.do?cod_rh=0000148399,"GrupLAC, censo de integrantes, consultado 2026-09-25; vinculación: 2018/3 - Actual",1
I-0001761077,JEINER ORLANDO CAMPO SOTO,0001761077,,,,https://scienti.minciencias.gov.co/cvlac/visualizador/generarCurriculoCv.do?cod_rh=0001761077,"GrupLAC, censo de integrantes, consultado 2026-09-25; vinculación: 2020/9 - 2021/12",1
I-0001800267,Julián David Contreras Iturriago,0001800267,,,,https://scienti.minciencias.gov.co/cvlac/visualizador/generarCurriculoCv.do?cod_rh=0001800267,"GrupLAC, censo de integrantes, consultado 2026-09-25; vinculación: 2020/9 - 2022/11",1
I-0002466970,Karen Lizeth López Alvarado,0002466970,,,,https://scienti.minciencias.gov.co/cvlac/visualizador/generarCurriculoCv.do?cod_rh=0002466970,"GrupLAC, censo de integrantes, consultado 2026-09-25; vinculación: 2026/4 - Actual",1
I-0001234439,Kellys Johanna Sosa Bernal,0001234439,,,,https://scienti.minciencias.gov.co/cvlac/visualizador/generarCurriculoCv.do?cod_rh=0001234439,"GrupLAC, censo de integrantes, consultado 2026-09-25; vinculación: 2008/1 - 2012/11",1
I-0001449230,Kevin Samir García Urariyú,0001449230,,,,https://scienti.minciencias.gov.co/cvlac/visualizador/generarCurriculoCv.do?cod_rh=0001449230,"GrupLAC, censo de integrantes, consultado 2026-09-25; vinculación: 2011/11 - 2012/3",1
I-0002034563,Kiara Marcela Rodríguez Samper,0002034563,,,,https://scienti.minciencias.gov.co/cvlac/visualizador/generarCurriculoCv.do?cod_rh=0002034563,"GrupLAC, censo de integrantes, consultado 2026-09-25; vinculación: 2023/8 - 2024/6",1
I-0000988030,Ledis Elvira Ramos Herazo,0000988030,,,,https://scienti.minciencias.gov.co/cvlac/visualizador/generarCurriculoCv.do?cod_rh=0000988030,"GrupLAC, censo de integrantes, consultado 2026-09-25; vinculación: 2007/12 - 2012/11",1
I-0001449675,Leonar José Rios Buelvas,0001449675,,,,https://scienti.minciencias.gov.co/cvlac/visualizador/generarCurriculoCv.do?cod_rh=0001449675,"GrupLAC, censo de integrantes, consultado 2026-09-25; vinculación: 2011/11 - 2012/11",1
I-0001758615,LINDA ÁNGEL CHACÓN BUSTOS,0001758615,,,,https://scienti.minciencias.gov.co/cvlac/visualizador/generarCurriculoCv.do?cod_rh=0001758615,"GrupLAC, censo de integrantes, consultado 2026-09-25; vinculación: 2020/9 - 2024/11",1
I-0001410928,LUCY ESTHER LOPEZ PANZA,0001410928,,,,https://scienti.minciencias.gov.co/cvlac/visualizador/generarCurriculoCv.do?cod_rh=0001410928,"GrupLAC, censo de integrantes, consultado 2026-09-25; vinculación: 2011/3 - 2012/11",1
I-0001831952,LUZ ÁNGELA MATUTE PARRA,0001831952,,,,https://scienti.minciencias.gov.co/cvlac/visualizador/generarCurriculoCv.do?cod_rh=0001831952,"GrupLAC, censo de integrantes, consultado 2026-09-25; vinculación: 2022/4 - 2024/11",1
I-0000049371,Luz Moreno Parejo,0000049371,,,,https://scienti.minciencias.gov.co/cvlac/visualizador/generarCurriculoCv.do?cod_rh=0000049371,"GrupLAC, censo de integrantes, consultado 2026-09-25; vinculación: 2015/1 - 2021/3",1
I-0001638855,María Camila Barros Almenarez,0001638855,,,,https://scienti.minciencias.gov.co/cvlac/visualizador/generarCurriculoCv.do?cod_rh=0001638855,"GrupLAC, censo de integrantes, consultado 2026-09-25; vinculación: 2015/11 - 2016/2",1
I-0001638704,Maribel Guerrero Rueda,0001638704,,,,https://scienti.minciencias.gov.co/cvlac/visualizador/generarCurriculoCv.do?cod_rh=0001638704,"GrupLAC, censo de integrantes, consultado 2026-09-25; vinculación: 2015/11 - 2016/2",1
I-0001414752,monica juliana lopez camargo,0001414752,,,,https://scienti.minciencias.gov.co/cvlac/visualizador/generarCurriculoCv.do?cod_rh=0001414752,"GrupLAC, censo de integrantes, consultado 2026-09-25; vinculación: 2008/1 - 2012/11",1
I-0000099781,NARE DE JESÚS HERNÁNDEZ PAYAREZ,0000099781,,,,https://scienti.minciencias.gov.co/cvlac/visualizador/generarCurriculoCv.do?cod_rh=0000099781,"GrupLAC, censo de integrantes, consultado 2026-09-25; vinculación: 2019/2 - 2022/11",1
I-0001486883,Paulo julian Villadiego Alvarez,0001486883,,,,https://scienti.minciencias.gov.co/cvlac/visualizador/generarCurriculoCv.do?cod_rh=0001486883,"GrupLAC, censo de integrantes, consultado 2026-09-25; vinculación: 2018/8 - 2019/6",1
I-0001639225,Sandry Julieth Campo Alfaro,0001639225,,,,https://scienti.minciencias.gov.co/cvlac/visualizador/generarCurriculoCv.do?cod_rh=0001639225,"GrupLAC, censo de integrantes, consultado 2026-09-25; vinculación: 2015/1 - 2015/11",1
I-0001779874,Wilfrido De Jesús González Franco,0001779874,,,,https://scienti.minciencias.gov.co/cvlac/visualizador/generarCurriculoCv.do?cod_rh=0001779874,"GrupLAC, censo de integrantes, consultado 2026-09-25; vinculación: 2020/6 - Actual",1
I-0001268244,William Guillermo jimenez molina,0001268244,,,,https://scienti.minciencias.gov.co/cvlac/visualizador/generarCurriculoCv.do?cod_rh=0001268244,"GrupLAC, censo de integrantes, consultado 2026-09-25; vinculación: 2008/1 - 2012/11",1
I-0001817675,Yajamna Isabel Durán Ortega,0001817675,,,,https://scienti.minciencias.gov.co/cvlac/visualizador/generarCurriculoCv.do?cod_rh=0001817675,"GrupLAC, censo de integrantes, consultado 2026-09-25; vinculación: 2020/9 - 2022/11",1
I-0001216813,Yeny Yojana Zapata Rodríguez,0001216813,,,,https://scienti.minciencias.gov.co/cvlac/visualizador/generarCurriculoCv.do?cod_rh=0001216813,"GrupLAC, censo de integrantes, consultado 2026-09-25; vinculación: 2007/2 - 2012/11",1
I-0001449255,zaida karina peralta luna,0001449255,,,,https://scienti.minciencias.gov.co/cvlac/visualizador/generarCurriculoCv.do?cod_rh=0001449255,"GrupLAC, censo de integrantes, consultado 2026-09-25; vinculación: 2011/11 - 2012/11",1
I-0001681334,Luisa Salazar Gil,0001681334,,Investigador Junior (IJ),,https://scienti.minciencias.gov.co/cvlac/visualizador/generarCurriculoCv.do?cod_rh=0001681334,"GrupLAC, censo de integrantes, consultado 2026-09-25; vinculación: 2018/8 - Actual",1
I-0001356588,Iliana Maria Rumbo Barros,0001356588,,,,https://scienti.minciencias.gov.co/cvlac/visualizador/generarCurriculoCv.do?cod_rh=0001356588,"GrupLAC, censo de integrantes, consultado 2026-09-25; vinculación: 2014/1 - Actual",1
I-0000028699,Americo Segundo Arroyo Contreras,0000028699,,,,https://scienti.minciencias.gov.co/cvlac/visualizador/generarCurriculoCv.do?cod_rh=0000028699,"GrupLAC, censo de integrantes, consultado 2026-09-25; vinculación: 2014/1 - 2017/11",1
I-0001403819,Auris Marcela Parody Zuleta,0001403819,,,,https://scienti.minciencias.gov.co/cvlac/visualizador/generarCurriculoCv.do?cod_rh=0001403819,"GrupLAC, censo de integrantes, consultado 2026-09-25; vinculación: 2016/1 - 2016/2",1
I-0001490930,CARLOS ALONSO LAGO BAUTE,0001490930,,,,https://scienti.minciencias.gov.co/cvlac/visualizador/generarCurriculoCv.do?cod_rh=0001490930,"GrupLAC, censo de integrantes, consultado 2026-09-25; vinculación: 2017/6 - Actual",1
I-0000051448,Carlos Daniel Cerro Rodriguez,0000051448,,,,https://scienti.minciencias.gov.co/cvlac/visualizador/generarCurriculoCv.do?cod_rh=0000051448,"GrupLAC, censo de integrantes, consultado 2026-09-25; vinculación: 2014/1 - 2014/7",1
I-0001664014,Carlos William Rosado Martinez,0001664014,,,,https://scienti.minciencias.gov.co/cvlac/visualizador/generarCurriculoCv.do?cod_rh=0001664014,"GrupLAC, censo de integrantes, consultado 2026-09-25; vinculación: 2020/6 - Actual",1
I-0001724855,Elis Johana Martinez Gil,0001724855,,,,https://scienti.minciencias.gov.co/cvlac/visualizador/generarCurriculoCv.do?cod_rh=0001724855,"GrupLAC, censo de integrantes, consultado 2026-09-25; vinculación: 2026/5 - Actual",1
I-0000148720,Felicia Aurora Daza Rodriguez,0000148720,,,,https://scienti.minciencias.gov.co/cvlac/visualizador/generarCurriculoCv.do?cod_rh=0000148720,"GrupLAC, censo de integrantes, consultado 2026-09-25; vinculación: 2016/8 - Actual",1
I-0001340786,Franklin Enrique Rosado Armenta,0001340786,,Investigador Junior (IJ),,https://scienti.minciencias.gov.co/cvlac/visualizador/generarCurriculoCv.do?cod_rh=0001340786,"GrupLAC, censo de integrantes, consultado 2026-09-25; vinculación: 2014/1 - Actual",1
I-0000284610,Gilberto Iván Perpiñán Iseda,0000284610,,Investigador Junior (IJ),,https://scienti.minciencias.gov.co/cvlac/visualizador/generarCurriculoCv.do?cod_rh=0000284610,"GrupLAC, censo de integrantes, consultado 2026-09-25; vinculación: 2021/2 - Actual",1
I-0000028744,Hernis Mercado Ramos,0000028744,,,,https://scienti.minciencias.gov.co/cvlac/visualizador/generarCurriculoCv.do?cod_rh=0000028744,"GrupLAC, censo de integrantes, consultado 2026-09-25; vinculación: 2014/1 - Actual",1
I-0001639142,IVAN EDUARDO ATENCIO ALVAREZ,0001639142,,,,https://scienti.minciencias.gov.co/cvlac/visualizador/generarCurriculoCv.do?cod_rh=0001639142,"GrupLAC, censo de integrantes, consultado 2026-09-25; vinculación: 2025/6 - Actual",1
I-0001591588,JHON ALBERTO MENDOZA CORZO,0001591588,,,,https://scienti.minciencias.gov.co/cvlac/visualizador/generarCurriculoCv.do?cod_rh=0001591588,"GrupLAC, censo de integrantes, consultado 2026-09-25; vinculación: 2014/1 - 2014/6",1
I-0000053497,Jhon Fabio Suarez Barrios,0000053497,,,,https://scienti.minciencias.gov.co/cvlac/visualizador/generarCurriculoCv.do?cod_rh=0000053497,"GrupLAC, censo de integrantes, consultado 2026-09-25; vinculación: 2014/1 - 2014/6",1
I-0000053494,Jorge Yovannis Oñate Rodríguez,0000053494,,,,https://scienti.minciencias.gov.co/cvlac/visualizador/generarCurriculoCv.do?cod_rh=0000053494,"GrupLAC, censo de integrantes, consultado 2026-09-25; vinculación: 2014/1 - 2014/6",1
I-0000415308,Jose Carlos Castro Fernandez,0000415308,,,,https://scienti.minciencias.gov.co/cvlac/visualizador/generarCurriculoCv.do?cod_rh=0000415308,"GrupLAC, censo de integrantes, consultado 2026-09-25; vinculación: 2014/1 - 2015/1",1
I-0000053495,Jose David Duarte Ochoa,0000053495,,,,https://scienti.minciencias.gov.co/cvlac/visualizador/generarCurriculoCv.do?cod_rh=0000053495,"GrupLAC, censo de integrantes, consultado 2026-09-25; vinculación: 2014/1 - 2014/6",1
I-0000612413,JOSE LUIS CONSUEGRA GONZALEZ,0000612413,,Investigador Senior (IS),,https://scienti.minciencias.gov.co/cvlac/visualizador/generarCurriculoCv.do?cod_rh=0000612413,"GrupLAC, censo de integrantes, consultado 2026-09-25; vinculación: 2018/3 - Actual",1
I-0000694428,José Ramón Iglesias Gamarra,0000694428,,,,https://scienti.minciencias.gov.co/cvlac/visualizador/generarCurriculoCv.do?cod_rh=0000694428,"GrupLAC, censo de integrantes, consultado 2026-09-25; vinculación: 2018/2 - Actual",1
I-0000033045,Julio Alfonso Rodriguez Buelvas,0000033045,,,,https://scienti.minciencias.gov.co/cvlac/visualizador/generarCurriculoCv.do?cod_rh=0000033045,"GrupLAC, censo de integrantes, consultado 2026-09-25; vinculación: 2014/1 - 2014/6",1
I-0000989215,Liliana Patricia Vera Londoño,0000989215,,Investigador Junior (IJ),,https://scienti.minciencias.gov.co/cvlac/visualizador/generarCurriculoCv.do?cod_rh=0000989215,"GrupLAC, censo de integrantes, consultado 2026-09-25; vinculación: 2023/3 - Actual",1
I-0001602329,Luis Alfredo Verdecia Amaris,0001602329,,,,https://scienti.minciencias.gov.co/cvlac/visualizador/generarCurriculoCv.do?cod_rh=0001602329,"GrupLAC, censo de integrantes, consultado 2026-09-25; vinculación: 2014/1 - 2014/6",1
I-0001404579,Luyzer José Díaz Pacheco,0001404579,,,,https://scienti.minciencias.gov.co/cvlac/visualizador/generarCurriculoCv.do?cod_rh=0001404579,"GrupLAC, censo de integrantes, consultado 2026-09-25; vinculación: 2014/1 - 2019/10",1
I-0001351426,OMAIRA LUZ TAPIAS,0001351426,,,,https://scienti.minciencias.gov.co/cvlac/visualizador/generarCurriculoCv.do?cod_rh=0001351426,"GrupLAC, censo de integrantes, consultado 2026-09-25; vinculación: 2016/1 - Actual",1
I-0001356501,VICENTE DAVID OROZCO BONILLA,0001356501,,,,https://scienti.minciencias.gov.co/cvlac/visualizador/generarCurriculoCv.do?cod_rh=0001356501,"GrupLAC, censo de integrantes, consultado 2026-09-25; vinculación: 2016/8 - 2017/1",1
I-0001616421,WILLIAM ENRIQUE CASTRO CABARCAS,0001616421,,,,https://scienti.minciencias.gov.co/cvlac/visualizador/generarCurriculoCv.do?cod_rh=0001616421,"GrupLAC, censo de integrantes, consultado 2026-09-25; vinculación: 2019/5 - 2020/1",1
I-0000419923,Yezid Humberto Almanza Pérez,0000419923,,,,https://scienti.minciencias.gov.co/cvlac/visualizador/generarCurriculoCv.do?cod_rh=0000419923,"GrupLAC, censo de integrantes, consultado 2026-09-25; vinculación: 2014/1 - Actual",1
I-0001402063,FABIO HERNANDO CORTES ESCALANTE,0001402063,,,,https://scienti.minciencias.gov.co/cvlac/visualizador/generarCurriculoCv.do?cod_rh=0001402063,"GrupLAC, censo de integrantes, consultado 2026-09-25; vinculación: 2014/11 - Actual",1
I-0001353142,ALEYDIS DEL CARMEN JULIO PETERSON,0001353142,,Investigador Junior (IJ),,https://scienti.minciencias.gov.co/cvlac/visualizador/generarCurriculoCv.do?cod_rh=0001353142,"GrupLAC, censo de integrantes, consultado 2026-09-25; vinculación: 2017/7 - Actual",1
I-0001724985,Carlos Daniel Lemus Celin,0001724985,,,,https://scienti.minciencias.gov.co/cvlac/visualizador/generarCurriculoCv.do?cod_rh=0001724985,"GrupLAC, censo de integrantes, consultado 2026-09-25; vinculación: 2021/2 - 2023/12",1
I-0001402514,CRUZ ESTELA PADRON GUTIERREZ,0001402514,,,,https://scienti.minciencias.gov.co/cvlac/visualizador/generarCurriculoCv.do?cod_rh=0001402514,"GrupLAC, censo de integrantes, consultado 2026-09-25; vinculación: 2015/1 - Actual",1
I-0001354190,DELFINA SANCHEZ ROCA,0001354190,,,,https://scienti.minciencias.gov.co/cvlac/visualizador/generarCurriculoCv.do?cod_rh=0001354190,"GrupLAC, censo de integrantes, consultado 2026-09-25; vinculación: 2015/1 - Actual",1
I-0001713320,KATHERIN SILDANA CORONEL CORZO,0001713320,,,,https://scienti.minciencias.gov.co/cvlac/visualizador/generarCurriculoCv.do?cod_rh=0001713320,"GrupLAC, censo de integrantes, consultado 2026-09-25; vinculación: 2022/1 - Actual",1
I-0001858469,katherine infante camargo,0001858469,,,,https://scienti.minciencias.gov.co/cvlac/visualizador/generarCurriculoCv.do?cod_rh=0001858469,"GrupLAC, censo de integrantes, consultado 2026-09-25; vinculación: 2021/2 - 2023/12",1
I-0001000586,Laura RIVAS MENDOZA,0001000586,,,,https://scienti.minciencias.gov.co/cvlac/visualizador/generarCurriculoCv.do?cod_rh=0001000586,"GrupLAC, censo de integrantes, consultado 2026-09-25; vinculación: 2019/8 - 2019/12",1
I-0001690290,LUZ ALBA HURTADO LUJÀN,0001690290,,,,https://scienti.minciencias.gov.co/cvlac/visualizador/generarCurriculoCv.do?cod_rh=0001690290,"GrupLAC, censo de integrantes, consultado 2026-09-25; vinculación: 2022/9 - Actual",1
I-0001651036,Maria Cecilia Murgas Quintero,0001651036,,,,https://scienti.minciencias.gov.co/cvlac/visualizador/generarCurriculoCv.do?cod_rh=0001651036,"GrupLAC, censo de integrantes, consultado 2026-09-25; vinculación: 2025/9 - Actual",1
I-0000429040,NANCY ESTHER HERNANDEZ SALAS,0000429040,,,,https://scienti.minciencias.gov.co/cvlac/visualizador/generarCurriculoCv.do?cod_rh=0000429040,"GrupLAC, censo de integrantes, consultado 2026-09-25; vinculación: 2015/1 - Actual",1
I-0001651031,RIKILDA ISABEL RINCON JIMENEZ,0001651031,,,,https://scienti.minciencias.gov.co/cvlac/visualizador/generarCurriculoCv.do?cod_rh=0001651031,"GrupLAC, censo de integrantes, consultado 2026-09-25; vinculación: 2019/8 - Actual",1
I-0001393399,Yecenia de Jesus Liñan Padilla,0001393399,,,,https://scienti.minciencias.gov.co/cvlac/visualizador/generarCurriculoCv.do?cod_rh=0001393399,"GrupLAC, censo de integrantes, consultado 2026-09-25; vinculación: 2015/1 - 2017/3",1
I-0001865617,Yoleitza Soracá Becerra,0001865617,,,,https://scienti.minciencias.gov.co/cvlac/visualizador/generarCurriculoCv.do?cod_rh=0001865617,"GrupLAC, censo de integrantes, consultado 2026-09-25; vinculación: 2026/2 - Actual",1
I-0002194498,Joyshe Andrea Molina Contreras,0002194498,,,,https://scienti.minciencias.gov.co/cvlac/visualizador/generarCurriculoCv.do?cod_rh=0002194498,"GrupLAC, censo de integrantes, consultado 2026-09-25; vinculación: 2025/1 - 2025/7",1
I-0002194517,Tatiana Vanaesa Ortiz García,0002194517,,,,https://scienti.minciencias.gov.co/cvlac/visualizador/generarCurriculoCv.do?cod_rh=0002194517,"GrupLAC, censo de integrantes, consultado 2026-09-25; vinculación: 2025/1 - 2025/9",1
I-0000021049,Víctor Alfonso Gómez López,0000021049,,,,https://scienti.minciencias.gov.co/cvlac/visualizador/generarCurriculoCv.do?cod_rh=0000021049,"GrupLAC, censo de integrantes, consultado 2026-09-25; vinculación: 2021/1 - Actual",1
I-0001362341,Jorge Enrique Ferreira Sarmiento,0001362341,,Investigador Junior (IJ),,https://scienti.minciencias.gov.co/cvlac/visualizador/generarCurriculoCv.do?cod_rh=0001362341,"GrupLAC, censo de integrantes, consultado 2026-09-25; vinculación: 2021/1 - Actual",1
I-0001818229,alan luis andrade zabaleta,0001818229,,,,https://scienti.minciencias.gov.co/cvlac/visualizador/generarCurriculoCv.do?cod_rh=0001818229,"GrupLAC, censo de integrantes, consultado 2026-09-25; vinculación: 2023/1 - Actual",1
I-0001765225,ALCIDES CALEB MANOTAS PIZARRO,0001765225,,,,https://scienti.minciencias.gov.co/cvlac/visualizador/generarCurriculoCv.do?cod_rh=0001765225,"GrupLAC, censo de integrantes, consultado 2026-09-25; vinculación: 2021/1 - Actual",1
I-0001818181,Alvaro José Cuello Seohanes,0001818181,,,,https://scienti.minciencias.gov.co/cvlac/visualizador/generarCurriculoCv.do?cod_rh=0001818181,"GrupLAC, censo de integrantes, consultado 2026-09-25; vinculación: 2021/6 - Actual",1
I-0001899978,Ana Sofía Chiquillo Ardila,0001899978,,,,https://scienti.minciencias.gov.co/cvlac/visualizador/generarCurriculoCv.do?cod_rh=0001899978,"GrupLAC, censo de integrantes, consultado 2026-09-25; vinculación: 2021/7 - Actual",1
I-0001924509,Andres Felipe Herrera Vidueñas,0001924509,,,,https://scienti.minciencias.gov.co/cvlac/visualizador/generarCurriculoCv.do?cod_rh=0001924509,"GrupLAC, censo de integrantes, consultado 2026-09-25; vinculación: 2025/1 - Actual",1
I-0001910774,Axell Ricardo Vergel Baquero,0001910774,,,,https://scienti.minciencias.gov.co/cvlac/visualizador/generarCurriculoCv.do?cod_rh=0001910774,"GrupLAC, censo de integrantes, consultado 2026-09-25; vinculación: 2021/7 - Actual",1
I-0000013527,Benjamin Eduardo Guzmán Maestre,0000013527,,,,https://scienti.minciencias.gov.co/cvlac/visualizador/generarCurriculoCv.do?cod_rh=0000013527,"GrupLAC, censo de integrantes, consultado 2026-09-25; vinculación: 2021/1 - Actual",1
I-0002070072,CARLOS ARTURO RUSSO ALFARO,0002070072,,,,https://scienti.minciencias.gov.co/cvlac/visualizador/generarCurriculoCv.do?cod_rh=0002070072,"GrupLAC, censo de integrantes, consultado 2026-09-25; vinculación: 2026/1 - Actual",1
I-0001899977,Carlos Daniel Tapia Acevedo,0001899977,,,,https://scienti.minciencias.gov.co/cvlac/visualizador/generarCurriculoCv.do?cod_rh=0001899977,"GrupLAC, censo de integrantes, consultado 2026-09-25; vinculación: 2021/7 - Actual",1
I-0001818327,Cesar Agusto Sierra Baldovino,0001818327,,,,https://scienti.minciencias.gov.co/cvlac/visualizador/generarCurriculoCv.do?cod_rh=0001818327,"GrupLAC, censo de integrantes, consultado 2026-09-25; vinculación: 2021/2 - Actual",1
I-0001851358,Ernesto Luis Sierra Morón,0001851358,,,,https://scienti.minciencias.gov.co/cvlac/visualizador/generarCurriculoCv.do?cod_rh=0001851358,"GrupLAC, censo de integrantes, consultado 2026-09-25; vinculación: 2022/1 - Actual",1
I-0000057409,Gabriel Aurelio Cuello Donado,0000057409,,,,https://scienti.minciencias.gov.co/cvlac/visualizador/generarCurriculoCv.do?cod_rh=0000057409,"GrupLAC, censo de integrantes, consultado 2026-09-25; vinculación: 2022/1 - Actual",1
I-0001740589,JEYSON RAFAEL MARTINEZ PAREJA,0001740589,,,,https://scienti.minciencias.gov.co/cvlac/visualizador/generarCurriculoCv.do?cod_rh=0001740589,"GrupLAC, censo de integrantes, consultado 2026-09-25; vinculación: 2022/2 - Actual",1
I-0001218921,Jhonatan Luis yerena rincones,0001218921,,,,https://scienti.minciencias.gov.co/cvlac/visualizador/generarCurriculoCv.do?cod_rh=0001218921,"GrupLAC, censo de integrantes, consultado 2026-09-25; vinculación: 2024/1 - Actual",1
I-0001822866,jorge luis sandoval alvarez,0001822866,,,,https://scienti.minciencias.gov.co/cvlac/visualizador/generarCurriculoCv.do?cod_rh=0001822866,"GrupLAC, censo de integrantes, consultado 2026-09-25; vinculación: 2021/2 - Actual",1
I-0001998250,José Alberto Domínguez Amaya,0001998250,,,,https://scienti.minciencias.gov.co/cvlac/visualizador/generarCurriculoCv.do?cod_rh=0001998250,"GrupLAC, censo de integrantes, consultado 2026-09-25; vinculación: 2025/1 - Actual",1
I-0001646452,José Luis Vélez Muñoz,0001646452,,,,https://scienti.minciencias.gov.co/cvlac/visualizador/generarCurriculoCv.do?cod_rh=0001646452,"GrupLAC, censo de integrantes, consultado 2026-09-25; vinculación: 2020/1 - Actual",1
I-0002262632,Lissette Yelise Lengua García,0002262632,,,,https://scienti.minciencias.gov.co/cvlac/visualizador/generarCurriculoCv.do?cod_rh=0002262632,"GrupLAC, censo de integrantes, consultado 2026-09-25; vinculación: 2023/1 - Actual",1
I-0001375483,LUCY YASMIN GOMEZ VERGEL,0001375483,,,,https://scienti.minciencias.gov.co/cvlac/visualizador/generarCurriculoCv.do?cod_rh=0001375483,"GrupLAC, censo de integrantes, consultado 2026-09-25; vinculación: 2023/1 - Actual",1
I-0001388015,LUIS CARLOS LOPEZ BAQUERO,0001388015,,,,https://scienti.minciencias.gov.co/cvlac/visualizador/generarCurriculoCv.do?cod_rh=0001388015,"GrupLAC, censo de integrantes, consultado 2026-09-25; vinculación: 2023/1 - Actual",1
I-0001996254,MARIO MANUEL MEJIA MORENO,0001996254,,,,https://scienti.minciencias.gov.co/cvlac/visualizador/generarCurriculoCv.do?cod_rh=0001996254,"GrupLAC, censo de integrantes, consultado 2026-09-25; vinculación: 2021/1 - Actual",1
I-0000106055,Miguel Ángel Albor Licona,0000106055,,,,https://scienti.minciencias.gov.co/cvlac/visualizador/generarCurriculoCv.do?cod_rh=0000106055,"GrupLAC, censo de integrantes, consultado 2026-09-25; vinculación: 2022/1 - 2025/12",1
I-0001762013,Samuel David Cano Arbeláez,0001762013,,,,https://scienti.minciencias.gov.co/cvlac/visualizador/generarCurriculoCv.do?cod_rh=0001762013,"GrupLAC, censo de integrantes, consultado 2026-09-25; vinculación: 2021/1 - 2023/11",1
I-0000047376,SAMUEL EDUARDO LEAL ARIAS,0000047376,,,,https://scienti.minciencias.gov.co/cvlac/visualizador/generarCurriculoCv.do?cod_rh=0000047376,"GrupLAC, censo de integrantes, consultado 2026-09-25; vinculación: 2023/1 - Actual",1
I-0000055615,Valentina Leonor Rojano Hernandez,0000055615,,,,https://scienti.minciencias.gov.co/cvlac/visualizador/generarCurriculoCv.do?cod_rh=0000055615,"GrupLAC, censo de integrantes, consultado 2026-09-25; vinculación: 2021/7 - Actual",1
I-0001448856,WALTER SAUL MUEGUES RINCON,0001448856,,,,https://scienti.minciencias.gov.co/cvlac/visualizador/generarCurriculoCv.do?cod_rh=0001448856,"GrupLAC, censo de integrantes, consultado 2026-09-25; vinculación: 2021/1 - Actual",1
I-0001375035,WILLIAM DAVID ARNEDO SARMIENTO,0001375035,,,,https://scienti.minciencias.gov.co/cvlac/visualizador/generarCurriculoCv.do?cod_rh=0001375035,"GrupLAC, censo de integrantes, consultado 2026-09-25; vinculación: 2021/1 - Actual",1
I-0000563978,Jader Dario Alean Valle,0000563978,,Investigador Junior (IJ),,https://scienti.minciencias.gov.co/cvlac/visualizador/generarCurriculoCv.do?cod_rh=0000563978,"GrupLAC, censo de integrantes, consultado 2026-09-25; vinculación: 2017/1 - Actual",1
I-0000235156,Ricardo DURAN BARON,0000235156,,Investigador Asociado (I),,https://scienti.minciencias.gov.co/cvlac/visualizador/generarCurriculoCv.do?cod_rh=0000235156,"GrupLAC, censo de integrantes, consultado 2026-09-25; vinculación: 2002/1 - Actual",1
I-0001305620,Abdo Enrique Barrera Mejía,0001305620,,,,https://scienti.minciencias.gov.co/cvlac/visualizador/generarCurriculoCv.do?cod_rh=0001305620,"GrupLAC, censo de integrantes, consultado 2026-09-25; vinculación: 2016/1 - 2021/11",1
I-0001295080,Adaluz Daniela Villarreal Bolaño,0001295080,,,,https://scienti.minciencias.gov.co/cvlac/visualizador/generarCurriculoCv.do?cod_rh=0001295080,"GrupLAC, censo de integrantes, consultado 2026-09-25; vinculación: 2008/4 - 2009/1",1
I-0001503158,Alvaro Alexander Manosalva Lopez,0001503158,,,,https://scienti.minciencias.gov.co/cvlac/visualizador/generarCurriculoCv.do?cod_rh=0001503158,"GrupLAC, censo de integrantes, consultado 2026-09-25; vinculación: 2012/6 - 2015/10",1
I-0000988685,Andrea Carolina Monroy Suárez,0000988685,,,,https://scienti.minciencias.gov.co/cvlac/visualizador/generarCurriculoCv.do?cod_rh=0000988685,"GrupLAC, censo de integrantes, consultado 2026-09-25; vinculación: 2011/1 - 2014/2",1
I-0001580359,andres camilo nieves ariza,0001580359,,,,https://scienti.minciencias.gov.co/cvlac/visualizador/generarCurriculoCv.do?cod_rh=0001580359,"GrupLAC, censo de integrantes, consultado 2026-09-25; vinculación: 2014/6 - 2022/11",1
I-0001386119,Andres felipe Montero Rodriguez,0001386119,,,,https://scienti.minciencias.gov.co/cvlac/visualizador/generarCurriculoCv.do?cod_rh=0001386119,"GrupLAC, censo de integrantes, consultado 2026-09-25; vinculación: 2012/2 - 2015/6",1
I-0001743261,Andres Felipe Rivera Valera,0001743261,,,,https://scienti.minciencias.gov.co/cvlac/visualizador/generarCurriculoCv.do?cod_rh=0001743261,"GrupLAC, censo de integrantes, consultado 2026-09-25; vinculación: 2019/5 - 2022/11",1
I-0000512974,Angel David Polo Córdoba,0000512974,,,,https://scienti.minciencias.gov.co/cvlac/visualizador/generarCurriculoCv.do?cod_rh=0000512974,"GrupLAC, censo de integrantes, consultado 2026-09-25; vinculación: 2009/4 - 2018/3",1
I-0000052045,ANGELICA LOPEZ TIMOTE,0000052045,,,,https://scienti.minciencias.gov.co/cvlac/visualizador/generarCurriculoCv.do?cod_rh=0000052045,"GrupLAC, censo de integrantes, consultado 2026-09-25; vinculación: 2016/2 - 2017/2",1
I-0001396094,ANGELICA MARIA ROMO GOMEZ,0001396094,,,,https://scienti.minciencias.gov.co/cvlac/visualizador/generarCurriculoCv.do?cod_rh=0001396094,"GrupLAC, censo de integrantes, consultado 2026-09-25; vinculación: 2012/9 - 2015/12",1
I-0000054093,ANGIE PATRICIA GUZMÁN TOLEDO,0000054093,,,,https://scienti.minciencias.gov.co/cvlac/visualizador/generarCurriculoCv.do?cod_rh=0000054093,"GrupLAC, censo de integrantes, consultado 2026-09-25; vinculación: 2016/3 - 2017/4",1
I-0001832741,Anny Yuleidy Barbosa Jaime,0001832741,,,,https://scienti.minciencias.gov.co/cvlac/visualizador/generarCurriculoCv.do?cod_rh=0001832741,"GrupLAC, censo de integrantes, consultado 2026-09-25; vinculación: 2022/1 - 2022/6",1
I-0001432043,Carlos Alberto Aguilar Torres,0001432043,,,,https://scienti.minciencias.gov.co/cvlac/visualizador/generarCurriculoCv.do?cod_rh=0001432043,"GrupLAC, censo de integrantes, consultado 2026-09-25; vinculación: 2020/1 - Actual",1
I-0001235320,Carlos guillen churio,0001235320,,,,https://scienti.minciencias.gov.co/cvlac/visualizador/generarCurriculoCv.do?cod_rh=0001235320,"GrupLAC, censo de integrantes, consultado 2026-09-25; vinculación: 2009/6 - 2012/6",1
I-0001639731,CARLOS JAVIER ISEDA YERENA,0001639731,,,,https://scienti.minciencias.gov.co/cvlac/visualizador/generarCurriculoCv.do?cod_rh=0001639731,"GrupLAC, censo de integrantes, consultado 2026-09-25; vinculación: 2016/2 - 2017/2",1
I-0000424030,Clarivel Parra Ditta,0000424030,,Investigador Junior (IJ),,https://scienti.minciencias.gov.co/cvlac/visualizador/generarCurriculoCv.do?cod_rh=0000424030,"GrupLAC, censo de integrantes, consultado 2026-09-25; vinculación: 2002/1 - Actual",1
I-0001282395,Daniel Bustos Ramirez,0001282395,,,,https://scienti.minciencias.gov.co/cvlac/visualizador/generarCurriculoCv.do?cod_rh=0001282395,"GrupLAC, censo de integrantes, consultado 2026-09-25; vinculación: 2008/3 - 2009/1",1
I-0001231006,DARWIN JOSUE MEZA FRIAS,0001231006,,,,https://scienti.minciencias.gov.co/cvlac/visualizador/generarCurriculoCv.do?cod_rh=0001231006,"GrupLAC, censo de integrantes, consultado 2026-09-25; vinculación: 2008/3 - 2009/1",1
I-0001743256,Diana Estefania Ramirez Martinez,0001743256,,,,https://scienti.minciencias.gov.co/cvlac/visualizador/generarCurriculoCv.do?cod_rh=0001743256,"GrupLAC, censo de integrantes, consultado 2026-09-25; vinculación: 2020/2 - 2020/12",1
I-0001648729,Diana Marcela Anteliz Romero,0001648729,,,,https://scienti.minciencias.gov.co/cvlac/visualizador/generarCurriculoCv.do?cod_rh=0001648729,"GrupLAC, censo de integrantes, consultado 2026-09-25; vinculación: 2022/1 - 2022/6",1
I-0001460447,edilia contreras sabalza,0001460447,,,,https://scienti.minciencias.gov.co/cvlac/visualizador/generarCurriculoCv.do?cod_rh=0001460447,"GrupLAC, censo de integrantes, consultado 2026-09-25; vinculación: 2012/9 - 2018/3",1
I-0001359454,EDINSON YAIR CASTELLON PEREZ,0001359454,,,,https://scienti.minciencias.gov.co/cvlac/visualizador/generarCurriculoCv.do?cod_rh=0001359454,"GrupLAC, censo de integrantes, consultado 2026-09-25; vinculación: 2010/7 - 2012/6",1
I-0000613916,Efrain Boom Carcamo,0000613916,,Investigador Junior (IJ),,https://scienti.minciencias.gov.co/cvlac/visualizador/generarCurriculoCv.do?cod_rh=0000613916,"GrupLAC, censo de integrantes, consultado 2026-09-25; vinculación: 2020/2 - Actual",1
I-0000437190,Einer GUTIERREZ ARIAS,0000437190,,,,https://scienti.minciencias.gov.co/cvlac/visualizador/generarCurriculoCv.do?cod_rh=0000437190,"GrupLAC, censo de integrantes, consultado 2026-09-25; vinculación: 2008/2 - 2018/12",1
I-0002135542,Elcer Alexander Pérez Avilez,0002135542,,,,https://scienti.minciencias.gov.co/cvlac/visualizador/generarCurriculoCv.do?cod_rh=0002135542,"GrupLAC, censo de integrantes, consultado 2026-09-25; vinculación: 2023/6 - 2023/12",1
I-0001352203,Eliandra Vanessa Martinez Aguilar,0001352203,,,,https://scienti.minciencias.gov.co/cvlac/visualizador/generarCurriculoCv.do?cod_rh=0001352203,"GrupLAC, censo de integrantes, consultado 2026-09-25; vinculación: 2008/3 - 2009/11",1
I-0001279009,Emerson David Rodriguez Maestre,0001279009,,,,https://scienti.minciencias.gov.co/cvlac/visualizador/generarCurriculoCv.do?cod_rh=0001279009,"GrupLAC, censo de integrantes, consultado 2026-09-25; vinculación: 2008/3 - 2015/11",1
I-0001451389,ENRIQUE ALBERTO RAMIREZ VILLARRUEL,0001451389,,,,https://scienti.minciencias.gov.co/cvlac/visualizador/generarCurriculoCv.do?cod_rh=0001451389,"GrupLAC, censo de integrantes, consultado 2026-09-25; vinculación: 2011/9 - 2011/9",1
I-0000033169,ENRIQUE ELIAS SIERRA RANGEL,0000033169,,,,https://scienti.minciencias.gov.co/cvlac/visualizador/generarCurriculoCv.do?cod_rh=0000033169,"GrupLAC, censo de integrantes, consultado 2026-09-25; vinculación: 2016/2 - 2017/2",1
I-0000517526,Enrique meza daza,0000517526,,,,https://scienti.minciencias.gov.co/cvlac/visualizador/generarCurriculoCv.do?cod_rh=0000517526,"GrupLAC, censo de integrantes, consultado 2026-09-25; vinculación: 2002/1 - 2018/11",1
I-0000033824,FABIO ESTEBAN HERRERA ROCHA,0000033824,,Investigador Junior (IJ),,https://scienti.minciencias.gov.co/cvlac/visualizador/generarCurriculoCv.do?cod_rh=0000033824,"GrupLAC, censo de integrantes, consultado 2026-09-25; vinculación: 2017/2 - Actual",1
I-0000310581,Gail Albeiro Gutierrez Ramirez,0000310581,,Investigador Asociado (I),,https://scienti.minciencias.gov.co/cvlac/visualizador/generarCurriculoCv.do?cod_rh=0000310581,"GrupLAC, censo de integrantes, consultado 2026-09-25; vinculación: 2003/2 - 2012/4",1
I-0002131904,Ghisselle de Jesús Castaño Ribón,0002131904,,,,https://scienti.minciencias.gov.co/cvlac/visualizador/generarCurriculoCv.do?cod_rh=0002131904,"GrupLAC, censo de integrantes, consultado 2026-09-25; vinculación: 2023/2 - Actual",1
I-0001359467,gilberto luis ustariz mejia,0001359467,,,,https://scienti.minciencias.gov.co/cvlac/visualizador/generarCurriculoCv.do?cod_rh=0001359467,"GrupLAC, censo de integrantes, consultado 2026-09-25; vinculación: 2010/7 - 2012/1",1
I-0001626906,Greilis Quintero Gamero,0001626906,,,,https://scienti.minciencias.gov.co/cvlac/visualizador/generarCurriculoCv.do?cod_rh=0001626906,"GrupLAC, censo de integrantes, consultado 2026-09-25; vinculación: 2015/2 - 2022/11",1
I-0000051067,HAIGER ADOLFO BLANCHAR MARTINEZ,0000051067,,,,https://scienti.minciencias.gov.co/cvlac/visualizador/generarCurriculoCv.do?cod_rh=0000051067,"GrupLAC, censo de integrantes, consultado 2026-09-25; vinculación: 2016/2 - 2018/1",1
I-0001503291,Ibeth karina Nieves ORTIZ,0001503291,,,,https://scienti.minciencias.gov.co/cvlac/visualizador/generarCurriculoCv.do?cod_rh=0001503291,"GrupLAC, censo de integrantes, consultado 2026-09-25; vinculación: 2012/9 - 2017/2",1
I-0000485896,Ingrid Johana Donado Romero,0000485896,,,,https://scienti.minciencias.gov.co/cvlac/visualizador/generarCurriculoCv.do?cod_rh=0000485896,"GrupLAC, censo de integrantes, consultado 2026-09-25; vinculación: 2017/1 - 2021/12",1
I-0000051734,Ivan David Morales Navarro,0000051734,,,,https://scienti.minciencias.gov.co/cvlac/visualizador/generarCurriculoCv.do?cod_rh=0000051734,"GrupLAC, censo de integrantes, consultado 2026-09-25; vinculación: 2016/2 - 2017/2",1
I-0001299867,Jaime Luis DAVILA TORRES,0001299867,,,,https://scienti.minciencias.gov.co/cvlac/visualizador/generarCurriculoCv.do?cod_rh=0001299867,"GrupLAC, censo de integrantes, consultado 2026-09-25; vinculación: 2008/3 - 2012/6",1
I-0001450424,Jaime Luis Rico Martinez,0001450424,,,,https://scienti.minciencias.gov.co/cvlac/visualizador/generarCurriculoCv.do?cod_rh=0001450424,"GrupLAC, censo de integrantes, consultado 2026-09-25; vinculación: 2011/8 - 2012/1",1
I-0001640231,Jeison Jose Palma Arzuaga,0001640231,,,,https://scienti.minciencias.gov.co/cvlac/visualizador/generarCurriculoCv.do?cod_rh=0001640231,"GrupLAC, censo de integrantes, consultado 2026-09-25; vinculación: 2016/2 - 2016/11",1
I-0000054021,jelitza carolina meriño mejia,0000054021,,,,https://scienti.minciencias.gov.co/cvlac/visualizador/generarCurriculoCv.do?cod_rh=0000054021,"GrupLAC, censo de integrantes, consultado 2026-09-25; vinculación: 2016/2 - 2017/2",1
I-0001538936,Jesus Antonio Mejia Salcedo,0001538936,,,,https://scienti.minciencias.gov.co/cvlac/visualizador/generarCurriculoCv.do?cod_rh=0001538936,"GrupLAC, censo de integrantes, consultado 2026-09-25; vinculación: 2013/10 - 2016/6",1
I-0001049615,JHON JAIRO ANAYA DÍAZ,0001049615,,Investigador Junior (IJ),,https://scienti.minciencias.gov.co/cvlac/visualizador/generarCurriculoCv.do?cod_rh=0001049615,"GrupLAC, censo de integrantes, consultado 2026-09-25; vinculación: 2017/1 - 2021/12",1
I-0001356806,JONATHAN Cortes Rincon,0001356806,,,,https://scienti.minciencias.gov.co/cvlac/visualizador/generarCurriculoCv.do?cod_rh=0001356806,"GrupLAC, censo de integrantes, consultado 2026-09-25; vinculación: 2009/6 - 2012/6",1
I-0001356805,Jorge Luis Villero Wolf,0001356805,,,,https://scienti.minciencias.gov.co/cvlac/visualizador/generarCurriculoCv.do?cod_rh=0001356805,"GrupLAC, censo de integrantes, consultado 2026-09-25; vinculación: 2009/6 - 2012/6",1
I-0001550018,jose alberto garcia camargo,0001550018,,,,https://scienti.minciencias.gov.co/cvlac/visualizador/generarCurriculoCv.do?cod_rh=0001550018,"GrupLAC, censo de integrantes, consultado 2026-09-25; vinculación: 2015/6 - 2022/6",1
I-0000290734,Jose Carlos Peña Matos,0000290734,,,,https://scienti.minciencias.gov.co/cvlac/visualizador/generarCurriculoCv.do?cod_rh=0000290734,"GrupLAC, censo de integrantes, consultado 2026-09-25; vinculación: 2010/6 - 2018/3",1
I-0001479075,Jose Eduardo Reyes Chaparro,0001479075,,,,https://scienti.minciencias.gov.co/cvlac/visualizador/generarCurriculoCv.do?cod_rh=0001479075,"GrupLAC, censo de integrantes, consultado 2026-09-25; vinculación: 2012/6 - 2015/11",1
I-0001498410,Jose Jorge Bula Mejia,0001498410,,,,https://scienti.minciencias.gov.co/cvlac/visualizador/generarCurriculoCv.do?cod_rh=0001498410,"GrupLAC, censo de integrantes, consultado 2026-09-25; vinculación: 2012/6 - 2016/3",1
I-0001503165,JUAN CARLOS AMAYA ALVEAR,0001503165,,,,https://scienti.minciencias.gov.co/cvlac/visualizador/generarCurriculoCv.do?cod_rh=0001503165,"GrupLAC, censo de integrantes, consultado 2026-09-25; vinculación: 2002/1 - 2015/9",1
I-0000666475,Juan Guillermo Reales Alfaro,0000666475,,,,https://scienti.minciencias.gov.co/cvlac/visualizador/generarCurriculoCv.do?cod_rh=0000666475,"GrupLAC, censo de integrantes, consultado 2026-09-25; vinculación: 2013/2 - 2016/3",1
I-0000169728,juan luis vega usatriz,0000169728,,,,https://scienti.minciencias.gov.co/cvlac/visualizador/generarCurriculoCv.do?cod_rh=0000169728,"GrupLAC, censo de integrantes, consultado 2026-09-25; vinculación: 2022/1 - 2022/6",1
I-0001235338,Juana Isabel Bermudez Rodriguez,0001235338,,,,https://scienti.minciencias.gov.co/cvlac/visualizador/generarCurriculoCv.do?cod_rh=0001235338,"GrupLAC, censo de integrantes, consultado 2026-09-25; vinculación: 2009/6 - 2012/6",1
I-0001743771,kelly tatiana galeano estupiñan,0001743771,,,,https://scienti.minciencias.gov.co/cvlac/visualizador/generarCurriculoCv.do?cod_rh=0001743771,"GrupLAC, censo de integrantes, consultado 2026-09-25; vinculación: 2020/2 - 2020/6",1
I-0000010064,Latife del Rosario Luquez Perez,0000010064,,,,https://scienti.minciencias.gov.co/cvlac/visualizador/generarCurriculoCv.do?cod_rh=0000010064,"GrupLAC, censo de integrantes, consultado 2026-09-25; vinculación: 2013/3 - 2016/6",1
I-0001607394,leidys patricia marin mendoza,0001607394,,,,https://scienti.minciencias.gov.co/cvlac/visualizador/generarCurriculoCv.do?cod_rh=0001607394,"GrupLAC, censo de integrantes, consultado 2026-09-25; vinculación: 2015/6 - 2018/11",1
I-0001405405,Leonardo Jose Mosquera TOVAR,0001405405,,,,https://scienti.minciencias.gov.co/cvlac/visualizador/generarCurriculoCv.do?cod_rh=0001405405,"GrupLAC, censo de integrantes, consultado 2026-09-25; vinculación: 2012/3 - 2012/11",1
I-0000806897,Lina BUELVAS GUTIÉRREZ,0000806897,,Investigador Asociado (I),,https://scienti.minciencias.gov.co/cvlac/visualizador/generarCurriculoCv.do?cod_rh=0000806897,"GrupLAC, censo de integrantes, consultado 2026-09-25; vinculación: 2009/10 - Actual",1
I-0001548538,lina marcela martinez diaz,0001548538,,,,https://scienti.minciencias.gov.co/cvlac/visualizador/generarCurriculoCv.do?cod_rh=0001548538,"GrupLAC, censo de integrantes, consultado 2026-09-25; vinculación: 2005/3 - 2006/12",1
I-0000054485,liseth strauch gonzalez,0000054485,,,,https://scienti.minciencias.gov.co/cvlac/visualizador/generarCurriculoCv.do?cod_rh=0000054485,"GrupLAC, censo de integrantes, consultado 2026-09-25; vinculación: 2020/2 - 2020/3",1
I-0001257013,LUIS FELIPE VILLERO BERMUDEZ,0001257013,,,,https://scienti.minciencias.gov.co/cvlac/visualizador/generarCurriculoCv.do?cod_rh=0001257013,"GrupLAC, censo de integrantes, consultado 2026-09-25; vinculación: 2008/3 - 2012/6",1
I-0001347458,Luis Jaime Pérez Córdoba,0001347458,,Investigador Junior (IJ),,https://scienti.minciencias.gov.co/cvlac/visualizador/generarCurriculoCv.do?cod_rh=0001347458,"GrupLAC, censo de integrantes, consultado 2026-09-25; vinculación: 2013/9 - Actual",1
I-0001599685,manuel domingo reyes pedrozo,0001599685,,,,https://scienti.minciencias.gov.co/cvlac/visualizador/generarCurriculoCv.do?cod_rh=0001599685,"GrupLAC, censo de integrantes, consultado 2026-09-25; vinculación: 2014/6 - 2019/11",1
I-0001628806,Marcelo Fernando Valle Vargas,0001628806,,,,https://scienti.minciencias.gov.co/cvlac/visualizador/generarCurriculoCv.do?cod_rh=0001628806,"GrupLAC, censo de integrantes, consultado 2026-09-25; vinculación: 2015/2 - 2020/11",1
I-0000051697,maria camila muñoz pallares,0000051697,,,,https://scienti.minciencias.gov.co/cvlac/visualizador/generarCurriculoCv.do?cod_rh=0000051697,"GrupLAC, censo de integrantes, consultado 2026-09-25; vinculación: 2016/2 - 2017/10",1
I-0000063768,maria camila oñate jimenez,0000063768,,,,https://scienti.minciencias.gov.co/cvlac/visualizador/generarCurriculoCv.do?cod_rh=0000063768,"GrupLAC, censo de integrantes, consultado 2026-09-25; vinculación: 2017/1 - 2018/5",1
I-0001515718,Maria Eugenia Villegas Gomez,0001515718,,,,https://scienti.minciencias.gov.co/cvlac/visualizador/generarCurriculoCv.do?cod_rh=0001515718,"GrupLAC, censo de integrantes, consultado 2026-09-25; vinculación: 2012/10 - 2017/5",1
I-0001832381,Maria Mónica Gómez Márquez,0001832381,,,,https://scienti.minciencias.gov.co/cvlac/visualizador/generarCurriculoCv.do?cod_rh=0001832381,"GrupLAC, censo de integrantes, consultado 2026-09-25; vinculación: 2022/1 - 2022/2",1
I-0001486414,Martha Liliana Diaz Bustamante,0001486414,,,,https://scienti.minciencias.gov.co/cvlac/visualizador/generarCurriculoCv.do?cod_rh=0001486414,"GrupLAC, censo de integrantes, consultado 2026-09-25; vinculación: 2015/10 - 2017/2",1
I-0000033178,MELISSA MILETH MARTINEZ MAESTRE,0000033178,,,,https://scienti.minciencias.gov.co/cvlac/visualizador/generarCurriculoCv.do?cod_rh=0000033178,"GrupLAC, censo de integrantes, consultado 2026-09-25; vinculación: 2015/5 - 2017/2",1
I-0001396095,NEILL ALEXANDER HAMBURGER ROMERO,0001396095,,,,https://scienti.minciencias.gov.co/cvlac/visualizador/generarCurriculoCv.do?cod_rh=0001396095,"GrupLAC, censo de integrantes, consultado 2026-09-25; vinculación: 2002/1 - 2003/2",1
I-0001037315,Neleysis Cecilia Bolaño Ardila,0001037315,,Investigador Junior (IJ),,https://scienti.minciencias.gov.co/cvlac/visualizador/generarCurriculoCv.do?cod_rh=0001037315,"GrupLAC, censo de integrantes, consultado 2026-09-25; vinculación: 2012/1 - Actual",1
I-0000051791,Nelsy Marina Garcia Cervantes,0000051791,,,,https://scienti.minciencias.gov.co/cvlac/visualizador/generarCurriculoCv.do?cod_rh=0000051791,"GrupLAC, censo de integrantes, consultado 2026-09-25; vinculación: 2016/2 - 2018/3",1
I-0000614971,Omar Alfredo Figueroa Moreno,0000614971,,Investigador Junior (IJ),,https://scienti.minciencias.gov.co/cvlac/visualizador/generarCurriculoCv.do?cod_rh=0000614971,"GrupLAC, censo de integrantes, consultado 2026-09-25; vinculación: 2023/1 - Actual",1
I-0001490142,orlando alberto calderon gutierrez,0001490142,,,,https://scienti.minciencias.gov.co/cvlac/visualizador/generarCurriculoCv.do?cod_rh=0001490142,"GrupLAC, censo de integrantes, consultado 2026-09-25; vinculación: 2012/6 - 2016/3",1
I-0001451380,ORLANDO JOSE MARTINEZ MUSSA,0001451380,,,,https://scienti.minciencias.gov.co/cvlac/visualizador/generarCurriculoCv.do?cod_rh=0001451380,"GrupLAC, censo de integrantes, consultado 2026-09-25; vinculación: 2011/8 - 2013/3",1
I-0001343812,OSWALDO ENRIQUE MORALES GONZALEZ,0001343812,,,,https://scienti.minciencias.gov.co/cvlac/visualizador/generarCurriculoCv.do?cod_rh=0001343812,"GrupLAC, censo de integrantes, consultado 2026-09-25; vinculación: 2015/7 - Actual",1
I-0000601179,Pedro Manuel Serrano Manjarrez,0000601179,,,,https://scienti.minciencias.gov.co/cvlac/visualizador/generarCurriculoCv.do?cod_rh=0000601179,"GrupLAC, censo de integrantes, consultado 2026-09-25; vinculación: 2008/2 - 2009/12",1
I-0000009121,Rafael Enrique Cardenas Lopez,0000009121,,,,https://scienti.minciencias.gov.co/cvlac/visualizador/generarCurriculoCv.do?cod_rh=0000009121,"GrupLAC, censo de integrantes, consultado 2026-09-25; vinculación: 2013/2 - 2018/4",1
I-0000547883,Ricardo David Pertuz Mercado,0000547883,,,,https://scienti.minciencias.gov.co/cvlac/visualizador/generarCurriculoCv.do?cod_rh=0000547883,"GrupLAC, censo de integrantes, consultado 2026-09-25; vinculación: 2016/2 - 2022/11",1
I-0001412528,Rita Dominga Cantillo Gamez,0001412528,,,,https://scienti.minciencias.gov.co/cvlac/visualizador/generarCurriculoCv.do?cod_rh=0001412528,"GrupLAC, censo de integrantes, consultado 2026-09-25; vinculación: 2012/9 - 2016/3",1
I-0001395622,Rodys Maria Manjarrez Ortiz,0001395622,,,,https://scienti.minciencias.gov.co/cvlac/visualizador/generarCurriculoCv.do?cod_rh=0001395622,"GrupLAC, censo de integrantes, consultado 2026-09-25; vinculación: 2008/6 - 2009/1",1
I-0001666691,Say Yurani Ramirez Salinas,0001666691,,,,https://scienti.minciencias.gov.co/cvlac/visualizador/generarCurriculoCv.do?cod_rh=0001666691,"GrupLAC, censo de integrantes, consultado 2026-09-25; vinculación: 2020/1 - Actual",1
I-0001605994,sindy paola luquez serna,0001605994,,,,https://scienti.minciencias.gov.co/cvlac/visualizador/generarCurriculoCv.do?cod_rh=0001605994,"GrupLAC, censo de integrantes, consultado 2026-09-25; vinculación: 2016/2 - 2018/2",1
I-0002047893,Stefany Yeraldin Cardenas Pinzon,0002047893,,,,https://scienti.minciencias.gov.co/cvlac/visualizador/generarCurriculoCv.do?cod_rh=0002047893,"GrupLAC, censo de integrantes, consultado 2026-09-25; vinculación: 2022/1 - 2023/2",1
I-0001432078,Susan Carolina Gonzalez Ballesteros,0001432078,,,,https://scienti.minciencias.gov.co/cvlac/visualizador/generarCurriculoCv.do?cod_rh=0001432078,"GrupLAC, censo de integrantes, consultado 2026-09-25; vinculación: 2014/1 - 2016/2",1
I-0001420329,TATIANA ANDREA DELGADO SILVA,0001420329,,,,https://scienti.minciencias.gov.co/cvlac/visualizador/generarCurriculoCv.do?cod_rh=0001420329,"GrupLAC, censo de integrantes, consultado 2026-09-25; vinculación: 2011/5 - 2011/5",1
I-0001352239,VICTOR ALFONSO PEÑALOZA AVILA,0001352239,,,,https://scienti.minciencias.gov.co/cvlac/visualizador/generarCurriculoCv.do?cod_rh=0001352239,"GrupLAC, censo de integrantes, consultado 2026-09-25; vinculación: 2009/2 - 2009/7",1
I-0000235164,William Moreno Rios,0000235164,,,,https://scienti.minciencias.gov.co/cvlac/visualizador/generarCurriculoCv.do?cod_rh=0000235164,"GrupLAC, censo de integrantes, consultado 2026-09-25; vinculación: 2003/2 - 2007/7",1
I-0000033874,Wilson Andres Castillo Ascanio,0000033874,,,,https://scienti.minciencias.gov.co/cvlac/visualizador/generarCurriculoCv.do?cod_rh=0000033874,"GrupLAC, censo de integrantes, consultado 2026-09-25; vinculación: 2017/2 - 2018/1",1
I-0000051790,YEINIS YOJANA CORREA GARRIDO,0000051790,,,,https://scienti.minciencias.gov.co/cvlac/visualizador/generarCurriculoCv.do?cod_rh=0000051790,"GrupLAC, censo de integrantes, consultado 2026-09-25; vinculación: 2016/2 - 2018/3",1
I-0001486413,Yelis Daneida Barrios Ramos,0001486413,,,,https://scienti.minciencias.gov.co/cvlac/visualizador/generarCurriculoCv.do?cod_rh=0001486413,"GrupLAC, censo de integrantes, consultado 2026-09-25; vinculación: 2012/9 - 2012/10",1
I-0000053909,yenis carina moron pertuz,0000053909,,,,https://scienti.minciencias.gov.co/cvlac/visualizador/generarCurriculoCv.do?cod_rh=0000053909,"GrupLAC, censo de integrantes, consultado 2026-09-25; vinculación: 2016/2 - 2018/1",1
I-0001403128,YOBELIS DAZA MERCADO,0001403128,,,,https://scienti.minciencias.gov.co/cvlac/visualizador/generarCurriculoCv.do?cod_rh=0001403128,"GrupLAC, censo de integrantes, consultado 2026-09-25; vinculación: 2016/11 - 2018/11",1
I-0000054078,YORDANA PATRICIA CUJIA MARQUEZ,0000054078,,,,https://scienti.minciencias.gov.co/cvlac/visualizador/generarCurriculoCv.do?cod_rh=0000054078,"GrupLAC, censo de integrantes, consultado 2026-09-25; vinculación: 2016/2 - 2017/2",1
I-0000037166,Yuleidis Karina Fuentes Quintero,0000037166,,,,https://scienti.minciencias.gov.co/cvlac/visualizador/generarCurriculoCv.do?cod_rh=0000037166,"GrupLAC, censo de integrantes, consultado 2026-09-25; vinculación: 2015/5 - 2016/7",1
I-0000484768,YIMY GORDON HERNANDEZ,0000484768,,Investigador Asociado (I),,https://scienti.minciencias.gov.co/cvlac/visualizador/generarCurriculoCv.do?cod_rh=0000484768,"GrupLAC, censo de integrantes, consultado 2026-09-25; vinculación: 2004/2 - Actual",1
I-0000335878,Martha Rosario Arguello Caballero,0000335878,,,,https://scienti.minciencias.gov.co/cvlac/visualizador/generarCurriculoCv.do?cod_rh=0000335878,"GrupLAC, censo de integrantes, consultado 2026-09-25; vinculación: 2005/8 - Actual",1
I-0000601330,Alvaro iglesias ibarra,0000601330,,,,https://scienti.minciencias.gov.co/cvlac/visualizador/generarCurriculoCv.do?cod_rh=0000601330,"GrupLAC, censo de integrantes, consultado 2026-09-25; vinculación: 2016/2 - 2016/12",1
I-0000599484,Alvaro Oñate Bowen,0000599484,,,,https://scienti.minciencias.gov.co/cvlac/visualizador/generarCurriculoCv.do?cod_rh=0000599484,"GrupLAC, censo de integrantes, consultado 2026-09-25; vinculación: 2005/8 - 2006/1",1
I-0002101752,Amira Carolina Valera Charry,0002101752,,,,https://scienti.minciencias.gov.co/cvlac/visualizador/generarCurriculoCv.do?cod_rh=0002101752,"GrupLAC, censo de integrantes, consultado 2026-09-25; vinculación: 2022/10 - 2023/8",1
I-0001833507,Ana Karina Maestre García,0001833507,,,,https://scienti.minciencias.gov.co/cvlac/visualizador/generarCurriculoCv.do?cod_rh=0001833507,"GrupLAC, censo de integrantes, consultado 2026-09-25; vinculación: 2023/1 - Actual",1
I-0000167039,Andrea carolina Quiñonez Sanchez,0000167039,,,,https://scienti.minciencias.gov.co/cvlac/visualizador/generarCurriculoCv.do?cod_rh=0000167039,"GrupLAC, censo de integrantes, consultado 2026-09-25; vinculación: 2018/3 - 2019/12",1
I-0001416765,Andrea Marcela Méndez Sánchez,0001416765,,Investigador Junior (IJ),,https://scienti.minciencias.gov.co/cvlac/visualizador/generarCurriculoCv.do?cod_rh=0001416765,"GrupLAC, censo de integrantes, consultado 2026-09-25; vinculación: 2011/2 - Actual",1
I-0002017673,Andrés Felipe López Barrios,0002017673,,,,https://scienti.minciencias.gov.co/cvlac/visualizador/generarCurriculoCv.do?cod_rh=0002017673,"GrupLAC, censo de integrantes, consultado 2026-09-25; vinculación: 2023/1 - Actual",1
I-0001593030,Andrés José Useche Cortes,0001593030,,,,https://scienti.minciencias.gov.co/cvlac/visualizador/generarCurriculoCv.do?cod_rh=0001593030,"GrupLAC, censo de integrantes, consultado 2026-09-25; vinculación: 2015/6 - 2016/12",1
I-0001750045,Angela Patricia Manjarres Jaimes,0001750045,,Investigador Junior (IJ),,https://scienti.minciencias.gov.co/cvlac/visualizador/generarCurriculoCv.do?cod_rh=0001750045,"GrupLAC, censo de integrantes, consultado 2026-09-25; vinculación: 2019/11 - Actual",1
I-0000057663,Angelica Patricia Güette Alvarez,0000057663,,,,https://scienti.minciencias.gov.co/cvlac/visualizador/generarCurriculoCv.do?cod_rh=0000057663,"GrupLAC, censo de integrantes, consultado 2026-09-25; vinculación: 2016/2 - 2018/8",1
I-0000057659,Angie Gissela Almendrales Hernandez,0000057659,,,,https://scienti.minciencias.gov.co/cvlac/visualizador/generarCurriculoCv.do?cod_rh=0000057659,"GrupLAC, censo de integrantes, consultado 2026-09-25; vinculación: 2016/2 - 2020/12",1
I-0000462659,Baldomero Ascanio Rosado Quintero,0000462659,,,,https://scienti.minciencias.gov.co/cvlac/visualizador/generarCurriculoCv.do?cod_rh=0000462659,"GrupLAC, censo de integrantes, consultado 2026-09-25; vinculación: 2011/1 - Actual",1
I-0002131540,brenda cadena cadena,0002131540,,,,https://scienti.minciencias.gov.co/cvlac/visualizador/generarCurriculoCv.do?cod_rh=0002131540,"GrupLAC, censo de integrantes, consultado 2026-09-25; vinculación: 2023/8 - Actual",1
I-0001748506,BREYNER RAFAEL GUERRA QUIROZ,0001748506,,,,https://scienti.minciencias.gov.co/cvlac/visualizador/generarCurriculoCv.do?cod_rh=0001748506,"GrupLAC, censo de integrantes, consultado 2026-09-25; vinculación: 2025/10 - Actual",1
I-0000772119,Carlos Ramón VIDAL TOVAR,0000772119,,Investigador Senior (IS),,https://scienti.minciencias.gov.co/cvlac/visualizador/generarCurriculoCv.do?cod_rh=0000772119,"GrupLAC, censo de integrantes, consultado 2026-09-25; vinculación: 2018/1 - Actual",1
I-0001597600,Carol Patricia Figueroa Pérez,0001597600,,,,https://scienti.minciencias.gov.co/cvlac/visualizador/generarCurriculoCv.do?cod_rh=0001597600,"GrupLAC, censo de integrantes, consultado 2026-09-25; vinculación: 2024/3 - Actual",1
I-0001637373,Cristen Anaya Serrano,0001637373,,,,https://scienti.minciencias.gov.co/cvlac/visualizador/generarCurriculoCv.do?cod_rh=0001637373,"GrupLAC, censo de integrantes, consultado 2026-09-25; vinculación: 2015/2 - 2015/8",1
I-0000133408,Cynthia Daniela Cuggia Jimenez,0000133408,,,,https://scienti.minciencias.gov.co/cvlac/visualizador/generarCurriculoCv.do?cod_rh=0000133408,"GrupLAC, censo de integrantes, consultado 2026-09-25; vinculación: 2020/1 - 2025/12",1
I-0000167027,Danect patricia Perez Caro,0000167027,,,,https://scienti.minciencias.gov.co/cvlac/visualizador/generarCurriculoCv.do?cod_rh=0000167027,"GrupLAC, censo de integrantes, consultado 2026-09-25; vinculación: 2018/5 - 2024/12",1
I-0001639219,Dania Yaritza Camargo Tarazona,0001639219,,,,https://scienti.minciencias.gov.co/cvlac/visualizador/generarCurriculoCv.do?cod_rh=0001639219,"GrupLAC, censo de integrantes, consultado 2026-09-25; vinculación: 2015/2 - 2015/8",1
I-0002196261,Danielle Margarita Rodríguez Carrillo,0002196261,,,,https://scienti.minciencias.gov.co/cvlac/visualizador/generarCurriculoCv.do?cod_rh=0002196261,"GrupLAC, censo de integrantes, consultado 2026-09-25; vinculación: 2023/10 - Actual",1
I-0000045998,Deilys julieth zuñiga flores,0000045998,,,,https://scienti.minciencias.gov.co/cvlac/visualizador/generarCurriculoCv.do?cod_rh=0000045998,"GrupLAC, censo de integrantes, consultado 2026-09-25; vinculación: 2018/1 - 2018/12",1
I-0000058274,DELAYNE PAOLA MENDOZA OLIVELLA,0000058274,,,,https://scienti.minciencias.gov.co/cvlac/visualizador/generarCurriculoCv.do?cod_rh=0000058274,"GrupLAC, censo de integrantes, consultado 2026-09-25; vinculación: 2025/10 - Actual",1
I-0001528043,diosa angelica ramirez apushana,0001528043,,,,https://scienti.minciencias.gov.co/cvlac/visualizador/generarCurriculoCv.do?cod_rh=0001528043,"GrupLAC, censo de integrantes, consultado 2026-09-25; vinculación: 2015/2 - 2015/8",1
I-0000073192,Doile Rios Parra,0000073192,,Investigador Junior (IJ),,https://scienti.minciencias.gov.co/cvlac/visualizador/generarCurriculoCv.do?cod_rh=0000073192,"GrupLAC, censo de integrantes, consultado 2026-09-25; vinculación: 2015/1 - Actual",1
I-0001667459,Dolmary Torrenegra Peña,0001667459,,,,https://scienti.minciencias.gov.co/cvlac/visualizador/generarCurriculoCv.do?cod_rh=0001667459,"GrupLAC, censo de integrantes, consultado 2026-09-25; vinculación: 2022/11 - Actual",1
I-0001813822,Eduard Gomez Ramos,0001813822,,,,https://scienti.minciencias.gov.co/cvlac/visualizador/generarCurriculoCv.do?cod_rh=0001813822,"GrupLAC, censo de integrantes, consultado 2026-09-25; vinculación: 2025/9 - Actual",1
I-0001477400,EDWIN JOSUE MANOSALVA AMAYA,0001477400,,,,https://scienti.minciencias.gov.co/cvlac/visualizador/generarCurriculoCv.do?cod_rh=0001477400,"GrupLAC, censo de integrantes, consultado 2026-09-25; vinculación: 2017/12 - Actual",1
I-0000606790,Ela TORRES PADILLA,0000606790,,,,https://scienti.minciencias.gov.co/cvlac/visualizador/generarCurriculoCv.do?cod_rh=0000606790,"GrupLAC, censo de integrantes, consultado 2026-09-25; vinculación: 2005/8 - 2006/1",1
I-0002157096,Elizabeth Perez Rincon,0002157096,,,,https://scienti.minciencias.gov.co/cvlac/visualizador/generarCurriculoCv.do?cod_rh=0002157096,"GrupLAC, censo de integrantes, consultado 2026-09-25; vinculación: 2024/2 - 2024/12",1
I-0001487134,esther judith vargas hernandez,0001487134,,,,https://scienti.minciencias.gov.co/cvlac/visualizador/generarCurriculoCv.do?cod_rh=0001487134,"GrupLAC, censo de integrantes, consultado 2026-09-25; vinculación: 2012/2 - 2014/12",1
I-0001200178,FABIO JOSE MEJÍA MARTÍNEZ,0001200178,,,,https://scienti.minciencias.gov.co/cvlac/visualizador/generarCurriculoCv.do?cod_rh=0001200178,"GrupLAC, censo de integrantes, consultado 2026-09-25; vinculación: 2025/10 - Actual",1
I-0001450874,gina paola echeverri montes,0001450874,,,,https://scienti.minciencias.gov.co/cvlac/visualizador/generarCurriculoCv.do?cod_rh=0001450874,"GrupLAC, censo de integrantes, consultado 2026-09-25; vinculación: 2011/1 - 2011/3",1
I-0001389385,Giovanna Elvira Angulo Blanquicett,0001389385,,Investigador Junior (IJ),,https://scienti.minciencias.gov.co/cvlac/visualizador/generarCurriculoCv.do?cod_rh=0001389385,"GrupLAC, censo de integrantes, consultado 2026-09-25; vinculación: 2022/1 - Actual",1
I-0002021262,glenda rosa ramirez romero,0002021262,,,,https://scienti.minciencias.gov.co/cvlac/visualizador/generarCurriculoCv.do?cod_rh=0002021262,"GrupLAC, censo de integrantes, consultado 2026-09-25; vinculación: 2022/2 - Actual",1
I-0002123339,Gonzalo Enrique Meneses Escalona,0002123339,,,,https://scienti.minciencias.gov.co/cvlac/visualizador/generarCurriculoCv.do?cod_rh=0002123339,"GrupLAC, censo de integrantes, consultado 2026-09-25; vinculación: 2024/10 - Actual",1
I-0002247638,Hernan Dario Bueno Ardila,0002247638,,,,https://scienti.minciencias.gov.co/cvlac/visualizador/generarCurriculoCv.do?cod_rh=0002247638,"GrupLAC, censo de integrantes, consultado 2026-09-25; vinculación: 2024/5 - Actual",1
I-0000456063,Idalberto Enrique Aponte Valverde,0000456063,,,,https://scienti.minciencias.gov.co/cvlac/visualizador/generarCurriculoCv.do?cod_rh=0000456063,"GrupLAC, censo de integrantes, consultado 2026-09-25; vinculación: 2005/8 - 2005/9",1
I-0000073188,INGRID PATRICIA MANJARRES MURGAS,0000073188,,,,https://scienti.minciencias.gov.co/cvlac/visualizador/generarCurriculoCv.do?cod_rh=0000073188,"GrupLAC, censo de integrantes, consultado 2026-09-25; vinculación: 2020/2 - Actual",1
I-0001441822,ingrid pinto NIEVES,0001441822,,,,https://scienti.minciencias.gov.co/cvlac/visualizador/generarCurriculoCv.do?cod_rh=0001441822,"GrupLAC, censo de integrantes, consultado 2026-09-25; vinculación: 2011/2 - 2011/6",1
I-0001197010,Jannellee Johana Socarras Casado,0001197010,,,,https://scienti.minciencias.gov.co/cvlac/visualizador/generarCurriculoCv.do?cod_rh=0001197010,"GrupLAC, censo de integrantes, consultado 2026-09-25; vinculación: 2008/4 - 2010/6",1
I-0001638537,Jessika del carmen Luquez Marrugo,0001638537,,,,https://scienti.minciencias.gov.co/cvlac/visualizador/generarCurriculoCv.do?cod_rh=0001638537,"GrupLAC, censo de integrantes, consultado 2026-09-25; vinculación: 2015/2 - 2015/8",1
I-0001633024,Jhon Leandro Garnica Contreras,0001633024,,,,https://scienti.minciencias.gov.co/cvlac/visualizador/generarCurriculoCv.do?cod_rh=0001633024,"GrupLAC, censo de integrantes, consultado 2026-09-25; vinculación: 2023/9 - 2024/2",1
I-0001593829,Jorge Alberto Acevedo Vergara,0001593829,,,,https://scienti.minciencias.gov.co/cvlac/visualizador/generarCurriculoCv.do?cod_rh=0001593829,"GrupLAC, censo de integrantes, consultado 2026-09-25; vinculación: 2022/1 - Actual",1
I-0000034008,Jorge Andrés Contreras Escorcia,0000034008,,,,https://scienti.minciencias.gov.co/cvlac/visualizador/generarCurriculoCv.do?cod_rh=0000034008,"GrupLAC, censo de integrantes, consultado 2026-09-25; vinculación: 2022/11 - Actual",1
I-0000589322,Jose Alberto Britto Fuentes,0000589322,,,,https://scienti.minciencias.gov.co/cvlac/visualizador/generarCurriculoCv.do?cod_rh=0000589322,"GrupLAC, censo de integrantes, consultado 2026-09-25; vinculación: 2005/8 - 2005/12",1
I-0001528041,jose francisco ovalle saurith,0001528041,,,,https://scienti.minciencias.gov.co/cvlac/visualizador/generarCurriculoCv.do?cod_rh=0001528041,"GrupLAC, censo de integrantes, consultado 2026-09-25; vinculación: 2015/2 - 2015/8",1
I-0001476709,JOSE JAIME PEDRIQUEZ DIAZ,0001476709,,,,https://scienti.minciencias.gov.co/cvlac/visualizador/generarCurriculoCv.do?cod_rh=0001476709,"GrupLAC, censo de integrantes, consultado 2026-09-25; vinculación: 2012/2 - 2013/2",1
I-0001869177,JOSE MANUEL PULIDO QUINTERO,0001869177,,,,https://scienti.minciencias.gov.co/cvlac/visualizador/generarCurriculoCv.do?cod_rh=0001869177,"GrupLAC, censo de integrantes, consultado 2026-09-25; vinculación: 2020/10 - Actual",1
I-0001920064,JOSE RODRIGO BERMUDEZ GOMEZ,0001920064,,,,https://scienti.minciencias.gov.co/cvlac/visualizador/generarCurriculoCv.do?cod_rh=0001920064,"GrupLAC, censo de integrantes, consultado 2026-09-25; vinculación: 2024/10 - Actual",1
I-0001869172,JUAN CARLOS VALDIVIESO SÁNCHEZ,0001869172,,,,https://scienti.minciencias.gov.co/cvlac/visualizador/generarCurriculoCv.do?cod_rh=0001869172,"GrupLAC, censo de integrantes, consultado 2026-09-25; vinculación: 2020/10 - Actual",1
I-0001416801,julieth paola gutierrez castro,0001416801,,,,https://scienti.minciencias.gov.co/cvlac/visualizador/generarCurriculoCv.do?cod_rh=0001416801,"GrupLAC, censo de integrantes, consultado 2026-09-25; vinculación: 2011/2 - 2011/6",1
I-0001429664,karen dayana vega iglesias,0001429664,,,,https://scienti.minciencias.gov.co/cvlac/visualizador/generarCurriculoCv.do?cod_rh=0001429664,"GrupLAC, censo de integrantes, consultado 2026-09-25; vinculación: 2011/8 - 2011/10",1
I-0000045830,karen margarita jimenez rojas,0000045830,,,,https://scienti.minciencias.gov.co/cvlac/visualizador/generarCurriculoCv.do?cod_rh=0000045830,"GrupLAC, censo de integrantes, consultado 2026-09-25; vinculación: 2017/12 - 2018/1",1
I-0000647306,Karen Velez Gomez,0000647306,,,,https://scienti.minciencias.gov.co/cvlac/visualizador/generarCurriculoCv.do?cod_rh=0000647306,"GrupLAC, censo de integrantes, consultado 2026-09-25; vinculación: 2005/8 - 2006/1",1
I-0001404745,Karen Yulieth Galvis Vega,0001404745,,,,https://scienti.minciencias.gov.co/cvlac/visualizador/generarCurriculoCv.do?cod_rh=0001404745,"GrupLAC, censo de integrantes, consultado 2026-09-25; vinculación: 2012/2 - 2014/8",1
I-0002177821,Lais Andrea Pabón Galvis,0002177821,,,,https://scienti.minciencias.gov.co/cvlac/visualizador/generarCurriculoCv.do?cod_rh=0002177821,"GrupLAC, censo de integrantes, consultado 2026-09-25; vinculación: 2023/8 - Actual",1
I-0001638235,Laura Carolina Portela Mendoza,0001638235,,,,https://scienti.minciencias.gov.co/cvlac/visualizador/generarCurriculoCv.do?cod_rh=0001638235,"GrupLAC, censo de integrantes, consultado 2026-09-25; vinculación: 2015/2 - 2015/8",1
I-0001475346,Laura Vanessa Jimenez Sanchez,0001475346,,,,https://scienti.minciencias.gov.co/cvlac/visualizador/generarCurriculoCv.do?cod_rh=0001475346,"GrupLAC, censo de integrantes, consultado 2026-09-25; vinculación: 2011/2 - 2012/1",1
I-0001196995,Leyvis Amparo Carrillo Orozco,0001196995,,,,https://scienti.minciencias.gov.co/cvlac/visualizador/generarCurriculoCv.do?cod_rh=0001196995,"GrupLAC, censo de integrantes, consultado 2026-09-25; vinculación: 2008/4 - 2009/1",1
I-0000058362,LILIANA ANDREA VEGA CHAVEZ,0000058362,,,,https://scienti.minciencias.gov.co/cvlac/visualizador/generarCurriculoCv.do?cod_rh=0000058362,"GrupLAC, censo de integrantes, consultado 2026-09-25; vinculación: 2020/10 - 2021/1",1
I-0001638085,Linka Ramos Mejía,0001638085,,,,https://scienti.minciencias.gov.co/cvlac/visualizador/generarCurriculoCv.do?cod_rh=0001638085,"GrupLAC, censo de integrantes, consultado 2026-09-25; vinculación: 2015/2 - 2016/12",1
I-0001441825,lorayne mendoza acuna,0001441825,,,,https://scienti.minciencias.gov.co/cvlac/visualizador/generarCurriculoCv.do?cod_rh=0001441825,"GrupLAC, censo de integrantes, consultado 2026-09-25; vinculación: 2011/2 - 2011/6",1
I-0001724959,LUIS AMADOR PEREZ VASQUEZ,0001724959,,,,https://scienti.minciencias.gov.co/cvlac/visualizador/generarCurriculoCv.do?cod_rh=0001724959,"GrupLAC, censo de integrantes, consultado 2026-09-25; vinculación: 2019/2 - 2019/8",1
I-0000460648,Luis Eduardo MANOTAS CABARCAS,0000460648,,,,https://scienti.minciencias.gov.co/cvlac/visualizador/generarCurriculoCv.do?cod_rh=0000460648,"GrupLAC, censo de integrantes, consultado 2026-09-25; vinculación: 2011/2 - 2011/3",1
I-0000634484,Luis Hernando Restrepo Sierra,0000634484,,Investigador Junior (IJ),,https://scienti.minciencias.gov.co/cvlac/visualizador/generarCurriculoCv.do?cod_rh=0000634484,"GrupLAC, censo de integrantes, consultado 2026-09-25; vinculación: 2005/8 - 2006/1",1
I-0001197037,Luisa Esthela Saurith Fernandez,0001197037,,,,https://scienti.minciencias.gov.co/cvlac/visualizador/generarCurriculoCv.do?cod_rh=0001197037,"GrupLAC, censo de integrantes, consultado 2026-09-25; vinculación: 2008/4 - 2009/1",1
I-0000591564,Luz Mary Barros Bayona,0000591564,,,,https://scienti.minciencias.gov.co/cvlac/visualizador/generarCurriculoCv.do?cod_rh=0000591564,"GrupLAC, censo de integrantes, consultado 2026-09-25; vinculación: 2005/8 - 2005/9",1
I-0002007509,Madimis Escobar Argumedo,0002007509,,,,https://scienti.minciencias.gov.co/cvlac/visualizador/generarCurriculoCv.do?cod_rh=0002007509,"GrupLAC, censo de integrantes, consultado 2026-09-25; vinculación: 2022/6 - 2024/12",1
I-0002162279,Maira Alexandra Amaris Daza,0002162279,,,,https://scienti.minciencias.gov.co/cvlac/visualizador/generarCurriculoCv.do?cod_rh=0002162279,"GrupLAC, censo de integrantes, consultado 2026-09-25; vinculación: 2023/6 - Actual",1
I-0000167740,MAIRA MERCEDES VEGA USTARIZ,0000167740,,,,https://scienti.minciencias.gov.co/cvlac/visualizador/generarCurriculoCv.do?cod_rh=0000167740,"GrupLAC, censo de integrantes, consultado 2026-09-25; vinculación: 2017/11 - Actual",1
I-0000102878,Marco Antonio Falla Almario,0000102878,,,,https://scienti.minciencias.gov.co/cvlac/visualizador/generarCurriculoCv.do?cod_rh=0000102878,"GrupLAC, censo de integrantes, consultado 2026-09-25; vinculación: 2017/6 - Actual",1
I-0000566659,Marco Moreno Raudales,0000566659,,,,https://scienti.minciencias.gov.co/cvlac/visualizador/generarCurriculoCv.do?cod_rh=0000566659,"GrupLAC, censo de integrantes, consultado 2026-09-25; vinculación: 2005/8 - 2005/12",1
I-0001723752,María Camila Prado Sarabia,0001723752,,,,https://scienti.minciencias.gov.co/cvlac/visualizador/generarCurriculoCv.do?cod_rh=0001723752,"GrupLAC, censo de integrantes, consultado 2026-09-25; vinculación: 2019/6 - 2020/8",1
I-0000081072,Maria del Mar Restrepo Villarroel,0000081072,,Investigador Junior (IJ),,https://scienti.minciencias.gov.co/cvlac/visualizador/generarCurriculoCv.do?cod_rh=0000081072,"GrupLAC, censo de integrantes, consultado 2026-09-25; vinculación: 2024/10 - Actual",1
I-0000173362,Maria del Mar Ruidiaz Ariza,0000173362,,,,https://scienti.minciencias.gov.co/cvlac/visualizador/generarCurriculoCv.do?cod_rh=0000173362,"GrupLAC, censo de integrantes, consultado 2026-09-25; vinculación: 2017/10 - 2018/6",1
I-0001639786,MARIA DELFINA AMARIS DAZA,0001639786,,,,https://scienti.minciencias.gov.co/cvlac/visualizador/generarCurriculoCv.do?cod_rh=0001639786,"GrupLAC, censo de integrantes, consultado 2026-09-25; vinculación: 2015/2 - 2022/1",1
I-0000650528,María Gonzalez Muñoz,0000650528,,,,https://scienti.minciencias.gov.co/cvlac/visualizador/generarCurriculoCv.do?cod_rh=0000650528,"GrupLAC, censo de integrantes, consultado 2026-09-25; vinculación: 2011/1 - 2016/12",1
I-0001460991,María Isabel Ortiz Iglesias,0001460991,,,,https://scienti.minciencias.gov.co/cvlac/visualizador/generarCurriculoCv.do?cod_rh=0001460991,"GrupLAC, censo de integrantes, consultado 2026-09-25; vinculación: 2025/2 - Actual",1
I-0002131537,Maria Jose Villa Morales,0002131537,,,,https://scienti.minciencias.gov.co/cvlac/visualizador/generarCurriculoCv.do?cod_rh=0002131537,"GrupLAC, censo de integrantes, consultado 2026-09-25; vinculación: 2023/3 - Actual",1
I-0002092487,Maria Rosa Anaya Mercado,0002092487,,,,https://scienti.minciencias.gov.co/cvlac/visualizador/generarCurriculoCv.do?cod_rh=0002092487,"GrupLAC, censo de integrantes, consultado 2026-09-25; vinculación: 2023/3 - Actual",1
I-0000003293,MARIANA CAROLINA GOMEZ URDIALES,0000003293,,,,https://scienti.minciencias.gov.co/cvlac/visualizador/generarCurriculoCv.do?cod_rh=0000003293,"GrupLAC, censo de integrantes, consultado 2026-09-25; vinculación: 2025/11 - Actual",1
I-0001639776,marlen nerey gallego de avila,0001639776,,,,https://scienti.minciencias.gov.co/cvlac/visualizador/generarCurriculoCv.do?cod_rh=0001639776,"GrupLAC, censo de integrantes, consultado 2026-09-25; vinculación: 2015/2 - 2015/8",1
I-0002061744,Martha Liliana Avendaño Camargo,0002061744,,,,https://scienti.minciencias.gov.co/cvlac/visualizador/generarCurriculoCv.do?cod_rh=0002061744,"GrupLAC, censo de integrantes, consultado 2026-09-25; vinculación: 2023/9 - Actual",1
I-0001846088,Mauren Dayana Duarte Villero,0001846088,,,,https://scienti.minciencias.gov.co/cvlac/visualizador/generarCurriculoCv.do?cod_rh=0001846088,"GrupLAC, censo de integrantes, consultado 2026-09-25; vinculación: 2022/6 - 2024/12",1
I-0002003616,Merly yohanna Gutierrez Castillo,0002003616,,,,https://scienti.minciencias.gov.co/cvlac/visualizador/generarCurriculoCv.do?cod_rh=0002003616,"GrupLAC, censo de integrantes, consultado 2026-09-25; vinculación: 2022/10 - 2024/12",1
I-0000424382,Miguel Chajin Florez,0000424382,,Investigador Junior (IJ),,https://scienti.minciencias.gov.co/cvlac/visualizador/generarCurriculoCv.do?cod_rh=0000424382,"GrupLAC, censo de integrantes, consultado 2026-09-25; vinculación: 2022/3 - Actual",1
I-0001528409,Milagros del Carmen Villasmil Molero,0001528409,,Investigador Senior (IS),,https://scienti.minciencias.gov.co/cvlac/visualizador/generarCurriculoCv.do?cod_rh=0001528409,"GrupLAC, censo de integrantes, consultado 2026-09-25; vinculación: 2013/6 - 2013/12",1
I-0000643262,Omairo Jimenez Guerrero,0000643262,,,,https://scienti.minciencias.gov.co/cvlac/visualizador/generarCurriculoCv.do?cod_rh=0000643262,"GrupLAC, censo de integrantes, consultado 2026-09-25; vinculación: 2005/8 - 2006/1",1
I-0000642312,Oscar Alejandro Torres Amaya,0000642312,,,,https://scienti.minciencias.gov.co/cvlac/visualizador/generarCurriculoCv.do?cod_rh=0000642312,"GrupLAC, censo de integrantes, consultado 2026-09-25; vinculación: 2005/8 - 2006/1",1
I-0001811407,Oswaldo David De la rosa Diaz,0001811407,,,,https://scienti.minciencias.gov.co/cvlac/visualizador/generarCurriculoCv.do?cod_rh=0001811407,"GrupLAC, censo de integrantes, consultado 2026-09-25; vinculación: 2023/6 - Actual",1
I-0001502576,paola primo naranjo,0001502576,,,,https://scienti.minciencias.gov.co/cvlac/visualizador/generarCurriculoCv.do?cod_rh=0001502576,"GrupLAC, censo de integrantes, consultado 2026-09-25; vinculación: 2012/2 - 2012/12",1
I-0000608645,Rodrigo De Jesus Aponte Penso,0000608645,,,,https://scienti.minciencias.gov.co/cvlac/visualizador/generarCurriculoCv.do?cod_rh=0000608645,"GrupLAC, censo de integrantes, consultado 2026-09-25; vinculación: 2004/8 - 2004/9",1
I-0001528068,RONALD DAVID CAMELO CARDENAS,0001528068,,,,https://scienti.minciencias.gov.co/cvlac/visualizador/generarCurriculoCv.do?cod_rh=0001528068,"GrupLAC, censo de integrantes, consultado 2026-09-25; vinculación: 2025/10 - Actual",1
I-0000167021,Rosa elvira Florez Camelo,0000167021,,,,https://scienti.minciencias.gov.co/cvlac/visualizador/generarCurriculoCv.do?cod_rh=0000167021,"GrupLAC, censo de integrantes, consultado 2026-09-25; vinculación: 2018/5 - 2020/2",1
I-0001447919,SANDRA LILIANA PABON CUELLAR,0001447919,,,,https://scienti.minciencias.gov.co/cvlac/visualizador/generarCurriculoCv.do?cod_rh=0001447919,"GrupLAC, censo de integrantes, consultado 2026-09-25; vinculación: 2011/2 - Actual",1
I-0002002826,SARAMISETH MURILLO QUINTERO,0002002826,,,,https://scienti.minciencias.gov.co/cvlac/visualizador/generarCurriculoCv.do?cod_rh=0002002826,"GrupLAC, censo de integrantes, consultado 2026-09-25; vinculación: 2022/2 - 2024/12",1
I-0002028220,Selena Vanessa León Díaz,0002028220,,,,https://scienti.minciencias.gov.co/cvlac/visualizador/generarCurriculoCv.do?cod_rh=0002028220,"GrupLAC, censo de integrantes, consultado 2026-09-25; vinculación: 2022/9 - Actual",1
I-0001828191,simon diaz villarreal,0001828191,,,,https://scienti.minciencias.gov.co/cvlac/visualizador/generarCurriculoCv.do?cod_rh=0001828191,"GrupLAC, censo de integrantes, consultado 2026-09-25; vinculación: 2023/8 - Actual",1
I-0001534286,stefany paola lopez villalba,0001534286,,,,https://scienti.minciencias.gov.co/cvlac/visualizador/generarCurriculoCv.do?cod_rh=0001534286,"GrupLAC, censo de integrantes, consultado 2026-09-25; vinculación: 2017/11 - Actual",1
I-0001197061,TATIANA GEORGE MEJIA,0001197061,,,,https://scienti.minciencias.gov.co/cvlac/visualizador/generarCurriculoCv.do?cod_rh=0001197061,"GrupLAC, censo de integrantes, consultado 2026-09-25; vinculación: 2008/4 - 2010/6",1
I-0000100532,valentina del carmen sandoval camargo,0000100532,,,,https://scienti.minciencias.gov.co/cvlac/visualizador/generarCurriculoCv.do?cod_rh=0000100532,"GrupLAC, censo de integrantes, consultado 2026-09-25; vinculación: 2018/1 - 2018/8",1
I-0002259712,Valeria Alejandra Ramírez Pino,0002259712,,,,https://scienti.minciencias.gov.co/cvlac/visualizador/generarCurriculoCv.do?cod_rh=0002259712,"GrupLAC, censo de integrantes, consultado 2026-09-25; vinculación: 2024/5 - Actual",1
I-0000102410,Verónica Barrios Lara,0000102410,,,,https://scienti.minciencias.gov.co/cvlac/visualizador/generarCurriculoCv.do?cod_rh=0000102410,"GrupLAC, censo de integrantes, consultado 2026-09-25; vinculación: 2018/1 - 2018/12",1
I-0001414584,VICTOR ALFONSO CAMPUZANO RODRIGUEZ,0001414584,,,,https://scienti.minciencias.gov.co/cvlac/visualizador/generarCurriculoCv.do?cod_rh=0001414584,"GrupLAC, censo de integrantes, consultado 2026-09-25; vinculación: 2011/3 - 2011/3",1
I-0001252879,Yair José Guzman Brieva,0001252879,,,,https://scienti.minciencias.gov.co/cvlac/visualizador/generarCurriculoCv.do?cod_rh=0001252879,"GrupLAC, censo de integrantes, consultado 2026-09-25; vinculación: 2023/1 - 2024/12",1
I-0000648442,Yamiro LACERA PADILLA,0000648442,,,,https://scienti.minciencias.gov.co/cvlac/visualizador/generarCurriculoCv.do?cod_rh=0000648442,"GrupLAC, censo de integrantes, consultado 2026-09-25; vinculación: 2009/2 - 2009/12",1
I-0000019484,YANETH PEREZ PRADO,0000019484,,,,https://scienti.minciencias.gov.co/cvlac/visualizador/generarCurriculoCv.do?cod_rh=0000019484,"GrupLAC, censo de integrantes, consultado 2026-09-25; vinculación: 2014/2 - 2024/12",1
I-0002134548,Yarixza Celis Amaya,0002134548,,,,https://scienti.minciencias.gov.co/cvlac/visualizador/generarCurriculoCv.do?cod_rh=0002134548,"GrupLAC, censo de integrantes, consultado 2026-09-25; vinculación: 2024/5 - 2024/12",1
I-0001633925,Yessica Perdomo Useche,0001633925,,Investigador Junior (IJ),,https://scienti.minciencias.gov.co/cvlac/visualizador/generarCurriculoCv.do?cod_rh=0001633925,"GrupLAC, censo de integrantes, consultado 2026-09-25; vinculación: 2023/6 - Actual",1
I-0001416151,yolanda margarita rodero VEGA,0001416151,,,,https://scienti.minciencias.gov.co/cvlac/visualizador/generarCurriculoCv.do?cod_rh=0001416151,"GrupLAC, censo de integrantes, consultado 2026-09-25; vinculación: 2009/2 - 2011/8",1
I-0000647292,Yovana Bermùdez Morales,0000647292,,,,https://scienti.minciencias.gov.co/cvlac/visualizador/generarCurriculoCv.do?cod_rh=0000647292,"GrupLAC, censo de integrantes, consultado 2026-09-25; vinculación: 2005/8 - 2006/1",1
I-0001404674,yuleidis almarales DE AVILA,0001404674,,,,https://scienti.minciencias.gov.co/cvlac/visualizador/generarCurriculoCv.do?cod_rh=0001404674,"GrupLAC, censo de integrantes, consultado 2026-09-25; vinculación: 2012/2 - 2013/12",1
I-0001502581,YULIETH CACERES PINEDA,0001502581,,,,https://scienti.minciencias.gov.co/cvlac/visualizador/generarCurriculoCv.do?cod_rh=0001502581,"GrupLAC, censo de integrantes, consultado 2026-09-25; vinculación: 2012/2 - 2012/6",1
I-0001416122,yury jose posada romero,0001416122,,,,https://scienti.minciencias.gov.co/cvlac/visualizador/generarCurriculoCv.do?cod_rh=0001416122,"GrupLAC, censo de integrantes, consultado 2026-09-25; vinculación: 2011/2 - Actual",1
I-0000160671,Yuzhara Tamanglama Ahumada,0000160671,,,,https://scienti.minciencias.gov.co/cvlac/visualizador/generarCurriculoCv.do?cod_rh=0000160671,"GrupLAC, censo de integrantes, consultado 2026-09-25; vinculación: 2023/8 - Actual",1
I-0001640061,Cesar Augusto Galindo Angulo Angulo,0001640061,,,,https://scienti.minciencias.gov.co/cvlac/visualizador/generarCurriculoCv.do?cod_rh=0001640061,"GrupLAC, censo de integrantes, consultado 2026-09-25; vinculación: 2022/1 - Actual",1
I-0001406925,EDMUNDO PUCHE HINOJOSA,0001406925,,,,https://scienti.minciencias.gov.co/cvlac/visualizador/generarCurriculoCv.do?cod_rh=0001406925,"GrupLAC, censo de integrantes, consultado 2026-09-25; vinculación: 2022/2 - 2024/12",1
I-0000102869,MARIO ANTONIO RODRIGUEZ CORONADO,0000102869,,,,https://scienti.minciencias.gov.co/cvlac/visualizador/generarCurriculoCv.do?cod_rh=0000102869,"GrupLAC, censo de integrantes, consultado 2026-09-25; vinculación: 2023/1 - Actual",1
I-0000105933,MIRLETH MATILDE HERNANDEZ COBO,0000105933,,,,https://scienti.minciencias.gov.co/cvlac/visualizador/generarCurriculoCv.do?cod_rh=0000105933,"GrupLAC, censo de integrantes, consultado 2026-09-25; vinculación: 2024/5 - Actual",1
I-0001525409,Jean Carlos Ospino Jimenez,0001525409,,,,https://scienti.minciencias.gov.co/cvlac/visualizador/generarCurriculoCv.do?cod_rh=0001525409,"GrupLAC, censo de integrantes, consultado 2026-09-25; vinculación: 2019/1 - Actual",1
I-0000808040,Laura Esther Rojas Martinez,0000808040,,,,https://scienti.minciencias.gov.co/cvlac/visualizador/generarCurriculoCv.do?cod_rh=0000808040,"GrupLAC, censo de integrantes, consultado 2026-09-25; vinculación: 2014/1 - Actual",1
I-0001434713,Alex Abib Troya TOLOZA,0001434713,,,,https://scienti.minciencias.gov.co/cvlac/visualizador/generarCurriculoCv.do?cod_rh=0001434713,"GrupLAC, censo de integrantes, consultado 2026-09-25; vinculación: 2017/1 - Actual",1
I-0001064371,Alvaro Alexander zequeira cuervo,0001064371,,,,https://scienti.minciencias.gov.co/cvlac/visualizador/generarCurriculoCv.do?cod_rh=0001064371,"GrupLAC, censo de integrantes, consultado 2026-09-25; vinculación: 2014/1 - Actual",1
I-0001604317,ANDRES ALFONSO figueroa RAMIREZ,0001604317,,,,https://scienti.minciencias.gov.co/cvlac/visualizador/generarCurriculoCv.do?cod_rh=0001604317,"GrupLAC, censo de integrantes, consultado 2026-09-25; vinculación: 2016/1 - 2017/2",1
I-0000173405,Carmen Elena Amaya Pabon,0000173405,,,,https://scienti.minciencias.gov.co/cvlac/visualizador/generarCurriculoCv.do?cod_rh=0000173405,"GrupLAC, censo de integrantes, consultado 2026-09-25; vinculación: 2024/1 - 2024/5",1
I-0000121861,Denis Karina Brieva Bohórquez,0000121861,,,,https://scienti.minciencias.gov.co/cvlac/visualizador/generarCurriculoCv.do?cod_rh=0000121861,"GrupLAC, censo de integrantes, consultado 2026-09-25; vinculación: 2025/6 - Actual",1
I-0001842422,Diana Marcela Chala Rosado,0001842422,,,,https://scienti.minciencias.gov.co/cvlac/visualizador/generarCurriculoCv.do?cod_rh=0001842422,"GrupLAC, censo de integrantes, consultado 2026-09-25; vinculación: 2021/2 - Actual",1
I-0000058583,Isaac Manuel Fernandez Gutierrez,0000058583,,,,https://scienti.minciencias.gov.co/cvlac/visualizador/generarCurriculoCv.do?cod_rh=0000058583,"GrupLAC, censo de integrantes, consultado 2026-09-25; vinculación: 2024/2 - Actual",1
I-0000558702,Ivonne Patricia ACOSTA NIEVES,0000558702,,,,https://scienti.minciencias.gov.co/cvlac/visualizador/generarCurriculoCv.do?cod_rh=0000558702,"GrupLAC, censo de integrantes, consultado 2026-09-25; vinculación: 2016/1 - Actual",1
I-0000855421,Javier Alexander Gómez Gómez,0000855421,,Investigador Junior (IJ),,https://scienti.minciencias.gov.co/cvlac/visualizador/generarCurriculoCv.do?cod_rh=0000855421,"GrupLAC, censo de integrantes, consultado 2026-09-25; vinculación: 2022/1 - Actual",1
I-0001672175,Jesús David Bermúdez Polo,0001672175,,,,https://scienti.minciencias.gov.co/cvlac/visualizador/generarCurriculoCv.do?cod_rh=0001672175,"GrupLAC, censo de integrantes, consultado 2026-09-25; vinculación: 2023/2 - Actual",1
I-0001732742,Katiana Oñate Rojas,0001732742,,,,https://scienti.minciencias.gov.co/cvlac/visualizador/generarCurriculoCv.do?cod_rh=0001732742,"GrupLAC, censo de integrantes, consultado 2026-09-25; vinculación: 2023/12 - 2024/5",1
I-0001421397,LUIS ALFONSO GUERRERO MAYORGA,0001421397,,,,https://scienti.minciencias.gov.co/cvlac/visualizador/generarCurriculoCv.do?cod_rh=0001421397,"GrupLAC, censo de integrantes, consultado 2026-09-25; vinculación: 2022/9 - Actual",1
I-0000578070,María Trinidad Montero Oñate,0000578070,,,,https://scienti.minciencias.gov.co/cvlac/visualizador/generarCurriculoCv.do?cod_rh=0000578070,"GrupLAC, censo de integrantes, consultado 2026-09-25; vinculación: 2014/1 - Actual",1
I-0000421430,Miryan David Rodriguez,0000421430,,,,https://scienti.minciencias.gov.co/cvlac/visualizador/generarCurriculoCv.do?cod_rh=0000421430,"GrupLAC, censo de integrantes, consultado 2026-09-25; vinculación: 2014/1 - 2022/6",1
I-0000990167,Nicolas martinez garcia,0000990167,,,,https://scienti.minciencias.gov.co/cvlac/visualizador/generarCurriculoCv.do?cod_rh=0000990167,"GrupLAC, censo de integrantes, consultado 2026-09-25; vinculación: 2015/1 - Actual",1
I-0000442550,Raúl Alfredo Parra Castillo,0000442550,,,,https://scienti.minciencias.gov.co/cvlac/visualizador/generarCurriculoCv.do?cod_rh=0000442550,"GrupLAC, censo de integrantes, consultado 2026-09-25; vinculación: 2014/1 - 2019/12",1
I-0001599464,Rolando Hernández Lazo,0001599464,,,,https://scienti.minciencias.gov.co/cvlac/visualizador/generarCurriculoCv.do?cod_rh=0001599464,"GrupLAC, censo de integrantes, consultado 2026-09-25; vinculación: 2015/1 - 2016/2",1
I-0000152899,SILVANA LUZ CAMPO URBAEZ,0000152899,,,,https://scienti.minciencias.gov.co/cvlac/visualizador/generarCurriculoCv.do?cod_rh=0000152899,"GrupLAC, censo de integrantes, consultado 2026-09-25; vinculación: 2023/1 - Actual",1
I-0000058145,Tatiana carolina Fragozo Gutierrez,0000058145,,,,https://scienti.minciencias.gov.co/cvlac/visualizador/generarCurriculoCv.do?cod_rh=0000058145,"GrupLAC, censo de integrantes, consultado 2026-09-25; vinculación: 2022/1 - Actual",1
I-0001448442,YAIR CAFIEL CUELLO,0001448442,,,,https://scienti.minciencias.gov.co/cvlac/visualizador/generarCurriculoCv.do?cod_rh=0001448442,"GrupLAC, censo de integrantes, consultado 2026-09-25; vinculación: 2014/1 - Actual",1
I-0001399005,JIMMY HENRY LOPEZ LOPEZ,0001399005,,Investigador Junior (IJ),,https://scienti.minciencias.gov.co/cvlac/visualizador/generarCurriculoCv.do?cod_rh=0001399005,"GrupLAC, censo de integrantes, consultado 2026-09-25; vinculación: 2014/1 - Actual",1
I-0001042912,FABIAN TORRES NIEVES,0001042912,,,,https://scienti.minciencias.gov.co/cvlac/visualizador/generarCurriculoCv.do?cod_rh=0001042912,"GrupLAC, censo de integrantes, consultado 2026-09-25; vinculación: 2014/1 - Actual",1
I-0002078053,ADRIANA MARIA ALARCON ALVAREZ,0002078053,,,,https://scienti.minciencias.gov.co/cvlac/visualizador/generarCurriculoCv.do?cod_rh=0002078053,"GrupLAC, censo de integrantes, consultado 2026-09-25; vinculación: 2022/1 - Actual",1
I-0002119019,Aixa Enic Baleta Palomino,0002119019,,,,https://scienti.minciencias.gov.co/cvlac/visualizador/generarCurriculoCv.do?cod_rh=0002119019,"GrupLAC, censo de integrantes, consultado 2026-09-25; vinculación: 2023/1 - Actual",1
I-0000153853,alfredo jaime lafaurie valdes,0000153853,,,,https://scienti.minciencias.gov.co/cvlac/visualizador/generarCurriculoCv.do?cod_rh=0000153853,"GrupLAC, censo de integrantes, consultado 2026-09-25; vinculación: 2016/1 - 2017/1",1
I-0001450782,ANA OSIRIS GOMEZ CAMPUZANO,0001450782,,,,https://scienti.minciencias.gov.co/cvlac/visualizador/generarCurriculoCv.do?cod_rh=0001450782,"GrupLAC, censo de integrantes, consultado 2026-09-25; vinculación: 2019/1 - 2019/12",1
I-0002082803,ANGELICA PATRICIA GAMEZ QUINTERO,0002082803,,,,https://scienti.minciencias.gov.co/cvlac/visualizador/generarCurriculoCv.do?cod_rh=0002082803,"GrupLAC, censo de integrantes, consultado 2026-09-25; vinculación: 2021/1 - Actual",1
I-0000145013,camilo jose alvarez romero,0000145013,,,,https://scienti.minciencias.gov.co/cvlac/visualizador/generarCurriculoCv.do?cod_rh=0000145013,"GrupLAC, censo de integrantes, consultado 2026-09-25; vinculación: 2023/1 - 2023/2",1
I-0001123262,Carlos Enrique NARVAEZ MORALES,0001123262,,,,https://scienti.minciencias.gov.co/cvlac/visualizador/generarCurriculoCv.do?cod_rh=0001123262,"GrupLAC, censo de integrantes, consultado 2026-09-25; vinculación: 2022/1 - 2022/6",1
I-0000947393,Claudia Patricia Tovar Gonzalez,0000947393,,,,https://scienti.minciencias.gov.co/cvlac/visualizador/generarCurriculoCv.do?cod_rh=0000947393,"GrupLAC, censo de integrantes, consultado 2026-09-25; vinculación: 2016/4 - Actual",1
I-0001399998,CLAUDIA TERESA BARON CASTILLO,0001399998,,,,https://scienti.minciencias.gov.co/cvlac/visualizador/generarCurriculoCv.do?cod_rh=0001399998,"GrupLAC, censo de integrantes, consultado 2026-09-25; vinculación: 2014/1 - Actual",1
I-0001629899,consuelo estela villamil meza,0001629899,,,,https://scienti.minciencias.gov.co/cvlac/visualizador/generarCurriculoCv.do?cod_rh=0001629899,"GrupLAC, censo de integrantes, consultado 2026-09-25; vinculación: 2018/1 - Actual",1
I-0001652593,Consuelo Santos Contreras,0001652593,,,,https://scienti.minciencias.gov.co/cvlac/visualizador/generarCurriculoCv.do?cod_rh=0001652593,"GrupLAC, censo de integrantes, consultado 2026-09-25; vinculación: 2018/1 - 2018/2",1
I-0000997811,Dairys Maria Redondo Marin,0000997811,,,,https://scienti.minciencias.gov.co/cvlac/visualizador/generarCurriculoCv.do?cod_rh=0000997811,"GrupLAC, censo de integrantes, consultado 2026-09-25; vinculación: 2014/1 - Actual",1
I-0001399154,Deyanira Santos Suárez,0001399154,,,,https://scienti.minciencias.gov.co/cvlac/visualizador/generarCurriculoCv.do?cod_rh=0001399154,"GrupLAC, censo de integrantes, consultado 2026-09-25; vinculación: 2014/1 - Actual",1
I-0000017857,EDER DE JESUS NORIEGA TORRES,0000017857,,,,https://scienti.minciencias.gov.co/cvlac/visualizador/generarCurriculoCv.do?cod_rh=0000017857,"GrupLAC, censo de integrantes, consultado 2026-09-25; vinculación: 2018/1 - 2018/2",1
I-0000186938,EDILBERTO JOSE CORDOBA MARTINEZ,0000186938,,,,https://scienti.minciencias.gov.co/cvlac/visualizador/generarCurriculoCv.do?cod_rh=0000186938,"GrupLAC, censo de integrantes, consultado 2026-09-25; vinculación: 2022/1 - Actual",1
I-0000176356,EDUARDO LUIS CANALES PACHECO,0000176356,,,,https://scienti.minciencias.gov.co/cvlac/visualizador/generarCurriculoCv.do?cod_rh=0000176356,"GrupLAC, censo de integrantes, consultado 2026-09-25; vinculación: 2016/1 - 2016/12",1
I-0001534611,EDWARD FABIAN MENDOZA USTARIZ,0001534611,,,,https://scienti.minciencias.gov.co/cvlac/visualizador/generarCurriculoCv.do?cod_rh=0001534611,"GrupLAC, censo de integrantes, consultado 2026-09-25; vinculación: 2014/1 - Actual",1
I-0001390017,Ernet Guillermo Maestre Orozco,0001390017,,,,https://scienti.minciencias.gov.co/cvlac/visualizador/generarCurriculoCv.do?cod_rh=0001390017,"GrupLAC, censo de integrantes, consultado 2026-09-25; vinculación: 2023/1 - Actual",1
I-0000038213,EVARISTO JOSE ARIZA SUAREZ,0000038213,,,,https://scienti.minciencias.gov.co/cvlac/visualizador/generarCurriculoCv.do?cod_rh=0000038213,"GrupLAC, censo de integrantes, consultado 2026-09-25; vinculación: 2020/1 - 2020/7",1
I-0001065971,EVERTO JOSE VILLAZON CORTES,0001065971,,Investigador Junior (IJ),,https://scienti.minciencias.gov.co/cvlac/visualizador/generarCurriculoCv.do?cod_rh=0001065971,"GrupLAC, censo de integrantes, consultado 2026-09-25; vinculación: 2018/1 - Actual",1
I-0001390018,Gilberto José Cujia Romero,0001390018,,,,https://scienti.minciencias.gov.co/cvlac/visualizador/generarCurriculoCv.do?cod_rh=0001390018,"GrupLAC, censo de integrantes, consultado 2026-09-25; vinculación: 2023/1 - Actual",1
I-0001034391,Grace Ceneth Ferrer Amaya,0001034391,,,,https://scienti.minciencias.gov.co/cvlac/visualizador/generarCurriculoCv.do?cod_rh=0001034391,"GrupLAC, censo de integrantes, consultado 2026-09-25; vinculación: 2014/1 - 2014/12",1
I-0000137607,Helmer Javier Muegues Rincon,0000137607,,,,https://scienti.minciencias.gov.co/cvlac/visualizador/generarCurriculoCv.do?cod_rh=0000137607,"GrupLAC, censo de integrantes, consultado 2026-09-25; vinculación: 2021/1 - Actual",1
I-0001651503,HUMBERTO JAIME RESTREPO GUERRA,0001651503,,,,https://scienti.minciencias.gov.co/cvlac/visualizador/generarCurriculoCv.do?cod_rh=0001651503,"GrupLAC, censo de integrantes, consultado 2026-09-25; vinculación: 2022/1 - 2022/5",1
I-0002358979,jaime luis oñate zequeira,0002358979,,,,https://scienti.minciencias.gov.co/cvlac/visualizador/generarCurriculoCv.do?cod_rh=0002358979,"GrupLAC, censo de integrantes, consultado 2026-09-25; vinculación: 2023/1 - Actual",1
I-0000055759,JASMIN ISABEL RODRIGUEZ MOLINA,0000055759,,,,https://scienti.minciencias.gov.co/cvlac/visualizador/generarCurriculoCv.do?cod_rh=0000055759,"GrupLAC, censo de integrantes, consultado 2026-09-25; vinculación: 2014/1 - 2015/1",1
I-0001031279,Jesus ARAUJO AMAYA,0001031279,,,,https://scienti.minciencias.gov.co/cvlac/visualizador/generarCurriculoCv.do?cod_rh=0001031279,"GrupLAC, censo de integrantes, consultado 2026-09-25; vinculación: 2016/1 - Actual",1
I-0001510393,JOHANA ANCHERLY NARVAEZ TUIRAN,0001510393,,,,https://scienti.minciencias.gov.co/cvlac/visualizador/generarCurriculoCv.do?cod_rh=0001510393,"GrupLAC, censo de integrantes, consultado 2026-09-25; vinculación: 2016/1 - 2017/12",1
I-0000184191,Jorge Armando Maiguel Arvilla,0000184191,,,,https://scienti.minciencias.gov.co/cvlac/visualizador/generarCurriculoCv.do?cod_rh=0000184191,"GrupLAC, censo de integrantes, consultado 2026-09-25; vinculación: 2017/1 - 2017/12",1
I-0000611824,Jose Alfonso anaya olivella,0000611824,,,,https://scienti.minciencias.gov.co/cvlac/visualizador/generarCurriculoCv.do?cod_rh=0000611824,"GrupLAC, censo de integrantes, consultado 2026-09-25; vinculación: 2014/1 - Actual",1
I-0000799661,Karina ARZUAGA ARAUJO,0000799661,,,,https://scienti.minciencias.gov.co/cvlac/visualizador/generarCurriculoCv.do?cod_rh=0000799661,"GrupLAC, censo de integrantes, consultado 2026-09-25; vinculación: 2014/1 - Actual",1
I-0000590711,Karina Margarita GONZALEZ NAVARRO,0000590711,,,,https://scienti.minciencias.gov.co/cvlac/visualizador/generarCurriculoCv.do?cod_rh=0000590711,"GrupLAC, censo de integrantes, consultado 2026-09-25; vinculación: 2022/1 - Actual",1
I-0001954418,Katry Martínez Boneth,0001954418,,,,https://scienti.minciencias.gov.co/cvlac/visualizador/generarCurriculoCv.do?cod_rh=0001954418,"GrupLAC, censo de integrantes, consultado 2026-09-25; vinculación: 2023/1 - Actual",1
I-0000049535,KELLYS DEL CARMEN JIMENEZ JIMENEZ,0000049535,,,,https://scienti.minciencias.gov.co/cvlac/visualizador/generarCurriculoCv.do?cod_rh=0000049535,"GrupLAC, censo de integrantes, consultado 2026-09-25; vinculación: 2024/1 - Actual",1
I-0000693413,Leiden Liseth Márquez Rodriguez,0000693413,,,,https://scienti.minciencias.gov.co/cvlac/visualizador/generarCurriculoCv.do?cod_rh=0000693413,"GrupLAC, censo de integrantes, consultado 2026-09-25; vinculación: 2016/1 - 2017/12",1
I-0000296015,Libia Maria Perez Castro,0000296015,,,,https://scienti.minciencias.gov.co/cvlac/visualizador/generarCurriculoCv.do?cod_rh=0000296015,"GrupLAC, censo de integrantes, consultado 2026-09-25; vinculación: 2014/1 - 2017/12",1
I-0001860269,Ligia Maria Monterroza Contreras,0001860269,,,,https://scienti.minciencias.gov.co/cvlac/visualizador/generarCurriculoCv.do?cod_rh=0001860269,"GrupLAC, censo de integrantes, consultado 2026-09-25; vinculación: 2021/1 - Actual",1
I-0001595171,LUIS ALBERTO TABORDA CATALAN,0001595171,,,,https://scienti.minciencias.gov.co/cvlac/visualizador/generarCurriculoCv.do?cod_rh=0001595171,"GrupLAC, censo de integrantes, consultado 2026-09-25; vinculación: 2017/1 - Actual",1
I-0001516099,LUZ KARINE JIMENEZ RUIZ,0001516099,,Investigador Senior (IS),,https://scienti.minciencias.gov.co/cvlac/visualizador/generarCurriculoCv.do?cod_rh=0001516099,"GrupLAC, censo de integrantes, consultado 2026-09-25; vinculación: 2019/1 - Actual",1
I-0001485541,LUZ KARINE PEINADO MEJIA,0001485541,,,,https://scienti.minciencias.gov.co/cvlac/visualizador/generarCurriculoCv.do?cod_rh=0001485541,"GrupLAC, censo de integrantes, consultado 2026-09-25; vinculación: 2015/1 - Actual",1
I-0000153848,LUZ MARY SIERRA HERRERA,0000153848,,,,https://scienti.minciencias.gov.co/cvlac/visualizador/generarCurriculoCv.do?cod_rh=0000153848,"GrupLAC, censo de integrantes, consultado 2026-09-25; vinculación: 2016/1 - 2017/12",1
I-0000446726,Manuela Cecilia Castro Pacheco,0000446726,,Investigador Junior (IJ),,https://scienti.minciencias.gov.co/cvlac/visualizador/generarCurriculoCv.do?cod_rh=0000446726,"GrupLAC, censo de integrantes, consultado 2026-09-25; vinculación: 2014/1 - Actual",1
I-0001399011,MARBEL LUZ MARTINEZ RODRIGUEZ,0001399011,,,,https://scienti.minciencias.gov.co/cvlac/visualizador/generarCurriculoCv.do?cod_rh=0001399011,"GrupLAC, censo de integrantes, consultado 2026-09-25; vinculación: 2021/1 - 2021/12",1
I-0001733208,MARIA ISABEL TELLEZ LUNA,0001733208,,,,https://scienti.minciencias.gov.co/cvlac/visualizador/generarCurriculoCv.do?cod_rh=0001733208,"GrupLAC, censo de integrantes, consultado 2026-09-25; vinculación: 2023/1 - Actual",1
I-0001272080,María Lourdes VARGAS ZAPATA,0001272080,,,,https://scienti.minciencias.gov.co/cvlac/visualizador/generarCurriculoCv.do?cod_rh=0001272080,"GrupLAC, censo de integrantes, consultado 2026-09-25; vinculación: 2021/1 - 2021/2",1
I-0000340448,Maria Margarita TIRADO VIDES,0000340448,,Investigador Asociado (I),,https://scienti.minciencias.gov.co/cvlac/visualizador/generarCurriculoCv.do?cod_rh=0000340448,"GrupLAC, censo de integrantes, consultado 2026-09-25; vinculación: 2019/1 - Actual",1
I-0001734145,MARIA MARTHA DAZA MEJIA,0001734145,,,,https://scienti.minciencias.gov.co/cvlac/visualizador/generarCurriculoCv.do?cod_rh=0001734145,"GrupLAC, censo de integrantes, consultado 2026-09-25; vinculación: 2024/1 - Actual",1
I-0002055392,MARIELA VILLARREAL GUTIERREZ,0002055392,,,,https://scienti.minciencias.gov.co/cvlac/visualizador/generarCurriculoCv.do?cod_rh=0002055392,"GrupLAC, censo de integrantes, consultado 2026-09-25; vinculación: 2020/1 - 2020/10",1
I-0001445599,Maryuri Claudeth Restrepo Acevedo,0001445599,,,,https://scienti.minciencias.gov.co/cvlac/visualizador/generarCurriculoCv.do?cod_rh=0001445599,"GrupLAC, censo de integrantes, consultado 2026-09-25; vinculación: 2021/1 - Actual",1
I-0001602783,Miguel Antonio Manotas Poveda,0001602783,,,,https://scienti.minciencias.gov.co/cvlac/visualizador/generarCurriculoCv.do?cod_rh=0001602783,"GrupLAC, censo de integrantes, consultado 2026-09-25; vinculación: 2015/1 - Actual",1
I-0000651869,Miguel BANDERA HERNANDEZ,0000651869,,,,https://scienti.minciencias.gov.co/cvlac/visualizador/generarCurriculoCv.do?cod_rh=0000651869,"GrupLAC, censo de integrantes, consultado 2026-09-25; vinculación: 2014/1 - 2017/12",1
I-0001553351,MILADYS PAOLA REDONDO MARIN,0001553351,,Investigador Asociado (I),,https://scienti.minciencias.gov.co/cvlac/visualizador/generarCurriculoCv.do?cod_rh=0001553351,"GrupLAC, censo de integrantes, consultado 2026-09-25; vinculación: 2022/1 - Actual",1
I-0000427616,Mónica Yolanda Moreno Contreras,0000427616,,,,https://scienti.minciencias.gov.co/cvlac/visualizador/generarCurriculoCv.do?cod_rh=0000427616,"GrupLAC, censo de integrantes, consultado 2026-09-25; vinculación: 2017/1 - 2017/12",1
I-0001661728,NANCY PATRICIA GUTIERREZ GUTIERREZ,0001661728,,,,https://scienti.minciencias.gov.co/cvlac/visualizador/generarCurriculoCv.do?cod_rh=0001661728,"GrupLAC, censo de integrantes, consultado 2026-09-25; vinculación: 2020/1 - Actual",1
I-0000052949,Nayarith Paola Brochero Gámez,0000052949,,,,https://scienti.minciencias.gov.co/cvlac/visualizador/generarCurriculoCv.do?cod_rh=0000052949,"GrupLAC, censo de integrantes, consultado 2026-09-25; vinculación: 2018/1 - Actual",1
I-0000176442,ORLANDO ENRIQUE PARRA VILLADIEGO,0000176442,,,,https://scienti.minciencias.gov.co/cvlac/visualizador/generarCurriculoCv.do?cod_rh=0000176442,"GrupLAC, censo de integrantes, consultado 2026-09-25; vinculación: 2017/1 - 2017/12",1
I-0000176652,ORLANDO VACA BARRANCO,0000176652,,,,https://scienti.minciencias.gov.co/cvlac/visualizador/generarCurriculoCv.do?cod_rh=0000176652,"GrupLAC, censo de integrantes, consultado 2026-09-25; vinculación: 2023/1 - Actual",1
I-0000010425,Oscar David Sierra Guzmán,0000010425,,,,https://scienti.minciencias.gov.co/cvlac/visualizador/generarCurriculoCv.do?cod_rh=0000010425,"GrupLAC, censo de integrantes, consultado 2026-09-25; vinculación: 2023/1 - Actual",1
I-0000376701,Renè Alberto Garcia Mendoza,0000376701,,Investigador Junior (IJ),,https://scienti.minciencias.gov.co/cvlac/visualizador/generarCurriculoCv.do?cod_rh=0000376701,"GrupLAC, censo de integrantes, consultado 2026-09-25; vinculación: 2018/1 - Actual",1
I-0001591346,ROBERTO LUIS MELÉNDEZ MURGAS,0001591346,,,,https://scienti.minciencias.gov.co/cvlac/visualizador/generarCurriculoCv.do?cod_rh=0001591346,"GrupLAC, censo de integrantes, consultado 2026-09-25; vinculación: 2018/1 - Actual",1
I-0001546045,ROSA ELENA MARTINEZ TRIGO,0001546045,,,,https://scienti.minciencias.gov.co/cvlac/visualizador/generarCurriculoCv.do?cod_rh=0001546045,"GrupLAC, censo de integrantes, consultado 2026-09-25; vinculación: 2023/1 - Actual",1
I-0001445792,SAUL ENRIQUE RESTREPO VASQUEZ,0001445792,,,,https://scienti.minciencias.gov.co/cvlac/visualizador/generarCurriculoCv.do?cod_rh=0001445792,"GrupLAC, censo de integrantes, consultado 2026-09-25; vinculación: 2014/1 - Actual",1
I-0001737508,Wanda Toloza Dàz,0001737508,,,,https://scienti.minciencias.gov.co/cvlac/visualizador/generarCurriculoCv.do?cod_rh=0001737508,"GrupLAC, censo de integrantes, consultado 2026-09-25; vinculación: 2018/1 - 2018/1",1
I-0001661015,WENDY JOHANA DE LA HOZ CANTILLO,0001661015,,,,https://scienti.minciencias.gov.co/cvlac/visualizador/generarCurriculoCv.do?cod_rh=0001661015,"GrupLAC, censo de integrantes, consultado 2026-09-25; vinculación: 2021/1 - 2021/5",1
I-0001468297,Wilmer Galindo Ospino,0001468297,,,,https://scienti.minciencias.gov.co/cvlac/visualizador/generarCurriculoCv.do?cod_rh=0001468297,"GrupLAC, censo de integrantes, consultado 2026-09-25; vinculación: 2022/1 - Actual",1
I-0001566969,Yedelma del Pilar Yaguna Arrieta,0001566969,,,,https://scienti.minciencias.gov.co/cvlac/visualizador/generarCurriculoCv.do?cod_rh=0001566969,"GrupLAC, censo de integrantes, consultado 2026-09-25; vinculación: 2022/1 - Actual",1
I-0002227639,YEIMIS PAOLA VITOLA RICO,0002227639,,,,https://scienti.minciencias.gov.co/cvlac/visualizador/generarCurriculoCv.do?cod_rh=0002227639,"GrupLAC, censo de integrantes, consultado 2026-09-25; vinculación: 2026/8 - Actual",1
I-0001516854,YEINER JESUS FELIZZOLA LOPEZ,0001516854,,,,https://scienti.minciencias.gov.co/cvlac/visualizador/generarCurriculoCv.do?cod_rh=0001516854,"GrupLAC, censo de integrantes, consultado 2026-09-25; vinculación: 2022/1 - 2022/2",1
I-0001661582,yeisis tatiana zuleta diaz,0001661582,,,,https://scienti.minciencias.gov.co/cvlac/visualizador/generarCurriculoCv.do?cod_rh=0001661582,"GrupLAC, censo de integrantes, consultado 2026-09-25; vinculación: 2021/1 - 2021/2",1
I-0000105065,YEISON ENRIQUE MAESTRE FONSECA,0000105065,,,,https://scienti.minciencias.gov.co/cvlac/visualizador/generarCurriculoCv.do?cod_rh=0000105065,"GrupLAC, censo de integrantes, consultado 2026-09-25; vinculación: 2023/1 - Actual",1
I-0001447994,yenis karin urbina jimenez,0001447994,,,,https://scienti.minciencias.gov.co/cvlac/visualizador/generarCurriculoCv.do?cod_rh=0001447994,"GrupLAC, censo de integrantes, consultado 2026-09-25; vinculación: 2024/1 - Actual",1
I-0000001208,Yennifer Karina Herrera Varela,0000001208,,,,https://scienti.minciencias.gov.co/cvlac/visualizador/generarCurriculoCv.do?cod_rh=0000001208,"GrupLAC, censo de integrantes, consultado 2026-09-25; vinculación: 2018/1 - 2018/1",1
I-0000062482,Yenny Cristina Solano Velásquez,0000062482,,Investigador Junior (IJ),,https://scienti.minciencias.gov.co/cvlac/visualizador/generarCurriculoCv.do?cod_rh=0000062482,"GrupLAC, censo de integrantes, consultado 2026-09-25; vinculación: 2017/1 - Actual",1
I-0001397629,YENNYS ESTHER ROBLES CUELLO,0001397629,,,,https://scienti.minciencias.gov.co/cvlac/visualizador/generarCurriculoCv.do?cod_rh=0001397629,"GrupLAC, censo de integrantes, consultado 2026-09-25; vinculación: 2018/1 - 2018/4",1
I-0001037714,YERINE DAJIL TURIZO,0001037714,,,,https://scienti.minciencias.gov.co/cvlac/visualizador/generarCurriculoCv.do?cod_rh=0001037714,"GrupLAC, censo de integrantes, consultado 2026-09-25; vinculación: 2015/1 - Actual",1
I-0002282506,Yeris Florez Avendaño,0002282506,,,,https://scienti.minciencias.gov.co/cvlac/visualizador/generarCurriculoCv.do?cod_rh=0002282506,"GrupLAC, censo de integrantes, consultado 2026-09-25; vinculación: 2024/1 - Actual",1
I-0002070637,Yermis Gisel Del Portillo Cataño,0002070637,,,,https://scienti.minciencias.gov.co/cvlac/visualizador/generarCurriculoCv.do?cod_rh=0002070637,"GrupLAC, censo de integrantes, consultado 2026-09-25; vinculación: 2023/1 - Actual",1
I-0001776167,Yovasny Auxiliadora Ospino Sierra,0001776167,,,,https://scienti.minciencias.gov.co/cvlac/visualizador/generarCurriculoCv.do?cod_rh=0001776167,"GrupLAC, censo de integrantes, consultado 2026-09-25; vinculación: 2018/1 - 2018/1",1
I-0001029240,Josefina CUELLO DAZA,0001029240,,,,https://scienti.minciencias.gov.co/cvlac/visualizador/generarCurriculoCv.do?cod_rh=0001029240,"GrupLAC, censo de integrantes, consultado 2026-09-25; vinculación: 2014/1 - Actual",1
I-0001449654,Arlet José Useche Córdoba,0001449654,,,,https://scienti.minciencias.gov.co/cvlac/visualizador/generarCurriculoCv.do?cod_rh=0001449654,"GrupLAC, censo de integrantes, consultado 2026-09-25; vinculación: 2014/1 - Actual",1
I-0000537330,Abel Jose Carreño Montenegro,0000537330,,,,https://scienti.minciencias.gov.co/cvlac/visualizador/generarCurriculoCv.do?cod_rh=0000537330,"GrupLAC, censo de integrantes, consultado 2026-09-25; vinculación: 2014/1 - Actual",1
I-0001057960,Ada ALMENARES CAMPO,0001057960,,,,https://scienti.minciencias.gov.co/cvlac/visualizador/generarCurriculoCv.do?cod_rh=0001057960,"GrupLAC, censo de integrantes, consultado 2026-09-25; vinculación: 2014/1 - 2018/12",1
I-0001625361,Ana Rosa Rodriguez De la Rosa,0001625361,,,,https://scienti.minciencias.gov.co/cvlac/visualizador/generarCurriculoCv.do?cod_rh=0001625361,"GrupLAC, censo de integrantes, consultado 2026-09-25; vinculación: 2015/1 - 2018/6",1
I-0002237411,Andres Felipe Posada Campo,0002237411,,,,https://scienti.minciencias.gov.co/cvlac/visualizador/generarCurriculoCv.do?cod_rh=0002237411,"GrupLAC, censo de integrantes, consultado 2026-09-25; vinculación: 2024/2 - Actual",1
I-0002131982,Anyely Pava Moreno,0002131982,,,,https://scienti.minciencias.gov.co/cvlac/visualizador/generarCurriculoCv.do?cod_rh=0002131982,"GrupLAC, censo de integrantes, consultado 2026-09-25; vinculación: 2023/2 - Actual",1
I-0001379890,ARIEL BANDERAS MANCERA,0001379890,,,,https://scienti.minciencias.gov.co/cvlac/visualizador/generarCurriculoCv.do?cod_rh=0001379890,"GrupLAC, censo de integrantes, consultado 2026-09-25; vinculación: 2019/6 - 2021/11",1
I-0000557200,Carlos Alberto Lengua Ramos,0000557200,,,,https://scienti.minciencias.gov.co/cvlac/visualizador/generarCurriculoCv.do?cod_rh=0000557200,"GrupLAC, censo de integrantes, consultado 2026-09-25; vinculación: 2014/1 - 2020/11",1
I-0001986294,Dailyng Karina Boom Cárcamo,0001986294,,,,https://scienti.minciencias.gov.co/cvlac/visualizador/generarCurriculoCv.do?cod_rh=0001986294,"GrupLAC, censo de integrantes, consultado 2026-09-25; vinculación: 2022/3 - Actual",1
I-0001620995,daniela marcela quiroz perez,0001620995,,,,https://scienti.minciencias.gov.co/cvlac/visualizador/generarCurriculoCv.do?cod_rh=0001620995,"GrupLAC, censo de integrantes, consultado 2026-09-25; vinculación: 2015/1 - 2018/6",1
I-0001506786,dario ramirez farfan,0001506786,,,,https://scienti.minciencias.gov.co/cvlac/visualizador/generarCurriculoCv.do?cod_rh=0001506786,"GrupLAC, censo de integrantes, consultado 2026-09-25; vinculación: 2014/1 - 2018/11",1
I-0000022783,Darlevis Gamez Quiroz,0000022783,,,,https://scienti.minciencias.gov.co/cvlac/visualizador/generarCurriculoCv.do?cod_rh=0000022783,"GrupLAC, censo de integrantes, consultado 2026-09-25; vinculación: 2014/1 - 2015/12",1
I-0000152528,Edgar Rey Sinning,0000152528,,Investigador Emérito (IE),,https://scienti.minciencias.gov.co/cvlac/visualizador/generarCurriculoCv.do?cod_rh=0000152528,"GrupLAC, censo de integrantes, consultado 2026-09-25; vinculación: 2014/1 - Actual",1
I-0000028620,EDUARDO ROJAS HERNANDEZ,0000028620,,,,https://scienti.minciencias.gov.co/cvlac/visualizador/generarCurriculoCv.do?cod_rh=0000028620,"GrupLAC, censo de integrantes, consultado 2026-09-25; vinculación: 2022/2 - Actual",1
I-0000045084,EDWIN THOMAS QUIROZ CLAVIJO,0000045084,,,,https://scienti.minciencias.gov.co/cvlac/visualizador/generarCurriculoCv.do?cod_rh=0000045084,"GrupLAC, censo de integrantes, consultado 2026-09-25; vinculación: 2015/1 - 2015/11",1
I-0002022040,Eliana Carolina Cordoba Pestana,0002022040,,,,https://scienti.minciencias.gov.co/cvlac/visualizador/generarCurriculoCv.do?cod_rh=0002022040,"GrupLAC, censo de integrantes, consultado 2026-09-25; vinculación: 2023/2 - Actual",1
I-0001238434,Elvert Zuleta Suarez,0001238434,,,,https://scienti.minciencias.gov.co/cvlac/visualizador/generarCurriculoCv.do?cod_rh=0001238434,"GrupLAC, censo de integrantes, consultado 2026-09-25; vinculación: 2024/2 - Actual",1
I-0002022019,fatima maria baquero aponte,0002022019,,,,https://scienti.minciencias.gov.co/cvlac/visualizador/generarCurriculoCv.do?cod_rh=0002022019,"GrupLAC, censo de integrantes, consultado 2026-09-25; vinculación: 2023/2 - Actual",1
I-0001628886,FELIPE ANDRES PINTO MAESTRE,0001628886,,,,https://scienti.minciencias.gov.co/cvlac/visualizador/generarCurriculoCv.do?cod_rh=0001628886,"GrupLAC, censo de integrantes, consultado 2026-09-25; vinculación: 2015/2 - 2018/10",1
I-0000033325,ibbama cristina aroca rodriguez,0000033325,,,,https://scienti.minciencias.gov.co/cvlac/visualizador/generarCurriculoCv.do?cod_rh=0000033325,"GrupLAC, censo de integrantes, consultado 2026-09-25; vinculación: 2015/1 - 2018/6",1
I-0000055810,JESÚS ALBERTO URUETA QUINTERO,0000055810,,,,https://scienti.minciencias.gov.co/cvlac/visualizador/generarCurriculoCv.do?cod_rh=0000055810,"GrupLAC, censo de integrantes, consultado 2026-09-25; vinculación: 2017/2 - 2018/10",1
I-0000027821,Juan Pablo Beleño Jaimes,0000027821,,,,https://scienti.minciencias.gov.co/cvlac/visualizador/generarCurriculoCv.do?cod_rh=0000027821,"GrupLAC, censo de integrantes, consultado 2026-09-25; vinculación: 2015/1 - 2018/6",1
I-0000168800,Juana Victoria Yepes Herrera,0000168800,,,,https://scienti.minciencias.gov.co/cvlac/visualizador/generarCurriculoCv.do?cod_rh=0000168800,"GrupLAC, censo de integrantes, consultado 2026-09-25; vinculación: 2020/8 - 2023/6",1
I-0001568070,July Tatiana Peña Suescún,0001568070,,,,https://scienti.minciencias.gov.co/cvlac/visualizador/generarCurriculoCv.do?cod_rh=0001568070,"GrupLAC, censo de integrantes, consultado 2026-09-25; vinculación: 2014/1 - 2015/12",1
I-0002062205,Laura Daniela Morales Miranda,0002062205,,,,https://scienti.minciencias.gov.co/cvlac/visualizador/generarCurriculoCv.do?cod_rh=0002062205,"GrupLAC, censo de integrantes, consultado 2026-09-25; vinculación: 2023/2 - Actual",1
I-0000033317,laura vanessa gutierrez bolaño,0000033317,,,,https://scienti.minciencias.gov.co/cvlac/visualizador/generarCurriculoCv.do?cod_rh=0000033317,"GrupLAC, censo de integrantes, consultado 2026-09-25; vinculación: 2015/1 - 2017/12",1
I-0001529993,Loraine Alvarado Beltran,0001529993,,,,https://scienti.minciencias.gov.co/cvlac/visualizador/generarCurriculoCv.do?cod_rh=0001529993,"GrupLAC, censo de integrantes, consultado 2026-09-25; vinculación: 2015/1 - 2017/3",1
I-0000181685,Luis Enrique Ortega Sanchez,0000181685,,,,https://scienti.minciencias.gov.co/cvlac/visualizador/generarCurriculoCv.do?cod_rh=0000181685,"GrupLAC, censo de integrantes, consultado 2026-09-25; vinculación: 2017/1 - 2018/6",1
I-0001710401,Luis Felipe Lagos Bello,0001710401,,,,https://scienti.minciencias.gov.co/cvlac/visualizador/generarCurriculoCv.do?cod_rh=0001710401,"GrupLAC, censo de integrantes, consultado 2026-09-25; vinculación: 2024/1 - Actual",1
I-0000648302,LUIS GUILLERMO FERNÁNDEZ MONSALVO,0000648302,,,,https://scienti.minciencias.gov.co/cvlac/visualizador/generarCurriculoCv.do?cod_rh=0000648302,"GrupLAC, censo de integrantes, consultado 2026-09-25; vinculación: 2016/11 - Actual",1
I-0000938262,Maelis Herrera Perez,0000938262,,,,https://scienti.minciencias.gov.co/cvlac/visualizador/generarCurriculoCv.do?cod_rh=0000938262,"GrupLAC, censo de integrantes, consultado 2026-09-25; vinculación: 2025/4 - 2025/null",1
I-0001626015,Maira Alejandra Rojas Mendoza,0001626015,,,,https://scienti.minciencias.gov.co/cvlac/visualizador/generarCurriculoCv.do?cod_rh=0001626015,"GrupLAC, censo de integrantes, consultado 2026-09-25; vinculación: 2015/1 - 2017/12",1
I-0000053942,MAIRA YISETH SAMPAYO SOLENO,0000053942,,,,https://scienti.minciencias.gov.co/cvlac/visualizador/generarCurriculoCv.do?cod_rh=0000053942,"GrupLAC, censo de integrantes, consultado 2026-09-25; vinculación: 2018/2 - 2021/11",1
I-0002138374,maria camila balmaceda manosalva,0002138374,,,,https://scienti.minciencias.gov.co/cvlac/visualizador/generarCurriculoCv.do?cod_rh=0002138374,"GrupLAC, censo de integrantes, consultado 2026-09-25; vinculación: 2023/2 - Actual",1
I-0000054168,Maria Jose Cordoba Rebolledo,0000054168,,,,https://scienti.minciencias.gov.co/cvlac/visualizador/generarCurriculoCv.do?cod_rh=0000054168,"GrupLAC, censo de integrantes, consultado 2026-09-25; vinculación: 2018/2 - 2018/10",1
I-0001450218,Monica Patricia Gomez Santos,0001450218,,,,https://scienti.minciencias.gov.co/cvlac/visualizador/generarCurriculoCv.do?cod_rh=0001450218,"GrupLAC, censo de integrantes, consultado 2026-09-25; vinculación: 2019/9 - Actual",1
I-0001261266,Nadia Zulima Umaña Abadia,0001261266,,,,https://scienti.minciencias.gov.co/cvlac/visualizador/generarCurriculoCv.do?cod_rh=0001261266,"GrupLAC, censo de integrantes, consultado 2026-09-25; vinculación: 2018/2 - 2019/3",1
I-0001385863,NERYS ESTHER MARTINEZ TRUJILLO,0001385863,,,,https://scienti.minciencias.gov.co/cvlac/visualizador/generarCurriculoCv.do?cod_rh=0001385863,"GrupLAC, censo de integrantes, consultado 2026-09-25; vinculación: 2019/7 - 2022/3",1
I-0000898830,Rafael Antonio Nieves,0000898830,,,,https://scienti.minciencias.gov.co/cvlac/visualizador/generarCurriculoCv.do?cod_rh=0000898830,"GrupLAC, censo de integrantes, consultado 2026-09-25; vinculación: 2015/2 - 2019/3",1
I-0001030205,Rosa SOLANO GUERRERO,0001030205,,,,https://scienti.minciencias.gov.co/cvlac/visualizador/generarCurriculoCv.do?cod_rh=0001030205,"GrupLAC, censo de integrantes, consultado 2026-09-25; vinculación: 2018/2 - 2019/3",1
I-0001912100,Rosana Mercado Fester,0001912100,,,,https://scienti.minciencias.gov.co/cvlac/visualizador/generarCurriculoCv.do?cod_rh=0001912100,"GrupLAC, censo de integrantes, consultado 2026-09-25; vinculación: 2023/2 - 2024/6",1
I-0000168429,Wilton Jesus De La Hoz Rivera,0000168429,,,,https://scienti.minciencias.gov.co/cvlac/visualizador/generarCurriculoCv.do?cod_rh=0000168429,"GrupLAC, censo de integrantes, consultado 2026-09-25; vinculación: 2018/2 - 2021/11",1
I-0000655384,Alberto CUELLO MENDOZA,0000655384,,,,https://scienti.minciencias.gov.co/cvlac/visualizador/generarCurriculoCv.do?cod_rh=0000655384,"GrupLAC, censo de integrantes, consultado 2026-09-25; vinculación: 2023/10 - Actual",1
I-0002369142,ANDREA CAROLINA ROSADO CENTENO,0002369142,,,,https://scienti.minciencias.gov.co/cvlac/visualizador/generarCurriculoCv.do?cod_rh=0002369142,"GrupLAC, censo de integrantes, consultado 2026-09-25; vinculación: 2025/1 - Actual",1
I-0002159557,Daniel David Mejia De la hoz,0002159557,,,,https://scienti.minciencias.gov.co/cvlac/visualizador/generarCurriculoCv.do?cod_rh=0002159557,"GrupLAC, censo de integrantes, consultado 2026-09-25; vinculación: 2023/11 - Actual",1
I-0001508379,DIEGO ALEXANDER VIDES FONSECA,0001508379,,,,https://scienti.minciencias.gov.co/cvlac/visualizador/generarCurriculoCv.do?cod_rh=0001508379,"GrupLAC, censo de integrantes, consultado 2026-09-25; vinculación: 2022/11 - Actual",1
I-0000092430,ELKIN LENIN BALETA ARAUJO,0000092430,,,,https://scienti.minciencias.gov.co/cvlac/visualizador/generarCurriculoCv.do?cod_rh=0000092430,"GrupLAC, censo de integrantes, consultado 2026-09-25; vinculación: 2022/11 - Actual",1
I-0001706783,Geovanny Enrique Benjumea Fragozo,0001706783,,,,https://scienti.minciencias.gov.co/cvlac/visualizador/generarCurriculoCv.do?cod_rh=0001706783,"GrupLAC, censo de integrantes, consultado 2026-09-25; vinculación: 2026/5 - 2026/null",1
I-0002059616,Isaac Naissir Mantilla Contreras,0002059616,,,,https://scienti.minciencias.gov.co/cvlac/visualizador/generarCurriculoCv.do?cod_rh=0002059616,"GrupLAC, censo de integrantes, consultado 2026-09-25; vinculación: 2023/11 - Actual",1
I-0001212052,Judith Zamira Rey Merlo,0001212052,,,,https://scienti.minciencias.gov.co/cvlac/visualizador/generarCurriculoCv.do?cod_rh=0001212052,"GrupLAC, censo de integrantes, consultado 2026-09-25; vinculación: 2022/11 - Actual",1
I-0002153449,julian alejandro maceas alvarino,0002153449,,,,https://scienti.minciencias.gov.co/cvlac/visualizador/generarCurriculoCv.do?cod_rh=0002153449,"GrupLAC, censo de integrantes, consultado 2026-09-25; vinculación: 2023/11 - Actual",1
I-0002263491,Kamila Isabel Rangel Fontanilla,0002263491,,,,https://scienti.minciencias.gov.co/cvlac/visualizador/generarCurriculoCv.do?cod_rh=0002263491,"GrupLAC, censo de integrantes, consultado 2026-09-25; vinculación: 2024/4 - Actual",1
I-0002392785,Kiara Marcela Lengua Cuello,0002392785,,,,https://scienti.minciencias.gov.co/cvlac/visualizador/generarCurriculoCv.do?cod_rh=0002392785,"GrupLAC, censo de integrantes, consultado 2026-09-25; vinculación: 2025/2 - Actual",1
I-0000082507,MARIELMA MARTINEZ CORDOBA,0000082507,,Investigador Asociado (I),,https://scienti.minciencias.gov.co/cvlac/visualizador/generarCurriculoCv.do?cod_rh=0000082507,"GrupLAC, censo de integrantes, consultado 2026-09-25; vinculación: 2022/1 - Actual",1
I-0002150114,Sanndy Lisseth Cabarcas Arias,0002150114,,,,https://scienti.minciencias.gov.co/cvlac/visualizador/generarCurriculoCv.do?cod_rh=0002150114,"GrupLAC, censo de integrantes, consultado 2026-09-25; vinculación: 2023/11 - Actual",1
I-0002068094,santiago andres pinto palencia,0002068094,,,,https://scienti.minciencias.gov.co/cvlac/visualizador/generarCurriculoCv.do?cod_rh=0002068094,"GrupLAC, censo de integrantes, consultado 2026-09-25; vinculación: 2023/11 - Actual",1
I-0001411054,FABIAN LEONARDO MENDOZA RANGEL,0001411054,,,,https://scienti.minciencias.gov.co/cvlac/visualizador/generarCurriculoCv.do?cod_rh=0001411054,"GrupLAC, censo de integrantes, consultado 2026-09-25; vinculación: 2026/2 - Actual",1
I-0001609963,JESUS EMRIO PEREZ BECERRA,0001609963,,,,https://scienti.minciencias.gov.co/cvlac/visualizador/generarCurriculoCv.do?cod_rh=0001609963,"GrupLAC, censo de integrantes, consultado 2026-09-25; vinculación: 2025/2 - Actual",1
I-0002482540,Jorge Mario Guerrero Camacho,0002482540,,,,https://scienti.minciencias.gov.co/cvlac/visualizador/generarCurriculoCv.do?cod_rh=0002482540,"GrupLAC, censo de integrantes, consultado 2026-09-25; vinculación: 2026/2 - Actual",1
I-0002082201,Ledy Sumalave Lobo,0002082201,,,,https://scienti.minciencias.gov.co/cvlac/visualizador/generarCurriculoCv.do?cod_rh=0002082201,"GrupLAC, censo de integrantes, consultado 2026-09-25; vinculación: 2025/2 - Actual",1
I-0001668963,LENER DELGADO POLANCO,0001668963,,,,https://scienti.minciencias.gov.co/cvlac/visualizador/generarCurriculoCv.do?cod_rh=0001668963,"GrupLAC, censo de integrantes, consultado 2026-09-25; vinculación: 2025/8 - Actual",1
I-0002201675,marcia sulene ricaurte delgado,0002201675,,,,https://scienti.minciencias.gov.co/cvlac/visualizador/generarCurriculoCv.do?cod_rh=0002201675,"GrupLAC, censo de integrantes, consultado 2026-09-25; vinculación: 2025/8 - Actual",1
I-0001742599,Mario Andrés Peña Duarte,0001742599,,,,https://scienti.minciencias.gov.co/cvlac/visualizador/generarCurriculoCv.do?cod_rh=0001742599,"GrupLAC, censo de integrantes, consultado 2026-09-25; vinculación: 2022/11 - Actual",1
I-0001483252,MIGUEL ANTONIO PIÑEREZ FLOREZ,0001483252,,,,https://scienti.minciencias.gov.co/cvlac/visualizador/generarCurriculoCv.do?cod_rh=0001483252,"GrupLAC, censo de integrantes, consultado 2026-09-25; vinculación: 2021/1 - Actual",1
I-0002201660,OSWALDO ALEXANDER NUMA CASTRO,0002201660,,,,https://scienti.minciencias.gov.co/cvlac/visualizador/generarCurriculoCv.do?cod_rh=0002201660,"GrupLAC, censo de integrantes, consultado 2026-09-25; vinculación: 2024/9 - Actual",1
I-0001362231,UBERTY ESCALANTE MANOSALVA,0001362231,,,,https://scienti.minciencias.gov.co/cvlac/visualizador/generarCurriculoCv.do?cod_rh=0001362231,"GrupLAC, censo de integrantes, consultado 2026-09-25; vinculación: 2025/2 - Actual",1
I-0000155864,YULIETH LOPEZ ORTIZ,0000155864,,,,https://scienti.minciencias.gov.co/cvlac/visualizador/generarCurriculoCv.do?cod_rh=0000155864,"GrupLAC, censo de integrantes, consultado 2026-09-25; vinculación: 2023/11 - Actual",1
I-0001377946,SINDI DAYANA HORTA PIÑERES,0001377946,,Investigador Asociado (I),,https://scienti.minciencias.gov.co/cvlac/visualizador/generarCurriculoCv.do?cod_rh=0001377946,"GrupLAC, censo de integrantes, consultado 2026-09-25; vinculación: 2016/2 - Actual",1
I-0000983098,Duber Alexander Avila Padilla,0000983098,,Investigador Asociado (I),,https://scienti.minciencias.gov.co/cvlac/visualizador/generarCurriculoCv.do?cod_rh=0000983098,"GrupLAC, censo de integrantes, consultado 2026-09-25; vinculación: 2011/6 - Actual",1
I-0000798860,Alber Mauricio Vargas Garro,0000798860,,,,https://scienti.minciencias.gov.co/cvlac/visualizador/generarCurriculoCv.do?cod_rh=0000798860,"GrupLAC, censo de integrantes, consultado 2026-09-25; vinculación: 2009/1 - 2012/5",1
I-0000974536,Alejandra Paola Quintero Linero,0000974536,,,,https://scienti.minciencias.gov.co/cvlac/visualizador/generarCurriculoCv.do?cod_rh=0000974536,"GrupLAC, censo de integrantes, consultado 2026-09-25; vinculación: 2023/11 - Actual",1
I-0000670103,Alexander Carretero Romero,0000670103,,,,https://scienti.minciencias.gov.co/cvlac/visualizador/generarCurriculoCv.do?cod_rh=0000670103,"GrupLAC, censo de integrantes, consultado 2026-09-25; vinculación: 2004/2 - 2006/6",1
I-0000854557,Ana Manuela Doria Narváez,0000854557,,,,https://scienti.minciencias.gov.co/cvlac/visualizador/generarCurriculoCv.do?cod_rh=0000854557,"GrupLAC, censo de integrantes, consultado 2026-09-25; vinculación: 2022/8 - Actual",1
I-0001399381,Andrés Felipe González Galeano,0001399381,,,,https://scienti.minciencias.gov.co/cvlac/visualizador/generarCurriculoCv.do?cod_rh=0001399381,"GrupLAC, censo de integrantes, consultado 2026-09-25; vinculación: 2012/2 - 2014/3",1
I-0002258138,Angie Paola Villamizar Matrones,0002258138,,,,https://scienti.minciencias.gov.co/cvlac/visualizador/generarCurriculoCv.do?cod_rh=0002258138,"GrupLAC, censo de integrantes, consultado 2026-09-25; vinculación: 2025/2 - 2025/null",1
I-0001202898,Anya Miyeth BOLAÑO ARIAS,0001202898,,,,https://scienti.minciencias.gov.co/cvlac/visualizador/generarCurriculoCv.do?cod_rh=0001202898,"GrupLAC, censo de integrantes, consultado 2026-09-25; vinculación: 2017/8 - 2019/4",1
I-0001446708,Blas Melendez Caraballo,0001446708,,,,https://scienti.minciencias.gov.co/cvlac/visualizador/generarCurriculoCv.do?cod_rh=0001446708,"GrupLAC, censo de integrantes, consultado 2026-09-25; vinculación: 2020/9 - 2022/11",1
I-0002035661,Camila Andrea Noreña Julio,0002035661,,,,https://scienti.minciencias.gov.co/cvlac/visualizador/generarCurriculoCv.do?cod_rh=0002035661,"GrupLAC, censo de integrantes, consultado 2026-09-25; vinculación: 2022/8 - Actual",1
I-0002035454,Cesar Bernardo Galvan Fajardo,0002035454,,,,https://scienti.minciencias.gov.co/cvlac/visualizador/generarCurriculoCv.do?cod_rh=0002035454,"GrupLAC, censo de integrantes, consultado 2026-09-25; vinculación: 2022/8 - 2022/12",1
I-0000107603,César Orlando Torres Moreno,0000107603,,Investigador Senior (IS),,https://scienti.minciencias.gov.co/cvlac/visualizador/generarCurriculoCv.do?cod_rh=0000107603,"GrupLAC, censo de integrantes, consultado 2026-09-25; vinculación: 2000/2 - Actual",1
I-0000165736,Claudia Asenath Villarruel Molina,0000165736,,,,https://scienti.minciencias.gov.co/cvlac/visualizador/generarCurriculoCv.do?cod_rh=0000165736,"GrupLAC, censo de integrantes, consultado 2026-09-25; vinculación: 2023/1 - Actual",1
I-0001629838,Daniela Tellez Diaz,0001629838,,,,https://scienti.minciencias.gov.co/cvlac/visualizador/generarCurriculoCv.do?cod_rh=0001629838,"GrupLAC, censo de integrantes, consultado 2026-09-25; vinculación: 2022/1 - Actual",1
I-0000284602,Diana Milena Fernández Díaz,0000284602,,,,https://scienti.minciencias.gov.co/cvlac/visualizador/generarCurriculoCv.do?cod_rh=0000284602,"GrupLAC, censo de integrantes, consultado 2026-09-25; vinculación: 2002/1 - 2003/12",1
I-0000128078,Diannys Granadillo Barrera,0000128078,,,,https://scienti.minciencias.gov.co/cvlac/visualizador/generarCurriculoCv.do?cod_rh=0000128078,"GrupLAC, censo de integrantes, consultado 2026-09-25; vinculación: 2019/1 - 2022/8",1
I-0000730106,Disney Dived Almanza Villazón,0000730106,,,,https://scienti.minciencias.gov.co/cvlac/visualizador/generarCurriculoCv.do?cod_rh=0000730106,"GrupLAC, censo de integrantes, consultado 2026-09-25; vinculación: 2001/2 - 2007/10",1
I-0001088912,Diva Jiménez Corzo,0001088912,,,,https://scienti.minciencias.gov.co/cvlac/visualizador/generarCurriculoCv.do?cod_rh=0001088912,"GrupLAC, censo de integrantes, consultado 2026-09-25; vinculación: 2023/7 - Actual",1
I-0001638385,Eberto Luis Benjumea Mendoza,0001638385,,Investigador Junior (IJ),,https://scienti.minciencias.gov.co/cvlac/visualizador/generarCurriculoCv.do?cod_rh=0001638385,"GrupLAC, censo de integrantes, consultado 2026-09-25; vinculación: 2016/7 - 2022/11",1
I-0001568610,EDGAR DANIEL RINCON PUENTES,0001568610,,,,https://scienti.minciencias.gov.co/cvlac/visualizador/generarCurriculoCv.do?cod_rh=0001568610,"GrupLAC, censo de integrantes, consultado 2026-09-25; vinculación: 2016/1 - 2016/10",1
I-0001527489,Edgar David Peduzine Orozco,0001527489,,,,https://scienti.minciencias.gov.co/cvlac/visualizador/generarCurriculoCv.do?cod_rh=0001527489,"GrupLAC, censo de integrantes, consultado 2026-09-25; vinculación: 2023/7 - Actual",1
I-0001352220,Edoardo David Machado Medina,0001352220,,,,https://scienti.minciencias.gov.co/cvlac/visualizador/generarCurriculoCv.do?cod_rh=0001352220,"GrupLAC, censo de integrantes, consultado 2026-09-25; vinculación: 2009/2 - 2009/8",1
I-0001831395,Emely Vanessa Ruiz Duarte,0001831395,,,,https://scienti.minciencias.gov.co/cvlac/visualizador/generarCurriculoCv.do?cod_rh=0001831395,"GrupLAC, censo de integrantes, consultado 2026-09-25; vinculación: 2022/2 - Actual",1
I-0001083406,Emiro Segundo Arrieta Jiménez,0001083406,,,,https://scienti.minciencias.gov.co/cvlac/visualizador/generarCurriculoCv.do?cod_rh=0001083406,"GrupLAC, censo de integrantes, consultado 2026-09-25; vinculación: 2012/6 - Actual",1
I-0001425931,Fabián René Costa Mora,0001425931,,,,https://scienti.minciencias.gov.co/cvlac/visualizador/generarCurriculoCv.do?cod_rh=0001425931,"GrupLAC, censo de integrantes, consultado 2026-09-25; vinculación: 2015/4 - 2022/6",1
I-0001044010,Fabio vega nieto,0001044010,,,,https://scienti.minciencias.gov.co/cvlac/visualizador/generarCurriculoCv.do?cod_rh=0001044010,"GrupLAC, censo de integrantes, consultado 2026-09-25; vinculación: 2008/9 - Actual",1
I-0001366633,francisco javier giacometto torres,0001366633,,,,https://scienti.minciencias.gov.co/cvlac/visualizador/generarCurriculoCv.do?cod_rh=0001366633,"GrupLAC, censo de integrantes, consultado 2026-09-25; vinculación: 2010/2 - 2016/10",1
I-0000127393,Francisco Samec Vergel Ottavo,0000127393,,,,https://scienti.minciencias.gov.co/cvlac/visualizador/generarCurriculoCv.do?cod_rh=0000127393,"GrupLAC, censo de integrantes, consultado 2026-09-25; vinculación: 2015/8 - 2017/8",1
I-0000027974,FREDY ANTONIO AMADOR DONADO,0000027974,,,,https://scienti.minciencias.gov.co/cvlac/visualizador/generarCurriculoCv.do?cod_rh=0000027974,"GrupLAC, censo de integrantes, consultado 2026-09-25; vinculación: 2015/6 - 2018/12",1
I-0000286451,Gelys Igreth Mestre Carrillo,0000286451,,,,https://scienti.minciencias.gov.co/cvlac/visualizador/generarCurriculoCv.do?cod_rh=0000286451,"GrupLAC, censo de integrantes, consultado 2026-09-25; vinculación: 2003/3 - 2010/9",1
I-0000715107,Gene Elizabeth Escorcia Salas,0000715107,,Investigador Junior (IJ),,https://scienti.minciencias.gov.co/cvlac/visualizador/generarCurriculoCv.do?cod_rh=0000715107,"GrupLAC, censo de integrantes, consultado 2026-09-25; vinculación: 2019/12 - Actual",1
I-0000199206,Gustavo Manuel Alvarino Betin,0000199206,,,,https://scienti.minciencias.gov.co/cvlac/visualizador/generarCurriculoCv.do?cod_rh=0000199206,"GrupLAC, censo de integrantes, consultado 2026-09-25; vinculación: 2019/7 - 2024/12",1
I-0001827892,Herick Sebastian Grijalba Lerma,0001827892,,,,https://scienti.minciencias.gov.co/cvlac/visualizador/generarCurriculoCv.do?cod_rh=0001827892,"GrupLAC, censo de integrantes, consultado 2026-09-25; vinculación: 2020/10 - 2021/7",1
I-0000289213,Holmes Elias Pinto Avila,0000289213,,,,https://scienti.minciencias.gov.co/cvlac/visualizador/generarCurriculoCv.do?cod_rh=0000289213,"GrupLAC, censo de integrantes, consultado 2026-09-25; vinculación: 2002/8 - 2014/2",1
I-0001445220,Jaidy Marjorie Jácome Lindarte,0001445220,,Investigador Junior (IJ),,https://scienti.minciencias.gov.co/cvlac/visualizador/generarCurriculoCv.do?cod_rh=0001445220,"GrupLAC, censo de integrantes, consultado 2026-09-25; vinculación: 2018/8 - Actual",1
I-0001522602,Jenny Montoya Cuellar,0001522602,,,,https://scienti.minciencias.gov.co/cvlac/visualizador/generarCurriculoCv.do?cod_rh=0001522602,"GrupLAC, censo de integrantes, consultado 2026-09-25; vinculación: 2013/2 - 2015/6",1
I-0000246743,Jesús Alberto Zapata Pichón,0000246743,,,,https://scienti.minciencias.gov.co/cvlac/visualizador/generarCurriculoCv.do?cod_rh=0000246743,"GrupLAC, censo de integrantes, consultado 2026-09-25; vinculación: 2002/2 - 2005/6",1
I-0001362883,jhonatan martinez Mogollon,0001362883,,,,https://scienti.minciencias.gov.co/cvlac/visualizador/generarCurriculoCv.do?cod_rh=0001362883,"GrupLAC, censo de integrantes, consultado 2026-09-25; vinculación: 2015/2 - 2016/10",1
I-0000302546,Jorge Alberto Guerrero Pacheco,0000302546,,,,https://scienti.minciencias.gov.co/cvlac/visualizador/generarCurriculoCv.do?cod_rh=0000302546,"GrupLAC, censo de integrantes, consultado 2026-09-25; vinculación: 2001/6 - 2005/6",1
I-0000834904,Jorge Antonio Salleg Aviles,0000834904,,,,https://scienti.minciencias.gov.co/cvlac/visualizador/generarCurriculoCv.do?cod_rh=0000834904,"GrupLAC, censo de integrantes, consultado 2026-09-25; vinculación: 2004/2 - 2007/3",1
I-0001705767,JORGE ARMANDO ROJAS PEREZ,0001705767,,,,https://scienti.minciencias.gov.co/cvlac/visualizador/generarCurriculoCv.do?cod_rh=0001705767,"GrupLAC, censo de integrantes, consultado 2026-09-25; vinculación: 2019/11 - 2020/12",1
I-0000702080,Jorge Eliecer calderon jimenez,0000702080,,,,https://scienti.minciencias.gov.co/cvlac/visualizador/generarCurriculoCv.do?cod_rh=0000702080,"GrupLAC, censo de integrantes, consultado 2026-09-25; vinculación: 2005/2 - 2006/6",1
I-0000467855,Jose Angel Castro Castro,0000467855,,,,https://scienti.minciencias.gov.co/cvlac/visualizador/generarCurriculoCv.do?cod_rh=0000467855,"GrupLAC, censo de integrantes, consultado 2026-09-25; vinculación: 2005/2 - 2007/2",1
I-0000125683,José David Aragón Peña,0000125683,,,,https://scienti.minciencias.gov.co/cvlac/visualizador/generarCurriculoCv.do?cod_rh=0000125683,"GrupLAC, censo de integrantes, consultado 2026-09-25; vinculación: 2016/2 - 2018/12",1
I-0000629170,JOSE DAVID MONTESINO HOYOS,0000629170,,,,https://scienti.minciencias.gov.co/cvlac/visualizador/generarCurriculoCv.do?cod_rh=0000629170,"GrupLAC, censo de integrantes, consultado 2026-09-25; vinculación: 2004/2 - 2006/5",1
I-0000481750,Jose David Pardo Ustáriz,0000481750,,,,https://scienti.minciencias.gov.co/cvlac/visualizador/generarCurriculoCv.do?cod_rh=0000481750,"GrupLAC, censo de integrantes, consultado 2026-09-25; vinculación: 2005/2 - 2007/2",1
I-0000120495,Jose Fernando Hernandez Rosso,0000120495,,,,https://scienti.minciencias.gov.co/cvlac/visualizador/generarCurriculoCv.do?cod_rh=0000120495,"GrupLAC, censo de integrantes, consultado 2026-09-25; vinculación: 2019/4 - 2022/12",1
I-0000520675,Juan De Dios Useche Figueredo,0000520675,,,,https://scienti.minciencias.gov.co/cvlac/visualizador/generarCurriculoCv.do?cod_rh=0000520675,"GrupLAC, censo de integrantes, consultado 2026-09-25; vinculación: 2009/4 - 2014/6",1
I-0000684660,Juan Manuel Vilardy Ortiz,0000684660,,Investigador Senior (IS),,https://scienti.minciencias.gov.co/cvlac/visualizador/generarCurriculoCv.do?cod_rh=0000684660,"GrupLAC, censo de integrantes, consultado 2026-09-25; vinculación: 2006/2 - Actual",1
I-0001686888,JUAN PABLO MOLINA JIMENEZ,0001686888,,,,https://scienti.minciencias.gov.co/cvlac/visualizador/generarCurriculoCv.do?cod_rh=0001686888,"GrupLAC, censo de integrantes, consultado 2026-09-25; vinculación: 2021/12 - Actual",1
I-0002223759,karen margarita castro ospino,0002223759,,,,https://scienti.minciencias.gov.co/cvlac/visualizador/generarCurriculoCv.do?cod_rh=0002223759,"GrupLAC, censo de integrantes, consultado 2026-09-25; vinculación: 2024/2 - Actual",1
I-0000142842,Karol Cristina Villegas Saucedo,0000142842,,,,https://scienti.minciencias.gov.co/cvlac/visualizador/generarCurriculoCv.do?cod_rh=0000142842,"GrupLAC, censo de integrantes, consultado 2026-09-25; vinculación: 2025/1 - Actual",1
I-0000284289,Kattya Paola Mejía Díaz,0000284289,,,,https://scienti.minciencias.gov.co/cvlac/visualizador/generarCurriculoCv.do?cod_rh=0000284289,"GrupLAC, censo de integrantes, consultado 2026-09-25; vinculación: 2002/1 - 2003/11",1
I-0001829490,Laura Carolina Polo Orozco,0001829490,,,,https://scienti.minciencias.gov.co/cvlac/visualizador/generarCurriculoCv.do?cod_rh=0001829490,"GrupLAC, censo de integrantes, consultado 2026-09-25; vinculación: 2020/9 - 2022/9",1
I-0000284009,Leiner Barba Jiménez,0000284009,,Investigador Junior (IJ),,https://scienti.minciencias.gov.co/cvlac/visualizador/generarCurriculoCv.do?cod_rh=0000284009,"GrupLAC, censo de integrantes, consultado 2026-09-25; vinculación: 2008/1 - Actual",1
I-0001610949,Lenin Alberto Nuñez Reales,0001610949,,,,https://scienti.minciencias.gov.co/cvlac/visualizador/generarCurriculoCv.do?cod_rh=0001610949,"GrupLAC, censo de integrantes, consultado 2026-09-25; vinculación: 2014/5 - Actual",1
I-0000296074,Leonardo Favio Brito Criado,0000296074,,,,https://scienti.minciencias.gov.co/cvlac/visualizador/generarCurriculoCv.do?cod_rh=0000296074,"GrupLAC, censo de integrantes, consultado 2026-09-25; vinculación: 2001/6 - 2005/6",1
I-0001356529,leticia maria acosta oñate,0001356529,,Investigador Asociado (I),,https://scienti.minciencias.gov.co/cvlac/visualizador/generarCurriculoCv.do?cod_rh=0001356529,"GrupLAC, censo de integrantes, consultado 2026-09-25; vinculación: 2017/8 - Actual",1
I-0001827125,Lissa Fernanda Gamboa Sinisterra,0001827125,,,,https://scienti.minciencias.gov.co/cvlac/visualizador/generarCurriculoCv.do?cod_rh=0001827125,"GrupLAC, censo de integrantes, consultado 2026-09-25; vinculación: 2020/3 - 2020/3",1
I-0000424226,Lorena VARGAS QUINTERO,0000424226,,Investigador Junior (IJ),,https://scienti.minciencias.gov.co/cvlac/visualizador/generarCurriculoCv.do?cod_rh=0000424226,"GrupLAC, censo de integrantes, consultado 2026-09-25; vinculación: 2008/1 - Actual",1
I-0000233633,Lorenzo Mattos Vasquez,0000233633,,,,https://scienti.minciencias.gov.co/cvlac/visualizador/generarCurriculoCv.do?cod_rh=0000233633,"GrupLAC, censo de integrantes, consultado 2026-09-25; vinculación: 2000/2 - 2016/12",1
I-0000318639,Luis Eduardo Cortes Rodriguez,0000318639,,,,https://scienti.minciencias.gov.co/cvlac/visualizador/generarCurriculoCv.do?cod_rh=0000318639,"GrupLAC, censo de integrantes, consultado 2026-09-25; vinculación: 2019/6 - 2024/12",1
I-0000150209,Luis Fernando Espejo Bayona,0000150209,,,,https://scienti.minciencias.gov.co/cvlac/visualizador/generarCurriculoCv.do?cod_rh=0000150209,"GrupLAC, censo de integrantes, consultado 2026-09-25; vinculación: 2020/1 - Actual",1
I-0000885002,Madeleine Leon Agudelo,0000885002,,,,https://scienti.minciencias.gov.co/cvlac/visualizador/generarCurriculoCv.do?cod_rh=0000885002,"GrupLAC, censo de integrantes, consultado 2026-09-25; vinculación: 2010/2 - 2016/10",1
I-0000073525,Maira Alejandra Sanchez Caballero,0000073525,,,,https://scienti.minciencias.gov.co/cvlac/visualizador/generarCurriculoCv.do?cod_rh=0000073525,"GrupLAC, censo de integrantes, consultado 2026-09-25; vinculación: 2015/11 - 2016/10",1
I-0001400219,María Claudia Calderón Martínez,0001400219,,,,https://scienti.minciencias.gov.co/cvlac/visualizador/generarCurriculoCv.do?cod_rh=0001400219,"GrupLAC, censo de integrantes, consultado 2026-09-25; vinculación: 2022/7 - Actual",1
I-0000259373,Martha Lucia Molina Prado,0000259373,,Investigador Junior (IJ),,https://scienti.minciencias.gov.co/cvlac/visualizador/generarCurriculoCv.do?cod_rh=0000259373,"GrupLAC, censo de integrantes, consultado 2026-09-25; vinculación: 2002/1 - 2002/8",1
I-0000286729,Mauricio Jose Rivera Soto,0000286729,,,,https://scienti.minciencias.gov.co/cvlac/visualizador/generarCurriculoCv.do?cod_rh=0000286729,"GrupLAC, censo de integrantes, consultado 2026-09-25; vinculación: 2001/6 - 2003/6",1
I-0002260340,Nehemias Sangregorio Montes,0002260340,,,,https://scienti.minciencias.gov.co/cvlac/visualizador/generarCurriculoCv.do?cod_rh=0002260340,"GrupLAC, censo de integrantes, consultado 2026-09-25; vinculación: 2025/1 - Actual",1
I-0000259446,Nestor Alonso Arias Hernández,0000259446,,Investigador Senior (IS),,https://scienti.minciencias.gov.co/cvlac/visualizador/generarCurriculoCv.do?cod_rh=0000259446,"GrupLAC, censo de integrantes, consultado 2026-09-25; vinculación: 2002/1 - 2002/8",1
I-0000283916,Nestor Raul Suarez Perpiñan,0000283916,,,,https://scienti.minciencias.gov.co/cvlac/visualizador/generarCurriculoCv.do?cod_rh=0000283916,"GrupLAC, censo de integrantes, consultado 2026-09-25; vinculación: 2001/6 - 2005/6",1
I-0001431979,RAFAEL VICENTE NUÑEZ ORTIZ,0001431979,,,,https://scienti.minciencias.gov.co/cvlac/visualizador/generarCurriculoCv.do?cod_rh=0001431979,"GrupLAC, censo de integrantes, consultado 2026-09-25; vinculación: 2010/8 - 2016/10",1
I-0000501450,Reinaldo Enrique Ruiz Suarez,0000501450,,,,https://scienti.minciencias.gov.co/cvlac/visualizador/generarCurriculoCv.do?cod_rh=0000501450,"GrupLAC, censo de integrantes, consultado 2026-09-25; vinculación: 2025/5 - Actual",1
I-0000696242,Ricardo TORRES OSORIO,0000696242,,,,https://scienti.minciencias.gov.co/cvlac/visualizador/generarCurriculoCv.do?cod_rh=0000696242,"GrupLAC, censo de integrantes, consultado 2026-09-25; vinculación: 2004/6 - 2008/8",1
I-0000297747,Ronald David Castellanos Estrada,0000297747,,,,https://scienti.minciencias.gov.co/cvlac/visualizador/generarCurriculoCv.do?cod_rh=0000297747,"GrupLAC, censo de integrantes, consultado 2026-09-25; vinculación: 2001/6 - 2005/6",1
I-0001088890,Sandra Emilia MOLINA MONTERO,0001088890,,,,https://scienti.minciencias.gov.co/cvlac/visualizador/generarCurriculoCv.do?cod_rh=0001088890,"GrupLAC, censo de integrantes, consultado 2026-09-25; vinculación: 2010/2 - Actual",1
I-0001675356,STEFANY PAOLA VEGA TORRES,0001675356,,,,https://scienti.minciencias.gov.co/cvlac/visualizador/generarCurriculoCv.do?cod_rh=0001675356,"GrupLAC, censo de integrantes, consultado 2026-09-25; vinculación: 2025/6 - Actual",1
I-0000290807,Tatiana Paola Socarras Jacome,0000290807,,,,https://scienti.minciencias.gov.co/cvlac/visualizador/generarCurriculoCv.do?cod_rh=0000290807,"GrupLAC, censo de integrantes, consultado 2026-09-25; vinculación: 2001/2 - 2004/6",1
I-0000696226,Victor Hernan SALAS GOMEZ,0000696226,,,,https://scienti.minciencias.gov.co/cvlac/visualizador/generarCurriculoCv.do?cod_rh=0000696226,"GrupLAC, censo de integrantes, consultado 2026-09-25; vinculación: 2005/2 - 2008/6",1
I-0000301604,Viviana Cristina Molina Aranguren,0000301604,,,,https://scienti.minciencias.gov.co/cvlac/visualizador/generarCurriculoCv.do?cod_rh=0000301604,"GrupLAC, censo de integrantes, consultado 2026-09-25; vinculación: 2001/6 - 2005/6",1
I-0000996378,Yaileth Johanna Morales Daza,0000996378,,Investigador Junior (IJ),,https://scienti.minciencias.gov.co/cvlac/visualizador/generarCurriculoCv.do?cod_rh=0000996378,"GrupLAC, censo de integrantes, consultado 2026-09-25; vinculación: 2004/2 - Actual",1
I-0000284092,Yamelys Navarro Becerra,0000284092,,,,https://scienti.minciencias.gov.co/cvlac/visualizador/generarCurriculoCv.do?cod_rh=0000284092,"GrupLAC, censo de integrantes, consultado 2026-09-25; vinculación: 2007/11 - 2008/3",1
I-0000290688,Yaniris Carrillo Arias,0000290688,,,,https://scienti.minciencias.gov.co/cvlac/visualizador/generarCurriculoCv.do?cod_rh=0000290688,"GrupLAC, censo de integrantes, consultado 2026-09-25; vinculación: 2001/2 - 2004/6",1
I-0000126654,YEINER YASSHIN MOLINA FRAGOZO,0000126654,,,,https://scienti.minciencias.gov.co/cvlac/visualizador/generarCurriculoCv.do?cod_rh=0000126654,"GrupLAC, censo de integrantes, consultado 2026-09-25; vinculación: 2021/12 - Actual",1
I-0000777757,Yirleen Quiroz Mieles,0000777757,,,,https://scienti.minciencias.gov.co/cvlac/visualizador/generarCurriculoCv.do?cod_rh=0000777757,"GrupLAC, censo de integrantes, consultado 2026-09-25; vinculación: 2006/2 - 2007/6",1
I-0000447650,Carmen Beatriz Araújo Quiroz,0000447650,,Investigador Junior (IJ),,https://scienti.minciencias.gov.co/cvlac/visualizador/generarCurriculoCv.do?cod_rh=0000447650,"GrupLAC, censo de integrantes, consultado 2026-09-25; vinculación: 2020/1 - Actual",1
I-0000126772,Jesus Daniel Amador Martinez,0000126772,,,,https://scienti.minciencias.gov.co/cvlac/visualizador/generarCurriculoCv.do?cod_rh=0000126772,"GrupLAC, censo de integrantes, consultado 2026-09-25; vinculación: 2024/6 - Actual",1
I-0001631837,jose andres espitia mejia,0001631837,,,,https://scienti.minciencias.gov.co/cvlac/visualizador/generarCurriculoCv.do?cod_rh=0001631837,"GrupLAC, censo de integrantes, consultado 2026-09-25; vinculación: 2020/1 - 2022/8",1
I-0001441192,Leonardo Alberto Díaz Marulanda,0001441192,,,,https://scienti.minciencias.gov.co/cvlac/visualizador/generarCurriculoCv.do?cod_rh=0001441192,"GrupLAC, censo de integrantes, consultado 2026-09-25; vinculación: 2024/2 - Actual",1
I-0000429538,Sandra Milena Daza Daza,0000429538,,,,https://scienti.minciencias.gov.co/cvlac/visualizador/generarCurriculoCv.do?cod_rh=0000429538,"GrupLAC, censo de integrantes, consultado 2026-09-25; vinculación: 2025/11 - Actual",1
I-0001492887,william yesid lasso,0001492887,,,,https://scienti.minciencias.gov.co/cvlac/visualizador/generarCurriculoCv.do?cod_rh=0001492887,"GrupLAC, censo de integrantes, consultado 2026-09-25; vinculación: 2018/8 - Actual",1
I-0000051775,CARLOS EDUARDO DIAZ FERNANDEZ,0000051775,,Investigador Junior (IJ),,https://scienti.minciencias.gov.co/cvlac/visualizador/generarCurriculoCv.do?cod_rh=0000051775,"GrupLAC, censo de integrantes, consultado 2026-09-25; vinculación: 2023/1 - Actual",1
I-0000164660,jorge luis cotes valdes,0000164660,,,,https://scienti.minciencias.gov.co/cvlac/visualizador/generarCurriculoCv.do?cod_rh=0000164660,"GrupLAC, censo de integrantes, consultado 2026-09-25; vinculación: 2023/1 - Actual",1
I-0002059253,Jose Luis Barros Escalante,0002059253,,,,https://scienti.minciencias.gov.co/cvlac/visualizador/generarCurriculoCv.do?cod_rh=0002059253,"GrupLAC, censo de integrantes, consultado 2026-09-25; vinculación: 2026/2 - Actual",1
I-0002090466,manuel david jeromimo paez,0002090466,,,,https://scienti.minciencias.gov.co/cvlac/visualizador/generarCurriculoCv.do?cod_rh=0002090466,"GrupLAC, censo de integrantes, consultado 2026-09-25; vinculación: 2025/11 - Actual",1
I-0002361178,Naissir Melisa Abad Jele,0002361178,,,,https://scienti.minciencias.gov.co/cvlac/visualizador/generarCurriculoCv.do?cod_rh=0002361178,"GrupLAC, censo de integrantes, consultado 2026-09-25; vinculación: 2026/1 - Actual",1
I-0002067184,Yuri Alejandra Caceres Pabon,0002067184,,,,https://scienti.minciencias.gov.co/cvlac/visualizador/generarCurriculoCv.do?cod_rh=0002067184,"GrupLAC, censo de integrantes, consultado 2026-09-25; vinculación: 2025/5 - Actual",1
I-0001392422,tahania Chona Rodriguez,0001392422,,Investigador Junior (IJ),,https://scienti.minciencias.gov.co/cvlac/visualizador/generarCurriculoCv.do?cod_rh=0001392422,"GrupLAC, censo de integrantes, consultado 2026-09-25; vinculación: 2020/10 - Actual",1
I-0001842350,Ibeth Carolina Saavedra cotes,0001842350,,,,https://scienti.minciencias.gov.co/cvlac/visualizador/generarCurriculoCv.do?cod_rh=0001842350,"GrupLAC, censo de integrantes, consultado 2026-09-25; vinculación: 2020/10 - Actual",1
I-0001729336,Danecci Yaneth Gonzalez Orozco,0001729336,,,,https://scienti.minciencias.gov.co/cvlac/visualizador/generarCurriculoCv.do?cod_rh=0001729336,"GrupLAC, censo de integrantes, consultado 2026-09-25; vinculación: 2020/10 - Actual",1
I-0001643085,Idelsy Carrillo Suarez,0001643085,,,,https://scienti.minciencias.gov.co/cvlac/visualizador/generarCurriculoCv.do?cod_rh=0001643085,"GrupLAC, censo de integrantes, consultado 2026-09-25; vinculación: 2025/1 - Actual",1
I-0001842388,KELLYS ELAINE JACOME MONTESINO,0001842388,,,,https://scienti.minciencias.gov.co/cvlac/visualizador/generarCurriculoCv.do?cod_rh=0001842388,"GrupLAC, censo de integrantes, consultado 2026-09-25; vinculación: 2020/10 - Actual",1
I-0001281240,Nury MENCO HERNANDEZ,0001281240,,,,https://scienti.minciencias.gov.co/cvlac/visualizador/generarCurriculoCv.do?cod_rh=0001281240,"GrupLAC, censo de integrantes, consultado 2026-09-25; vinculación: 2020/10 - Actual",1
I-0001925068,PAOLA FERNANDA MORALES PLATA,0001925068,,,,https://scienti.minciencias.gov.co/cvlac/visualizador/generarCurriculoCv.do?cod_rh=0001925068,"GrupLAC, censo de integrantes, consultado 2026-09-25; vinculación: 2020/10 - Actual",1
I-0000764329,Carmen Julia Pedroza Padilla,0000764329,,,,https://scienti.minciencias.gov.co/cvlac/visualizador/generarCurriculoCv.do?cod_rh=0000764329,"GrupLAC, censo de integrantes, consultado 2026-09-25; vinculación: 2014/1 - Actual",1
I-0000439223,ANDERSON RAMIREZ AYALA,0000439223,,,,https://scienti.minciencias.gov.co/cvlac/visualizador/generarCurriculoCv.do?cod_rh=0000439223,"GrupLAC, censo de integrantes, consultado 2026-09-25; vinculación: 2014/1 - Actual",1
I-0000539120,Amileth Suarez Causado,0000539120,,Investigador Senior (IS),,https://scienti.minciencias.gov.co/cvlac/visualizador/generarCurriculoCv.do?cod_rh=0000539120,"GrupLAC, censo de integrantes, consultado 2026-09-25; vinculación: 2016/6 - 2016/12",1
I-0001624242,ANA ROSA ROPERO VERA,0001624242,,,,https://scienti.minciencias.gov.co/cvlac/visualizador/generarCurriculoCv.do?cod_rh=0001624242,"GrupLAC, censo de integrantes, consultado 2026-09-25; vinculación: 2016/2 - Actual",1
I-0000810541,Dalia Maria Blanchar Martinez,0000810541,,,,https://scienti.minciencias.gov.co/cvlac/visualizador/generarCurriculoCv.do?cod_rh=0000810541,"GrupLAC, censo de integrantes, consultado 2026-09-25; vinculación: 2020/1 - Actual",1
I-0001341687,Deivis Jhoan Gutierrez Montero,0001341687,,Investigador Asociado (I),,https://scienti.minciencias.gov.co/cvlac/visualizador/generarCurriculoCv.do?cod_rh=0001341687,"GrupLAC, censo de integrantes, consultado 2026-09-25; vinculación: 2018/1 - Actual",1
I-0001438716,Dianis Julieth Cantillo Pallares,0001438716,,,,https://scienti.minciencias.gov.co/cvlac/visualizador/generarCurriculoCv.do?cod_rh=0001438716,"GrupLAC, censo de integrantes, consultado 2026-09-25; vinculación: 2016/1 - 2016/12",1
I-0000018894,DINARY ELOISA DURAN SEQUEDA,0000018894,,Investigador Junior (IJ),,https://scienti.minciencias.gov.co/cvlac/visualizador/generarCurriculoCv.do?cod_rh=0000018894,"GrupLAC, censo de integrantes, consultado 2026-09-25; vinculación: 2022/7 - Actual",1
I-0000150630,Hernando Dario Suarez Gomez,0000150630,,,,https://scienti.minciencias.gov.co/cvlac/visualizador/generarCurriculoCv.do?cod_rh=0000150630,"GrupLAC, censo de integrantes, consultado 2026-09-25; vinculación: 2014/1 - 2015/6",1
I-0001364074,Jayr Alfredo Yepes Escorcia,0001364074,,,,https://scienti.minciencias.gov.co/cvlac/visualizador/generarCurriculoCv.do?cod_rh=0001364074,"GrupLAC, censo de integrantes, consultado 2026-09-25; vinculación: 2014/1 - Actual",1
I-0000786357,Lilia Mercedes Mendoza Vega,0000786357,,Investigador Asociado (I),,https://scienti.minciencias.gov.co/cvlac/visualizador/generarCurriculoCv.do?cod_rh=0000786357,"GrupLAC, censo de integrantes, consultado 2026-09-25; vinculación: 2010/1 - Actual",1
I-0000832472,Abel Enrique Berdejo Viana,0000832472,,,,https://scienti.minciencias.gov.co/cvlac/visualizador/generarCurriculoCv.do?cod_rh=0000832472,"GrupLAC, censo de integrantes, consultado 2026-09-25; vinculación: 2006/8 - 2006/8",1
I-0001354508,aida lucia velez vengoechea,0001354508,,,,https://scienti.minciencias.gov.co/cvlac/visualizador/generarCurriculoCv.do?cod_rh=0001354508,"GrupLAC, censo de integrantes, consultado 2026-09-25; vinculación: 2009/6 - 2010/1",1
I-0001289047,Alberto Narvaez Rozo,0001289047,,,,https://scienti.minciencias.gov.co/cvlac/visualizador/generarCurriculoCv.do?cod_rh=0001289047,"GrupLAC, censo de integrantes, consultado 2026-09-25; vinculación: 2009/6 - 2010/3",1
I-0000446955,Alberto SANCHEZ GALVIS,0000446955,,,,https://scienti.minciencias.gov.co/cvlac/visualizador/generarCurriculoCv.do?cod_rh=0000446955,"GrupLAC, censo de integrantes, consultado 2026-09-25; vinculación: 2010/1 - 2010/1",1
I-0000958328,Alcira Isabel Muñoz Osorio,0000958328,,Investigador Junior (IJ),,https://scienti.minciencias.gov.co/cvlac/visualizador/generarCurriculoCv.do?cod_rh=0000958328,"GrupLAC, censo de integrantes, consultado 2026-09-25; vinculación: 2007/4 - 2010/3",1
I-0000491659,Alfonso Martín Aguirre Acuña,0000491659,,,,https://scienti.minciencias.gov.co/cvlac/visualizador/generarCurriculoCv.do?cod_rh=0000491659,"GrupLAC, censo de integrantes, consultado 2026-09-25; vinculación: 2011/1 - 2011/1",1
I-0000678465,Alvaro Enrique Figueroa Bolaño,0000678465,,,,https://scienti.minciencias.gov.co/cvlac/visualizador/generarCurriculoCv.do?cod_rh=0000678465,"GrupLAC, censo de integrantes, consultado 2026-09-25; vinculación: 2007/4 - 2010/1",1
I-0000447064,Alvaro Javier Buenaventura Rico,0000447064,,,,https://scienti.minciencias.gov.co/cvlac/visualizador/generarCurriculoCv.do?cod_rh=0000447064,"GrupLAC, censo de integrantes, consultado 2026-09-25; vinculación: 2011/8 - 2011/8",1
I-0000846260,Ana Bernarda SAJER MALDONADO,0000846260,,,,https://scienti.minciencias.gov.co/cvlac/visualizador/generarCurriculoCv.do?cod_rh=0000846260,"GrupLAC, censo de integrantes, consultado 2026-09-25; vinculación: 2007/1 - 2010/3",1
I-0000181502,Aylin Del Carmen Lastra Guerrero,0000181502,,,,https://scienti.minciencias.gov.co/cvlac/visualizador/generarCurriculoCv.do?cod_rh=0000181502,"GrupLAC, censo de integrantes, consultado 2026-09-25; vinculación: 2019/8 - 2023/12",1
I-0001713474,Betsi Fernandez,0001713474,,,,https://scienti.minciencias.gov.co/cvlac/visualizador/generarCurriculoCv.do?cod_rh=0001713474,"GrupLAC, censo de integrantes, consultado 2026-09-25; vinculación: 2018/1 - 2023/10",1
I-0001457025,Carlos Manuel Romero Gnecco,0001457025,,,,https://scienti.minciencias.gov.co/cvlac/visualizador/generarCurriculoCv.do?cod_rh=0001457025,"GrupLAC, censo de integrantes, consultado 2026-09-25; vinculación: 2012/2 - 2012/2",1
I-0000001321,Carlos Martín Romero Daza,0000001321,,,,https://scienti.minciencias.gov.co/cvlac/visualizador/generarCurriculoCv.do?cod_rh=0000001321,"GrupLAC, censo de integrantes, consultado 2026-09-25; vinculación: 2009/6 - 2010/3",1
I-0002270443,claudia melissa garcia ortega,0002270443,,,,https://scienti.minciencias.gov.co/cvlac/visualizador/generarCurriculoCv.do?cod_rh=0002270443,"GrupLAC, censo de integrantes, consultado 2026-09-25; vinculación: 2024/8 - Actual",1
I-0001213458,Danilo Enrique Torres Pimiento,0001213458,,Investigador Senior (IS),,https://scienti.minciencias.gov.co/cvlac/visualizador/generarCurriculoCv.do?cod_rh=0001213458,"GrupLAC, censo de integrantes, consultado 2026-09-25; vinculación: 2017/3 - Actual",1
I-0001722870,Diva Licet Mendoza Ocasal,0001722870,,Investigador Junior (IJ),,https://scienti.minciencias.gov.co/cvlac/visualizador/generarCurriculoCv.do?cod_rh=0001722870,"GrupLAC, censo de integrantes, consultado 2026-09-25; vinculación: 2018/7 - 2023/12",1
I-0001713080,Dolores Vélez Jiménez,0001713080,,,,https://scienti.minciencias.gov.co/cvlac/visualizador/generarCurriculoCv.do?cod_rh=0001713080,"GrupLAC, censo de integrantes, consultado 2026-09-25; vinculación: 2018/3 - 2023/10",1
I-0001624367,EDGARDO ALFONSO SERRANO POLO,0001624367,,,,https://scienti.minciencias.gov.co/cvlac/visualizador/generarCurriculoCv.do?cod_rh=0001624367,"GrupLAC, censo de integrantes, consultado 2026-09-25; vinculación: 2018/3 - 2023/12",1
I-0001362930,Edith Campos Guzmán,0001362930,,Investigador Junior (IJ),,https://scienti.minciencias.gov.co/cvlac/visualizador/generarCurriculoCv.do?cod_rh=0001362930,"GrupLAC, censo de integrantes, consultado 2026-09-25; vinculación: 2017/2 - 2023/12",1
I-0000791555,Eduardo Elias Vargas Vasquez,0000791555,,,,https://scienti.minciencias.gov.co/cvlac/visualizador/generarCurriculoCv.do?cod_rh=0000791555,"GrupLAC, censo de integrantes, consultado 2026-09-25; vinculación: 2012/3 - 2013/11",1
I-0001362332,Enoc Barrientos Pérez,0001362332,,Investigador Junior (IJ),,https://scienti.minciencias.gov.co/cvlac/visualizador/generarCurriculoCv.do?cod_rh=0001362332,"GrupLAC, censo de integrantes, consultado 2026-09-25; vinculación: 2013/6 - 2013/6",1
I-0000806757,Erlinda Esther Escorcia Duncan,0000806757,,,,https://scienti.minciencias.gov.co/cvlac/visualizador/generarCurriculoCv.do?cod_rh=0000806757,"GrupLAC, censo de integrantes, consultado 2026-09-25; vinculación: 2007/1 - 2010/1",1
I-0000872318,Esmeralda ARIZA HERNÁNDEZ,0000872318,,,,https://scienti.minciencias.gov.co/cvlac/visualizador/generarCurriculoCv.do?cod_rh=0000872318,"GrupLAC, censo de integrantes, consultado 2026-09-25; vinculación: 2006/11 - 2010/1",1
I-0001205617,Fernando José DURÁN MANJARRES,0001205617,,Investigador Junior (IJ),,https://scienti.minciencias.gov.co/cvlac/visualizador/generarCurriculoCv.do?cod_rh=0001205617,"GrupLAC, censo de integrantes, consultado 2026-09-25; vinculación: 2012/3 - 2012/3",1
I-0000440965,FIDEL ALEJANDRO LLINÀS ZURITA,0000440965,,,,https://scienti.minciencias.gov.co/cvlac/visualizador/generarCurriculoCv.do?cod_rh=0000440965,"GrupLAC, censo de integrantes, consultado 2026-09-25; vinculación: 2011/1 - 2011/1",1
I-0000450766,Freddy Enrique Gutiérrez Parejo,0000450766,,,,https://scienti.minciencias.gov.co/cvlac/visualizador/generarCurriculoCv.do?cod_rh=0000450766,"GrupLAC, censo de integrantes, consultado 2026-09-25; vinculación: 2009/6 - 2010/3",1
I-0000540587,Fredys De Jesús García Sierra,0000540587,,,,https://scienti.minciencias.gov.co/cvlac/visualizador/generarCurriculoCv.do?cod_rh=0000540587,"GrupLAC, censo de integrantes, consultado 2026-09-25; vinculación: 2009/2 - 2009/2",1
I-0001515575,Gina Paola Sanjuan Gómez,0001515575,,,,https://scienti.minciencias.gov.co/cvlac/visualizador/generarCurriculoCv.do?cod_rh=0001515575,"GrupLAC, censo de integrantes, consultado 2026-09-25; vinculación: 2013/2 - 2013/2",1
I-0000624560,Giselle Milena Bovea Cerra,0000624560,,,,https://scienti.minciencias.gov.co/cvlac/visualizador/generarCurriculoCv.do?cod_rh=0000624560,"GrupLAC, censo de integrantes, consultado 2026-09-25; vinculación: 2005/5 - 2006/1",1
I-0000584517,Giuliano SENI MEDINA,0000584517,,Investigador Junior (IJ),,https://scienti.minciencias.gov.co/cvlac/visualizador/generarCurriculoCv.do?cod_rh=0000584517,"GrupLAC, censo de integrantes, consultado 2026-09-25; vinculación: 2007/1 - 2010/3",1
I-0000255181,Grey Del Carmen Jiménez Gómez,0000255181,,,,https://scienti.minciencias.gov.co/cvlac/visualizador/generarCurriculoCv.do?cod_rh=0000255181,"GrupLAC, censo de integrantes, consultado 2026-09-25; vinculación: 2007/12 - 2009/1",1
I-0001024760,Guillermo Antonio Baena Lopez,0001024760,,,,https://scienti.minciencias.gov.co/cvlac/visualizador/generarCurriculoCv.do?cod_rh=0001024760,"GrupLAC, censo de integrantes, consultado 2026-09-25; vinculación: 2008/2 - 2008/2",1
I-0000425770,Guillermo JOHNSON CEBALLOS,0000425770,,,,https://scienti.minciencias.gov.co/cvlac/visualizador/generarCurriculoCv.do?cod_rh=0000425770,"GrupLAC, censo de integrantes, consultado 2026-09-25; vinculación: 2004/9 - 2008/1",1
I-0001559226,GUSTAVO RAFAEL HENRIQUEZ FUENTES,0001559226,,Investigador Junior (IJ),,https://scienti.minciencias.gov.co/cvlac/visualizador/generarCurriculoCv.do?cod_rh=0001559226,"GrupLAC, censo de integrantes, consultado 2026-09-25; vinculación: 2019/5 - 2023/5",1
I-0000911682,HAROLD ALVAREZ CAMPOS,0000911682,,Investigador Junior (IJ),,https://scienti.minciencias.gov.co/cvlac/visualizador/generarCurriculoCv.do?cod_rh=0000911682,"GrupLAC, censo de integrantes, consultado 2026-09-25; vinculación: 2013/4 - 2013/4",1
I-0000320803,Helena Guerrero de Caballero,0000320803,,,,https://scienti.minciencias.gov.co/cvlac/visualizador/generarCurriculoCv.do?cod_rh=0000320803,"GrupLAC, censo de integrantes, consultado 2026-09-25; vinculación: 2005/7 - 2005/7",1
I-0000955388,Hernando Jose Sampayo Aguilera,0000955388,,,,https://scienti.minciencias.gov.co/cvlac/visualizador/generarCurriculoCv.do?cod_rh=0000955388,"GrupLAC, censo de integrantes, consultado 2026-09-25; vinculación: 2007/1 - 2008/1",1
I-0001414840,Iraida Yumila Caballero Nieto,0001414840,,Investigador Junior (IJ),,https://scienti.minciencias.gov.co/cvlac/visualizador/generarCurriculoCv.do?cod_rh=0001414840,"GrupLAC, censo de integrantes, consultado 2026-09-25; vinculación: 2014/6 - 2014/6",1
I-0001535862,Iván Darío González Martínez,0001535862,,Investigador Junior (IJ),,https://scienti.minciencias.gov.co/cvlac/visualizador/generarCurriculoCv.do?cod_rh=0001535862,"GrupLAC, censo de integrantes, consultado 2026-09-25; vinculación: 2021/8 - 2023/12",1
I-0000980072,Jaime Enrique Guzmán Gómez,0000980072,,,,https://scienti.minciencias.gov.co/cvlac/visualizador/generarCurriculoCv.do?cod_rh=0000980072,"GrupLAC, censo de integrantes, consultado 2026-09-25; vinculación: 2007/1 - 2008/1",1
I-0000540633,Jairo Enrique Ibarra Lozano,0000540633,,,,https://scienti.minciencias.gov.co/cvlac/visualizador/generarCurriculoCv.do?cod_rh=0000540633,"GrupLAC, censo de integrantes, consultado 2026-09-25; vinculación: 2005/6 - 2010/3",1
I-0001515799,James Enrique Frasser Camargo,0001515799,,,,https://scienti.minciencias.gov.co/cvlac/visualizador/generarCurriculoCv.do?cod_rh=0001515799,"GrupLAC, censo de integrantes, consultado 2026-09-25; vinculación: 2013/2 - 2013/2",1
I-0001400795,javier eduardo garcia felizzola,0001400795,,,,https://scienti.minciencias.gov.co/cvlac/visualizador/generarCurriculoCv.do?cod_rh=0001400795,"GrupLAC, censo de integrantes, consultado 2026-09-25; vinculación: 2013/4 - 2013/4",1
I-0000845434,Jesùs Alvarez Cabrera,0000845434,,,,https://scienti.minciencias.gov.co/cvlac/visualizador/generarCurriculoCv.do?cod_rh=0000845434,"GrupLAC, censo de integrantes, consultado 2026-09-25; vinculación: 2006/9 - 2010/1",1
I-0001372633,Jhonny Gregorio Baldovino Nuñez,0001372633,,,,https://scienti.minciencias.gov.co/cvlac/visualizador/generarCurriculoCv.do?cod_rh=0001372633,"GrupLAC, censo de integrantes, consultado 2026-09-25; vinculación: 2010/12 - 2010/12",1
I-0000159433,Johny Jose GARCIA TIRADO,0000159433,,Investigador Senior (IS),,https://scienti.minciencias.gov.co/cvlac/visualizador/generarCurriculoCv.do?cod_rh=0000159433,"GrupLAC, censo de integrantes, consultado 2026-09-25; vinculación: 2009/6 - 2010/1",1
I-0000937134,Jorge Alberto Castillo Fontalvo,0000937134,,,,https://scienti.minciencias.gov.co/cvlac/visualizador/generarCurriculoCv.do?cod_rh=0000937134,"GrupLAC, censo de integrantes, consultado 2026-09-25; vinculación: 2007/1 - 2010/1",1
I-0001071610,Jorge Eduardo Cervera Cárdenas,0001071610,,Investigador Asociado (I),,https://scienti.minciencias.gov.co/cvlac/visualizador/generarCurriculoCv.do?cod_rh=0001071610,"GrupLAC, censo de integrantes, consultado 2026-09-25; vinculación: 2012/10 - 2012/10",1
I-0001405151,José Badel Severiche,0001405151,,,,https://scienti.minciencias.gov.co/cvlac/visualizador/generarCurriculoCv.do?cod_rh=0001405151,"GrupLAC, censo de integrantes, consultado 2026-09-25; vinculación: 2012/3 - 2012/3",1
I-0001338233,José de la Cruz Montero Rangel,0001338233,,,,https://scienti.minciencias.gov.co/cvlac/visualizador/generarCurriculoCv.do?cod_rh=0001338233,"GrupLAC, censo de integrantes, consultado 2026-09-25; vinculación: 2009/2 - 2010/1",1
I-0000552186,José Rafael García González,0000552186,,Investigador Senior (IS),,https://scienti.minciencias.gov.co/cvlac/visualizador/generarCurriculoCv.do?cod_rh=0000552186,"GrupLAC, censo de integrantes, consultado 2026-09-25; vinculación: 2009/2 - 2010/1",1
I-0000447285,José ROJAS CHADID,0000447285,,,,https://scienti.minciencias.gov.co/cvlac/visualizador/generarCurriculoCv.do?cod_rh=0000447285,"GrupLAC, censo de integrantes, consultado 2026-09-25; vinculación: 2009/2 - 2010/1",1
I-0002156888,JUAN PABLO RODRIGUEZ RECIO,0002156888,,,,https://scienti.minciencias.gov.co/cvlac/visualizador/generarCurriculoCv.do?cod_rh=0002156888,"GrupLAC, censo de integrantes, consultado 2026-09-25; vinculación: 2023/8 - Actual",1
I-0001520818,Julio Alfonso Cortina Navarro,0001520818,,,,https://scienti.minciencias.gov.co/cvlac/visualizador/generarCurriculoCv.do?cod_rh=0001520818,"GrupLAC, censo de integrantes, consultado 2026-09-25; vinculación: 2014/6 - 2014/6",1
I-0000926787,Julio Alfonso FUENTES MATOS,0000926787,,,,https://scienti.minciencias.gov.co/cvlac/visualizador/generarCurriculoCv.do?cod_rh=0000926787,"GrupLAC, censo de integrantes, consultado 2026-09-25; vinculación: 2012/3 - 2012/3",1
I-0001322354,JULIO MANUEL OLIVARES MARTINEZ,0001322354,,,,https://scienti.minciencias.gov.co/cvlac/visualizador/generarCurriculoCv.do?cod_rh=0001322354,"GrupLAC, censo de integrantes, consultado 2026-09-25; vinculación: 2025/6 - Actual",1
I-0000959979,Julio Rafael Perez Puentes,0000959979,,,,https://scienti.minciencias.gov.co/cvlac/visualizador/generarCurriculoCv.do?cod_rh=0000959979,"GrupLAC, censo de integrantes, consultado 2026-09-25; vinculación: 2009/2 - 2009/2",1
I-0002427892,Karen Alejandra Toro Calderón,0002427892,,,,https://scienti.minciencias.gov.co/cvlac/visualizador/generarCurriculoCv.do?cod_rh=0002427892,"GrupLAC, censo de integrantes, consultado 2026-09-25; vinculación: 2026/2 - Actual",1
I-0001573449,Karolayn Franco Gaviria,0001573449,,,,https://scienti.minciencias.gov.co/cvlac/visualizador/generarCurriculoCv.do?cod_rh=0001573449,"GrupLAC, censo de integrantes, consultado 2026-09-25; vinculación: 2013/8 - 2013/8",1
I-0000180742,Láster Alfonso Gutiérrez Cuadro,0000180742,,,,https://scienti.minciencias.gov.co/cvlac/visualizador/generarCurriculoCv.do?cod_rh=0000180742,"GrupLAC, censo de integrantes, consultado 2026-09-25; vinculación: 2009/2 - 2009/2",1
I-0001620078,laura Florez CERA,0001620078,,,,https://scienti.minciencias.gov.co/cvlac/visualizador/generarCurriculoCv.do?cod_rh=0001620078,"GrupLAC, censo de integrantes, consultado 2026-09-25; vinculación: 2015/2 - 2015/2",1
I-0001413677,Leonardo Fabio Reales Chacón,0001413677,,,,https://scienti.minciencias.gov.co/cvlac/visualizador/generarCurriculoCv.do?cod_rh=0001413677,"GrupLAC, censo de integrantes, consultado 2026-09-25; vinculación: 2012/6 - 2012/6",1
I-0001476037,Leonel Esteban Castro Herrera,0001476037,,,,https://scienti.minciencias.gov.co/cvlac/visualizador/generarCurriculoCv.do?cod_rh=0001476037,"GrupLAC, censo de integrantes, consultado 2026-09-25; vinculación: 2015/2 - 2015/2",1
I-0001613341,Lina Luz Paz Carbonó,0001613341,,,,https://scienti.minciencias.gov.co/cvlac/visualizador/generarCurriculoCv.do?cod_rh=0001613341,"GrupLAC, censo de integrantes, consultado 2026-09-25; vinculación: 2015/2 - 2015/2",1
I-0000807427,Linda Bernal Molinares,0000807427,,,,https://scienti.minciencias.gov.co/cvlac/visualizador/generarCurriculoCv.do?cod_rh=0000807427,"GrupLAC, censo de integrantes, consultado 2026-09-25; vinculación: 2007/1 - 2010/1",1
I-0001354568,lucia cristina merlano valderrama,0001354568,,,,https://scienti.minciencias.gov.co/cvlac/visualizador/generarCurriculoCv.do?cod_rh=0001354568,"GrupLAC, censo de integrantes, consultado 2026-09-25; vinculación: 2009/6 - 2010/3",1
I-0001856454,Luis fernando Galvis Guerra,0001856454,,,,https://scienti.minciencias.gov.co/cvlac/visualizador/generarCurriculoCv.do?cod_rh=0001856454,"GrupLAC, censo de integrantes, consultado 2026-09-25; vinculación: 2023/11 - 2023/12",1
I-0001059246,Luis Samuel MARTINEZ OSPINO,0001059246,,,,https://scienti.minciencias.gov.co/cvlac/visualizador/generarCurriculoCv.do?cod_rh=0001059246,"GrupLAC, censo de integrantes, consultado 2026-09-25; vinculación: 2025/2 - Actual",1
I-0001246321,María Del Carmen Caballero Vergara,0001246321,,,,https://scienti.minciencias.gov.co/cvlac/visualizador/generarCurriculoCv.do?cod_rh=0001246321,"GrupLAC, censo de integrantes, consultado 2026-09-25; vinculación: 2008/10 - 2009/1",1
I-0000617806,Maria Del Pilar ARIZA POLO,0000617806,,,,https://scienti.minciencias.gov.co/cvlac/visualizador/generarCurriculoCv.do?cod_rh=0000617806,"GrupLAC, censo de integrantes, consultado 2026-09-25; vinculación: 2005/4 - 2006/1",1
I-0001390775,María José Turbay Posada,0001390775,,,,https://scienti.minciencias.gov.co/cvlac/visualizador/generarCurriculoCv.do?cod_rh=0001390775,"GrupLAC, censo de integrantes, consultado 2026-09-25; vinculación: 2013/6 - 2013/7",1
I-0002427877,Mariana Henriquez Ayala,0002427877,,,,https://scienti.minciencias.gov.co/cvlac/visualizador/generarCurriculoCv.do?cod_rh=0002427877,"GrupLAC, censo de integrantes, consultado 2026-09-25; vinculación: 2026/2 - Actual",1
I-0001715157,Mario Vidal Moruno,0001715157,,,,https://scienti.minciencias.gov.co/cvlac/visualizador/generarCurriculoCv.do?cod_rh=0001715157,"GrupLAC, censo de integrantes, consultado 2026-09-25; vinculación: 2018/3 - 2023/10",1
I-0000185493,Maritza Elena Turizo Arzuza,0000185493,,,,https://scienti.minciencias.gov.co/cvlac/visualizador/generarCurriculoCv.do?cod_rh=0000185493,"GrupLAC, censo de integrantes, consultado 2026-09-25; vinculación: 2007/1 - 2009/1",1
I-0001461437,Marlon Jaider Vásquez BLANCO,0001461437,,,,https://scienti.minciencias.gov.co/cvlac/visualizador/generarCurriculoCv.do?cod_rh=0001461437,"GrupLAC, censo de integrantes, consultado 2026-09-25; vinculación: 2012/3 - 2013/11",1
I-0001364803,Martha Sofia Viñas Bonitto,0001364803,,,,https://scienti.minciencias.gov.co/cvlac/visualizador/generarCurriculoCv.do?cod_rh=0001364803,"GrupLAC, censo de integrantes, consultado 2026-09-25; vinculación: 2014/5 - 2014/5",1
I-0000446327,Martin Tapias Bohórquez,0000446327,,,,https://scienti.minciencias.gov.co/cvlac/visualizador/generarCurriculoCv.do?cod_rh=0000446327,"GrupLAC, censo de integrantes, consultado 2026-09-25; vinculación: 2009/2 - 2010/3",1
I-0002156890,mayra alejandra becerra padilla,0002156890,,,,https://scienti.minciencias.gov.co/cvlac/visualizador/generarCurriculoCv.do?cod_rh=0002156890,"GrupLAC, censo de integrantes, consultado 2026-09-25; vinculación: 2023/2 - Actual",1
I-0001405244,Moyra Rosa Striedinger Gonzalez,0001405244,,,,https://scienti.minciencias.gov.co/cvlac/visualizador/generarCurriculoCv.do?cod_rh=0001405244,"GrupLAC, censo de integrantes, consultado 2026-09-25; vinculación: 2011/5 - 2011/5",1
I-0000181625,MYRIAM CASTILLO HERNANDEZ,0000181625,,,,https://scienti.minciencias.gov.co/cvlac/visualizador/generarCurriculoCv.do?cod_rh=0000181625,"GrupLAC, censo de integrantes, consultado 2026-09-25; vinculación: 2003/3 - 2010/1",1
I-0001372642,Nestor Braidot,0001372642,,,,https://scienti.minciencias.gov.co/cvlac/visualizador/generarCurriculoCv.do?cod_rh=0001372642,"GrupLAC, censo de integrantes, consultado 2026-09-25; vinculación: 2010/5 - 2010/5",1
I-0000548952,Nestor Rafael Camargo Vilardy,0000548952,,,,https://scienti.minciencias.gov.co/cvlac/visualizador/generarCurriculoCv.do?cod_rh=0000548952,"GrupLAC, censo de integrantes, consultado 2026-09-25; vinculación: 2002/4 - 2010/1",1
I-0001134086,Odelina TRILLOS NAUZA,0001134086,,,,https://scienti.minciencias.gov.co/cvlac/visualizador/generarCurriculoCv.do?cod_rh=0001134086,"GrupLAC, censo de integrantes, consultado 2026-09-25; vinculación: 2008/2 - 2010/1",1
I-0002158172,Olga Lucia Arana Gomez,0002158172,,,,https://scienti.minciencias.gov.co/cvlac/visualizador/generarCurriculoCv.do?cod_rh=0002158172,"GrupLAC, censo de integrantes, consultado 2026-09-25; vinculación: 2023/11 - 2023/12",1
I-0001256556,ORISON ENRIQUE HERNANDEZ GAMEZ,0001256556,,,,https://scienti.minciencias.gov.co/cvlac/visualizador/generarCurriculoCv.do?cod_rh=0001256556,"GrupLAC, censo de integrantes, consultado 2026-09-25; vinculación: 2010/5 - 2010/5",1
I-0000575933,Oscar De Jesus Piña Sabahg,0000575933,,,,https://scienti.minciencias.gov.co/cvlac/visualizador/generarCurriculoCv.do?cod_rh=0000575933,"GrupLAC, censo de integrantes, consultado 2026-09-25; vinculación: 2012/3 - 2012/3",1
I-0000315982,Pablo Antonio Múnera Uribe,0000315982,,,,https://scienti.minciencias.gov.co/cvlac/visualizador/generarCurriculoCv.do?cod_rh=0000315982,"GrupLAC, censo de integrantes, consultado 2026-09-25; vinculación: 2009/6 - 2011/7",1
I-0000769959,RAFAEL BALDOMERO RICARDO RICARDO,0000769959,,,,https://scienti.minciencias.gov.co/cvlac/visualizador/generarCurriculoCv.do?cod_rh=0000769959,"GrupLAC, censo de integrantes, consultado 2026-09-25; vinculación: 2011/1 - 2011/1",1
I-0000705772,Robin Alberto Jimenez Batista,0000705772,,,,https://scienti.minciencias.gov.co/cvlac/visualizador/generarCurriculoCv.do?cod_rh=0000705772,"GrupLAC, censo de integrantes, consultado 2026-09-25; vinculación: 2007/1 - 2010/3",1
I-0000425702,Rosa Angela Paniagua Freyle,0000425702,,,,https://scienti.minciencias.gov.co/cvlac/visualizador/generarCurriculoCv.do?cod_rh=0000425702,"GrupLAC, censo de integrantes, consultado 2026-09-25; vinculación: 2009/6 - 2010/1",1
I-0000433446,Rosa Marìa Gutierrez VARGAS,0000433446,,,,https://scienti.minciencias.gov.co/cvlac/visualizador/generarCurriculoCv.do?cod_rh=0000433446,"GrupLAC, censo de integrantes, consultado 2026-09-25; vinculación: 2003/3 - 2003/3",1
I-0000425753,Rosario VANEGAS GUTIERREZ,0000425753,,,,https://scienti.minciencias.gov.co/cvlac/visualizador/generarCurriculoCv.do?cod_rh=0000425753,"GrupLAC, censo de integrantes, consultado 2026-09-25; vinculación: 2004/1 - 2010/3",1
I-0000446971,Roxana Isabel Angulo Muñoz,0000446971,,,,https://scienti.minciencias.gov.co/cvlac/visualizador/generarCurriculoCv.do?cod_rh=0000446971,"GrupLAC, censo de integrantes, consultado 2026-09-25; vinculación: 2004/3 - 2010/1",1
I-0000885100,Ruben Dario Cubillos Coll,0000885100,,,,https://scienti.minciencias.gov.co/cvlac/visualizador/generarCurriculoCv.do?cod_rh=0000885100,"GrupLAC, censo de integrantes, consultado 2026-09-25; vinculación: 2012/3 - 2012/3",1
I-0001731118,Sandra Milena Chajin Huertas,0001731118,,,,https://scienti.minciencias.gov.co/cvlac/visualizador/generarCurriculoCv.do?cod_rh=0001731118,"GrupLAC, censo de integrantes, consultado 2026-09-25; vinculación: 2019/8 - 2023/12",1
I-0000584274,Segismundo Elías Ceballos,0000584274,,,,https://scienti.minciencias.gov.co/cvlac/visualizador/generarCurriculoCv.do?cod_rh=0000584274,"GrupLAC, censo de integrantes, consultado 2026-09-25; vinculación: 2007/1 - 2009/1",1
I-0001441069,Servulo Anzola Rojas,0001441069,,,,https://scienti.minciencias.gov.co/cvlac/visualizador/generarCurriculoCv.do?cod_rh=0001441069,"GrupLAC, censo de integrantes, consultado 2026-09-25; vinculación: 2011/8 - 2011/8",1
I-0001598714,Sonia Ethel Duran,0001598714,,Investigador Senior (IS),,https://scienti.minciencias.gov.co/cvlac/visualizador/generarCurriculoCv.do?cod_rh=0001598714,"GrupLAC, censo de integrantes, consultado 2026-09-25; vinculación: 2017/6 - 2017/6",1
I-0001440871,Tibisay Hernandez Sarmiento,0001440871,,,,https://scienti.minciencias.gov.co/cvlac/visualizador/generarCurriculoCv.do?cod_rh=0001440871,"GrupLAC, censo de integrantes, consultado 2026-09-25; vinculación: 2014/5 - 2014/5",1
I-0000425575,Tulio Nel Mendivil Zúñiga,0000425575,,,,https://scienti.minciencias.gov.co/cvlac/visualizador/generarCurriculoCv.do?cod_rh=0000425575,"GrupLAC, censo de integrantes, consultado 2026-09-25; vinculación: 2009/2 - 2009/2",1
I-0001660070,Vanessa Pérez Rangel,0001660070,,,,https://scienti.minciencias.gov.co/cvlac/visualizador/generarCurriculoCv.do?cod_rh=0001660070,"GrupLAC, censo de integrantes, consultado 2026-09-25; vinculación: 2017/3 - 2023/12",1
I-0000772410,Victor Manuel Delgado Bohorquez,0000772410,,,,https://scienti.minciencias.gov.co/cvlac/visualizador/generarCurriculoCv.do?cod_rh=0000772410,"GrupLAC, censo de integrantes, consultado 2026-09-25; vinculación: 2008/6 - 2010/3",1
I-0000739987,Walter bernett iguaran,0000739987,,,,https://scienti.minciencias.gov.co/cvlac/visualizador/generarCurriculoCv.do?cod_rh=0000739987,"GrupLAC, censo de integrantes, consultado 2026-09-25; vinculación: 2007/1 - 2010/1",1
I-0000319830,WILFRED VILARDY NAGGLES,0000319830,,Investigador Junior (IJ),,https://scienti.minciencias.gov.co/cvlac/visualizador/generarCurriculoCv.do?cod_rh=0000319830,"GrupLAC, censo de integrantes, consultado 2026-09-25; vinculación: 2012/3 - 2012/3",1
I-0000955043,Yaneth Gómez Contreras,0000955043,,,,https://scienti.minciencias.gov.co/cvlac/visualizador/generarCurriculoCv.do?cod_rh=0000955043,"GrupLAC, censo de integrantes, consultado 2026-09-25; vinculación: 2007/1 - 2008/1",1
I-0000955710,Yully CONTRERAS MONTENEGRO,0000955710,,,,https://scienti.minciencias.gov.co/cvlac/visualizador/generarCurriculoCv.do?cod_rh=0000955710,"GrupLAC, censo de integrantes, consultado 2026-09-25; vinculación: 2005/1 - 2006/1",1
I-0001403747,Eladio Antonio Gil Moreno,0001403747,,,,https://scienti.minciencias.gov.co/cvlac/visualizador/generarCurriculoCv.do?cod_rh=0001403747,"GrupLAC, censo de integrantes, consultado 2026-09-25; vinculación: 2019/1 - 2023/12",1
I-0001573434,Kenneth Maria Vega Palomino,0001573434,,,,https://scienti.minciencias.gov.co/cvlac/visualizador/generarCurriculoCv.do?cod_rh=0001573434,"GrupLAC, censo de integrantes, consultado 2026-09-25; vinculación: 2018/1 - 2023/12",1
I-0001149652,Manuel Guillermo González Soler,0001149652,,,,https://scienti.minciencias.gov.co/cvlac/visualizador/generarCurriculoCv.do?cod_rh=0001149652,"GrupLAC, censo de integrantes, consultado 2026-09-25; vinculación: 2015/1 - 2023/12",1
I-0000019148,LIYIBETH LOZANO GUERRERO,0000019148,,Investigador Junior (IJ),,https://scienti.minciencias.gov.co/cvlac/visualizador/generarCurriculoCv.do?cod_rh=0000019148,"GrupLAC, censo de integrantes, consultado 2026-09-25; vinculación: 2014/1 - Actual",1
I-0000883620,LAUDIS DUNCAN MONTAÑO,0000883620,,,,https://scienti.minciencias.gov.co/cvlac/visualizador/generarCurriculoCv.do?cod_rh=0000883620,"GrupLAC, censo de integrantes, consultado 2026-09-25; vinculación: 2014/1 - Actual",1
I-0001348230,ailem patricia fernandez beleño,0001348230,,,,https://scienti.minciencias.gov.co/cvlac/visualizador/generarCurriculoCv.do?cod_rh=0001348230,"GrupLAC, censo de integrantes, consultado 2026-09-25; vinculación: 2014/1 - Actual",1
I-0000557463,Darling GUEVARA GOMEZ,0000557463,,,,https://scienti.minciencias.gov.co/cvlac/visualizador/generarCurriculoCv.do?cod_rh=0000557463,"GrupLAC, censo de integrantes, consultado 2026-09-25; vinculación: 2014/1 - 2016/9",1
I-0001623442,EDGARDO JAVIER MUÑOZ BELTRAN,0001623442,,Investigador Asociado (I),,https://scienti.minciencias.gov.co/cvlac/visualizador/generarCurriculoCv.do?cod_rh=0001623442,"GrupLAC, censo de integrantes, consultado 2026-09-25; vinculación: 2020/1 - Actual",1
I-0001655444,EDUARDO TOMAS SUAREZ PELAEZ,0001655444,,,,https://scienti.minciencias.gov.co/cvlac/visualizador/generarCurriculoCv.do?cod_rh=0001655444,"GrupLAC, censo de integrantes, consultado 2026-09-25; vinculación: 2024/1 - Actual",1
I-0000557595,JAIRO ANTONIO GUEVARA GOMEZ,0000557595,,,,https://scienti.minciencias.gov.co/cvlac/visualizador/generarCurriculoCv.do?cod_rh=0000557595,"GrupLAC, censo de integrantes, consultado 2026-09-25; vinculación: 2014/1 - Actual",1
I-0000725510,Jhon Jairo VILORIA ESCOBAR,0000725510,,,,https://scienti.minciencias.gov.co/cvlac/visualizador/generarCurriculoCv.do?cod_rh=0000725510,"GrupLAC, censo de integrantes, consultado 2026-09-25; vinculación: 2014/1 - Actual",1
I-0000689254,Lina CAMACHO NUÑEZ,0000689254,,Investigador Junior (IJ),,https://scienti.minciencias.gov.co/cvlac/visualizador/generarCurriculoCv.do?cod_rh=0000689254,"GrupLAC, censo de integrantes, consultado 2026-09-25; vinculación: 2014/1 - Actual",1
I-0002310724,Wilmer Manuel Pérez Carrillo,0002310724,,,,https://scienti.minciencias.gov.co/cvlac/visualizador/generarCurriculoCv.do?cod_rh=0002310724,"GrupLAC, censo de integrantes, consultado 2026-09-25; vinculación: 2022/1 - Actual",1
I-0001554534,Gabriel Ángel Galiano Rangel,0001554534,,,,https://scienti.minciencias.gov.co/cvlac/visualizador/generarCurriculoCv.do?cod_rh=0001554534,"GrupLAC, censo de integrantes, consultado 2026-09-25; vinculación: 2015/8 - Actual",1
I-0000059569,Alejandra Marcela Urieles Arzuaga,0000059569,,,,https://scienti.minciencias.gov.co/cvlac/visualizador/generarCurriculoCv.do?cod_rh=0000059569,"GrupLAC, censo de integrantes, consultado 2026-09-25; vinculación: 2017/10 - 2022/8",1
I-0000149087,Dayana Arcelia Agudelo Parra,0000149087,,,,https://scienti.minciencias.gov.co/cvlac/visualizador/generarCurriculoCv.do?cod_rh=0000149087,"GrupLAC, censo de integrantes, consultado 2026-09-25; vinculación: 2017/10 - 2023/7",1
I-0001911305,Dianela Judith Montesino Ternera,0001911305,,,,https://scienti.minciencias.gov.co/cvlac/visualizador/generarCurriculoCv.do?cod_rh=0001911305,"GrupLAC, censo de integrantes, consultado 2026-09-25; vinculación: 2024/9 - Actual",1
I-0000438758,FÉLIX MANUEL MOLINA FLÓREZ,0000438758,,,,https://scienti.minciencias.gov.co/cvlac/visualizador/generarCurriculoCv.do?cod_rh=0000438758,"GrupLAC, censo de integrantes, consultado 2026-09-25; vinculación: 2015/8 - Actual",1
I-0001891925,Harold Enrique Romero Rios,0001891925,,,,https://scienti.minciencias.gov.co/cvlac/visualizador/generarCurriculoCv.do?cod_rh=0001891925,"GrupLAC, censo de integrantes, consultado 2026-09-25; vinculación: 2021/7 - Actual",1
I-0000570397,Iranys URBINA GUTIERREZ,0000570397,,Investigador Junior (IJ),,https://scienti.minciencias.gov.co/cvlac/visualizador/generarCurriculoCv.do?cod_rh=0000570397,"GrupLAC, censo de integrantes, consultado 2026-09-25; vinculación: 2021/9 - Actual",1
I-0000155658,Juan Pablo Santiago Gómez,0000155658,,,,https://scienti.minciencias.gov.co/cvlac/visualizador/generarCurriculoCv.do?cod_rh=0000155658,"GrupLAC, censo de integrantes, consultado 2026-09-25; vinculación: 2019/1 - Actual",1
I-0000026748,Libny Linneth Benavides Santamaría,0000026748,,,,https://scienti.minciencias.gov.co/cvlac/visualizador/generarCurriculoCv.do?cod_rh=0000026748,"GrupLAC, censo de integrantes, consultado 2026-09-25; vinculación: 2015/12 - 2022/8",1
I-0001685792,luis alberto murgas guerra,0001685792,,,,https://scienti.minciencias.gov.co/cvlac/visualizador/generarCurriculoCv.do?cod_rh=0001685792,"GrupLAC, censo de integrantes, consultado 2026-09-25; vinculación: 2019/2 - Actual",1
I-0001617300,LUIS RAUL BARROS PAVAJEAU,0001617300,,,,https://scienti.minciencias.gov.co/cvlac/visualizador/generarCurriculoCv.do?cod_rh=0001617300,"GrupLAC, censo de integrantes, consultado 2026-09-25; vinculación: 2020/2 - Actual",1
I-0002418159,LUISA MARIANA LOPEZ PEREZ,0002418159,,,,https://scienti.minciencias.gov.co/cvlac/visualizador/generarCurriculoCv.do?cod_rh=0002418159,"GrupLAC, censo de integrantes, consultado 2026-09-25; vinculación: 2026/3 - Actual",1
I-0001656889,María Paula Moreno Durán,0001656889,,,,https://scienti.minciencias.gov.co/cvlac/visualizador/generarCurriculoCv.do?cod_rh=0001656889,"GrupLAC, censo de integrantes, consultado 2026-09-25; vinculación: 2018/8 - 2020/10",1
I-0002532998,Natalia Yuliet Escobar Luna,0002532998,,,,https://scienti.minciencias.gov.co/cvlac/visualizador/generarCurriculoCv.do?cod_rh=0002532998,"GrupLAC, censo de integrantes, consultado 2026-09-25; vinculación: 2026/9 - Actual",1
I-0000026109,Neysha Marcela Rivero Picazza,0000026109,,,,https://scienti.minciencias.gov.co/cvlac/visualizador/generarCurriculoCv.do?cod_rh=0000026109,"GrupLAC, censo de integrantes, consultado 2026-09-25; vinculación: 2015/12 - 2022/8",1
I-0000293695,Oscar Ariza Daza,0000293695,,,,https://scienti.minciencias.gov.co/cvlac/visualizador/generarCurriculoCv.do?cod_rh=0000293695,"GrupLAC, censo de integrantes, consultado 2026-09-25; vinculación: 2015/7 - Actual",1
I-0000167478,Piero Michell Pradilla Colmenares,0000167478,,,,https://scienti.minciencias.gov.co/cvlac/visualizador/generarCurriculoCv.do?cod_rh=0000167478,"GrupLAC, censo de integrantes, consultado 2026-09-25; vinculación: 2018/3 - Actual",1
I-0001911279,Valentina Ayure Méndez,0001911279,,,,https://scienti.minciencias.gov.co/cvlac/visualizador/generarCurriculoCv.do?cod_rh=0001911279,"GrupLAC, censo de integrantes, consultado 2026-09-25; vinculación: 2021/7 - Actual",1
I-0000568597,Arnaldo de Jesús Peralta Castilla,0000568597,,,,https://scienti.minciencias.gov.co/cvlac/visualizador/generarCurriculoCv.do?cod_rh=0000568597,"GrupLAC, censo de integrantes, consultado 2026-09-25; vinculación: 2009/2 - Actual",1
I-0000214680,Rolando Enrique Escorcia Caballero,0000214680,,Investigador Junior (IJ),,https://scienti.minciencias.gov.co/cvlac/visualizador/generarCurriculoCv.do?cod_rh=0000214680,"GrupLAC, censo de integrantes, consultado 2026-09-25; vinculación: 2008/8 - Actual",1
I-0001476691,Adriana Marcela Botero Ochoa,0001476691,,,,https://scienti.minciencias.gov.co/cvlac/visualizador/generarCurriculoCv.do?cod_rh=0001476691,"GrupLAC, censo de integrantes, consultado 2026-09-25; vinculación: 2012/2 - Actual",1
I-0001627213,ALEXANDRA ACUÑA ACOSTA,0001627213,,,,https://scienti.minciencias.gov.co/cvlac/visualizador/generarCurriculoCv.do?cod_rh=0001627213,"GrupLAC, censo de integrantes, consultado 2026-09-25; vinculación: 2015/1 - Actual",1
I-0000712493,Alvaro HERRERA JIMENEZ,0000712493,,,,https://scienti.minciencias.gov.co/cvlac/visualizador/generarCurriculoCv.do?cod_rh=0000712493,"GrupLAC, censo de integrantes, consultado 2026-09-25; vinculación: 2011/3 - 2012/6",1
I-0001419566,AMALFI GALINDO OSPINO,0001419566,,,,https://scienti.minciencias.gov.co/cvlac/visualizador/generarCurriculoCv.do?cod_rh=0001419566,"GrupLAC, censo de integrantes, consultado 2026-09-25; vinculación: 2019/2 - Actual",1
I-0001528783,Ana Milena Maya Gonzalez,0001528783,,,,https://scienti.minciencias.gov.co/cvlac/visualizador/generarCurriculoCv.do?cod_rh=0001528783,"GrupLAC, censo de integrantes, consultado 2026-09-25; vinculación: 2015/1 - Actual",1
I-0000512338,Aylem Patricia Fernandez Beleño,0000512338,,,,https://scienti.minciencias.gov.co/cvlac/visualizador/generarCurriculoCv.do?cod_rh=0000512338,"GrupLAC, censo de integrantes, consultado 2026-09-25; vinculación: 2012/6 - 2014/12",1
I-0001602700,Carlos Augusto Badillo Almeira,0001602700,,,,https://scienti.minciencias.gov.co/cvlac/visualizador/generarCurriculoCv.do?cod_rh=0001602700,"GrupLAC, censo de integrantes, consultado 2026-09-25; vinculación: 2016/6 - Actual",1
I-0000749028,Deivis De Jesus Martinez Acosta,0000749028,,,,https://scienti.minciencias.gov.co/cvlac/visualizador/generarCurriculoCv.do?cod_rh=0000749028,"GrupLAC, censo de integrantes, consultado 2026-09-25; vinculación: 2011/7 - Actual",1
I-0000318264,Dorixy DE ARMAS DUARTE,0000318264,,Investigador Junior (IJ),,https://scienti.minciencias.gov.co/cvlac/visualizador/generarCurriculoCv.do?cod_rh=0000318264,"GrupLAC, censo de integrantes, consultado 2026-09-25; vinculación: 2019/1 - Actual",1
I-0001578624,EDWIN SMITH RIVERA FERNANDEZ,0001578624,,,,https://scienti.minciencias.gov.co/cvlac/visualizador/generarCurriculoCv.do?cod_rh=0001578624,"GrupLAC, censo de integrantes, consultado 2026-09-25; vinculación: 2017/1 - Actual",1
I-0001425853,EGLANDINA LEONOR COSTA DAZA,0001425853,,,,https://scienti.minciencias.gov.co/cvlac/visualizador/generarCurriculoCv.do?cod_rh=0001425853,"GrupLAC, censo de integrantes, consultado 2026-09-25; vinculación: 2012/2 - Actual",1
I-0001426665,ELIANA MARCELA DUARTE BAYONA,0001426665,,,,https://scienti.minciencias.gov.co/cvlac/visualizador/generarCurriculoCv.do?cod_rh=0001426665,"GrupLAC, censo de integrantes, consultado 2026-09-25; vinculación: 2011/2 - 2014/12",1
I-0000572381,Fabio Fidel Fuentes Medina,0000572381,,,,https://scienti.minciencias.gov.co/cvlac/visualizador/generarCurriculoCv.do?cod_rh=0000572381,"GrupLAC, censo de integrantes, consultado 2026-09-25; vinculación: 2015/1 - Actual",1
I-0001404285,Gustavo Adolfo Gonzalez Roys,0001404285,,Investigador Asociado (I),,https://scienti.minciencias.gov.co/cvlac/visualizador/generarCurriculoCv.do?cod_rh=0001404285,"GrupLAC, censo de integrantes, consultado 2026-09-25; vinculación: 2018/1 - Actual",1
I-0001529267,Heidy Isabel Lozano Contreras,0001529267,,,,https://scienti.minciencias.gov.co/cvlac/visualizador/generarCurriculoCv.do?cod_rh=0001529267,"GrupLAC, censo de integrantes, consultado 2026-09-25; vinculación: 2020/4 - Actual",1
I-0001398361,HIMMEL SEVERINO RIVERO RESTREPO,0001398361,,,,https://scienti.minciencias.gov.co/cvlac/visualizador/generarCurriculoCv.do?cod_rh=0001398361,"GrupLAC, censo de integrantes, consultado 2026-09-25; vinculación: 2017/1 - Actual",1
I-0001549351,JORGE LUIS MATTOS MEJIA,0001549351,,,,https://scienti.minciencias.gov.co/cvlac/visualizador/generarCurriculoCv.do?cod_rh=0001549351,"GrupLAC, censo de integrantes, consultado 2026-09-25; vinculación: 2017/1 - Actual",1
I-0001398983,Jorge Martin Barros LAGO,0001398983,,,,https://scienti.minciencias.gov.co/cvlac/visualizador/generarCurriculoCv.do?cod_rh=0001398983,"GrupLAC, censo de integrantes, consultado 2026-09-25; vinculación: 2016/1 - Actual",1
I-0001368772,JOSE LUIS ZABALETA FERNANDEZ,0001368772,,,,https://scienti.minciencias.gov.co/cvlac/visualizador/generarCurriculoCv.do?cod_rh=0001368772,"GrupLAC, censo de integrantes, consultado 2026-09-25; vinculación: 2016/9 - Actual",1
I-0001128108,José Marcelo Torres Ortega,0001128108,,Investigador Junior (IJ),,https://scienti.minciencias.gov.co/cvlac/visualizador/generarCurriculoCv.do?cod_rh=0001128108,"GrupLAC, censo de integrantes, consultado 2026-09-25; vinculación: 2015/1 - 2017/1",1
I-0001418059,Jose Omar Varela HERRERA,0001418059,,,,https://scienti.minciencias.gov.co/cvlac/visualizador/generarCurriculoCv.do?cod_rh=0001418059,"GrupLAC, censo de integrantes, consultado 2026-09-25; vinculación: 2016/1 - Actual",1
I-0000800287,Juan Guillermo Cubillos Hinojosa,0000800287,,Investigador Junior (IJ),,https://scienti.minciencias.gov.co/cvlac/visualizador/generarCurriculoCv.do?cod_rh=0000800287,"GrupLAC, censo de integrantes, consultado 2026-09-25; vinculación: 2016/7 - Actual",1
I-0001716474,Julio Francisco Mindiola Carrillo,0001716474,,,,https://scienti.minciencias.gov.co/cvlac/visualizador/generarCurriculoCv.do?cod_rh=0001716474,"GrupLAC, censo de integrantes, consultado 2026-09-25; vinculación: 2017/2 - Actual",1
I-0002153198,Laura Carolina Rios Arroyo,0002153198,,,,https://scienti.minciencias.gov.co/cvlac/visualizador/generarCurriculoCv.do?cod_rh=0002153198,"GrupLAC, censo de integrantes, consultado 2026-09-25; vinculación: 2022/1 - Actual",1
I-0000137370,Liceth Daniela Ríos Navarro,0000137370,,,,https://scienti.minciencias.gov.co/cvlac/visualizador/generarCurriculoCv.do?cod_rh=0000137370,"GrupLAC, censo de integrantes, consultado 2026-09-25; vinculación: 2019/7 - Actual",1
I-0000155693,Lisbeth Lorena Gaitán Mateus,0000155693,,,,https://scienti.minciencias.gov.co/cvlac/visualizador/generarCurriculoCv.do?cod_rh=0000155693,"GrupLAC, censo de integrantes, consultado 2026-09-25; vinculación: 2018/1 - Actual",1
I-0000016709,LUIS ALEXANDER SARAVIA ROA,0000016709,,,,https://scienti.minciencias.gov.co/cvlac/visualizador/generarCurriculoCv.do?cod_rh=0000016709,"GrupLAC, censo de integrantes, consultado 2026-09-25; vinculación: 2017/2 - Actual",1
I-0001477124,MANUEL GERMAN CUELLO DAZA,0001477124,,,,https://scienti.minciencias.gov.co/cvlac/visualizador/generarCurriculoCv.do?cod_rh=0001477124,"GrupLAC, censo de integrantes, consultado 2026-09-25; vinculación: 2016/7 - Actual",1
I-0000082278,Maoly Sandrit Blanco Contreras,0000082278,,,,https://scienti.minciencias.gov.co/cvlac/visualizador/generarCurriculoCv.do?cod_rh=0000082278,"GrupLAC, censo de integrantes, consultado 2026-09-25; vinculación: 2017/1 - Actual",1
I-0001723661,María Camila Fuentes Sandoval,0001723661,,,,https://scienti.minciencias.gov.co/cvlac/visualizador/generarCurriculoCv.do?cod_rh=0001723661,"GrupLAC, censo de integrantes, consultado 2026-09-25; vinculación: 2019/7 - Actual",1
I-0001444172,MARIA ESPERANZA MEZA ROMERO,0001444172,,,,https://scienti.minciencias.gov.co/cvlac/visualizador/generarCurriculoCv.do?cod_rh=0001444172,"GrupLAC, censo de integrantes, consultado 2026-09-25; vinculación: 2011/2 - 2014/12",1
I-0001339855,MARTHA ELENA LINERO BARROS,0001339855,,,,https://scienti.minciencias.gov.co/cvlac/visualizador/generarCurriculoCv.do?cod_rh=0001339855,"GrupLAC, censo de integrantes, consultado 2026-09-25; vinculación: 2015/1 - Actual",1
I-0000449709,Martha GUERRA MUÑOZ,0000449709,,Investigador Senior (IS),,https://scienti.minciencias.gov.co/cvlac/visualizador/generarCurriculoCv.do?cod_rh=0000449709,"GrupLAC, censo de integrantes, consultado 2026-09-25; vinculación: 2016/6 - Actual",1
I-0000806595,Martha MENDOZA CASTRO,0000806595,,Investigador Asociado (I),,https://scienti.minciencias.gov.co/cvlac/visualizador/generarCurriculoCv.do?cod_rh=0000806595,"GrupLAC, censo de integrantes, consultado 2026-09-25; vinculación: 2019/2 - Actual",1
I-0001627094,MELIXA DAYAN CORDOBA NUÑEZ,0001627094,,,,https://scienti.minciencias.gov.co/cvlac/visualizador/generarCurriculoCv.do?cod_rh=0001627094,"GrupLAC, censo de integrantes, consultado 2026-09-25; vinculación: 2015/4 - Actual",1
I-0000603910,Miguel Ánguel Gómez Redondo,0000603910,,,,https://scienti.minciencias.gov.co/cvlac/visualizador/generarCurriculoCv.do?cod_rh=0000603910,"GrupLAC, censo de integrantes, consultado 2026-09-25; vinculación: 2011/3 - Actual",1
I-0001723616,Miguel de jesus Barros Alvarez,0001723616,,,,https://scienti.minciencias.gov.co/cvlac/visualizador/generarCurriculoCv.do?cod_rh=0001723616,"GrupLAC, censo de integrantes, consultado 2026-09-25; vinculación: 2019/6 - Actual",1
I-0001638646,MILENA PATRICIA CASTILLO RADA,0001638646,,,,https://scienti.minciencias.gov.co/cvlac/visualizador/generarCurriculoCv.do?cod_rh=0001638646,"GrupLAC, censo de integrantes, consultado 2026-09-25; vinculación: 2013/1 - Actual",1
I-0001426148,NELLY ROSERO CASTILLO,0001426148,,,,https://scienti.minciencias.gov.co/cvlac/visualizador/generarCurriculoCv.do?cod_rh=0001426148,"GrupLAC, censo de integrantes, consultado 2026-09-25; vinculación: 2017/7 - Actual",1
I-0001445555,NELSON ALFONSO MONTERO FONTALVO,0001445555,,,,https://scienti.minciencias.gov.co/cvlac/visualizador/generarCurriculoCv.do?cod_rh=0001445555,"GrupLAC, censo de integrantes, consultado 2026-09-25; vinculación: 2016/1 - Actual",1
I-0001471050,Néstor Feliciano Plata Alfaro,0001471050,,,,https://scienti.minciencias.gov.co/cvlac/visualizador/generarCurriculoCv.do?cod_rh=0001471050,"GrupLAC, censo de integrantes, consultado 2026-09-25; vinculación: 2017/1 - Actual",1
I-0001016172,Olga HERNANDEZ ALMANZA,0001016172,,,,https://scienti.minciencias.gov.co/cvlac/visualizador/generarCurriculoCv.do?cod_rh=0001016172,"GrupLAC, censo de integrantes, consultado 2026-09-25; vinculación: 2011/2 - Actual",1
I-0000071573,oriana carolina jurado fuentes,0000071573,,,,https://scienti.minciencias.gov.co/cvlac/visualizador/generarCurriculoCv.do?cod_rh=0000071573,"GrupLAC, censo de integrantes, consultado 2026-09-25; vinculación: 2016/7 - Actual",1
I-0001518453,Pedro Rafael Peralta Acosta,0001518453,,,,https://scienti.minciencias.gov.co/cvlac/visualizador/generarCurriculoCv.do?cod_rh=0001518453,"GrupLAC, censo de integrantes, consultado 2026-09-25; vinculación: 2011/6 - 2020/2",1
I-0000457680,Raul Francisco Bermudez Marquez,0000457680,,,,https://scienti.minciencias.gov.co/cvlac/visualizador/generarCurriculoCv.do?cod_rh=0000457680,"GrupLAC, censo de integrantes, consultado 2026-09-25; vinculación: 2019/1 - Actual",1
I-0001380761,Ronny Javier Lopez Hernandez,0001380761,,,,https://scienti.minciencias.gov.co/cvlac/visualizador/generarCurriculoCv.do?cod_rh=0001380761,"GrupLAC, censo de integrantes, consultado 2026-09-25; vinculación: 2019/1 - Actual",1
I-0001547295,shirleny maria Castillo Rada,0001547295,,,,https://scienti.minciencias.gov.co/cvlac/visualizador/generarCurriculoCv.do?cod_rh=0001547295,"GrupLAC, censo de integrantes, consultado 2026-09-25; vinculación: 2013/1 - Actual",1
I-0001606624,TANIA MARINA BAQUERO SUÁREZ,0001606624,,Investigador Asociado (I),,https://scienti.minciencias.gov.co/cvlac/visualizador/generarCurriculoCv.do?cod_rh=0001606624,"GrupLAC, censo de integrantes, consultado 2026-09-25; vinculación: 2016/6 - Actual",1
I-0000554693,Tomas Dario Gutierrez Hinojosa,0000554693,,,,https://scienti.minciencias.gov.co/cvlac/visualizador/generarCurriculoCv.do?cod_rh=0000554693,"GrupLAC, censo de integrantes, consultado 2026-09-25; vinculación: 2015/11 - Actual",1
I-0000082202,William David Cervantes Jaraba,0000082202,,,,https://scienti.minciencias.gov.co/cvlac/visualizador/generarCurriculoCv.do?cod_rh=0000082202,"GrupLAC, censo de integrantes, consultado 2026-09-25; vinculación: 2017/1 - Actual",1
I-0000021055,Wilson Ramon Garcia Vasquez,0000021055,,,,https://scienti.minciencias.gov.co/cvlac/visualizador/generarCurriculoCv.do?cod_rh=0000021055,"GrupLAC, censo de integrantes, consultado 2026-09-25; vinculación: 2017/1 - Actual",1
I-0001348235,ximena isabel bohorquez rodriguez,0001348235,,Investigador Junior (IJ),,https://scienti.minciencias.gov.co/cvlac/visualizador/generarCurriculoCv.do?cod_rh=0001348235,"GrupLAC, censo de integrantes, consultado 2026-09-25; vinculación: 2016/5 - Actual",1
I-0001836408,Yennys Angelica Diaz Valencia,0001836408,,,,https://scienti.minciencias.gov.co/cvlac/visualizador/generarCurriculoCv.do?cod_rh=0001836408,"GrupLAC, censo de integrantes, consultado 2026-09-25; vinculación: 2020/12 - Actual",1
I-0001487163,YULIBETH ROMERO ESCORCIA,0001487163,,,,https://scienti.minciencias.gov.co/cvlac/visualizador/generarCurriculoCv.do?cod_rh=0001487163,"GrupLAC, censo de integrantes, consultado 2026-09-25; vinculación: 2024/1 - Actual",1
I-0001455875,cindy lorena toloza gamarra,0001455875,,,,https://scienti.minciencias.gov.co/cvlac/visualizador/generarCurriculoCv.do?cod_rh=0001455875,"GrupLAC, censo de integrantes, consultado 2026-09-25; vinculación: 2019/1 - Actual",1
I-0001425992,JORGE IVAN GUERRA FUENTES,0001425992,,,,https://scienti.minciencias.gov.co/cvlac/visualizador/generarCurriculoCv.do?cod_rh=0001425992,"GrupLAC, censo de integrantes, consultado 2026-09-25; vinculación: 2019/1 - Actual",1
I-0002144404,Alberto Ulises Caamaño Yusti,0002144404,,,,https://scienti.minciencias.gov.co/cvlac/visualizador/generarCurriculoCv.do?cod_rh=0002144404,"GrupLAC, censo de integrantes, consultado 2026-09-25; vinculación: 2023/1 - Actual",1
I-0001724998,ELIANA PATRICIA ESCORCIA PALMA,0001724998,,,,https://scienti.minciencias.gov.co/cvlac/visualizador/generarCurriculoCv.do?cod_rh=0001724998,"GrupLAC, censo de integrantes, consultado 2026-09-25; vinculación: 2020/1 - Actual",1
I-0000338907,Enders CAMPO RAMIREZ,0000338907,,,,https://scienti.minciencias.gov.co/cvlac/visualizador/generarCurriculoCv.do?cod_rh=0000338907,"GrupLAC, censo de integrantes, consultado 2026-09-25; vinculación: 2022/12 - Actual",1
I-0002236495,GLORIA YANETH HERNANDEZ MIELES,0002236495,,,,https://scienti.minciencias.gov.co/cvlac/visualizador/generarCurriculoCv.do?cod_rh=0002236495,"GrupLAC, censo de integrantes, consultado 2026-09-25; vinculación: 2022/1 - Actual",1
I-0001740794,HILDA MARIA DIAZ ACOSTA,0001740794,,,,https://scienti.minciencias.gov.co/cvlac/visualizador/generarCurriculoCv.do?cod_rh=0001740794,"GrupLAC, censo de integrantes, consultado 2026-09-25; vinculación: 2019/1 - Actual",1
I-0001933253,JUAN BAUTISTA BEDOYA FLOREZ,0001933253,,,,https://scienti.minciencias.gov.co/cvlac/visualizador/generarCurriculoCv.do?cod_rh=0001933253,"GrupLAC, censo de integrantes, consultado 2026-09-25; vinculación: 2023/10 - Actual",1
I-0001542629,LAURA MENDOZA MURGAS,0001542629,,,,https://scienti.minciencias.gov.co/cvlac/visualizador/generarCurriculoCv.do?cod_rh=0001542629,"GrupLAC, censo de integrantes, consultado 2026-09-25; vinculación: 2022/1 - Actual",1
I-0002049701,LILIANA DEL CARMEN CADENA BARRIOS,0002049701,,,,https://scienti.minciencias.gov.co/cvlac/visualizador/generarCurriculoCv.do?cod_rh=0002049701,"GrupLAC, censo de integrantes, consultado 2026-09-25; vinculación: 2022/1 - Actual",1
I-0000038814,MARIA TERESA ZULETA CASTILLA,0000038814,,,,https://scienti.minciencias.gov.co/cvlac/visualizador/generarCurriculoCv.do?cod_rh=0000038814,"GrupLAC, censo de integrantes, consultado 2026-09-25; vinculación: 2020/1 - Actual",1
I-0001420767,RAMON CELIAR MONTALVO GONZALEZ,0001420767,,,,https://scienti.minciencias.gov.co/cvlac/visualizador/generarCurriculoCv.do?cod_rh=0001420767,"GrupLAC, censo de integrantes, consultado 2026-09-25; vinculación: 2025/1 - Actual",1
I-0000160322,TIRSO NICOLAS MAYA GONZALEZ,0000160322,,,,https://scienti.minciencias.gov.co/cvlac/visualizador/generarCurriculoCv.do?cod_rh=0000160322,"GrupLAC, censo de integrantes, consultado 2026-09-25; vinculación: 2025/6 - Actual",1
I-0000450987,Luis Carlos DÍAZ MUEGUE,0000450987,,Investigador Asociado (I),,https://scienti.minciencias.gov.co/cvlac/visualizador/generarCurriculoCv.do?cod_rh=0000450987,"GrupLAC, censo de integrantes, consultado 2026-09-25; vinculación: 2003/3 - Actual",1
I-0000299197,LUIS CARLOS ANGULO ARGOTE,0000299197,,,,https://scienti.minciencias.gov.co/cvlac/visualizador/generarCurriculoCv.do?cod_rh=0000299197,"GrupLAC, censo de integrantes, consultado 2026-09-25; vinculación: 2003/3 - Actual",1
I-0001422306,Adriana carolina Cabana Opino,0001422306,,,,https://scienti.minciencias.gov.co/cvlac/visualizador/generarCurriculoCv.do?cod_rh=0001422306,"GrupLAC, censo de integrantes, consultado 2026-09-25; vinculación: 2011/6 - 2011/6",1
I-0001426566,ADRIANA MARCELA ROJAS PEDRAZA,0001426566,,,,https://scienti.minciencias.gov.co/cvlac/visualizador/generarCurriculoCv.do?cod_rh=0001426566,"GrupLAC, censo de integrantes, consultado 2026-09-25; vinculación: 2011/3 - Actual",1
I-0001723524,Alex Andres Murillo Villamizar,0001723524,,,,https://scienti.minciencias.gov.co/cvlac/visualizador/generarCurriculoCv.do?cod_rh=0001723524,"GrupLAC, censo de integrantes, consultado 2026-09-25; vinculación: 2022/2 - Actual",1
I-0001449528,ANA MARCELA LOPEZ POLANCO,0001449528,,,,https://scienti.minciencias.gov.co/cvlac/visualizador/generarCurriculoCv.do?cod_rh=0001449528,"GrupLAC, censo de integrantes, consultado 2026-09-25; vinculación: 2011/10 - Actual",1
I-0001493540,Andrés Alfonso Peñaloza Soto,0001493540,,,,https://scienti.minciencias.gov.co/cvlac/visualizador/generarCurriculoCv.do?cod_rh=0001493540,"GrupLAC, censo de integrantes, consultado 2026-09-25; vinculación: 2013/3 - 2022/12",1
I-0001426882,ANGEL ISAIAS ARAUJO CARDENAS,0001426882,,,,https://scienti.minciencias.gov.co/cvlac/visualizador/generarCurriculoCv.do?cod_rh=0001426882,"GrupLAC, censo de integrantes, consultado 2026-09-25; vinculación: 2011/6 - 2011/6",1
I-0001449492,ANGELA PATRICIA HERNANDEZ PEDROZO,0001449492,,,,https://scienti.minciencias.gov.co/cvlac/visualizador/generarCurriculoCv.do?cod_rh=0001449492,"GrupLAC, censo de integrantes, consultado 2026-09-25; vinculación: 2011/10 - 2011/10",1
I-0001390630,Aslenis Emidia Melo Rios,0001390630,,,,https://scienti.minciencias.gov.co/cvlac/visualizador/generarCurriculoCv.do?cod_rh=0001390630,"GrupLAC, censo de integrantes, consultado 2026-09-25; vinculación: 2014/1 - 2022/12",1
I-0001412171,Carlos Alonso Cadavid Osorio,0001412171,,,,https://scienti.minciencias.gov.co/cvlac/visualizador/generarCurriculoCv.do?cod_rh=0001412171,"GrupLAC, censo de integrantes, consultado 2026-09-25; vinculación: 2011/8 - 2011/10",1
I-0001449529,CARLOS EDUARDO PACHECO LONDOÑO,0001449529,,,,https://scienti.minciencias.gov.co/cvlac/visualizador/generarCurriculoCv.do?cod_rh=0001449529,"GrupLAC, censo de integrantes, consultado 2026-09-25; vinculación: 2011/10 - Actual",1
I-0001426550,CAROLINA POLO MEDINA,0001426550,,,,https://scienti.minciencias.gov.co/cvlac/visualizador/generarCurriculoCv.do?cod_rh=0001426550,"GrupLAC, censo de integrantes, consultado 2026-09-25; vinculación: 2011/6 - Actual",1
I-0000550990,Cesar Enrique brochero garcia,0000550990,,,,https://scienti.minciencias.gov.co/cvlac/visualizador/generarCurriculoCv.do?cod_rh=0000550990,"GrupLAC, censo de integrantes, consultado 2026-09-25; vinculación: 2003/7 - 2008/1",1
I-0001417838,David Michael Nuñez Vargas,0001417838,,,,https://scienti.minciencias.gov.co/cvlac/visualizador/generarCurriculoCv.do?cod_rh=0001417838,"GrupLAC, censo de integrantes, consultado 2026-09-25; vinculación: 2023/7 - Actual",1
I-0001449530,DAYANNA MARCELA OLIVEROS BOHORQUEZ,0001449530,,,,https://scienti.minciencias.gov.co/cvlac/visualizador/generarCurriculoCv.do?cod_rh=0001449530,"GrupLAC, censo de integrantes, consultado 2026-09-25; vinculación: 2014/2 - 2022/12",1
I-0001449495,EDWIN ANDRES MONROY RODRIGUEZ,0001449495,,,,https://scienti.minciencias.gov.co/cvlac/visualizador/generarCurriculoCv.do?cod_rh=0001449495,"GrupLAC, censo de integrantes, consultado 2026-09-25; vinculación: 2011/10 - 2022/12",1
I-0000759465,Erlin CARPIO VEGA,0000759465,,,,https://scienti.minciencias.gov.co/cvlac/visualizador/generarCurriculoCv.do?cod_rh=0000759465,"GrupLAC, censo de integrantes, consultado 2026-09-25; vinculación: 2014/1 - 2022/12",1
I-0000459356,Ernesto Camilo Zuleta Suárez,0000459356,,,,https://scienti.minciencias.gov.co/cvlac/visualizador/generarCurriculoCv.do?cod_rh=0000459356,"GrupLAC, censo de integrantes, consultado 2026-09-25; vinculación: 2008/5 - Actual",1
I-0001437889,GUSTAVO FLOREZ MOJICA,0001437889,,,,https://scienti.minciencias.gov.co/cvlac/visualizador/generarCurriculoCv.do?cod_rh=0001437889,"GrupLAC, censo de integrantes, consultado 2026-09-25; vinculación: 2011/8 - 2011/8",1
I-0000033459,Hotman Junior Laguna Herrera,0000033459,,,,https://scienti.minciencias.gov.co/cvlac/visualizador/generarCurriculoCv.do?cod_rh=0000033459,"GrupLAC, censo de integrantes, consultado 2026-09-25; vinculación: 2017/1 - Actual",1
I-0001202022,Hugues Vega Manjarres,0001202022,,Investigador Junior (IJ),,https://scienti.minciencias.gov.co/cvlac/visualizador/generarCurriculoCv.do?cod_rh=0001202022,"GrupLAC, censo de integrantes, consultado 2026-09-25; vinculación: 2023/1 - Actual",1
I-0000296252,Jailes Joaquin Beltrán Jimenez,0000296252,,,,https://scienti.minciencias.gov.co/cvlac/visualizador/generarCurriculoCv.do?cod_rh=0000296252,"GrupLAC, censo de integrantes, consultado 2026-09-25; vinculación: 2014/1 - 2016/12",1
I-0000031856,Jaime Andres Campo Cuadro,0000031856,,,,https://scienti.minciencias.gov.co/cvlac/visualizador/generarCurriculoCv.do?cod_rh=0000031856,"GrupLAC, censo de integrantes, consultado 2026-09-25; vinculación: 2015/2 - Actual",1
I-0000015961,james yesid kanmerer castilla,0000015961,,,,https://scienti.minciencias.gov.co/cvlac/visualizador/generarCurriculoCv.do?cod_rh=0000015961,"GrupLAC, censo de integrantes, consultado 2026-09-25; vinculación: 2014/1 - Actual",1
I-0001404727,JAVIER ENRIQUE OROZCO OSPINO,0001404727,,Investigador Asociado (I),,https://scienti.minciencias.gov.co/cvlac/visualizador/generarCurriculoCv.do?cod_rh=0001404727,"GrupLAC, censo de integrantes, consultado 2026-09-25; vinculación: 2026/7 - Actual",1
I-0000051440,jeffry daza corzo,0000051440,,,,https://scienti.minciencias.gov.co/cvlac/visualizador/generarCurriculoCv.do?cod_rh=0000051440,"GrupLAC, censo de integrantes, consultado 2026-09-25; vinculación: 2015/4 - Actual",1
I-0001353528,Jesús Alfredo Morales García,0001353528,,Investigador Junior (IJ),,https://scienti.minciencias.gov.co/cvlac/visualizador/generarCurriculoCv.do?cod_rh=0001353528,"GrupLAC, censo de integrantes, consultado 2026-09-25; vinculación: 2015/1 - Actual",1
I-0001472571,jhonnatan de jesus cordoba padilla,0001472571,,,,https://scienti.minciencias.gov.co/cvlac/visualizador/generarCurriculoCv.do?cod_rh=0001472571,"GrupLAC, censo de integrantes, consultado 2026-09-25; vinculación: 2015/1 - Actual",1
I-0000597155,JORGE LUIS ALVAREZ MARTINEZ,0000597155,,,,https://scienti.minciencias.gov.co/cvlac/visualizador/generarCurriculoCv.do?cod_rh=0000597155,"GrupLAC, censo de integrantes, consultado 2026-09-25; vinculación: 2011/2 - Actual",1
I-0000602647,Jorge RODRIGUEZ SIERRA,0000602647,,,,https://scienti.minciencias.gov.co/cvlac/visualizador/generarCurriculoCv.do?cod_rh=0000602647,"GrupLAC, censo de integrantes, consultado 2026-09-25; vinculación: 2003/3 - 2007/1",1
I-0001307169,Jose Eduardo Oliveros Gomez,0001307169,,,,https://scienti.minciencias.gov.co/cvlac/visualizador/generarCurriculoCv.do?cod_rh=0001307169,"GrupLAC, censo de integrantes, consultado 2026-09-25; vinculación: 2008/10 - 2009/1",1
I-0000614947,Jose Evelio Mazo Zambrano,0000614947,,,,https://scienti.minciencias.gov.co/cvlac/visualizador/generarCurriculoCv.do?cod_rh=0000614947,"GrupLAC, censo de integrantes, consultado 2026-09-25; vinculación: 2015/1 - Actual",1
I-0000459267,Jose Luis Gutierrez Ramirez,0000459267,,,,https://scienti.minciencias.gov.co/cvlac/visualizador/generarCurriculoCv.do?cod_rh=0000459267,"GrupLAC, censo de integrantes, consultado 2026-09-25; vinculación: 2008/5 - 2009/1",1
I-0001211056,Jose Luis Rodriguez Castilla,0001211056,,,,https://scienti.minciencias.gov.co/cvlac/visualizador/generarCurriculoCv.do?cod_rh=0001211056,"GrupLAC, censo de integrantes, consultado 2026-09-25; vinculación: 2013/1 - Actual",1
I-0000016533,juvenal barrero Ojeda,0000016533,,,,https://scienti.minciencias.gov.co/cvlac/visualizador/generarCurriculoCv.do?cod_rh=0000016533,"GrupLAC, censo de integrantes, consultado 2026-09-25; vinculación: 2015/4 - Actual",1
I-0000558087,Karen Stefanie Ospino Villalba,0000558087,,Investigador Junior (IJ),,https://scienti.minciencias.gov.co/cvlac/visualizador/generarCurriculoCv.do?cod_rh=0000558087,"GrupLAC, censo de integrantes, consultado 2026-09-25; vinculación: 2007/1 - Actual",1
I-0001426877,KELLYS JOHANNA CARRASCAL TORRADO,0001426877,,,,https://scienti.minciencias.gov.co/cvlac/visualizador/generarCurriculoCv.do?cod_rh=0001426877,"GrupLAC, censo de integrantes, consultado 2026-09-25; vinculación: 2011/6 - 2011/6",1
I-0000744760,KELLYS RODRIGUEZ ESCOBAR,0000744760,,,,https://scienti.minciencias.gov.co/cvlac/visualizador/generarCurriculoCv.do?cod_rh=0000744760,"GrupLAC, censo de integrantes, consultado 2026-09-25; vinculación: 2008/5 - Actual",1
I-0001426556,LAURA DEL CARMEN SANDOVAL CAMARGO,0001426556,,,,https://scienti.minciencias.gov.co/cvlac/visualizador/generarCurriculoCv.do?cod_rh=0001426556,"GrupLAC, censo de integrantes, consultado 2026-09-25; vinculación: 2011/6 - 2011/6",1
I-0001598646,Laura Janeth Quiroz Mojica,0001598646,,,,https://scienti.minciencias.gov.co/cvlac/visualizador/generarCurriculoCv.do?cod_rh=0001598646,"GrupLAC, censo de integrantes, consultado 2026-09-25; vinculación: 2017/11 - Actual",1
I-0001450097,laura mayerly rueda ayala,0001450097,,,,https://scienti.minciencias.gov.co/cvlac/visualizador/generarCurriculoCv.do?cod_rh=0001450097,"GrupLAC, censo de integrantes, consultado 2026-09-25; vinculación: 2011/9 - Actual",1
I-0001426588,LICETH PAOLA MONTAÑO GUTIERREZ,0001426588,,,,https://scienti.minciencias.gov.co/cvlac/visualizador/generarCurriculoCv.do?cod_rh=0001426588,"GrupLAC, censo de integrantes, consultado 2026-09-25; vinculación: 2011/3 - 2013/11",1
I-0001435379,LILIANA PATRICIA GOMEZ DIAZ,0001435379,,,,https://scienti.minciencias.gov.co/cvlac/visualizador/generarCurriculoCv.do?cod_rh=0001435379,"GrupLAC, censo de integrantes, consultado 2026-09-25; vinculación: 2011/3 - 2022/12",1
I-0001415040,lina andrea valera serrano,0001415040,,,,https://scienti.minciencias.gov.co/cvlac/visualizador/generarCurriculoCv.do?cod_rh=0001415040,"GrupLAC, censo de integrantes, consultado 2026-09-25; vinculación: 2011/6 - 2011/6",1
I-0001400472,Lina Patricia Rodríguez Becerra,0001400472,,Investigador Junior (IJ),,https://scienti.minciencias.gov.co/cvlac/visualizador/generarCurriculoCv.do?cod_rh=0001400472,"GrupLAC, censo de integrantes, consultado 2026-09-25; vinculación: 2023/1 - Actual",1
I-0001340188,lisbeth carolina Madera Redondo,0001340188,,,,https://scienti.minciencias.gov.co/cvlac/visualizador/generarCurriculoCv.do?cod_rh=0001340188,"GrupLAC, censo de integrantes, consultado 2026-09-25; vinculación: 2011/3 - 2022/12",1
I-0001410516,Liseth Carolina Gutierrez Quiroz,0001410516,,,,https://scienti.minciencias.gov.co/cvlac/visualizador/generarCurriculoCv.do?cod_rh=0001410516,"GrupLAC, censo de integrantes, consultado 2026-09-25; vinculación: 2013/10 - Actual",1
I-0001339923,LORENA ROCIO BRACHO VARGAS,0001339923,,,,https://scienti.minciencias.gov.co/cvlac/visualizador/generarCurriculoCv.do?cod_rh=0001339923,"GrupLAC, censo de integrantes, consultado 2026-09-25; vinculación: 2011/3 - 2022/12",1
I-0000682691,Luis Alberto Quintero López,0000682691,,Investigador Asociado (I),,https://scienti.minciencias.gov.co/cvlac/visualizador/generarCurriculoCv.do?cod_rh=0000682691,"GrupLAC, censo de integrantes, consultado 2026-09-25; vinculación: 2009/7 - 2009/11",1
I-0001303376,Luis Camilo Alarcon Soto,0001303376,,,,https://scienti.minciencias.gov.co/cvlac/visualizador/generarCurriculoCv.do?cod_rh=0001303376,"GrupLAC, censo de integrantes, consultado 2026-09-25; vinculación: 2008/9 - 2008/12",1
I-0001449526,MAIKY JAVIER CASTILLO LOPEZ,0001449526,,,,https://scienti.minciencias.gov.co/cvlac/visualizador/generarCurriculoCv.do?cod_rh=0001449526,"GrupLAC, censo de integrantes, consultado 2026-09-25; vinculación: 2011/10 - 2011/10",1
I-0000744905,María Inés Márquez Valera,0000744905,,,,https://scienti.minciencias.gov.co/cvlac/visualizador/generarCurriculoCv.do?cod_rh=0000744905,"GrupLAC, censo de integrantes, consultado 2026-09-25; vinculación: 2008/7 - 2009/6",1
I-0001644464,MARÍA MARGARITA DAZA MENDOZA,0001644464,,,,https://scienti.minciencias.gov.co/cvlac/visualizador/generarCurriculoCv.do?cod_rh=0001644464,"GrupLAC, censo de integrantes, consultado 2026-09-25; vinculación: 2017/11 - 2022/12",1
I-0000432415,Marlon José Bastidas Barranco,0000432415,,Investigador Senior (IS),,https://scienti.minciencias.gov.co/cvlac/visualizador/generarCurriculoCv.do?cod_rh=0000432415,"GrupLAC, censo de integrantes, consultado 2026-09-25; vinculación: 2003/3 - Actual",1
I-0001554721,MARYOURY GUERRA MENDOZA,0001554721,,,,https://scienti.minciencias.gov.co/cvlac/visualizador/generarCurriculoCv.do?cod_rh=0001554721,"GrupLAC, censo de integrantes, consultado 2026-09-25; vinculación: 2014/8 - Actual",1
I-0001403604,mayra alejandra jimenez manjarres,0001403604,,,,https://scienti.minciencias.gov.co/cvlac/visualizador/generarCurriculoCv.do?cod_rh=0001403604,"GrupLAC, censo de integrantes, consultado 2026-09-25; vinculación: 2015/2 - Actual",1
I-0001037307,Miriam Patricia Fuentes Nieto,0001037307,,,,https://scienti.minciencias.gov.co/cvlac/visualizador/generarCurriculoCv.do?cod_rh=0001037307,"GrupLAC, censo de integrantes, consultado 2026-09-25; vinculación: 2011/2 - 2011/3",1
I-0001431105,NADIA CAROLINA BERMUDEZ JIMENEZ,0001431105,,,,https://scienti.minciencias.gov.co/cvlac/visualizador/generarCurriculoCv.do?cod_rh=0001431105,"GrupLAC, censo de integrantes, consultado 2026-09-25; vinculación: 2011/8 - 2011/11",1
I-0001391964,Nayeth Daniellis Bolaño Ardila,0001391964,,,,https://scienti.minciencias.gov.co/cvlac/visualizador/generarCurriculoCv.do?cod_rh=0001391964,"GrupLAC, censo de integrantes, consultado 2026-09-25; vinculación: 2009/9 - 2010/7",1
I-0001629897,Olga Patricia Fuentes Daza,0001629897,,Investigador Junior (IJ),,https://scienti.minciencias.gov.co/cvlac/visualizador/generarCurriculoCv.do?cod_rh=0001629897,"GrupLAC, censo de integrantes, consultado 2026-09-25; vinculación: 2014/1 - 2022/12",1
I-0000124819,Oswaldo Andrés Daza Amara,0000124819,,,,https://scienti.minciencias.gov.co/cvlac/visualizador/generarCurriculoCv.do?cod_rh=0000124819,"GrupLAC, censo de integrantes, consultado 2026-09-25; vinculación: 2016/9 - Actual",1
I-0001426881,PILAR RICO TORO,0001426881,,,,https://scienti.minciencias.gov.co/cvlac/visualizador/generarCurriculoCv.do?cod_rh=0001426881,"GrupLAC, censo de integrantes, consultado 2026-09-25; vinculación: 2011/6 - 2011/6",1
I-0001449494,RAUL ALBERTO OSORIO QUINTANA,0001449494,,,,https://scienti.minciencias.gov.co/cvlac/visualizador/generarCurriculoCv.do?cod_rh=0001449494,"GrupLAC, censo de integrantes, consultado 2026-09-25; vinculación: 2011/10 - 2011/10",1
I-0000019777,Rayder Becerra Mendoza,0000019777,,,,https://scienti.minciencias.gov.co/cvlac/visualizador/generarCurriculoCv.do?cod_rh=0000019777,"GrupLAC, censo de integrantes, consultado 2026-09-25; vinculación: 2013/7 - 2022/12",1
I-0001634959,RICHARD ALFONSO CARRILLO JIMENEZ,0001634959,,,,https://scienti.minciencias.gov.co/cvlac/visualizador/generarCurriculoCv.do?cod_rh=0001634959,"GrupLAC, censo de integrantes, consultado 2026-09-25; vinculación: 2015/4 - Actual",1
I-0001449535,SILENA CAROLINA DANGOND CARREÑO,0001449535,,,,https://scienti.minciencias.gov.co/cvlac/visualizador/generarCurriculoCv.do?cod_rh=0001449535,"GrupLAC, censo de integrantes, consultado 2026-09-25; vinculación: 2011/10 - 2011/10",1
I-0001423558,VICTOR GREGORIO HOYOS OLMOS,0001423558,,,,https://scienti.minciencias.gov.co/cvlac/visualizador/generarCurriculoCv.do?cod_rh=0001423558,"GrupLAC, censo de integrantes, consultado 2026-09-25; vinculación: 2011/8 - 2011/8",1
I-0001465440,VIYILS SANGREGORIO SOTO,0001465440,,,,https://scienti.minciencias.gov.co/cvlac/visualizador/generarCurriculoCv.do?cod_rh=0001465440,"GrupLAC, censo de integrantes, consultado 2026-09-25; vinculación: 2025/11 - Actual",1
I-0000774979,WILLIAM ARTURO CAMARILLO TORRES,0000774979,,,,https://scienti.minciencias.gov.co/cvlac/visualizador/generarCurriculoCv.do?cod_rh=0000774979,"GrupLAC, censo de integrantes, consultado 2026-09-25; vinculación: 2008/5 - 2009/12",1
I-0000490628,William Pérez Campo,0000490628,,,,https://scienti.minciencias.gov.co/cvlac/visualizador/generarCurriculoCv.do?cod_rh=0000490628,"GrupLAC, censo de integrantes, consultado 2026-09-25; vinculación: 2015/2 - Actual",1
I-0001450099,WILSON UBALDO BELEÑO AREVALO,0001450099,,,,https://scienti.minciencias.gov.co/cvlac/visualizador/generarCurriculoCv.do?cod_rh=0001450099,"GrupLAC, censo de integrantes, consultado 2026-09-25; vinculación: 2011/9 - 2011/9",1
I-0001166280,Xavier REALES ALFARO,0001166280,,,,https://scienti.minciencias.gov.co/cvlac/visualizador/generarCurriculoCv.do?cod_rh=0001166280,"GrupLAC, censo de integrantes, consultado 2026-09-25; vinculación: 2010/1 - 2022/12",1
I-0001430586,YESENIA EDITH FIGUEROA MORENO,0001430586,,,,https://scienti.minciencias.gov.co/cvlac/visualizador/generarCurriculoCv.do?cod_rh=0001430586,"GrupLAC, censo de integrantes, consultado 2026-09-25; vinculación: 2011/8 - 2011/11",1
I-0001435151,yira marcela salazar castilla,0001435151,,,,https://scienti.minciencias.gov.co/cvlac/visualizador/generarCurriculoCv.do?cod_rh=0001435151,"GrupLAC, censo de integrantes, consultado 2026-09-25; vinculación: 2011/3 - Actual",1
I-0000080244,luis angel reales mendoza,0000080244,,,,https://scienti.minciencias.gov.co/cvlac/visualizador/generarCurriculoCv.do?cod_rh=0000080244,"GrupLAC, censo de integrantes, consultado 2026-09-25; vinculación: 2025/1 - Actual",1
I-0000883662,Arley denisse vega ochoa,0000883662,,Investigador Asociado (I),,https://scienti.minciencias.gov.co/cvlac/visualizador/generarCurriculoCv.do?cod_rh=0000883662,"GrupLAC, censo de integrantes, consultado 2026-09-25; vinculación: 2012/2 - Actual",1
I-0000689173,Anderson Diaz Perez,0000689173,,Investigador Senior (IS),,https://scienti.minciencias.gov.co/cvlac/visualizador/generarCurriculoCv.do?cod_rh=0000689173,"GrupLAC, censo de integrantes, consultado 2026-09-25; vinculación: 2006/1 - Actual",1
I-0000977187,Ana Sofia Moreno Woo,0000977187,,,,https://scienti.minciencias.gov.co/cvlac/visualizador/generarCurriculoCv.do?cod_rh=0000977187,"GrupLAC, censo de integrantes, consultado 2026-09-25; vinculación: 2009/1 - 2009/1",1
I-0001056786,ANGÉLICA MARÍA ROCA PÉREZ,0001056786,,Investigador Junior (IJ),,https://scienti.minciencias.gov.co/cvlac/visualizador/generarCurriculoCv.do?cod_rh=0001056786,"GrupLAC, censo de integrantes, consultado 2026-09-25; vinculación: 2012/8 - Actual",1
I-0001406050,Emiliano Piedrahita Porras,0001406050,,,,https://scienti.minciencias.gov.co/cvlac/visualizador/generarCurriculoCv.do?cod_rh=0001406050,"GrupLAC, censo de integrantes, consultado 2026-09-25; vinculación: 2009/2 - 2017/10",1
I-0000732222,Francia Luisa Campo Peñaloza,0000732222,,,,https://scienti.minciencias.gov.co/cvlac/visualizador/generarCurriculoCv.do?cod_rh=0000732222,"GrupLAC, censo de integrantes, consultado 2026-09-25; vinculación: 2011/2 - 2014/12",1
I-0000019155,GUILLERMO ALEJANDRO GONZALEZ MARTINEZ,0000019155,,,,https://scienti.minciencias.gov.co/cvlac/visualizador/generarCurriculoCv.do?cod_rh=0000019155,"GrupLAC, censo de integrantes, consultado 2026-09-25; vinculación: 2012/2 - 2014/3",1
I-0001948848,Leodavis A. Rojas Quintero,0001948848,,,,https://scienti.minciencias.gov.co/cvlac/visualizador/generarCurriculoCv.do?cod_rh=0001948848,"GrupLAC, censo de integrantes, consultado 2026-09-25; vinculación: 2023/6 - Actual",1
I-0000002173,LYZ KATHERINE CARVAJALINO JIMENEZ,0000002173,,,,https://scienti.minciencias.gov.co/cvlac/visualizador/generarCurriculoCv.do?cod_rh=0000002173,"GrupLAC, censo de integrantes, consultado 2026-09-25; vinculación: 2007/10 - 2010/12",1
I-0001483919,Maira Lisbeth Duran Suarez,0001483919,,,,https://scienti.minciencias.gov.co/cvlac/visualizador/generarCurriculoCv.do?cod_rh=0001483919,"GrupLAC, censo de integrantes, consultado 2026-09-25; vinculación: 2016/3 - 2016/12",1
I-0001348260,MARIA ISABEL GINA CUELLO OROZCO,0001348260,,Investigador Junior (IJ),,https://scienti.minciencias.gov.co/cvlac/visualizador/generarCurriculoCv.do?cod_rh=0001348260,"GrupLAC, censo de integrantes, consultado 2026-09-25; vinculación: 2018/1 - Actual",1
I-0000567558,Rosa MONSALVO CABELLO,0000567558,,,,https://scienti.minciencias.gov.co/cvlac/visualizador/generarCurriculoCv.do?cod_rh=0000567558,"GrupLAC, censo de integrantes, consultado 2026-09-25; vinculación: 2011/1 - 2011/1",1
I-0000689211,Shirley GARCIA MORA,0000689211,,,,https://scienti.minciencias.gov.co/cvlac/visualizador/generarCurriculoCv.do?cod_rh=0000689211,"GrupLAC, censo de integrantes, consultado 2026-09-25; vinculación: 2011/2 - 2012/2",1
I-0001956480,YOJANNA ELENA CASTILLA BAYONA,0001956480,,,,https://scienti.minciencias.gov.co/cvlac/visualizador/generarCurriculoCv.do?cod_rh=0001956480,"GrupLAC, censo de integrantes, consultado 2026-09-25; vinculación: 2024/10 - Actual",1
I-0000730050,ZORAIMA ROMERO OÑATE,0000730050,,Investigador Junior (IJ),,https://scienti.minciencias.gov.co/cvlac/visualizador/generarCurriculoCv.do?cod_rh=0000730050,"GrupLAC, censo de integrantes, consultado 2026-09-25; vinculación: 2011/2 - Actual",1
I-0000789100,Giovanni Bracho Tovar,0000789100,,Investigador Asociado (I),,https://scienti.minciencias.gov.co/cvlac/visualizador/generarCurriculoCv.do?cod_rh=0000789100,"GrupLAC, censo de integrantes, consultado 2026-09-25; vinculación: 2018/1 - Actual",1
I-0001587404,adolfo Duarte Rueda,0001587404,,Investigador Asociado (I),,https://scienti.minciencias.gov.co/cvlac/visualizador/generarCurriculoCv.do?cod_rh=0001587404,"GrupLAC, censo de integrantes, consultado 2026-09-25; vinculación: 2019/2 - Actual",1
I-0000059231,Adrian Rueda Carreño,0000059231,,,,https://scienti.minciencias.gov.co/cvlac/visualizador/generarCurriculoCv.do?cod_rh=0000059231,"GrupLAC, censo de integrantes, consultado 2026-09-25; vinculación: 2019/10 - 2022/3",1
I-0001740828,Alan samir Narvaez Barraza,0001740828,,,,https://scienti.minciencias.gov.co/cvlac/visualizador/generarCurriculoCv.do?cod_rh=0001740828,"GrupLAC, censo de integrantes, consultado 2026-09-25; vinculación: 2019/10 - Actual",1
I-0000120591,Alejandro Utria Garcia,0000120591,,,,https://scienti.minciencias.gov.co/cvlac/visualizador/generarCurriculoCv.do?cod_rh=0000120591,"GrupLAC, censo de integrantes, consultado 2026-09-25; vinculación: 2018/1 - 2021/1",1
I-0001724837,Alex David Diaz Alvarez,0001724837,,,,https://scienti.minciencias.gov.co/cvlac/visualizador/generarCurriculoCv.do?cod_rh=0001724837,"GrupLAC, censo de integrantes, consultado 2026-09-25; vinculación: 2019/10 - Actual",1
I-0001506336,Boris Arturo González Rivera,0001506336,,,,https://scienti.minciencias.gov.co/cvlac/visualizador/generarCurriculoCv.do?cod_rh=0001506336,"GrupLAC, censo de integrantes, consultado 2026-09-25; vinculación: 2014/2 - 2017/4",1
I-0001716430,Christian David Arias Sarmiento,0001716430,,,,https://scienti.minciencias.gov.co/cvlac/visualizador/generarCurriculoCv.do?cod_rh=0001716430,"GrupLAC, censo de integrantes, consultado 2026-09-25; vinculación: 2019/6 - 2021/12",1
I-0001700411,Daniel Andrés Lugo Masco,0001700411,,,,https://scienti.minciencias.gov.co/cvlac/visualizador/generarCurriculoCv.do?cod_rh=0001700411,"GrupLAC, censo de integrantes, consultado 2026-09-25; vinculación: 2018/11 - 2021/12",1
I-0001457149,eudes de jesus zapata sanjuan,0001457149,,,,https://scienti.minciencias.gov.co/cvlac/visualizador/generarCurriculoCv.do?cod_rh=0001457149,"GrupLAC, censo de integrantes, consultado 2026-09-25; vinculación: 2015/2 - 2018/7",1
I-0001770102,Francisco Javier Echavez Trillos,0001770102,,,,https://scienti.minciencias.gov.co/cvlac/visualizador/generarCurriculoCv.do?cod_rh=0001770102,"GrupLAC, censo de integrantes, consultado 2026-09-25; vinculación: 2020/5 - Actual",1
I-0001654366,GABRIEL ENRIQUE ROMERO CABARCAS,0001654366,,,,https://scienti.minciencias.gov.co/cvlac/visualizador/generarCurriculoCv.do?cod_rh=0001654366,"GrupLAC, censo de integrantes, consultado 2026-09-25; vinculación: 2018/1 - 2018/10",1
I-0001060368,Ivan BOLAÑO BAUTE,0001060368,,,,https://scienti.minciencias.gov.co/cvlac/visualizador/generarCurriculoCv.do?cod_rh=0001060368,"GrupLAC, censo de integrantes, consultado 2026-09-25; vinculación: 2014/2 - 2016/12",1
I-0001678210,JAIRIT GARAVIT,0001678210,,Investigador Junior (IJ),,https://scienti.minciencias.gov.co/cvlac/visualizador/generarCurriculoCv.do?cod_rh=0001678210,"GrupLAC, censo de integrantes, consultado 2026-09-25; vinculación: 2019/1 - 2024/12",1
I-0001743524,Jesus Daniel Chamat Torres,0001743524,,,,https://scienti.minciencias.gov.co/cvlac/visualizador/generarCurriculoCv.do?cod_rh=0001743524,"GrupLAC, censo de integrantes, consultado 2026-09-25; vinculación: 2019/10 - 2021/12",1
I-0001115332,JORGE MARIO VEGA IGLESIAS,0001115332,,,,https://scienti.minciencias.gov.co/cvlac/visualizador/generarCurriculoCv.do?cod_rh=0001115332,"GrupLAC, censo de integrantes, consultado 2026-09-25; vinculación: 2014/2 - 2016/12",1
I-0001743526,Jose Carlos Rojas Rodriguez,0001743526,,,,https://scienti.minciencias.gov.co/cvlac/visualizador/generarCurriculoCv.do?cod_rh=0001743526,"GrupLAC, censo de integrantes, consultado 2026-09-25; vinculación: 2019/10 - 2021/12",1
I-0001700416,Kevin junior Navarro Gonzalez,0001700416,,,,https://scienti.minciencias.gov.co/cvlac/visualizador/generarCurriculoCv.do?cod_rh=0001700416,"GrupLAC, censo de integrantes, consultado 2026-09-25; vinculación: 2018/8 - 2019/9",1
I-0000044330,kevin saul silva ortiz,0000044330,,,,https://scienti.minciencias.gov.co/cvlac/visualizador/generarCurriculoCv.do?cod_rh=0000044330,"GrupLAC, censo de integrantes, consultado 2026-09-25; vinculación: 2018/11 - 2021/12",1
I-0001700412,Luis Angel Herrera Ojito,0001700412,,,,https://scienti.minciencias.gov.co/cvlac/visualizador/generarCurriculoCv.do?cod_rh=0001700412,"GrupLAC, censo de integrantes, consultado 2026-09-25; vinculación: 2018/8 - 2019/9",1
I-0001548076,LUIS MANUEL FERNANDEZ ARZUAGA,0001548076,,,,https://scienti.minciencias.gov.co/cvlac/visualizador/generarCurriculoCv.do?cod_rh=0001548076,"GrupLAC, censo de integrantes, consultado 2026-09-25; vinculación: 2014/2 - 2016/12",1
I-0001403734,NECID JOSE CANEDO MENDOZA,0001403734,,,,https://scienti.minciencias.gov.co/cvlac/visualizador/generarCurriculoCv.do?cod_rh=0001403734,"GrupLAC, censo de integrantes, consultado 2026-09-25; vinculación: 2018/3 - 2018/12",1
I-0001356634,Pedro Gustavo Gonzalez Ali,0001356634,,,,https://scienti.minciencias.gov.co/cvlac/visualizador/generarCurriculoCv.do?cod_rh=0001356634,"GrupLAC, censo de integrantes, consultado 2026-09-25; vinculación: 2014/2 - 2018/6",1
I-0002350538,Rafael David Rivero Cañate,0002350538,,,,https://scienti.minciencias.gov.co/cvlac/visualizador/generarCurriculoCv.do?cod_rh=0002350538,"GrupLAC, censo de integrantes, consultado 2026-09-25; vinculación: 2024/12 - Actual",1
I-0001647637,Ricardo javier guerra gomez,0001647637,,,,https://scienti.minciencias.gov.co/cvlac/visualizador/generarCurriculoCv.do?cod_rh=0001647637,"GrupLAC, censo de integrantes, consultado 2026-09-25; vinculación: 2018/1 - 2020/6",1
I-0001453688,SADAINER FERNEY HERNANDEZ CHACON,0001453688,,,,https://scienti.minciencias.gov.co/cvlac/visualizador/generarCurriculoCv.do?cod_rh=0001453688,"GrupLAC, censo de integrantes, consultado 2026-09-25; vinculación: 2014/2 - 2016/12",1
I-0000017112,SANTIAGO RIVERA TOVAR,0000017112,,,,https://scienti.minciencias.gov.co/cvlac/visualizador/generarCurriculoCv.do?cod_rh=0000017112,"GrupLAC, censo de integrantes, consultado 2026-09-25; vinculación: 2014/2 - 2016/12",1
I-0001724222,Willington Pedro Carmona Flórez,0001724222,,,,https://scienti.minciencias.gov.co/cvlac/visualizador/generarCurriculoCv.do?cod_rh=0001724222,"GrupLAC, censo de integrantes, consultado 2026-09-25; vinculación: 2020/5 - Actual",1
I-0000886556,Yojana Paola Arroyo Duran,0000886556,,,,https://scienti.minciencias.gov.co/cvlac/visualizador/generarCurriculoCv.do?cod_rh=0000886556,"GrupLAC, censo de integrantes, consultado 2026-09-25; vinculación: 2019/12 - 2020/3",1
I-0001654313,Celger Paola Chamat Torres,0001654313,,,,https://scienti.minciencias.gov.co/cvlac/visualizador/generarCurriculoCv.do?cod_rh=0001654313,"GrupLAC, censo de integrantes, consultado 2026-09-25; vinculación: 2018/11 - 2022/8",1
I-0000120594,Rebeca Rosa Viloria Amaya,0000120594,,,,https://scienti.minciencias.gov.co/cvlac/visualizador/generarCurriculoCv.do?cod_rh=0000120594,"GrupLAC, censo de integrantes, consultado 2026-09-25; vinculación: 2021/10 - Actual",1
I-0001517410,Tomas Enrique Ramirez Guerrero,0001517410,,Investigador Junior (IJ),,https://scienti.minciencias.gov.co/cvlac/visualizador/generarCurriculoCv.do?cod_rh=0001517410,"GrupLAC, censo de integrantes, consultado 2026-09-25; vinculación: 2020/1 - Actual",1
I-0000592811,Simón Martínez Ubarnez,0000592811,,,,https://scienti.minciencias.gov.co/cvlac/visualizador/generarCurriculoCv.do?cod_rh=0000592811,"GrupLAC, censo de integrantes, consultado 2026-09-25; vinculación: 2013/2 - Actual",1
I-0001592573,ana isabel oñate Barros,0001592573,,,,https://scienti.minciencias.gov.co/cvlac/visualizador/generarCurriculoCv.do?cod_rh=0001592573,"GrupLAC, censo de integrantes, consultado 2026-09-25; vinculación: 2014/1 - 2015/11",1
I-0001524741,ANDRE FERNANDO OJEDA CHARRIS,0001524741,,,,https://scienti.minciencias.gov.co/cvlac/visualizador/generarCurriculoCv.do?cod_rh=0001524741,"GrupLAC, censo de integrantes, consultado 2026-09-25; vinculación: 2014/1 - 2017/11",1
I-0001725179,Argenida Carol Amaya bermudez,0001725179,,,,https://scienti.minciencias.gov.co/cvlac/visualizador/generarCurriculoCv.do?cod_rh=0001725179,"GrupLAC, censo de integrantes, consultado 2026-09-25; vinculación: 2019/5 - 2019/7",1
I-0001832700,CLAUDIA PATRICIA ARAQUE RODRIGUEZ,0001832700,,,,https://scienti.minciencias.gov.co/cvlac/visualizador/generarCurriculoCv.do?cod_rh=0001832700,"GrupLAC, censo de integrantes, consultado 2026-09-25; vinculación: 2020/10 - 2020/12",1
I-0001675971,Dairo Bayona Ramírez,0001675971,,,,https://scienti.minciencias.gov.co/cvlac/visualizador/generarCurriculoCv.do?cod_rh=0001675971,"GrupLAC, censo de integrantes, consultado 2026-09-25; vinculación: 2020/2 - 2020/5",1
I-0001832902,Denis Patricia Hernandez Vergel,0001832902,,,,https://scienti.minciencias.gov.co/cvlac/visualizador/generarCurriculoCv.do?cod_rh=0001832902,"GrupLAC, censo de integrantes, consultado 2026-09-25; vinculación: 2020/10 - 2020/12",1
I-0001832848,Estewin Calle Garcia,0001832848,,,,https://scienti.minciencias.gov.co/cvlac/visualizador/generarCurriculoCv.do?cod_rh=0001832848,"GrupLAC, censo de integrantes, consultado 2026-09-25; vinculación: 2020/10 - 2020/12",1
I-0001732011,GILBERTO RAMOS BELLO,0001732011,,,,https://scienti.minciencias.gov.co/cvlac/visualizador/generarCurriculoCv.do?cod_rh=0001732011,"GrupLAC, censo de integrantes, consultado 2026-09-25; vinculación: 2019/2 - 2019/12",1
I-0001823731,JAIRO ALBERTO HERAZO GARCIA,0001823731,,,,https://scienti.minciencias.gov.co/cvlac/visualizador/generarCurriculoCv.do?cod_rh=0001823731,"GrupLAC, censo de integrantes, consultado 2026-09-25; vinculación: 2019/1 - 2019/7",1
I-0000036990,JIMMY JUNIOR REALES OÑATE,0000036990,,,,https://scienti.minciencias.gov.co/cvlac/visualizador/generarCurriculoCv.do?cod_rh=0000036990,"GrupLAC, censo de integrantes, consultado 2026-09-25; vinculación: 2016/1 - 2017/7",1
I-0001832763,JOHN ALEXANDER GONZÁLEZ HERNÁNDEZ,0001832763,,,,https://scienti.minciencias.gov.co/cvlac/visualizador/generarCurriculoCv.do?cod_rh=0001832763,"GrupLAC, censo de integrantes, consultado 2026-09-25; vinculación: 2020/10 - 2020/12",1
I-0001524728,JOSE DAVID MURGAS OÑATE,0001524728,,,,https://scienti.minciencias.gov.co/cvlac/visualizador/generarCurriculoCv.do?cod_rh=0001524728,"GrupLAC, censo de integrantes, consultado 2026-09-25; vinculación: 2014/1 - 2017/12",1
I-0000063520,Juan Camilo López Nacimiento,0000063520,,,,https://scienti.minciencias.gov.co/cvlac/visualizador/generarCurriculoCv.do?cod_rh=0000063520,"GrupLAC, censo de integrantes, consultado 2026-09-25; vinculación: 2016/8 - 2019/12",1
I-0000020876,Juan David Vargas Gutiérrez,0000020876,,,,https://scienti.minciencias.gov.co/cvlac/visualizador/generarCurriculoCv.do?cod_rh=0000020876,"GrupLAC, censo de integrantes, consultado 2026-09-25; vinculación: 2014/2 - 2017/8",1
I-0001601958,KAREN DALIETH HERRERA GUTIERREZ,0001601958,,,,https://scienti.minciencias.gov.co/cvlac/visualizador/generarCurriculoCv.do?cod_rh=0001601958,"GrupLAC, censo de integrantes, consultado 2026-09-25; vinculación: 2014/1 - 2017/10",1
I-0001833361,lazaro beltran araujo araujo,0001833361,,,,https://scienti.minciencias.gov.co/cvlac/visualizador/generarCurriculoCv.do?cod_rh=0001833361,"GrupLAC, censo de integrantes, consultado 2026-09-25; vinculación: 2020/10 - 2021/1",1
I-0001666716,leydis maria florez salazar,0001666716,,,,https://scienti.minciencias.gov.co/cvlac/visualizador/generarCurriculoCv.do?cod_rh=0001666716,"GrupLAC, censo de integrantes, consultado 2026-09-25; vinculación: 2018/2 - Actual",1
I-0000163670,luis carlos melo vides,0000163670,,,,https://scienti.minciencias.gov.co/cvlac/visualizador/generarCurriculoCv.do?cod_rh=0000163670,"GrupLAC, censo de integrantes, consultado 2026-09-25; vinculación: 2017/8 - 2019/12",1
I-0001585978,Luis Fernando Miranda Guzman,0001585978,,,,https://scienti.minciencias.gov.co/cvlac/visualizador/generarCurriculoCv.do?cod_rh=0001585978,"GrupLAC, censo de integrantes, consultado 2026-09-25; vinculación: 2014/1 - 2015/5",1
I-0001522221,Maira Alejandra Badillo Escudero,0001522221,,,,https://scienti.minciencias.gov.co/cvlac/visualizador/generarCurriculoCv.do?cod_rh=0001522221,"GrupLAC, censo de integrantes, consultado 2026-09-25; vinculación: 2013/2 - 2013/12",1
I-0001385951,Mario de Jesús Zambrano Miranda,0001385951,,Investigador Asociado (I),,https://scienti.minciencias.gov.co/cvlac/visualizador/generarCurriculoCv.do?cod_rh=0001385951,"GrupLAC, censo de integrantes, consultado 2026-09-25; vinculación: 2017/2 - 2019/12",1
I-0000126218,Martha Gineth Padilla Santamaria,0000126218,,,,https://scienti.minciencias.gov.co/cvlac/visualizador/generarCurriculoCv.do?cod_rh=0000126218,"GrupLAC, censo de integrantes, consultado 2026-09-25; vinculación: 2018/1 - 2018/12",1
I-0000578843,Martha Lucia Ramirez Cortes,0000578843,,,,https://scienti.minciencias.gov.co/cvlac/visualizador/generarCurriculoCv.do?cod_rh=0000578843,"GrupLAC, censo de integrantes, consultado 2026-09-25; vinculación: 2016/3 - 2016/12",1
I-0001506782,RAUL ADOLFO GUTIERREZ MAYA,0001506782,,,,https://scienti.minciencias.gov.co/cvlac/visualizador/generarCurriculoCv.do?cod_rh=0001506782,"GrupLAC, censo de integrantes, consultado 2026-09-25; vinculación: 2019/2 - 2019/5",1
I-0000010033,ROBER TRINIDAD ROMERO RAMIREZ,0000010033,,,,https://scienti.minciencias.gov.co/cvlac/visualizador/generarCurriculoCv.do?cod_rh=0000010033,"GrupLAC, censo de integrantes, consultado 2026-09-25; vinculación: 2016/2 - 2018/1",1
I-0000052943,Ruben Dario Mendoza Lizcano,0000052943,,,,https://scienti.minciencias.gov.co/cvlac/visualizador/generarCurriculoCv.do?cod_rh=0000052943,"GrupLAC, censo de integrantes, consultado 2026-09-25; vinculación: 2019/1 - 2022/12",1
I-0000163654,Tomás Ricardo Escamilla Aguilar,0000163654,,,,https://scienti.minciencias.gov.co/cvlac/visualizador/generarCurriculoCv.do?cod_rh=0000163654,"GrupLAC, censo de integrantes, consultado 2026-09-25; vinculación: 2019/6 - 2022/12",1
I-0000148774,Venus Marcela Niz Trigos,0000148774,,,,https://scienti.minciencias.gov.co/cvlac/visualizador/generarCurriculoCv.do?cod_rh=0000148774,"GrupLAC, censo de integrantes, consultado 2026-09-25; vinculación: 2018/2 - 2019/2",1
I-0000168662,Yeilys Naileth Figueroa Morales,0000168662,,,,https://scienti.minciencias.gov.co/cvlac/visualizador/generarCurriculoCv.do?cod_rh=0000168662,"GrupLAC, censo de integrantes, consultado 2026-09-25; vinculación: 2018/2 - 2018/6",1
I-0001335979,LUIS ALBERTO ROMERO BENJUMEA,0001335979,,,,https://scienti.minciencias.gov.co/cvlac/visualizador/generarCurriculoCv.do?cod_rh=0001335979,"GrupLAC, censo de integrantes, consultado 2026-09-25; vinculación: 2014/1 - Actual",1
I-0002137890,adriana maria feriz perez,0002137890,,,,https://scienti.minciencias.gov.co/cvlac/visualizador/generarCurriculoCv.do?cod_rh=0002137890,"GrupLAC, censo de integrantes, consultado 2026-09-25; vinculación: 2021/1 - Actual",1
I-0002060786,ALDEMAR PALMERA CARRASCAL,0002060786,,,,https://scienti.minciencias.gov.co/cvlac/visualizador/generarCurriculoCv.do?cod_rh=0002060786,"GrupLAC, censo de integrantes, consultado 2026-09-25; vinculación: 2021/1 - Actual",1
I-0001857317,Ana Camila yaruro Cuan,0001857317,,,,https://scienti.minciencias.gov.co/cvlac/visualizador/generarCurriculoCv.do?cod_rh=0001857317,"GrupLAC, censo de integrantes, consultado 2026-09-25; vinculación: 2022/2 - Actual",1
I-0002159301,Ana Milena Medina Anaya,0002159301,,,,https://scienti.minciencias.gov.co/cvlac/visualizador/generarCurriculoCv.do?cod_rh=0002159301,"GrupLAC, censo de integrantes, consultado 2026-09-25; vinculación: 2022/2 - Actual",1
I-0001475980,Aneleth Jasbleydi Olmedo Plata,0001475980,,,,https://scienti.minciencias.gov.co/cvlac/visualizador/generarCurriculoCv.do?cod_rh=0001475980,"GrupLAC, censo de integrantes, consultado 2026-09-25; vinculación: 2020/1 - Actual",1
I-0002208746,angelica Maria Barrios Sierra,0002208746,,,,https://scienti.minciencias.gov.co/cvlac/visualizador/generarCurriculoCv.do?cod_rh=0002208746,"GrupLAC, censo de integrantes, consultado 2026-09-25; vinculación: 2022/2 - Actual",1
I-0001857325,Camila Andrea Buitrago Reales,0001857325,,,,https://scienti.minciencias.gov.co/cvlac/visualizador/generarCurriculoCv.do?cod_rh=0001857325,"GrupLAC, censo de integrantes, consultado 2026-09-25; vinculación: 2022/2 - Actual",1
I-0002159326,Careisis Andrea Calvo Vasquez,0002159326,,,,https://scienti.minciencias.gov.co/cvlac/visualizador/generarCurriculoCv.do?cod_rh=0002159326,"GrupLAC, censo de integrantes, consultado 2026-09-25; vinculación: 2022/2 - Actual",1
I-0001528775,carlos alberto gualdron mandon,0001528775,,,,https://scienti.minciencias.gov.co/cvlac/visualizador/generarCurriculoCv.do?cod_rh=0001528775,"GrupLAC, censo de integrantes, consultado 2026-09-25; vinculación: 2015/1 - 2018/1",1
I-0000108908,CARLOS ALBERTO VERA PIRELA,0000108908,,Investigador Junior (IJ),,https://scienti.minciencias.gov.co/cvlac/visualizador/generarCurriculoCv.do?cod_rh=0000108908,"GrupLAC, censo de integrantes, consultado 2026-09-25; vinculación: 2019/7 - Actual",1
I-0001875048,Carolina Méndez Parra,0001875048,,,,https://scienti.minciencias.gov.co/cvlac/visualizador/generarCurriculoCv.do?cod_rh=0001875048,"GrupLAC, censo de integrantes, consultado 2026-09-25; vinculación: 2022/1 - Actual",1
I-0001857318,Cristina Isabel Guzman Mendoza,0001857318,,,,https://scienti.minciencias.gov.co/cvlac/visualizador/generarCurriculoCv.do?cod_rh=0001857318,"GrupLAC, censo de integrantes, consultado 2026-09-25; vinculación: 2022/1 - Actual",1
I-0002048246,Dana Carolina Montero Estrada,0002048246,,,,https://scienti.minciencias.gov.co/cvlac/visualizador/generarCurriculoCv.do?cod_rh=0002048246,"GrupLAC, censo de integrantes, consultado 2026-09-25; vinculación: 2021/1 - Actual",1
I-0001149865,Daniel Andres Rangel Palomino,0001149865,,Investigador Junior (IJ),,https://scienti.minciencias.gov.co/cvlac/visualizador/generarCurriculoCv.do?cod_rh=0001149865,"GrupLAC, censo de integrantes, consultado 2026-09-25; vinculación: 2021/1 - Actual",1
I-0000563668,Elberto De Jesùs Pumarejo Cotes,0000563668,,,,https://scienti.minciencias.gov.co/cvlac/visualizador/generarCurriculoCv.do?cod_rh=0000563668,"GrupLAC, censo de integrantes, consultado 2026-09-25; vinculación: 2017/1 - Actual",1
I-0001672293,ENRIQUE ANTONIO DE LUQUE PALENCIA,0001672293,,Investigador Junior (IJ),,https://scienti.minciencias.gov.co/cvlac/visualizador/generarCurriculoCv.do?cod_rh=0001672293,"GrupLAC, censo de integrantes, consultado 2026-09-25; vinculación: 2021/1 - Actual",1
I-0001443888,FABIO DE JESUS CIFUENTES ALMENDRALES,0001443888,,,,https://scienti.minciencias.gov.co/cvlac/visualizador/generarCurriculoCv.do?cod_rh=0001443888,"GrupLAC, censo de integrantes, consultado 2026-09-25; vinculación: 2015/1 - 2015/12",1
I-0001843266,FARID ALBERTO CAMPO BAENA,0001843266,,,,https://scienti.minciencias.gov.co/cvlac/visualizador/generarCurriculoCv.do?cod_rh=0001843266,"GrupLAC, censo de integrantes, consultado 2026-09-25; vinculación: 2020/1 - Actual",1
I-0000960624,Francisco GARCIA PAYARES,0000960624,,,,https://scienti.minciencias.gov.co/cvlac/visualizador/generarCurriculoCv.do?cod_rh=0000960624,"GrupLAC, censo de integrantes, consultado 2026-09-25; vinculación: 2014/9 - Actual",1
I-0001053353,Francy Marizol Rojas Parra,0001053353,,,,https://scienti.minciencias.gov.co/cvlac/visualizador/generarCurriculoCv.do?cod_rh=0001053353,"GrupLAC, censo de integrantes, consultado 2026-09-25; vinculación: 2022/2 - Actual",1
I-0000655376,Gilberto Giraldo Gómez,0000655376,,,,https://scienti.minciencias.gov.co/cvlac/visualizador/generarCurriculoCv.do?cod_rh=0000655376,"GrupLAC, censo de integrantes, consultado 2026-09-25; vinculación: 2014/1 - Actual",1
I-0000805068,Hector PUMAREJO MINDIOLA,0000805068,,,,https://scienti.minciencias.gov.co/cvlac/visualizador/generarCurriculoCv.do?cod_rh=0000805068,"GrupLAC, censo de integrantes, consultado 2026-09-25; vinculación: 2014/1 - Actual",1
I-0002396308,John Sebastian Rodriguez Gonzalez,0002396308,,,,https://scienti.minciencias.gov.co/cvlac/visualizador/generarCurriculoCv.do?cod_rh=0002396308,"GrupLAC, censo de integrantes, consultado 2026-09-25; vinculación: 2025/1 - Actual",1
I-0001520278,Jonattan Pumarejo Sánchez,0001520278,,Investigador Asociado (I),,https://scienti.minciencias.gov.co/cvlac/visualizador/generarCurriculoCv.do?cod_rh=0001520278,"GrupLAC, censo de integrantes, consultado 2026-09-25; vinculación: 2020/1 - Actual",1
I-0002114284,Jorge Andrey Leon Barbosa,0002114284,,,,https://scienti.minciencias.gov.co/cvlac/visualizador/generarCurriculoCv.do?cod_rh=0002114284,"GrupLAC, censo de integrantes, consultado 2026-09-25; vinculación: 2022/2 - Actual",1
I-0002163699,JOSE CARLOS PEREZ YANCY,0002163699,,,,https://scienti.minciencias.gov.co/cvlac/visualizador/generarCurriculoCv.do?cod_rh=0002163699,"GrupLAC, censo de integrantes, consultado 2026-09-25; vinculación: 2021/2 - Actual",1
I-0000552968,Josè Francisco Saumet Suàrez,0000552968,,,,https://scienti.minciencias.gov.co/cvlac/visualizador/generarCurriculoCv.do?cod_rh=0000552968,"GrupLAC, censo de integrantes, consultado 2026-09-25; vinculación: 2020/1 - Actual",1
I-0002206300,Julieth Paola Simanda De la Cruz,0002206300,,,,https://scienti.minciencias.gov.co/cvlac/visualizador/generarCurriculoCv.do?cod_rh=0002206300,"GrupLAC, censo de integrantes, consultado 2026-09-25; vinculación: 2022/1 - Actual",1
I-0001891772,LILIANA ASTRID IBÁÑEZ ROJAS,0001891772,,,,https://scienti.minciencias.gov.co/cvlac/visualizador/generarCurriculoCv.do?cod_rh=0001891772,"GrupLAC, censo de integrantes, consultado 2026-09-25; vinculación: 2021/1 - Actual",1
I-0002395727,LUIS EDUARDO LEYES ALVAREZ,0002395727,,,,https://scienti.minciencias.gov.co/cvlac/visualizador/generarCurriculoCv.do?cod_rh=0002395727,"GrupLAC, censo de integrantes, consultado 2026-09-25; vinculación: 2025/1 - Actual",1
I-0000871613,LUIS JOSE VERDECIA MIRANDA,0000871613,,Investigador Junior (IJ),,https://scienti.minciencias.gov.co/cvlac/visualizador/generarCurriculoCv.do?cod_rh=0000871613,"GrupLAC, censo de integrantes, consultado 2026-09-25; vinculación: 2015/1 - Actual",1
I-0001521779,MARIANO ALFONSO SIERRA PÉREZ,0001521779,,,,https://scienti.minciencias.gov.co/cvlac/visualizador/generarCurriculoCv.do?cod_rh=0001521779,"GrupLAC, censo de integrantes, consultado 2026-09-25; vinculación: 2022/2 - Actual",1
I-0001496333,MARLENE LEONOR MEJIA REALES,0001496333,,,,https://scienti.minciencias.gov.co/cvlac/visualizador/generarCurriculoCv.do?cod_rh=0001496333,"GrupLAC, censo de integrantes, consultado 2026-09-25; vinculación: 2014/1 - Actual",1
I-0001049747,Miryam Luz ROYERO MORENO,0001049747,,,,https://scienti.minciencias.gov.co/cvlac/visualizador/generarCurriculoCv.do?cod_rh=0001049747,"GrupLAC, censo de integrantes, consultado 2026-09-25; vinculación: 2020/1 - Actual",1
I-0001747919,RAQUEL MOSQUERA ARMENTA,0001747919,,,,https://scienti.minciencias.gov.co/cvlac/visualizador/generarCurriculoCv.do?cod_rh=0001747919,"GrupLAC, censo de integrantes, consultado 2026-09-25; vinculación: 2018/1 - 2021/12",1
I-0001716647,RAYSA CHIRINO GARCIA,0001716647,,,,https://scienti.minciencias.gov.co/cvlac/visualizador/generarCurriculoCv.do?cod_rh=0001716647,"GrupLAC, censo de integrantes, consultado 2026-09-25; vinculación: 2017/1 - Actual",1
I-0001487103,RENE SEGUNDO HERNANDEZ IGIRIO,0001487103,,,,https://scienti.minciencias.gov.co/cvlac/visualizador/generarCurriculoCv.do?cod_rh=0001487103,"GrupLAC, censo de integrantes, consultado 2026-09-25; vinculación: 2014/1 - 2017/7",1
I-0001836976,RUBEN DARIO MARRUFO MARRUFO,0001836976,,Investigador Junior (IJ),,https://scienti.minciencias.gov.co/cvlac/visualizador/generarCurriculoCv.do?cod_rh=0001836976,"GrupLAC, censo de integrantes, consultado 2026-09-25; vinculación: 2019/2 - Actual",1
I-0002159300,Sharol Dayana Miranda Barrios,0002159300,,,,https://scienti.minciencias.gov.co/cvlac/visualizador/generarCurriculoCv.do?cod_rh=0002159300,"GrupLAC, censo de integrantes, consultado 2026-09-25; vinculación: 2022/2 - Actual",1
I-0001723794,Tellys Maria Moya Padilla,0001723794,,,,https://scienti.minciencias.gov.co/cvlac/visualizador/generarCurriculoCv.do?cod_rh=0001723794,"GrupLAC, censo de integrantes, consultado 2026-09-25; vinculación: 2022/1 - Actual",1
I-0000778460,William ROCHA JACOME,0000778460,,,,https://scienti.minciencias.gov.co/cvlac/visualizador/generarCurriculoCv.do?cod_rh=0000778460,"GrupLAC, censo de integrantes, consultado 2026-09-25; vinculación: 2014/1 - Actual",1
I-0001526698,Ximena Molina Vega,0001526698,,,,https://scienti.minciencias.gov.co/cvlac/visualizador/generarCurriculoCv.do?cod_rh=0001526698,"GrupLAC, censo de integrantes, consultado 2026-09-25; vinculación: 2019/9 - Actual",1
I-0000087119,Yain David Garcia Manjarrez,0000087119,,,,https://scienti.minciencias.gov.co/cvlac/visualizador/generarCurriculoCv.do?cod_rh=0000087119,"GrupLAC, censo de integrantes, consultado 2026-09-25; vinculación: 2021/1 - Actual",1
I-0002159359,Yulianys Yiseth Sánchez Bustos,0002159359,,,,https://scienti.minciencias.gov.co/cvlac/visualizador/generarCurriculoCv.do?cod_rh=0002159359,"GrupLAC, censo de integrantes, consultado 2026-09-25; vinculación: 2022/2 - Actual",1
I-0001425900,Alexi Vidal Brito,0001425900,,,,https://scienti.minciencias.gov.co/cvlac/visualizador/generarCurriculoCv.do?cod_rh=0001425900,"GrupLAC, censo de integrantes, consultado 2026-09-25; vinculación: 2021/1 - Actual",1
I-0001366173,GERMAN LOZANO HERNANDEZ,0001366173,,,,https://scienti.minciencias.gov.co/cvlac/visualizador/generarCurriculoCv.do?cod_rh=0001366173,"GrupLAC, censo de integrantes, consultado 2026-09-25; vinculación: 2020/9 - Actual",1
I-0000548863,GIOVANNY CASTRO MANJARREZ,0000548863,,,,https://scienti.minciencias.gov.co/cvlac/visualizador/generarCurriculoCv.do?cod_rh=0000548863,"GrupLAC, censo de integrantes, consultado 2026-09-25; vinculación: 2022/1 - Actual",1
I-0000157822,JAVIER ANTONIO ESPAÑA FREJA,0000157822,,,,https://scienti.minciencias.gov.co/cvlac/visualizador/generarCurriculoCv.do?cod_rh=0000157822,"GrupLAC, censo de integrantes, consultado 2026-09-25; vinculación: 2021/1 - Actual",1
I-0000110437,lEONCIO PERALTA CANO,0000110437,,,,https://scienti.minciencias.gov.co/cvlac/visualizador/generarCurriculoCv.do?cod_rh=0000110437,"GrupLAC, censo de integrantes, consultado 2026-09-25; vinculación: 2021/1 - Actual",1
I-0000154733,Nelson Osvaldo VALERO VALERO,0000154733,,Investigador Senior (IS),,https://scienti.minciencias.gov.co/cvlac/visualizador/generarCurriculoCv.do?cod_rh=0000154733,"GrupLAC, censo de integrantes, consultado 2026-09-25; vinculación: 2003/6 - Actual",1
I-0000577952,Liliana Cecilia Gómez Gómez,0000577952,,Investigador Junior (IJ),,https://scienti.minciencias.gov.co/cvlac/visualizador/generarCurriculoCv.do?cod_rh=0000577952,"GrupLAC, censo de integrantes, consultado 2026-09-25; vinculación: 2007/2 - Actual",1
I-0001426028,ADALGIZA CRISTINA ROCA RINCONES,0001426028,,,,https://scienti.minciencias.gov.co/cvlac/visualizador/generarCurriculoCv.do?cod_rh=0001426028,"GrupLAC, censo de integrantes, consultado 2026-09-25; vinculación: 2009/7 - 2011/12",1
I-0001563471,Adrian René Radillo Cotes,0001563471,,,,https://scienti.minciencias.gov.co/cvlac/visualizador/generarCurriculoCv.do?cod_rh=0001563471,"GrupLAC, censo de integrantes, consultado 2026-09-25; vinculación: 2014/2 - Actual",1
I-0000930547,Adriana Jimena muñoz Aguilera,0000930547,,,,https://scienti.minciencias.gov.co/cvlac/visualizador/generarCurriculoCv.do?cod_rh=0000930547,"GrupLAC, censo de integrantes, consultado 2026-09-25; vinculación: 2006/8 - 2007/5",1
I-0000570656,Adriana Sandon Cantero,0000570656,,,,https://scienti.minciencias.gov.co/cvlac/visualizador/generarCurriculoCv.do?cod_rh=0000570656,"GrupLAC, censo de integrantes, consultado 2026-09-25; vinculación: 2004/3 - 2008/12",1
I-0001396087,Ailyn Lucelis Duarte Fernández,0001396087,,,,https://scienti.minciencias.gov.co/cvlac/visualizador/generarCurriculoCv.do?cod_rh=0001396087,"GrupLAC, censo de integrantes, consultado 2026-09-25; vinculación: 2009/2 - 2012/8",1
I-0001356483,Alvaro José Gómez Vargas,0001356483,,,,https://scienti.minciencias.gov.co/cvlac/visualizador/generarCurriculoCv.do?cod_rh=0001356483,"GrupLAC, censo de integrantes, consultado 2026-09-25; vinculación: 2010/1 - 2010/6",1
I-0001475216,Ana Carina Torres Baños,0001475216,,,,https://scienti.minciencias.gov.co/cvlac/visualizador/generarCurriculoCv.do?cod_rh=0001475216,"GrupLAC, censo de integrantes, consultado 2026-09-25; vinculación: 2012/2 - 2013/12",1
I-0000137812,ANA CAROLINA CASTRO AVILA,0000137812,,,,https://scienti.minciencias.gov.co/cvlac/visualizador/generarCurriculoCv.do?cod_rh=0000137812,"GrupLAC, censo de integrantes, consultado 2026-09-25; vinculación: 2022/1 - 2023/6",1
I-0001566492,ana marcela granados mojica,0001566492,,,,https://scienti.minciencias.gov.co/cvlac/visualizador/generarCurriculoCv.do?cod_rh=0001566492,"GrupLAC, censo de integrantes, consultado 2026-09-25; vinculación: 2014/2 - 2014/4",1
I-0000542679,Andrea Paola Castrillón López,0000542679,,,,https://scienti.minciencias.gov.co/cvlac/visualizador/generarCurriculoCv.do?cod_rh=0000542679,"GrupLAC, censo de integrantes, consultado 2026-09-25; vinculación: 2008/3 - 2008/3",1
I-0000392960,Aracely Del Carmen García Cuan,0000392960,,Investigador Asociado (I),,https://scienti.minciencias.gov.co/cvlac/visualizador/generarCurriculoCv.do?cod_rh=0000392960,"GrupLAC, censo de integrantes, consultado 2026-09-25; vinculación: 2007/4 - 2011/2",1
I-0000712957,Carlos Alberto Osorio Molina,0000712957,,,,https://scienti.minciencias.gov.co/cvlac/visualizador/generarCurriculoCv.do?cod_rh=0000712957,"GrupLAC, censo de integrantes, consultado 2026-09-25; vinculación: 2006/2 - 2008/9",1
I-0001475211,Carlos Mario Avila Castilla,0001475211,,,,https://scienti.minciencias.gov.co/cvlac/visualizador/generarCurriculoCv.do?cod_rh=0001475211,"GrupLAC, censo de integrantes, consultado 2026-09-25; vinculación: 2012/2 - 2012/12",1
I-0001500005,CARMEN ELVIRA OJEDA CUELLAR,0001500005,,,,https://scienti.minciencias.gov.co/cvlac/visualizador/generarCurriculoCv.do?cod_rh=0001500005,"GrupLAC, censo de integrantes, consultado 2026-09-25; vinculación: 2013/8 - 2014/12",1
I-0001344831,Carmen Milena Cobo Sardoth,0001344831,,,,https://scienti.minciencias.gov.co/cvlac/visualizador/generarCurriculoCv.do?cod_rh=0001344831,"GrupLAC, censo de integrantes, consultado 2026-09-25; vinculación: 2011/2 - 2012/12",1
I-0001502882,Cesar Andres Romo Perez,0001502882,,,,https://scienti.minciencias.gov.co/cvlac/visualizador/generarCurriculoCv.do?cod_rh=0001502882,"GrupLAC, censo de integrantes, consultado 2026-09-25; vinculación: 2014/2 - 2015/12",1
I-0001601377,Clara ines Gómez Pérez,0001601377,,,,https://scienti.minciencias.gov.co/cvlac/visualizador/generarCurriculoCv.do?cod_rh=0001601377,"GrupLAC, censo de integrantes, consultado 2026-09-25; vinculación: 2013/3 - 2016/2",1
I-0001426039,Claudia Marcela Vergel Castro,0001426039,,,,https://scienti.minciencias.gov.co/cvlac/visualizador/generarCurriculoCv.do?cod_rh=0001426039,"GrupLAC, censo de integrantes, consultado 2026-09-25; vinculación: 2017/1 - Actual",1
I-0001478990,Daissy Esther Mejia PEREZ,0001478990,,,,https://scienti.minciencias.gov.co/cvlac/visualizador/generarCurriculoCv.do?cod_rh=0001478990,"GrupLAC, censo de integrantes, consultado 2026-09-25; vinculación: 2012/11 - 2015/1",1
I-0000798827,Dayanth Lizeth Barreto Gomez,0000798827,,,,https://scienti.minciencias.gov.co/cvlac/visualizador/generarCurriculoCv.do?cod_rh=0000798827,"GrupLAC, censo de integrantes, consultado 2026-09-25; vinculación: 2006/8 - 2008/6",1
I-0001424712,Diana Margarita Cuello Villazon,0001424712,,,,https://scienti.minciencias.gov.co/cvlac/visualizador/generarCurriculoCv.do?cod_rh=0001424712,"GrupLAC, censo de integrantes, consultado 2026-09-25; vinculación: 2009/7 - 2012/12",1
I-0001392047,Dorainis Valdes Ramos,0001392047,,,,https://scienti.minciencias.gov.co/cvlac/visualizador/generarCurriculoCv.do?cod_rh=0001392047,"GrupLAC, censo de integrantes, consultado 2026-09-25; vinculación: 2009/7 - 2011/12",1
I-0001558815,Duber Javier Soto Amaris,0001558815,,,,https://scienti.minciencias.gov.co/cvlac/visualizador/generarCurriculoCv.do?cod_rh=0001558815,"GrupLAC, censo de integrantes, consultado 2026-09-25; vinculación: 2012/11 - 2014/6",1
I-0001391572,Eduar Junior Moscote Julio,0001391572,,,,https://scienti.minciencias.gov.co/cvlac/visualizador/generarCurriculoCv.do?cod_rh=0001391572,"GrupLAC, censo de integrantes, consultado 2026-09-25; vinculación: 2009/2 - 2011/6",1
I-0001518626,Elizabeth Rojas Murgas,0001518626,,,,https://scienti.minciencias.gov.co/cvlac/visualizador/generarCurriculoCv.do?cod_rh=0001518626,"GrupLAC, censo de integrantes, consultado 2026-09-25; vinculación: 2012/8 - 2016/12",1
I-0001685441,Elva Cecilia Suarez Fragozo,0001685441,,,,https://scienti.minciencias.gov.co/cvlac/visualizador/generarCurriculoCv.do?cod_rh=0001685441,"GrupLAC, censo de integrantes, consultado 2026-09-25; vinculación: 2021/2 - 2022/12",1
I-0001348474,Eric Alexander Guevara Redondo,0001348474,,,,https://scienti.minciencias.gov.co/cvlac/visualizador/generarCurriculoCv.do?cod_rh=0001348474,"GrupLAC, censo de integrantes, consultado 2026-09-25; vinculación: 2009/2 - 2012/12",1
I-0001041061,Ervin Yair Perez Fernandez,0001041061,,,,https://scienti.minciencias.gov.co/cvlac/visualizador/generarCurriculoCv.do?cod_rh=0001041061,"GrupLAC, censo de integrantes, consultado 2026-09-25; vinculación: 2003/6 - 2012/6",1
I-0001577255,Esneider Alfredo Pallares Miranda,0001577255,,,,https://scienti.minciencias.gov.co/cvlac/visualizador/generarCurriculoCv.do?cod_rh=0001577255,"GrupLAC, censo de integrantes, consultado 2026-09-25; vinculación: 2013/11 - 2014/6",1
I-0001471884,Estefany Giset Garcia Vega,0001471884,,,,https://scienti.minciencias.gov.co/cvlac/visualizador/generarCurriculoCv.do?cod_rh=0001471884,"GrupLAC, censo de integrantes, consultado 2026-09-25; vinculación: 2013/8 - 2014/12",1
I-0001426034,GINA MILAGROS GARCIA JARAMILLO,0001426034,,,,https://scienti.minciencias.gov.co/cvlac/visualizador/generarCurriculoCv.do?cod_rh=0001426034,"GrupLAC, censo de integrantes, consultado 2026-09-25; vinculación: 2009/1 - 2010/11",1
I-0000727601,Gloria Morales Parra,0000727601,,,,https://scienti.minciencias.gov.co/cvlac/visualizador/generarCurriculoCv.do?cod_rh=0000727601,"GrupLAC, censo de integrantes, consultado 2026-09-25; vinculación: 2007/8 - 2013/1",1
I-0001392154,Gustavo Enrique Trespalacios Acosta,0001392154,,,,https://scienti.minciencias.gov.co/cvlac/visualizador/generarCurriculoCv.do?cod_rh=0001392154,"GrupLAC, censo de integrantes, consultado 2026-09-25; vinculación: 2010/1 - 2011/1",1
I-0001576959,jessica noriega mercado,0001576959,,,,https://scienti.minciencias.gov.co/cvlac/visualizador/generarCurriculoCv.do?cod_rh=0001576959,"GrupLAC, censo de integrantes, consultado 2026-09-25; vinculación: 2012/2 - 2013/1",1
I-0000941026,Jessica Rodriguez Escobar,0000941026,,,,https://scienti.minciencias.gov.co/cvlac/visualizador/generarCurriculoCv.do?cod_rh=0000941026,"GrupLAC, censo de integrantes, consultado 2026-09-25; vinculación: 2021/4 - 2022/12",1
I-0000000161,Jocelyn Beleño Carrillo,0000000161,,,,https://scienti.minciencias.gov.co/cvlac/visualizador/generarCurriculoCv.do?cod_rh=0000000161,"GrupLAC, censo de integrantes, consultado 2026-09-25; vinculación: 2014/3 - Actual",1
I-0001437521,KAREN VANESSA MENDOZA MEJIA,0001437521,,,,https://scienti.minciencias.gov.co/cvlac/visualizador/generarCurriculoCv.do?cod_rh=0001437521,"GrupLAC, censo de integrantes, consultado 2026-09-25; vinculación: 2009/1 - 2014/1",1
I-0001475212,Karen Yulieth Yepes RUIZ,0001475212,,,,https://scienti.minciencias.gov.co/cvlac/visualizador/generarCurriculoCv.do?cod_rh=0001475212,"GrupLAC, censo de integrantes, consultado 2026-09-25; vinculación: 2012/2 - 2014/12",1
I-0001334074,kelin roxana esquea larios,0001334074,,Investigador Junior (IJ),,https://scienti.minciencias.gov.co/cvlac/visualizador/generarCurriculoCv.do?cod_rh=0001334074,"GrupLAC, censo de integrantes, consultado 2026-09-25; vinculación: 2010/8 - 2010/12",1
I-0000001148,LADY KARINA APARICIO SANCHEZ,0000001148,,,,https://scienti.minciencias.gov.co/cvlac/visualizador/generarCurriculoCv.do?cod_rh=0000001148,"GrupLAC, censo de integrantes, consultado 2026-09-25; vinculación: 2016/6 - Actual",1
I-0001831314,Laura Liliam Aguirre Perez,0001831314,,,,https://scienti.minciencias.gov.co/cvlac/visualizador/generarCurriculoCv.do?cod_rh=0001831314,"GrupLAC, censo de integrantes, consultado 2026-09-25; vinculación: 2021/3 - 2023/6",1
I-0000798380,Lauris del Carmen Mejia Doria,0000798380,,,,https://scienti.minciencias.gov.co/cvlac/visualizador/generarCurriculoCv.do?cod_rh=0000798380,"GrupLAC, censo de integrantes, consultado 2026-09-25; vinculación: 2007/2 - 2008/6",1
I-0001492152,licelis florian carreño,0001492152,,,,https://scienti.minciencias.gov.co/cvlac/visualizador/generarCurriculoCv.do?cod_rh=0001492152,"GrupLAC, censo de integrantes, consultado 2026-09-25; vinculación: 2014/2 - 2014/4",1
I-0000218049,Luisa Fernanda PEÑA CORTES,0000218049,,,,https://scienti.minciencias.gov.co/cvlac/visualizador/generarCurriculoCv.do?cod_rh=0000218049,"GrupLAC, censo de integrantes, consultado 2026-09-25; vinculación: 2014/1 - 2014/6",1
I-0000549746,Luz Anays Ballesteros Galvis,0000549746,,,,https://scienti.minciencias.gov.co/cvlac/visualizador/generarCurriculoCv.do?cod_rh=0000549746,"GrupLAC, censo de integrantes, consultado 2026-09-25; vinculación: 2003/6 - 2007/6",1
I-0000644668,Luz Nidia Rodríguez Salazar,0000644668,,,,https://scienti.minciencias.gov.co/cvlac/visualizador/generarCurriculoCv.do?cod_rh=0000644668,"GrupLAC, censo de integrantes, consultado 2026-09-25; vinculación: 2003/11 - 2012/12",1
I-0001166476,Manuel Pantoja Guerra,0001166476,,Investigador Junior (IJ),,https://scienti.minciencias.gov.co/cvlac/visualizador/generarCurriculoCv.do?cod_rh=0001166476,"GrupLAC, censo de integrantes, consultado 2026-09-25; vinculación: 2010/6 - Actual",1
I-0001417352,MARIA LAURA ARZUAGA NIÑO,0001417352,,,,https://scienti.minciencias.gov.co/cvlac/visualizador/generarCurriculoCv.do?cod_rh=0001417352,"GrupLAC, censo de integrantes, consultado 2026-09-25; vinculación: 2010/8 - 2013/12",1
I-0000107147,Marielis Gonzalez Ardila,0000107147,,,,https://scienti.minciencias.gov.co/cvlac/visualizador/generarCurriculoCv.do?cod_rh=0000107147,"GrupLAC, censo de integrantes, consultado 2026-09-25; vinculación: 2019/1 - Actual",1
I-0000993573,MASSIEL VANESA RIVERA GONZALEZ,0000993573,,,,https://scienti.minciencias.gov.co/cvlac/visualizador/generarCurriculoCv.do?cod_rh=0000993573,"GrupLAC, censo de integrantes, consultado 2026-09-25; vinculación: 2008/2 - 2012/12",1
I-0000941484,Mildreth PÉREZ NAVARRO,0000941484,,,,https://scienti.minciencias.gov.co/cvlac/visualizador/generarCurriculoCv.do?cod_rh=0000941484,"GrupLAC, censo de integrantes, consultado 2026-09-25; vinculación: 2006/7 - 2008/8",1
I-0000717134,Nelly VELASCO POSADA,0000717134,,,,https://scienti.minciencias.gov.co/cvlac/visualizador/generarCurriculoCv.do?cod_rh=0000717134,"GrupLAC, censo de integrantes, consultado 2026-09-25; vinculación: 2005/2 - 2006/6",1
I-0001425927,NOREYDA YESLITH SOLANO CHICA,0001425927,,,,https://scienti.minciencias.gov.co/cvlac/visualizador/generarCurriculoCv.do?cod_rh=0001425927,"GrupLAC, censo de integrantes, consultado 2026-09-25; vinculación: 2009/1 - 2011/12",1
I-0001600594,Oscar Eduardo Trujillo Torres,0001600594,,,,https://scienti.minciencias.gov.co/cvlac/visualizador/generarCurriculoCv.do?cod_rh=0001600594,"GrupLAC, censo de integrantes, consultado 2026-09-25; vinculación: 2014/8 - 2014/12",1
I-0000968943,Patricia Del Carmen Herrera Demares,0000968943,,Investigador Junior (IJ),,https://scienti.minciencias.gov.co/cvlac/visualizador/generarCurriculoCv.do?cod_rh=0000968943,"GrupLAC, censo de integrantes, consultado 2026-09-25; vinculación: 2010/1 - 2015/12",1
I-0001565845,Reinys Herelth Gutierrez Quevedo,0001565845,,,,https://scienti.minciencias.gov.co/cvlac/visualizador/generarCurriculoCv.do?cod_rh=0001565845,"GrupLAC, censo de integrantes, consultado 2026-09-25; vinculación: 2014/2 - 2014/4",1
I-0000798681,Ronal Antonio Quintero Valencia,0000798681,,,,https://scienti.minciencias.gov.co/cvlac/visualizador/generarCurriculoCv.do?cod_rh=0000798681,"GrupLAC, censo de integrantes, consultado 2026-09-25; vinculación: 2006/6 - 2008/8",1
I-0000035693,Sandra Milena Martinez Arrieta,0000035693,,,,https://scienti.minciencias.gov.co/cvlac/visualizador/generarCurriculoCv.do?cod_rh=0000035693,"GrupLAC, censo de integrantes, consultado 2026-09-25; vinculación: 2016/2 - 2017/7",1
I-0001435711,Yarcelys Torres Machuca,0001435711,,,,https://scienti.minciencias.gov.co/cvlac/visualizador/generarCurriculoCv.do?cod_rh=0001435711,"GrupLAC, censo de integrantes, consultado 2026-09-25; vinculación: 2012/8 - 2015/12",1
I-0001565744,Yaris Milena Manzano Daza,0001565744,,,,https://scienti.minciencias.gov.co/cvlac/visualizador/generarCurriculoCv.do?cod_rh=0001565744,"GrupLAC, censo de integrantes, consultado 2026-09-25; vinculación: 2013/8 - 2013/12",1
I-0000717185,Yennys DAZA SALINAS,0000717185,,,,https://scienti.minciencias.gov.co/cvlac/visualizador/generarCurriculoCv.do?cod_rh=0000717185,"GrupLAC, censo de integrantes, consultado 2026-09-25; vinculación: 2005/2 - 2006/6",1
I-0001342675,YULI PAOLA MARTINEZ SILVA,0001342675,,,,https://scienti.minciencias.gov.co/cvlac/visualizador/generarCurriculoCv.do?cod_rh=0001342675,"GrupLAC, censo de integrantes, consultado 2026-09-25; vinculación: 2003/6 - 2014/1",1
I-0001340640,YULITZA NADAL NAVARRO,0001340640,,,,https://scienti.minciencias.gov.co/cvlac/visualizador/generarCurriculoCv.do?cod_rh=0001340640,"GrupLAC, censo de integrantes, consultado 2026-09-25; vinculación: 2010/8 - 2010/12",1
I-0001415736,yurieth paola aleman charris,0001415736,,,,https://scienti.minciencias.gov.co/cvlac/visualizador/generarCurriculoCv.do?cod_rh=0001415736,"GrupLAC, censo de integrantes, consultado 2026-09-25; vinculación: 2011/2 - 2013/6",1
I-0001450472,ana cristina torres pacheco,0001450472,,,,https://scienti.minciencias.gov.co/cvlac/visualizador/generarCurriculoCv.do?cod_rh=0001450472,"GrupLAC, censo de integrantes, consultado 2026-09-25; vinculación: 2012/2 - 2019/6",1
I-0001547711,Raiza Mejia Pcheco,0001547711,,,,https://scienti.minciencias.gov.co/cvlac/visualizador/generarCurriculoCv.do?cod_rh=0001547711,"GrupLAC, censo de integrantes, consultado 2026-09-25; vinculación: 2025/1 - Actual",1
I-0000418544,Hernando Carlos Oñate Barraza,0000418544,,,,https://scienti.minciencias.gov.co/cvlac/visualizador/generarCurriculoCv.do?cod_rh=0000418544,"GrupLAC, censo de integrantes, consultado 2026-09-25; vinculación: 2007/1 - Actual",1
I-0000483303,Adriana Carolina ROYERO IBARRA,0000483303,,Investigador Junior (IJ),,https://scienti.minciencias.gov.co/cvlac/visualizador/generarCurriculoCv.do?cod_rh=0000483303,"GrupLAC, censo de integrantes, consultado 2026-09-25; vinculación: 2014/1 - Actual",1
I-0000087978,Alberto Mario Ayos Oñate,0000087978,,,,https://scienti.minciencias.gov.co/cvlac/visualizador/generarCurriculoCv.do?cod_rh=0000087978,"GrupLAC, censo de integrantes, consultado 2026-09-25; vinculación: 2020/1 - Actual",1
I-0000799858,Alcides Torregroza Mozo,0000799858,,,,https://scienti.minciencias.gov.co/cvlac/visualizador/generarCurriculoCv.do?cod_rh=0000799858,"GrupLAC, censo de integrantes, consultado 2026-09-25; vinculación: 2015/2 - Actual",1
I-0001637202,Alvaro nicolas Gomez Vasquez,0001637202,,,,https://scienti.minciencias.gov.co/cvlac/visualizador/generarCurriculoCv.do?cod_rh=0001637202,"GrupLAC, censo de integrantes, consultado 2026-09-25; vinculación: 2015/2 - 2016/12",1
I-0001612304,ALVARO RAFAEL MEJIA ACOSTA,0001612304,,,,https://scienti.minciencias.gov.co/cvlac/visualizador/generarCurriculoCv.do?cod_rh=0001612304,"GrupLAC, censo de integrantes, consultado 2026-09-25; vinculación: 2022/1 - Actual",1
I-0000062303,Ana Isabel Ternera Amaya,0000062303,,,,https://scienti.minciencias.gov.co/cvlac/visualizador/generarCurriculoCv.do?cod_rh=0000062303,"GrupLAC, censo de integrantes, consultado 2026-09-25; vinculación: 2015/1 - 2024/12",1
I-0000039523,ANDREA PAOLA MORALES VEGA,0000039523,,,,https://scienti.minciencias.gov.co/cvlac/visualizador/generarCurriculoCv.do?cod_rh=0000039523,"GrupLAC, censo de integrantes, consultado 2026-09-25; vinculación: 2015/1 - 2024/12",1
I-0002109818,Andrés Alfonso Álvarez Galezo,0002109818,,,,https://scienti.minciencias.gov.co/cvlac/visualizador/generarCurriculoCv.do?cod_rh=0002109818,"GrupLAC, censo de integrantes, consultado 2026-09-25; vinculación: 2024/2 - Actual",1
I-0000019619,ANGELICA PATRICIA VANEGAS PADILLA,0000019619,,,,https://scienti.minciencias.gov.co/cvlac/visualizador/generarCurriculoCv.do?cod_rh=0000019619,"GrupLAC, censo de integrantes, consultado 2026-09-25; vinculación: 2015/2 - Actual",1
I-0001396108,ARIEL ANGEL ZAMBRANO ALCENDRA,0001396108,,,,https://scienti.minciencias.gov.co/cvlac/visualizador/generarCurriculoCv.do?cod_rh=0001396108,"GrupLAC, censo de integrantes, consultado 2026-09-25; vinculación: 2011/6 - 2015/1",1
I-0001375659,ARLY DARIO RINCÓN QUINTERO,0001375659,,Investigador Senior (IS),,https://scienti.minciencias.gov.co/cvlac/visualizador/generarCurriculoCv.do?cod_rh=0001375659,"GrupLAC, censo de integrantes, consultado 2026-09-25; vinculación: 2014/1 - Actual",1
I-0001665497,Caleb Mariano Posada Alvarez,0001665497,,,,https://scienti.minciencias.gov.co/cvlac/visualizador/generarCurriculoCv.do?cod_rh=0001665497,"GrupLAC, censo de integrantes, consultado 2026-09-25; vinculación: 2017/1 - Actual",1
I-0001480034,carla cecilia bolaños CONTRERAS,0001480034,,,,https://scienti.minciencias.gov.co/cvlac/visualizador/generarCurriculoCv.do?cod_rh=0001480034,"GrupLAC, censo de integrantes, consultado 2026-09-25; vinculación: 2017/7 - 2018/12",1
I-0001735942,CARLOS ANDRES JALABE SALDAÑA,0001735942,,,,https://scienti.minciencias.gov.co/cvlac/visualizador/generarCurriculoCv.do?cod_rh=0001735942,"GrupLAC, censo de integrantes, consultado 2026-09-25; vinculación: 2019/1 - Actual",1
I-0000016419,Carlos Emmanuel Mora Molina,0000016419,,,,https://scienti.minciencias.gov.co/cvlac/visualizador/generarCurriculoCv.do?cod_rh=0000016419,"GrupLAC, censo de integrantes, consultado 2026-09-25; vinculación: 2014/1 - 2018/12",1
I-0002366212,DIEGO Carabali Hurtado,0002366212,,,,https://scienti.minciencias.gov.co/cvlac/visualizador/generarCurriculoCv.do?cod_rh=0002366212,"GrupLAC, censo de integrantes, consultado 2026-09-25; vinculación: 2024/2 - Actual",1
I-0001443345,Divanery Rodriguez Goméz,0001443345,,,,https://scienti.minciencias.gov.co/cvlac/visualizador/generarCurriculoCv.do?cod_rh=0001443345,"GrupLAC, censo de integrantes, consultado 2026-09-25; vinculación: 2014/1 - 2018/12",1
I-0000418900,Eberto ORTEGA SINNING,0000418900,,,,https://scienti.minciencias.gov.co/cvlac/visualizador/generarCurriculoCv.do?cod_rh=0000418900,"GrupLAC, censo de integrantes, consultado 2026-09-25; vinculación: 2013/2 - Actual",1
I-0001703940,EDWIN HARLEY MUÑOZ SANABRIA,0001703940,,,,https://scienti.minciencias.gov.co/cvlac/visualizador/generarCurriculoCv.do?cod_rh=0001703940,"GrupLAC, censo de integrantes, consultado 2026-09-25; vinculación: 2019/2 - Actual",1
I-0001601727,Elis Rosa Castilla Núñez,0001601727,,,,https://scienti.minciencias.gov.co/cvlac/visualizador/generarCurriculoCv.do?cod_rh=0001601727,"GrupLAC, censo de integrantes, consultado 2026-09-25; vinculación: 2023/1 - Actual",1
I-0000054734,Elizabeth Pallares Arevalo,0000054734,,Investigador Junior (IJ),,https://scienti.minciencias.gov.co/cvlac/visualizador/generarCurriculoCv.do?cod_rh=0000054734,"GrupLAC, censo de integrantes, consultado 2026-09-25; vinculación: 2021/1 - Actual",1
I-0000051854,ender rosado diaz,0000051854,,,,https://scienti.minciencias.gov.co/cvlac/visualizador/generarCurriculoCv.do?cod_rh=0000051854,"GrupLAC, censo de integrantes, consultado 2026-09-25; vinculación: 2016/1 - 2018/12",1
I-0001391393,Ethel Goreth Tapias De La Cruz,0001391393,,,,https://scienti.minciencias.gov.co/cvlac/visualizador/generarCurriculoCv.do?cod_rh=0001391393,"GrupLAC, censo de integrantes, consultado 2026-09-25; vinculación: 2021/1 - Actual",1
I-0001389659,EVA ALEJANDRA ROJAS GARCIA,0001389659,,,,https://scienti.minciencias.gov.co/cvlac/visualizador/generarCurriculoCv.do?cod_rh=0001389659,"GrupLAC, censo de integrantes, consultado 2026-09-25; vinculación: 2013/1 - 2016/12",1
I-0000053607,EVA SANDRITH BAQUERO RAMIREZ,0000053607,,,,https://scienti.minciencias.gov.co/cvlac/visualizador/generarCurriculoCv.do?cod_rh=0000053607,"GrupLAC, censo de integrantes, consultado 2026-09-25; vinculación: 2014/1 - 2019/12",1
I-0000045880,Fernando Anaya Payares,0000045880,,,,https://scienti.minciencias.gov.co/cvlac/visualizador/generarCurriculoCv.do?cod_rh=0000045880,"GrupLAC, censo de integrantes, consultado 2026-09-25; vinculación: 2014/1 - Actual",1
I-0001396243,GISELLE MARCELA CANTILLO TURIZO,0001396243,,,,https://scienti.minciencias.gov.co/cvlac/visualizador/generarCurriculoCv.do?cod_rh=0001396243,"GrupLAC, censo de integrantes, consultado 2026-09-25; vinculación: 2011/6 - 2016/12",1
I-0000155867,Gloria Patricia Saldana Astorga,0000155867,,,,https://scienti.minciencias.gov.co/cvlac/visualizador/generarCurriculoCv.do?cod_rh=0000155867,"GrupLAC, censo de integrantes, consultado 2026-09-25; vinculación: 2017/2 - Actual",1
I-0001389354,Gridis Yulieth Cortes Henao,0001389354,,,,https://scienti.minciencias.gov.co/cvlac/visualizador/generarCurriculoCv.do?cod_rh=0001389354,"GrupLAC, censo de integrantes, consultado 2026-09-25; vinculación: 2010/6 - Actual",1
I-0000550396,Guillermo Antonio De La Cruz Frías,0000550396,,,,https://scienti.minciencias.gov.co/cvlac/visualizador/generarCurriculoCv.do?cod_rh=0000550396,"GrupLAC, censo de integrantes, consultado 2026-09-25; vinculación: 2012/1 - 2018/12",1
I-0001568826,Guillermo Eduardo Sinning Guerrero,0001568826,,,,https://scienti.minciencias.gov.co/cvlac/visualizador/generarCurriculoCv.do?cod_rh=0001568826,"GrupLAC, censo de integrantes, consultado 2026-09-25; vinculación: 2018/1 - Actual",1
I-0001413624,Hassan Mohamed Farah,0001413624,,,,https://scienti.minciencias.gov.co/cvlac/visualizador/generarCurriculoCv.do?cod_rh=0001413624,"GrupLAC, censo de integrantes, consultado 2026-09-25; vinculación: 2015/2 - 2016/12",1
I-0000421189,Hector Helí Segura Orozco,0000421189,,,,https://scienti.minciencias.gov.co/cvlac/visualizador/generarCurriculoCv.do?cod_rh=0000421189,"GrupLAC, censo de integrantes, consultado 2026-09-25; vinculación: 2014/1 - Actual",1
I-0001556404,HERMES YAMITH ESCOBAR OSPINO,0001556404,,,,https://scienti.minciencias.gov.co/cvlac/visualizador/generarCurriculoCv.do?cod_rh=0001556404,"GrupLAC, censo de integrantes, consultado 2026-09-25; vinculación: 2015/1 - 2018/12",1
I-0001645776,Hildelina Ochoa Bermudez,0001645776,,,,https://scienti.minciencias.gov.co/cvlac/visualizador/generarCurriculoCv.do?cod_rh=0001645776,"GrupLAC, censo de integrantes, consultado 2026-09-25; vinculación: 2014/1 - 2018/12",1
I-0000016417,Isabel cristina Arenas Mendez,0000016417,,,,https://scienti.minciencias.gov.co/cvlac/visualizador/generarCurriculoCv.do?cod_rh=0000016417,"GrupLAC, censo de integrantes, consultado 2026-09-25; vinculación: 2015/2 - 2018/12",1
I-0000015699,Ivan Jose Lopez Salas,0000015699,,,,https://scienti.minciencias.gov.co/cvlac/visualizador/generarCurriculoCv.do?cod_rh=0000015699,"GrupLAC, censo de integrantes, consultado 2026-09-25; vinculación: 2014/1 - 2024/12",1
I-0000053367,Jaime Daniel Luque Vega,0000053367,,,,https://scienti.minciencias.gov.co/cvlac/visualizador/generarCurriculoCv.do?cod_rh=0000053367,"GrupLAC, censo de integrantes, consultado 2026-09-25; vinculación: 2015/1 - 2018/12",1
I-0000015704,JAIME LUIS ARIZA RESTREPO,0000015704,,,,https://scienti.minciencias.gov.co/cvlac/visualizador/generarCurriculoCv.do?cod_rh=0000015704,"GrupLAC, censo de integrantes, consultado 2026-09-25; vinculación: 2018/1 - Actual",1
I-0001751525,Jesús Andrés Oñate Gutiérrez,0001751525,,,,https://scienti.minciencias.gov.co/cvlac/visualizador/generarCurriculoCv.do?cod_rh=0001751525,"GrupLAC, censo de integrantes, consultado 2026-09-25; vinculación: 2020/1 - Actual",1
I-0001412211,JICETH CRISTINA SALAZAR ANEZ,0001412211,,,,https://scienti.minciencias.gov.co/cvlac/visualizador/generarCurriculoCv.do?cod_rh=0001412211,"GrupLAC, censo de integrantes, consultado 2026-09-25; vinculación: 2010/2 - 2012/7",1
I-0001635347,Johenis Paola Almanza Barranco,0001635347,,,,https://scienti.minciencias.gov.co/cvlac/visualizador/generarCurriculoCv.do?cod_rh=0001635347,"GrupLAC, censo de integrantes, consultado 2026-09-25; vinculación: 2015/1 - 2018/12",1
I-0002114047,johon mario gonzalez diaz,0002114047,,,,https://scienti.minciencias.gov.co/cvlac/visualizador/generarCurriculoCv.do?cod_rh=0002114047,"GrupLAC, censo de integrantes, consultado 2026-09-25; vinculación: 2024/2 - Actual",1
I-0001635357,Jose Julio Cerro Rodríguez,0001635357,,,,https://scienti.minciencias.gov.co/cvlac/visualizador/generarCurriculoCv.do?cod_rh=0001635357,"GrupLAC, censo de integrantes, consultado 2026-09-25; vinculación: 2015/1 - 2018/12",1
I-0000110270,JOSE LUIS RAMOS ANGARITA,0000110270,,,,https://scienti.minciencias.gov.co/cvlac/visualizador/generarCurriculoCv.do?cod_rh=0000110270,"GrupLAC, censo de integrantes, consultado 2026-09-25; vinculación: 2017/1 - Actual",1
I-0000056359,José Miguel Pinto Gómez,0000056359,,,,https://scienti.minciencias.gov.co/cvlac/visualizador/generarCurriculoCv.do?cod_rh=0000056359,"GrupLAC, censo de integrantes, consultado 2026-09-25; vinculación: 2023/1 - Actual",1
I-0001637428,joselin andrea cuello baquero,0001637428,,,,https://scienti.minciencias.gov.co/cvlac/visualizador/generarCurriculoCv.do?cod_rh=0001637428,"GrupLAC, censo de integrantes, consultado 2026-09-25; vinculación: 2015/2 - 2016/12",1
I-0001396758,juan jose manzur osorio,0001396758,,,,https://scienti.minciencias.gov.co/cvlac/visualizador/generarCurriculoCv.do?cod_rh=0001396758,"GrupLAC, censo de integrantes, consultado 2026-09-25; vinculación: 2011/6 - 2015/1",1
I-0000016123,julieth paola correa monson,0000016123,,,,https://scienti.minciencias.gov.co/cvlac/visualizador/generarCurriculoCv.do?cod_rh=0000016123,"GrupLAC, censo de integrantes, consultado 2026-09-25; vinculación: 2023/1 - 2023/1",1
I-0000862797,Julio Cesar Vega Suarez,0000862797,,,,https://scienti.minciencias.gov.co/cvlac/visualizador/generarCurriculoCv.do?cod_rh=0000862797,"GrupLAC, censo de integrantes, consultado 2026-09-25; vinculación: 2019/1 - 2024/12",1
I-0002113950,Karen Cristina Coronel Robles,0002113950,,,,https://scienti.minciencias.gov.co/cvlac/visualizador/generarCurriculoCv.do?cod_rh=0002113950,"GrupLAC, censo de integrantes, consultado 2026-09-25; vinculación: 2022/8 - Actual",1
I-0001479077,Kenia Yalena Amaya Alvear,0001479077,,,,https://scienti.minciencias.gov.co/cvlac/visualizador/generarCurriculoCv.do?cod_rh=0001479077,"GrupLAC, censo de integrantes, consultado 2026-09-25; vinculación: 2014/2 - 2024/12",1
I-0001637017,Keynis Marina Arenilla Henriquez,0001637017,,,,https://scienti.minciencias.gov.co/cvlac/visualizador/generarCurriculoCv.do?cod_rh=0001637017,"GrupLAC, censo de integrantes, consultado 2026-09-25; vinculación: 2021/1 - 2021/1",1
I-0001650975,Lenin Eduardo Acuña Alvear,0001650975,,,,https://scienti.minciencias.gov.co/cvlac/visualizador/generarCurriculoCv.do?cod_rh=0001650975,"GrupLAC, censo de integrantes, consultado 2026-09-25; vinculación: 2017/2 - 2018/12",1
I-0001396093,Linda Lucía Rojas Sanmiguel,0001396093,,,,https://scienti.minciencias.gov.co/cvlac/visualizador/generarCurriculoCv.do?cod_rh=0001396093,"GrupLAC, censo de integrantes, consultado 2026-09-25; vinculación: 2011/6 - 2012/7",1
I-0001398977,LIZETH ALVARADO BELTRAN,0001398977,,,,https://scienti.minciencias.gov.co/cvlac/visualizador/generarCurriculoCv.do?cod_rh=0001398977,"GrupLAC, censo de integrantes, consultado 2026-09-25; vinculación: 2011/6 - 2012/7",1
I-0001650553,Manuel Marimon Angulo,0001650553,,,,https://scienti.minciencias.gov.co/cvlac/visualizador/generarCurriculoCv.do?cod_rh=0001650553,"GrupLAC, censo de integrantes, consultado 2026-09-25; vinculación: 2023/1 - Actual",1
I-0001413990,Maria Alejandra Chinchilla Calderon,0001413990,,,,https://scienti.minciencias.gov.co/cvlac/visualizador/generarCurriculoCv.do?cod_rh=0001413990,"GrupLAC, censo de integrantes, consultado 2026-09-25; vinculación: 2010/2 - 2012/1",1
I-0001393638,Maria Liliana Mejia Daza,0001393638,,,,https://scienti.minciencias.gov.co/cvlac/visualizador/generarCurriculoCv.do?cod_rh=0001393638,"GrupLAC, censo de integrantes, consultado 2026-09-25; vinculación: 2019/1 - Actual",1
I-0001412519,Mariana Isabel Andrade CORDOBA,0001412519,,,,https://scienti.minciencias.gov.co/cvlac/visualizador/generarCurriculoCv.do?cod_rh=0001412519,"GrupLAC, censo de integrantes, consultado 2026-09-25; vinculación: 2011/6 - 2018/12",1
I-0000016416,Melisa Paola Sierra Quintero,0000016416,,,,https://scienti.minciencias.gov.co/cvlac/visualizador/generarCurriculoCv.do?cod_rh=0000016416,"GrupLAC, censo de integrantes, consultado 2026-09-25; vinculación: 2020/1 - 2020/12",1
I-0000015701,Miguel David Fuentes Guevara,0000015701,,Investigador Junior (IJ),,https://scienti.minciencias.gov.co/cvlac/visualizador/generarCurriculoCv.do?cod_rh=0000015701,"GrupLAC, censo de integrantes, consultado 2026-09-25; vinculación: 2015/1 - Actual",1
I-0001548214,NEFTALI MENDEZ CANTILLO,0001548214,,,,https://scienti.minciencias.gov.co/cvlac/visualizador/generarCurriculoCv.do?cod_rh=0001548214,"GrupLAC, censo de integrantes, consultado 2026-09-25; vinculación: 2024/1 - Actual",1
I-0002177657,Nilson Javier Ochoa Rueda,0002177657,,,,https://scienti.minciencias.gov.co/cvlac/visualizador/generarCurriculoCv.do?cod_rh=0002177657,"GrupLAC, censo de integrantes, consultado 2026-09-25; vinculación: 2023/4 - Actual",1
I-0001412270,omar jose maestre felizzola,0001412270,,,,https://scienti.minciencias.gov.co/cvlac/visualizador/generarCurriculoCv.do?cod_rh=0001412270,"GrupLAC, censo de integrantes, consultado 2026-09-25; vinculación: 2011/3 - 2012/7",1
I-0000051923,Orlando Enrique Rubiano Lara,0000051923,,,,https://scienti.minciencias.gov.co/cvlac/visualizador/generarCurriculoCv.do?cod_rh=0000051923,"GrupLAC, censo de integrantes, consultado 2026-09-25; vinculación: 2018/1 - Actual",1
I-0002031841,Pablo Alberto Herrera,0002031841,,,,https://scienti.minciencias.gov.co/cvlac/visualizador/generarCurriculoCv.do?cod_rh=0002031841,"GrupLAC, censo de integrantes, consultado 2026-09-25; vinculación: 2021/1 - Actual",1
I-0000406996,Rafael Enrique Diaz Ortega,0000406996,,,,https://scienti.minciencias.gov.co/cvlac/visualizador/generarCurriculoCv.do?cod_rh=0000406996,"GrupLAC, censo de integrantes, consultado 2026-09-25; vinculación: 2015/2 - 2015/3",1
I-0000999385,Rosangela oñate bolaño,0000999385,,,,https://scienti.minciencias.gov.co/cvlac/visualizador/generarCurriculoCv.do?cod_rh=0000999385,"GrupLAC, censo de integrantes, consultado 2026-09-25; vinculación: 2011/3 - 2011/3",1
I-0001637401,Sandra milena duran arias,0001637401,,,,https://scienti.minciencias.gov.co/cvlac/visualizador/generarCurriculoCv.do?cod_rh=0001637401,"GrupLAC, censo de integrantes, consultado 2026-09-25; vinculación: 2015/2 - 2016/12",1
I-0001603528,SANTANDER DURAN ESCALONA,0001603528,,,,https://scienti.minciencias.gov.co/cvlac/visualizador/generarCurriculoCv.do?cod_rh=0001603528,"GrupLAC, censo de integrantes, consultado 2026-09-25; vinculación: 2016/2 - Actual",1
I-0000144468,sara milena garcia anaya,0000144468,,,,https://scienti.minciencias.gov.co/cvlac/visualizador/generarCurriculoCv.do?cod_rh=0000144468,"GrupLAC, censo de integrantes, consultado 2026-09-25; vinculación: 2021/8 - Actual",1
I-0001755698,SERGIO ANDRES MENDOZA TAFUR,0001755698,,,,https://scienti.minciencias.gov.co/cvlac/visualizador/generarCurriculoCv.do?cod_rh=0001755698,"GrupLAC, censo de integrantes, consultado 2026-09-25; vinculación: 2021/1 - Actual",1
I-0001636942,sergio gabriel brito brito,0001636942,,,,https://scienti.minciencias.gov.co/cvlac/visualizador/generarCurriculoCv.do?cod_rh=0001636942,"GrupLAC, censo de integrantes, consultado 2026-09-25; vinculación: 2021/1 - 2021/1",1
I-0001707308,Sindy Julieth López Iguaran,0001707308,,,,https://scienti.minciencias.gov.co/cvlac/visualizador/generarCurriculoCv.do?cod_rh=0001707308,"GrupLAC, censo de integrantes, consultado 2026-09-25; vinculación: 2017/1 - 2018/12",1
I-0000417068,Walner LOPEZ MENA,0000417068,,,,https://scienti.minciencias.gov.co/cvlac/visualizador/generarCurriculoCv.do?cod_rh=0000417068,"GrupLAC, censo de integrantes, consultado 2026-09-25; vinculación: 2014/1 - Actual",1
I-0001611781,yefrail cabrera ochoa,0001611781,,,,https://scienti.minciencias.gov.co/cvlac/visualizador/generarCurriculoCv.do?cod_rh=0001611781,"GrupLAC, censo de integrantes, consultado 2026-09-25; vinculación: 2013/10 - 2014/12",1
I-0000450260,Yim RODRIGUEZ DIAZ,0000450260,,Investigador Asociado (I),,https://scienti.minciencias.gov.co/cvlac/visualizador/generarCurriculoCv.do?cod_rh=0000450260,"GrupLAC, censo de integrantes, consultado 2026-09-25; vinculación: 2010/2 - Actual",1
I-0001397822,Yolanda Marcela Moreno ARRIETA,0001397822,,,,https://scienti.minciencias.gov.co/cvlac/visualizador/generarCurriculoCv.do?cod_rh=0001397822,"GrupLAC, censo de integrantes, consultado 2026-09-25; vinculación: 2011/6 - 2012/7",1
I-0001018671,Alex Sandro Mindiola Romero,0001018671,,,,https://scienti.minciencias.gov.co/cvlac/visualizador/generarCurriculoCv.do?cod_rh=0001018671,"GrupLAC, censo de integrantes, consultado 2026-09-25; vinculación: 2012/11 - 2014/12",1
I-0001456198,Andrea Eliana Sandoval Atencio,0001456198,,,,https://scienti.minciencias.gov.co/cvlac/visualizador/generarCurriculoCv.do?cod_rh=0001456198,"GrupLAC, censo de integrantes, consultado 2026-09-25; vinculación: 2011/7 - 2011/12",1
I-0001434872,Andrea Paola Miramon ZAPATA,0001434872,,,,https://scienti.minciencias.gov.co/cvlac/visualizador/generarCurriculoCv.do?cod_rh=0001434872,"GrupLAC, censo de integrantes, consultado 2026-09-25; vinculación: 2012/10 - 2013/3",1
I-0001688944,ANGEL ALEXIS MUEGUES SALAS,0001688944,,Investigador Junior (IJ),,https://scienti.minciencias.gov.co/cvlac/visualizador/generarCurriculoCv.do?cod_rh=0001688944,"GrupLAC, censo de integrantes, consultado 2026-09-25; vinculación: 2019/1 - Actual",1
I-0001719835,Candy Laurine Suarez Albor,0001719835,,,,https://scienti.minciencias.gov.co/cvlac/visualizador/generarCurriculoCv.do?cod_rh=0001719835,"GrupLAC, censo de integrantes, consultado 2026-09-25; vinculación: 2019/1 - Actual",1
I-0000145050,Carlos Hernando Parga Lozano,0000145050,,Investigador Senior (IS),,https://scienti.minciencias.gov.co/cvlac/visualizador/generarCurriculoCv.do?cod_rh=0000145050,"GrupLAC, censo de integrantes, consultado 2026-09-25; vinculación: 2022/1 - Actual",1
I-0001451860,CARMEN ALICIA KELSEY ORTIZ,0001451860,,,,https://scienti.minciencias.gov.co/cvlac/visualizador/generarCurriculoCv.do?cod_rh=0001451860,"GrupLAC, censo de integrantes, consultado 2026-09-25; vinculación: 2012/1 - 2014/10",1
I-0001495468,carmen luisa david martinez,0001495468,,,,https://scienti.minciencias.gov.co/cvlac/visualizador/generarCurriculoCv.do?cod_rh=0001495468,"GrupLAC, censo de integrantes, consultado 2026-09-25; vinculación: 2021/1 - Actual",1
I-0001342605,consuelo gonzalez venera,0001342605,,,,https://scienti.minciencias.gov.co/cvlac/visualizador/generarCurriculoCv.do?cod_rh=0001342605,"GrupLAC, censo de integrantes, consultado 2026-09-25; vinculación: 2019/1 - Actual",1
I-0001426415,DARLYNG DAYANA CERRO CRESPO,0001426415,,,,https://scienti.minciencias.gov.co/cvlac/visualizador/generarCurriculoCv.do?cod_rh=0001426415,"GrupLAC, censo de integrantes, consultado 2026-09-25; vinculación: 2011/7 - 2014/11",1
I-0001426416,DIANA MARIA MANCHOLA TRUJILLO,0001426416,,,,https://scienti.minciencias.gov.co/cvlac/visualizador/generarCurriculoCv.do?cod_rh=0001426416,"GrupLAC, censo de integrantes, consultado 2026-09-25; vinculación: 2012/10 - 2023/1",1
I-0001665922,ELIANA PAOLA GALVIS ANDRADE,0001665922,,,,https://scienti.minciencias.gov.co/cvlac/visualizador/generarCurriculoCv.do?cod_rh=0001665922,"GrupLAC, censo de integrantes, consultado 2026-09-25; vinculación: 2019/1 - 2024/3",1
I-0001431060,Georgina Carina Acosta Giacometto,0001431060,,,,https://scienti.minciencias.gov.co/cvlac/visualizador/generarCurriculoCv.do?cod_rh=0001431060,"GrupLAC, censo de integrantes, consultado 2026-09-25; vinculación: 2011/7 - 2012/9",1
I-0001745017,Janner Fuentes Aragon,0001745017,,,,https://scienti.minciencias.gov.co/cvlac/visualizador/generarCurriculoCv.do?cod_rh=0001745017,"GrupLAC, censo de integrantes, consultado 2026-09-25; vinculación: 2018/1 - 2024/3",1
I-0001443604,Jesualdo Hernández Mieles,0001443604,,,,https://scienti.minciencias.gov.co/cvlac/visualizador/generarCurriculoCv.do?cod_rh=0001443604,"GrupLAC, censo de integrantes, consultado 2026-09-25; vinculación: 2012/1 - 2017/6",1
I-0001338759,JOSE YESID RODRIGUEZ QUINTERO,0001338759,,Investigador Junior (IJ),,https://scienti.minciencias.gov.co/cvlac/visualizador/generarCurriculoCv.do?cod_rh=0001338759,"GrupLAC, censo de integrantes, consultado 2026-09-25; vinculación: 2019/1 - Actual",1
I-0001450217,JUAN ANDRES YANETH RINCON,0001450217,,,,https://scienti.minciencias.gov.co/cvlac/visualizador/generarCurriculoCv.do?cod_rh=0001450217,"GrupLAC, censo de integrantes, consultado 2026-09-25; vinculación: 2015/1 - 2024/5",1
I-0001341011,JUAN ENRIQUE CASTELLANO ORCASITA,0001341011,,,,https://scienti.minciencias.gov.co/cvlac/visualizador/generarCurriculoCv.do?cod_rh=0001341011,"GrupLAC, censo de integrantes, consultado 2026-09-25; vinculación: 2011/11 - 2014/12",1
I-0000055575,Luis Carlos Farak Arrieta,0000055575,,,,https://scienti.minciencias.gov.co/cvlac/visualizador/generarCurriculoCv.do?cod_rh=0000055575,"GrupLAC, censo de integrantes, consultado 2026-09-25; vinculación: 2022/1 - Actual",1
I-0000939960,Luis Rafael Moscote Salazar,0000939960,,Investigador Junior (IJ),,https://scienti.minciencias.gov.co/cvlac/visualizador/generarCurriculoCv.do?cod_rh=0000939960,"GrupLAC, censo de integrantes, consultado 2026-09-25; vinculación: 2012/5 - Actual",1
I-0001394509,MARIA JOSE MORA MORON,0001394509,,,,https://scienti.minciencias.gov.co/cvlac/visualizador/generarCurriculoCv.do?cod_rh=0001394509,"GrupLAC, censo de integrantes, consultado 2026-09-25; vinculación: 2017/1 - 2023/1",1
I-0000558176,Placido Antonio vega cepeda,0000558176,,,,https://scienti.minciencias.gov.co/cvlac/visualizador/generarCurriculoCv.do?cod_rh=0000558176,"GrupLAC, censo de integrantes, consultado 2026-09-25; vinculación: 2009/1 - 2013/12",1
I-0001846042,RENE ALEJANDRO URON PINTO,0001846042,,,,https://scienti.minciencias.gov.co/cvlac/visualizador/generarCurriculoCv.do?cod_rh=0001846042,"GrupLAC, censo de integrantes, consultado 2026-09-25; vinculación: 2022/1 - Actual",1
I-0001430754,Ricardo Leon Polanía Ovalle,0001430754,,,,https://scienti.minciencias.gov.co/cvlac/visualizador/generarCurriculoCv.do?cod_rh=0001430754,"GrupLAC, censo de integrantes, consultado 2026-09-25; vinculación: 2013/1 - 2014/1",1
I-0001391969,ROSALBA INMACULADA MARTINEZ ZUBIRIA,0001391969,,Investigador Junior (IJ),,https://scienti.minciencias.gov.co/cvlac/visualizador/generarCurriculoCv.do?cod_rh=0001391969,"GrupLAC, censo de integrantes, consultado 2026-09-25; vinculación: 2012/3 - Actual",1
I-0001431727,stephannie raquel rincon galvis,0001431727,,,,https://scienti.minciencias.gov.co/cvlac/visualizador/generarCurriculoCv.do?cod_rh=0001431727,"GrupLAC, censo de integrantes, consultado 2026-09-25; vinculación: 2011/6 - 2012/6",1
I-0001648742,YANETH PEREZ PABON,0001648742,,,,https://scienti.minciencias.gov.co/cvlac/visualizador/generarCurriculoCv.do?cod_rh=0001648742,"GrupLAC, censo de integrantes, consultado 2026-09-25; vinculación: 2021/7 - Actual",1
I-0001488006,Yuranis Ustariz Rincones,0001488006,,,,https://scienti.minciencias.gov.co/cvlac/visualizador/generarCurriculoCv.do?cod_rh=0001488006,"GrupLAC, censo de integrantes, consultado 2026-09-25; vinculación: 2012/8 - 2013/12",1
I-0001434998,zulman serrano velasquez,0001434998,,,,https://scienti.minciencias.gov.co/cvlac/visualizador/generarCurriculoCv.do?cod_rh=0001434998,"GrupLAC, censo de integrantes, consultado 2026-09-25; vinculación: 2012/3 - 2013/12",1
I-0000691887,AUGUSTO MIGUEL TORRES JIMENEZ,0000691887,,,,https://scienti.minciencias.gov.co/cvlac/visualizador/generarCurriculoCv.do?cod_rh=0000691887,"GrupLAC, censo de integrantes, consultado 2026-09-25; vinculación: 2009/2 - Actual",1
I-0001385658,SORAYA EUGENIA MORALES LÓPEZ,0001385658,,Investigador Junior (IJ),,https://scienti.minciencias.gov.co/cvlac/visualizador/generarCurriculoCv.do?cod_rh=0001385658,"GrupLAC, censo de integrantes, consultado 2026-09-25; vinculación: 2013/3 - Actual",1
I-0001437057,ADRIANA MARIA ARAUJO DIAZ,0001437057,,,,https://scienti.minciencias.gov.co/cvlac/visualizador/generarCurriculoCv.do?cod_rh=0001437057,"GrupLAC, censo de integrantes, consultado 2026-09-25; vinculación: 2010/5 - 2015/1",1
I-0001361408,alba lucia mosquera altamar,0001361408,,,,https://scienti.minciencias.gov.co/cvlac/visualizador/generarCurriculoCv.do?cod_rh=0001361408,"GrupLAC, censo de integrantes, consultado 2026-09-25; vinculación: 2009/10 - 2013/5",1
I-0001410273,ALCIDES MANUEL RODRIGUEZ MERCADO,0001410273,,,,https://scienti.minciencias.gov.co/cvlac/visualizador/generarCurriculoCv.do?cod_rh=0001410273,"GrupLAC, censo de integrantes, consultado 2026-09-25; vinculación: 2010/2 - 2014/2",1
I-0001598897,alex efrain peña guillin,0001598897,,,,https://scienti.minciencias.gov.co/cvlac/visualizador/generarCurriculoCv.do?cod_rh=0001598897,"GrupLAC, censo de integrantes, consultado 2026-09-25; vinculación: 2011/2 - 2015/12",1
I-0001238736,Alexandra NEGRETE VEGA,0001238736,,,,https://scienti.minciencias.gov.co/cvlac/visualizador/generarCurriculoCv.do?cod_rh=0001238736,"GrupLAC, censo de integrantes, consultado 2026-09-25; vinculación: 2010/5 - 2010/5",1
I-0001392761,Amparo Wilmaida Hernández Sierra,0001392761,,,,https://scienti.minciencias.gov.co/cvlac/visualizador/generarCurriculoCv.do?cod_rh=0001392761,"GrupLAC, censo de integrantes, consultado 2026-09-25; vinculación: 2009/7 - 2015/7",1
I-0001418304,ana maria montero DIAZ,0001418304,,,,https://scienti.minciencias.gov.co/cvlac/visualizador/generarCurriculoCv.do?cod_rh=0001418304,"GrupLAC, censo de integrantes, consultado 2026-09-25; vinculación: 2011/3 - 2014/5",1
I-0002132285,Ana Maria Ortiz Camargo,0002132285,,,,https://scienti.minciencias.gov.co/cvlac/visualizador/generarCurriculoCv.do?cod_rh=0002132285,"GrupLAC, censo de integrantes, consultado 2026-09-25; vinculación: 2022/2 - 2024/3",1
I-0001179390,Ana Stefanny Bernal Mejia,0001179390,,,,https://scienti.minciencias.gov.co/cvlac/visualizador/generarCurriculoCv.do?cod_rh=0001179390,"GrupLAC, censo de integrantes, consultado 2026-09-25; vinculación: 2011/2 - 2014/2",1
I-0001418277,anabelis esther rico diaz,0001418277,,,,https://scienti.minciencias.gov.co/cvlac/visualizador/generarCurriculoCv.do?cod_rh=0001418277,"GrupLAC, censo de integrantes, consultado 2026-09-25; vinculación: 2011/7 - 2013/7",1
I-0000332526,Campo CASELLES ALGARIN,0000332526,,,,https://scienti.minciencias.gov.co/cvlac/visualizador/generarCurriculoCv.do?cod_rh=0000332526,"GrupLAC, censo de integrantes, consultado 2026-09-25; vinculación: 2022/1 - Actual",1
I-0001417783,Carlos Alfonso Camargo Plata,0001417783,,,,https://scienti.minciencias.gov.co/cvlac/visualizador/generarCurriculoCv.do?cod_rh=0001417783,"GrupLAC, censo de integrantes, consultado 2026-09-25; vinculación: 2010/3 - 2013/7",1
I-0001476732,Carmen Ana Vides Peña,0001476732,,,,https://scienti.minciencias.gov.co/cvlac/visualizador/generarCurriculoCv.do?cod_rh=0001476732,"GrupLAC, censo de integrantes, consultado 2026-09-25; vinculación: 2014/8 - 2017/12",1
I-0001436306,CARMEN ROSA ARMENTA PEDROZA,0001436306,,,,https://scienti.minciencias.gov.co/cvlac/visualizador/generarCurriculoCv.do?cod_rh=0001436306,"GrupLAC, censo de integrantes, consultado 2026-09-25; vinculación: 2010/5 - 2014/11",1
I-0001410271,Cristian Jose Monsalve Pico,0001410271,,,,https://scienti.minciencias.gov.co/cvlac/visualizador/generarCurriculoCv.do?cod_rh=0001410271,"GrupLAC, censo de integrantes, consultado 2026-09-25; vinculación: 2010/3 - 2014/11",1
I-0001436236,Cristina Rebeca Villegas Gómez,0001436236,,,,https://scienti.minciencias.gov.co/cvlac/visualizador/generarCurriculoCv.do?cod_rh=0001436236,"GrupLAC, censo de integrantes, consultado 2026-09-25; vinculación: 2010/4 - 2011/4",1
I-0000090450,Daniel Mauricio Echeverri De la Hoz,0000090450,,Investigador Junior (IJ),,https://scienti.minciencias.gov.co/cvlac/visualizador/generarCurriculoCv.do?cod_rh=0000090450,"GrupLAC, censo de integrantes, consultado 2026-09-25; vinculación: 2020/1 - Actual",1
I-0000412619,Elkin Antonio Navarro Quiroz,0000412619,,Investigador Senior (IS),,https://scienti.minciencias.gov.co/cvlac/visualizador/generarCurriculoCv.do?cod_rh=0000412619,"GrupLAC, censo de integrantes, consultado 2026-09-25; vinculación: 2017/1 - Actual",1
I-0001363409,ELSA CRISTINA FUENTES CAMPILLO,0001363409,,,,https://scienti.minciencias.gov.co/cvlac/visualizador/generarCurriculoCv.do?cod_rh=0001363409,"GrupLAC, censo de integrantes, consultado 2026-09-25; vinculación: 2010/1 - 2014/9",1
I-0001359181,ENRIQUE ALFREDO VEGA DAZA,0001359181,,,,https://scienti.minciencias.gov.co/cvlac/visualizador/generarCurriculoCv.do?cod_rh=0001359181,"GrupLAC, censo de integrantes, consultado 2026-09-25; vinculación: 2014/1 - 2016/2",1
I-0001397972,erika paola mendoza orozco,0001397972,,,,https://scienti.minciencias.gov.co/cvlac/visualizador/generarCurriculoCv.do?cod_rh=0001397972,"GrupLAC, censo de integrantes, consultado 2026-09-25; vinculación: 2010/6 - 2014/2",1
I-0001447379,Erika Vanessa Crespo Martinez,0001447379,,,,https://scienti.minciencias.gov.co/cvlac/visualizador/generarCurriculoCv.do?cod_rh=0001447379,"GrupLAC, censo de integrantes, consultado 2026-09-25; vinculación: 2011/5 - 2014/9",1
I-0001238531,Fabio Andres Vega Arias,0001238531,,,,https://scienti.minciencias.gov.co/cvlac/visualizador/generarCurriculoCv.do?cod_rh=0001238531,"GrupLAC, censo de integrantes, consultado 2026-09-25; vinculación: 2010/5 - 2010/5",1
I-0001422362,Geraldine Gonzalez Bandera,0001422362,,,,https://scienti.minciencias.gov.co/cvlac/visualizador/generarCurriculoCv.do?cod_rh=0001422362,"GrupLAC, censo de integrantes, consultado 2026-09-25; vinculación: 2013/3 - 2015/3",1
I-0002155227,Gisell Dayana Kammerer Torres,0002155227,,,,https://scienti.minciencias.gov.co/cvlac/visualizador/generarCurriculoCv.do?cod_rh=0002155227,"GrupLAC, censo de integrantes, consultado 2026-09-25; vinculación: 2021/1 - 2024/3",1
I-0000063468,heydys paola martinez pedrozo,0000063468,,,,https://scienti.minciencias.gov.co/cvlac/visualizador/generarCurriculoCv.do?cod_rh=0000063468,"GrupLAC, censo de integrantes, consultado 2026-09-25; vinculación: 2017/1 - 2024/3",1
I-0000799807,Ingris MONTERO CUELLO,0000799807,,,,https://scienti.minciencias.gov.co/cvlac/visualizador/generarCurriculoCv.do?cod_rh=0000799807,"GrupLAC, censo de integrantes, consultado 2026-09-25; vinculación: 2019/11 - Actual",1
I-0001363417,JAVIER FRANCISCO PARRA DAZA,0001363417,,,,https://scienti.minciencias.gov.co/cvlac/visualizador/generarCurriculoCv.do?cod_rh=0001363417,"GrupLAC, censo de integrantes, consultado 2026-09-25; vinculación: 2010/6 - 2013/8",1
I-0001238540,Jose David Palomino Blanco,0001238540,,,,https://scienti.minciencias.gov.co/cvlac/visualizador/generarCurriculoCv.do?cod_rh=0001238540,"GrupLAC, censo de integrantes, consultado 2026-09-25; vinculación: 2010/5 - 2010/5",1
I-0001343270,Jose Rene Lopez Fernandez,0001343270,,,,https://scienti.minciencias.gov.co/cvlac/visualizador/generarCurriculoCv.do?cod_rh=0001343270,"GrupLAC, censo de integrantes, consultado 2026-09-25; vinculación: 2009/3 - 2013/6",1
I-0000562866,Juan Carlos prada herrera,0000562866,,Investigador Junior (IJ),,https://scienti.minciencias.gov.co/cvlac/visualizador/generarCurriculoCv.do?cod_rh=0000562866,"GrupLAC, censo de integrantes, consultado 2026-09-25; vinculación: 2009/4 - Actual",1
I-0000763144,Julia Maria Pérez JIMENEZ,0000763144,,,,https://scienti.minciencias.gov.co/cvlac/visualizador/generarCurriculoCv.do?cod_rh=0000763144,"GrupLAC, censo de integrantes, consultado 2026-09-25; vinculación: 2020/1 - 2021/12",1
I-0001402770,Kalenna Yohandry Camargo Castro,0001402770,,,,https://scienti.minciencias.gov.co/cvlac/visualizador/generarCurriculoCv.do?cod_rh=0001402770,"GrupLAC, censo de integrantes, consultado 2026-09-25; vinculación: 2021/1 - Actual",1
I-0000026063,KARELYS JULIETH PAYARES RAMÍREZ,0000026063,,,,https://scienti.minciencias.gov.co/cvlac/visualizador/generarCurriculoCv.do?cod_rh=0000026063,"GrupLAC, censo de integrantes, consultado 2026-09-25; vinculación: 2017/5 - 2018/5",1
I-0002202325,karen judith morales simanca,0002202325,,,,https://scienti.minciencias.gov.co/cvlac/visualizador/generarCurriculoCv.do?cod_rh=0002202325,"GrupLAC, censo de integrantes, consultado 2026-09-25; vinculación: 2023/10 - 2025/6",1
I-0001391960,KARINA PAOLA VILORIA BARRAGAN,0001391960,,,,https://scienti.minciencias.gov.co/cvlac/visualizador/generarCurriculoCv.do?cod_rh=0001391960,"GrupLAC, censo de integrantes, consultado 2026-09-25; vinculación: 2009/7 - 2013/3",1
I-0001719798,Karolain Osman Campo,0001719798,,,,https://scienti.minciencias.gov.co/cvlac/visualizador/generarCurriculoCv.do?cod_rh=0001719798,"GrupLAC, censo de integrantes, consultado 2026-09-25; vinculación: 2025/1 - Actual",1
I-0001363416,KATINA INES RIVERA OLAVE,0001363416,,,,https://scienti.minciencias.gov.co/cvlac/visualizador/generarCurriculoCv.do?cod_rh=0001363416,"GrupLAC, censo de integrantes, consultado 2026-09-25; vinculación: 2010/1 - 2014/2",1
I-0000028115,Keiner Yowanis Cervantes Jimenez,0000028115,,,,https://scienti.minciencias.gov.co/cvlac/visualizador/generarCurriculoCv.do?cod_rh=0000028115,"GrupLAC, censo de integrantes, consultado 2026-09-25; vinculación: 2015/6 - 2017/12",1
I-0001556235,kelly sandrith chinchilla sanchez,0001556235,,,,https://scienti.minciencias.gov.co/cvlac/visualizador/generarCurriculoCv.do?cod_rh=0001556235,"GrupLAC, censo de integrantes, consultado 2026-09-25; vinculación: 2015/5 - 2017/12",1
I-0001238620,LOREE DAZA MEZA,0001238620,,,,https://scienti.minciencias.gov.co/cvlac/visualizador/generarCurriculoCv.do?cod_rh=0001238620,"GrupLAC, censo de integrantes, consultado 2026-09-25; vinculación: 2010/5 - 2010/5",1
I-0001343525,LUIS ALBERTO YEPEZ LOPEZ,0001343525,,,,https://scienti.minciencias.gov.co/cvlac/visualizador/generarCurriculoCv.do?cod_rh=0001343525,"GrupLAC, censo de integrantes, consultado 2026-09-25; vinculación: 2009/2 - 2014/3",1
I-0000197696,Luis Carlos RINCONES MARTINEZ,0000197696,,,,https://scienti.minciencias.gov.co/cvlac/visualizador/generarCurriculoCv.do?cod_rh=0000197696,"GrupLAC, censo de integrantes, consultado 2026-09-25; vinculación: 2009/3 - 2015/12",1
I-0001555433,Luis Miguel Royero Lopez,0001555433,,,,https://scienti.minciencias.gov.co/cvlac/visualizador/generarCurriculoCv.do?cod_rh=0001555433,"GrupLAC, censo de integrantes, consultado 2026-09-25; vinculación: 2014/7 - 2017/12",1
I-0001347880,Luz Ellen Noguera Núñez,0001347880,,,,https://scienti.minciencias.gov.co/cvlac/visualizador/generarCurriculoCv.do?cod_rh=0001347880,"GrupLAC, censo de integrantes, consultado 2026-09-25; vinculación: 2010/5 - 2010/5",1
I-0001420330,Mailen Guerra Bolaño,0001420330,,,,https://scienti.minciencias.gov.co/cvlac/visualizador/generarCurriculoCv.do?cod_rh=0001420330,"GrupLAC, censo de integrantes, consultado 2026-09-25; vinculación: 2010/5 - 2011/5",1
I-0001341645,mailen ortega cuadros,0001341645,,,,https://scienti.minciencias.gov.co/cvlac/visualizador/generarCurriculoCv.do?cod_rh=0001341645,"GrupLAC, censo de integrantes, consultado 2026-09-25; vinculación: 2009/3 - 2011/3",1
I-0000054975,Maria Elena Angarita Serrano,0000054975,,,,https://scienti.minciencias.gov.co/cvlac/visualizador/generarCurriculoCv.do?cod_rh=0000054975,"GrupLAC, censo de integrantes, consultado 2026-09-25; vinculación: 2021/12 - 2022/null",1
I-0001449969,maria fernanda salazar vega,0001449969,,,,https://scienti.minciencias.gov.co/cvlac/visualizador/generarCurriculoCv.do?cod_rh=0001449969,"GrupLAC, censo de integrantes, consultado 2026-09-25; vinculación: 2009/3 - 2011/3",1
I-0001492268,MARYURIS VANESSA VIDES PEÑA,0001492268,,,,https://scienti.minciencias.gov.co/cvlac/visualizador/generarCurriculoCv.do?cod_rh=0001492268,"GrupLAC, censo de integrantes, consultado 2026-09-25; vinculación: 2011/3 - 2017/12",1
I-0001435295,MAYRA ALEJANDRA DE ARMAS ANGULO,0001435295,,,,https://scienti.minciencias.gov.co/cvlac/visualizador/generarCurriculoCv.do?cod_rh=0001435295,"GrupLAC, censo de integrantes, consultado 2026-09-25; vinculación: 2010/5 - 2015/2",1
I-0001138901,MIRIAM PADILLA CALDERON,0001138901,,,,https://scienti.minciencias.gov.co/cvlac/visualizador/generarCurriculoCv.do?cod_rh=0001138901,"GrupLAC, censo de integrantes, consultado 2026-09-25; vinculación: 2010/7 - 2011/8",1
I-0000018119,miriam salazar romero,0000018119,,,,https://scienti.minciencias.gov.co/cvlac/visualizador/generarCurriculoCv.do?cod_rh=0000018119,"GrupLAC, censo de integrantes, consultado 2026-09-25; vinculación: 2013/9 - 2014/1",1
I-0001492149,NALLETH DANIEYIS BOLAÑO ARDILA,0001492149,,,,https://scienti.minciencias.gov.co/cvlac/visualizador/generarCurriculoCv.do?cod_rh=0001492149,"GrupLAC, censo de integrantes, consultado 2026-09-25; vinculación: 2014/8 - Actual",1
I-0002438214,NAREN SMITH FURNIELES BETTER,0002438214,,,,https://scienti.minciencias.gov.co/cvlac/visualizador/generarCurriculoCv.do?cod_rh=0002438214,"GrupLAC, censo de integrantes, consultado 2026-09-25; vinculación: 2025/1 - 2026/1",1
I-0001065238,Rafael Emilio González Cuello,0001065238,,Investigador Senior (IS),,https://scienti.minciencias.gov.co/cvlac/visualizador/generarCurriculoCv.do?cod_rh=0001065238,"GrupLAC, censo de integrantes, consultado 2026-09-25; vinculación: 2015/1 - 2015/1",1
I-0001414272,rosiris silva cuadrado,0001414272,,,,https://scienti.minciencias.gov.co/cvlac/visualizador/generarCurriculoCv.do?cod_rh=0001414272,"GrupLAC, censo de integrantes, consultado 2026-09-25; vinculación: 2011/2 - 2013/2",1
I-0000999245,Sandra Milena Rodriguez Puerta,0000999245,,,,https://scienti.minciencias.gov.co/cvlac/visualizador/generarCurriculoCv.do?cod_rh=0000999245,"GrupLAC, censo de integrantes, consultado 2026-09-25; vinculación: 2020/8 - 2024/1",1
I-0001438981,Sara Elena Vásquez Pérez,0001438981,,,,https://scienti.minciencias.gov.co/cvlac/visualizador/generarCurriculoCv.do?cod_rh=0001438981,"GrupLAC, censo de integrantes, consultado 2026-09-25; vinculación: 2011/8 - 2012/8",1
I-0001746064,Sneider José Daza Zabaleta,0001746064,,Investigador Junior (IJ),,https://scienti.minciencias.gov.co/cvlac/visualizador/generarCurriculoCv.do?cod_rh=0001746064,"GrupLAC, censo de integrantes, consultado 2026-09-25; vinculación: 2021/1 - Actual",1
I-0001912705,Yaira Carolina Ruiz Ramirez,0001912705,,,,https://scienti.minciencias.gov.co/cvlac/visualizador/generarCurriculoCv.do?cod_rh=0001912705,"GrupLAC, censo de integrantes, consultado 2026-09-25; vinculación: 2023/1 - Actual",1
I-0001392548,YALEINIS MONTERO TRIANA,0001392548,,,,https://scienti.minciencias.gov.co/cvlac/visualizador/generarCurriculoCv.do?cod_rh=0001392548,"GrupLAC, censo de integrantes, consultado 2026-09-25; vinculación: 2010/2 - 2012/10",1
I-0001475947,Yeneiris Karina Villero Wolf,0001475947,,,,https://scienti.minciencias.gov.co/cvlac/visualizador/generarCurriculoCv.do?cod_rh=0001475947,"GrupLAC, censo de integrantes, consultado 2026-09-25; vinculación: 2020/1 - 2026/4",1
I-0001373967,Albert Enrique Tafur Rangel,0001373967,,Investigador Junior (IJ),,https://scienti.minciencias.gov.co/cvlac/visualizador/generarCurriculoCv.do?cod_rh=0001373967,"GrupLAC, censo de integrantes, consultado 2026-09-25; vinculación: 2019/8 - Actual",1
I-0000562939,AURA LUCIA PARADA CASTRO,0000562939,,,,https://scienti.minciencias.gov.co/cvlac/visualizador/generarCurriculoCv.do?cod_rh=0000562939,"GrupLAC, censo de integrantes, consultado 2026-09-25; vinculación: 2018/2 - Actual",1
I-0000812170,Hedilka JIMENEZ RIOS,0000812170,,,,https://scienti.minciencias.gov.co/cvlac/visualizador/generarCurriculoCv.do?cod_rh=0000812170,"GrupLAC, censo de integrantes, consultado 2026-09-25; vinculación: 2022/1 - Actual",1
I-0000336777,Teobaldo GARCIA ROMERO,0000336777,,Investigador Junior (IJ),,https://scienti.minciencias.gov.co/cvlac/visualizador/generarCurriculoCv.do?cod_rh=0000336777,"GrupLAC, censo de integrantes, consultado 2026-09-25; vinculación: 2000/1 - Actual",1
I-0000009747,HAMILTON JAIR GARCIA CASTRO,0000009747,,Investigador Junior (IJ),,https://scienti.minciencias.gov.co/cvlac/visualizador/generarCurriculoCv.do?cod_rh=0000009747,"GrupLAC, censo de integrantes, consultado 2026-09-25; vinculación: 2011/2 - Actual",1
I-0001737467,Adriana Carolina de la Cruz Barraza,0001737467,,,,https://scienti.minciencias.gov.co/cvlac/visualizador/generarCurriculoCv.do?cod_rh=0001737467,"GrupLAC, censo de integrantes, consultado 2026-09-25; vinculación: 2023/8 - Actual",1
I-0000066713,Alcides Segundo Páez Soto,0000066713,,,,https://scienti.minciencias.gov.co/cvlac/visualizador/generarCurriculoCv.do?cod_rh=0000066713,"GrupLAC, censo de integrantes, consultado 2026-09-25; vinculación: 2020/12 - Actual",1
I-0001607761,Aleida Meneses Galván,0001607761,,,,https://scienti.minciencias.gov.co/cvlac/visualizador/generarCurriculoCv.do?cod_rh=0001607761,"GrupLAC, censo de integrantes, consultado 2026-09-25; vinculación: 2016/2 - Actual",1
I-0002016426,Alelis Karina Maestre Pacheco,0002016426,,,,https://scienti.minciencias.gov.co/cvlac/visualizador/generarCurriculoCv.do?cod_rh=0002016426,"GrupLAC, censo de integrantes, consultado 2026-09-25; vinculación: 2023/2 - Actual",1
I-0000089193,Alexander García Ariza,0000089193,,,,https://scienti.minciencias.gov.co/cvlac/visualizador/generarCurriculoCv.do?cod_rh=0000089193,"GrupLAC, censo de integrantes, consultado 2026-09-25; vinculación: 2018/10 - Actual",1
I-0000019613,Alvaro Javier Giraldo Carrillo,0000019613,,,,https://scienti.minciencias.gov.co/cvlac/visualizador/generarCurriculoCv.do?cod_rh=0000019613,"GrupLAC, censo de integrantes, consultado 2026-09-25; vinculación: 2011/2 - 2016/2",1
I-0000010582,andrea carolina duarte rangel,0000010582,,,,https://scienti.minciencias.gov.co/cvlac/visualizador/generarCurriculoCv.do?cod_rh=0000010582,"GrupLAC, censo de integrantes, consultado 2026-09-25; vinculación: 2011/2 - 2015/1",1
I-0002034722,Andrea Carolina Hernández Camargo,0002034722,,,,https://scienti.minciencias.gov.co/cvlac/visualizador/generarCurriculoCv.do?cod_rh=0002034722,"GrupLAC, censo de integrantes, consultado 2026-09-25; vinculación: 2022/8 - Actual",1
I-0001527862,andrea carolina jimenez romero,0001527862,,,,https://scienti.minciencias.gov.co/cvlac/visualizador/generarCurriculoCv.do?cod_rh=0001527862,"GrupLAC, censo de integrantes, consultado 2026-09-25; vinculación: 2023/3 - Actual",1
I-0001691424,Andrés Camilo Munibe Solis,0001691424,,,,https://scienti.minciencias.gov.co/cvlac/visualizador/generarCurriculoCv.do?cod_rh=0001691424,"GrupLAC, censo de integrantes, consultado 2026-09-25; vinculación: 2025/1 - Actual",1
I-0000147537,andres felipe bonilla meriño,0000147537,,,,https://scienti.minciencias.gov.co/cvlac/visualizador/generarCurriculoCv.do?cod_rh=0000147537,"GrupLAC, censo de integrantes, consultado 2026-09-25; vinculación: 2017/2 - 2018/2",1
I-0000143470,andres felipe perez caraballo,0000143470,,,,https://scienti.minciencias.gov.co/cvlac/visualizador/generarCurriculoCv.do?cod_rh=0000143470,"GrupLAC, censo de integrantes, consultado 2026-09-25; vinculación: 2017/2 - 2018/2",1
I-0001518366,ANDRY JOSE SALGADO RESTREPO,0001518366,,,,https://scienti.minciencias.gov.co/cvlac/visualizador/generarCurriculoCv.do?cod_rh=0001518366,"GrupLAC, censo de integrantes, consultado 2026-09-25; vinculación: 2016/4 - Actual",1
I-0000143326,ANDRY MICHELL CARDENAS VILLA,0000143326,,,,https://scienti.minciencias.gov.co/cvlac/visualizador/generarCurriculoCv.do?cod_rh=0000143326,"GrupLAC, censo de integrantes, consultado 2026-09-25; vinculación: 2017/2 - 2018/2",1
I-0000145332,angel mateo murillo oliveros,0000145332,,,,https://scienti.minciencias.gov.co/cvlac/visualizador/generarCurriculoCv.do?cod_rh=0000145332,"GrupLAC, censo de integrantes, consultado 2026-09-25; vinculación: 2017/2 - 2018/2",1
I-0002256156,ANGIE JULIETH JIMENEZ ARIAS,0002256156,,,,https://scienti.minciencias.gov.co/cvlac/visualizador/generarCurriculoCv.do?cod_rh=0002256156,"GrupLAC, censo de integrantes, consultado 2026-09-25; vinculación: 2025/2 - Actual",1
I-0000144512,Anyis Cardona Mercado,0000144512,,,,https://scienti.minciencias.gov.co/cvlac/visualizador/generarCurriculoCv.do?cod_rh=0000144512,"GrupLAC, censo de integrantes, consultado 2026-09-25; vinculación: 2017/2 - 2018/2",1
I-0001450215,brayan jose mindiola garcia,0001450215,,,,https://scienti.minciencias.gov.co/cvlac/visualizador/generarCurriculoCv.do?cod_rh=0001450215,"GrupLAC, censo de integrantes, consultado 2026-09-25; vinculación: 2009/2 - 2011/3",1
I-0000149681,breiner esaith Guerra Yepes,0000149681,,,,https://scienti.minciencias.gov.co/cvlac/visualizador/generarCurriculoCv.do?cod_rh=0000149681,"GrupLAC, censo de integrantes, consultado 2026-09-25; vinculación: 2017/2 - 2018/2",1
I-0001605910,CALEB RODRIGUEZ DUARTE,0001605910,,Investigador Junior (IJ),,https://scienti.minciencias.gov.co/cvlac/visualizador/generarCurriculoCv.do?cod_rh=0001605910,"GrupLAC, censo de integrantes, consultado 2026-09-25; vinculación: 2022/1 - Actual",1
I-0001629260,Camila Andrea Bermudez Morales,0001629260,,,,https://scienti.minciencias.gov.co/cvlac/visualizador/generarCurriculoCv.do?cod_rh=0001629260,"GrupLAC, censo de integrantes, consultado 2026-09-25; vinculación: 2013/5 - Actual",1
I-0000142933,camilo andres ortiz molina,0000142933,,,,https://scienti.minciencias.gov.co/cvlac/visualizador/generarCurriculoCv.do?cod_rh=0000142933,"GrupLAC, censo de integrantes, consultado 2026-09-25; vinculación: 2017/2 - 2018/2",1
I-0001426664,Carlina Mercedes Perea Amaya,0001426664,,,,https://scienti.minciencias.gov.co/cvlac/visualizador/generarCurriculoCv.do?cod_rh=0001426664,"GrupLAC, censo de integrantes, consultado 2026-09-25; vinculación: 2009/1 - 2014/3",1
I-0000589292,CARLOS GILBERTO HERNÁNDEZ MARTÍNEZ,0000589292,,,,https://scienti.minciencias.gov.co/cvlac/visualizador/generarCurriculoCv.do?cod_rh=0000589292,"GrupLAC, censo de integrantes, consultado 2026-09-25; vinculación: 2004/1 - Actual",1
I-0002518856,CARLOS MARIO DE LA CRUZ SOCARRAS,0002518856,,,,https://scienti.minciencias.gov.co/cvlac/visualizador/generarCurriculoCv.do?cod_rh=0002518856,"GrupLAC, censo de integrantes, consultado 2026-09-25; vinculación: 2025/2 - Actual",1
I-0000148663,carmen cecilia mendoza peña,0000148663,,,,https://scienti.minciencias.gov.co/cvlac/visualizador/generarCurriculoCv.do?cod_rh=0000148663,"GrupLAC, censo de integrantes, consultado 2026-09-25; vinculación: 2017/2 - 2018/2",1
I-0000103486,Carol Dayana Fierro Fontalvo,0000103486,,,,https://scienti.minciencias.gov.co/cvlac/visualizador/generarCurriculoCv.do?cod_rh=0000103486,"GrupLAC, censo de integrantes, consultado 2026-09-25; vinculación: 2017/2 - Actual",1
I-0001413332,cecilia bermuy cuello,0001413332,,,,https://scienti.minciencias.gov.co/cvlac/visualizador/generarCurriculoCv.do?cod_rh=0001413332,"GrupLAC, censo de integrantes, consultado 2026-09-25; vinculación: 2023/2 - Actual",1
I-0001399719,CRISTINA ISABEL ARIZA PINTO,0001399719,,,,https://scienti.minciencias.gov.co/cvlac/visualizador/generarCurriculoCv.do?cod_rh=0001399719,"GrupLAC, censo de integrantes, consultado 2026-09-25; vinculación: 2011/10 - 2017/3",1
I-0000597805,Daniel David Meza Payares,0000597805,,,,https://scienti.minciencias.gov.co/cvlac/visualizador/generarCurriculoCv.do?cod_rh=0000597805,"GrupLAC, censo de integrantes, consultado 2026-09-25; vinculación: 2014/1 - Actual",1
I-0000149697,Daniel Jesús Vásquez Lozano,0000149697,,,,https://scienti.minciencias.gov.co/cvlac/visualizador/generarCurriculoCv.do?cod_rh=0000149697,"GrupLAC, censo de integrantes, consultado 2026-09-25; vinculación: 2018/3 - 2018/12",1
I-0002362744,DANIELA ALEJANDRA GONZÁLEZ DÍAZ,0002362744,,,,https://scienti.minciencias.gov.co/cvlac/visualizador/generarCurriculoCv.do?cod_rh=0002362744,"GrupLAC, censo de integrantes, consultado 2026-09-25; vinculación: 2024/2 - Actual",1
I-0000146654,Dayan andres Acosta Sarmiento,0000146654,,,,https://scienti.minciencias.gov.co/cvlac/visualizador/generarCurriculoCv.do?cod_rh=0000146654,"GrupLAC, censo de integrantes, consultado 2026-09-25; vinculación: 2017/2 - 2018/2",1
I-0000158588,Delina Margarita Hurtado Rosado,0000158588,,,,https://scienti.minciencias.gov.co/cvlac/visualizador/generarCurriculoCv.do?cod_rh=0000158588,"GrupLAC, censo de integrantes, consultado 2026-09-25; vinculación: 2016/2 - 2018/2",1
I-0000572489,Diana García Galindo,0000572489,,,,https://scienti.minciencias.gov.co/cvlac/visualizador/generarCurriculoCv.do?cod_rh=0000572489,"GrupLAC, censo de integrantes, consultado 2026-09-25; vinculación: 2024/1 - Actual",1
I-0001667627,Diana Margarita De La Cruz Ramírez,0001667627,,,,https://scienti.minciencias.gov.co/cvlac/visualizador/generarCurriculoCv.do?cod_rh=0001667627,"GrupLAC, censo de integrantes, consultado 2026-09-25; vinculación: 2021/7 - Actual",1
I-0001449910,DIANA PATRICIA RAMIREZ MORENO,0001449910,,,,https://scienti.minciencias.gov.co/cvlac/visualizador/generarCurriculoCv.do?cod_rh=0001449910,"GrupLAC, censo de integrantes, consultado 2026-09-25; vinculación: 2011/5 - 2017/4",1
I-0000148662,diego alfonso verdecia salazar,0000148662,,,,https://scienti.minciencias.gov.co/cvlac/visualizador/generarCurriculoCv.do?cod_rh=0000148662,"GrupLAC, censo de integrantes, consultado 2026-09-25; vinculación: 2017/2 - 2018/2",1
I-0000144040,dulberto herrera ramos,0000144040,,,,https://scienti.minciencias.gov.co/cvlac/visualizador/generarCurriculoCv.do?cod_rh=0000144040,"GrupLAC, censo de integrantes, consultado 2026-09-25; vinculación: 2017/2 - 2018/2",1
I-0000939951,Edgardo Jose REMICIO DIAZ,0000939951,,,,https://scienti.minciencias.gov.co/cvlac/visualizador/generarCurriculoCv.do?cod_rh=0000939951,"GrupLAC, censo de integrantes, consultado 2026-09-25; vinculación: 2013/3 - Actual",1
I-0001412557,EDWIN ANDRES MURILLO FERNADEZ,0001412557,,,,https://scienti.minciencias.gov.co/cvlac/visualizador/generarCurriculoCv.do?cod_rh=0001412557,"GrupLAC, censo de integrantes, consultado 2026-09-25; vinculación: 2024/2 - Actual",1
I-0001443489,EDWIN YECID LEA MONTES,0001443489,,,,https://scienti.minciencias.gov.co/cvlac/visualizador/generarCurriculoCv.do?cod_rh=0001443489,"GrupLAC, censo de integrantes, consultado 2026-09-25; vinculación: 2012/4 - 2016/2",1
I-0000143749,Eider Enrique Camargo Centeno,0000143749,,,,https://scienti.minciencias.gov.co/cvlac/visualizador/generarCurriculoCv.do?cod_rh=0000143749,"GrupLAC, censo de integrantes, consultado 2026-09-25; vinculación: 2017/2 - 2018/2",1
I-0001399724,ELKIN FABIAN GARCIA CASTRO,0001399724,,,,https://scienti.minciencias.gov.co/cvlac/visualizador/generarCurriculoCv.do?cod_rh=0001399724,"GrupLAC, censo de integrantes, consultado 2026-09-25; vinculación: 2011/10 - Actual",1
I-0002030890,emilyn del carmen rodriguez chamorro,0002030890,,,,https://scienti.minciencias.gov.co/cvlac/visualizador/generarCurriculoCv.do?cod_rh=0002030890,"GrupLAC, censo de integrantes, consultado 2026-09-25; vinculación: 2022/7 - Actual",1
I-0000103485,esneider miguel arcia oliveros,0000103485,,,,https://scienti.minciencias.gov.co/cvlac/visualizador/generarCurriculoCv.do?cod_rh=0000103485,"GrupLAC, censo de integrantes, consultado 2026-09-25; vinculación: 2016/8 - Actual",1
I-0001745612,Euller Diaz Rodriguez,0001745612,,,,https://scienti.minciencias.gov.co/cvlac/visualizador/generarCurriculoCv.do?cod_rh=0001745612,"GrupLAC, censo de integrantes, consultado 2026-09-25; vinculación: 2023/3 - Actual",1
I-0001675119,eva sandrith de la hoz contreras,0001675119,,,,https://scienti.minciencias.gov.co/cvlac/visualizador/generarCurriculoCv.do?cod_rh=0001675119,"GrupLAC, censo de integrantes, consultado 2026-09-25; vinculación: 2020/12 - Actual",1
I-0000983250,Fabio mendoza martinez,0000983250,,,,https://scienti.minciencias.gov.co/cvlac/visualizador/generarCurriculoCv.do?cod_rh=0000983250,"GrupLAC, censo de integrantes, consultado 2026-09-25; vinculación: 2022/2 - Actual",1
I-0000143791,Flor Medina,0000143791,,,,https://scienti.minciencias.gov.co/cvlac/visualizador/generarCurriculoCv.do?cod_rh=0000143791,"GrupLAC, censo de integrantes, consultado 2026-09-25; vinculación: 2017/2 - 2018/2",1
I-0000143710,Gleison Cardenas Salazar,0000143710,,,,https://scienti.minciencias.gov.co/cvlac/visualizador/generarCurriculoCv.do?cod_rh=0000143710,"GrupLAC, censo de integrantes, consultado 2026-09-25; vinculación: 2017/2 - 2018/2",1
I-0001403123,gustavo adolfo hurtado lopez,0001403123,,,,https://scienti.minciencias.gov.co/cvlac/visualizador/generarCurriculoCv.do?cod_rh=0001403123,"GrupLAC, censo de integrantes, consultado 2026-09-25; vinculación: 2011/5 - 2019/2",1
I-0000421294,Gustavo José ROENES GALÉ,0000421294,,,,https://scienti.minciencias.gov.co/cvlac/visualizador/generarCurriculoCv.do?cod_rh=0000421294,"GrupLAC, censo de integrantes, consultado 2026-09-25; vinculación: 2009/5 - Actual",1
I-0000551767,HAIRLEN GARCIA LOPEZ,0000551767,,,,https://scienti.minciencias.gov.co/cvlac/visualizador/generarCurriculoCv.do?cod_rh=0000551767,"GrupLAC, censo de integrantes, consultado 2026-09-25; vinculación: 2009/2 - 2013/6",1
I-0000688487,Harold Moreno Bonilla,0000688487,,,,https://scienti.minciencias.gov.co/cvlac/visualizador/generarCurriculoCv.do?cod_rh=0000688487,"GrupLAC, censo de integrantes, consultado 2026-09-25; vinculación: 2013/4 - Actual",1
I-0000731374,Harold Valle Fuentes,0000731374,,,,https://scienti.minciencias.gov.co/cvlac/visualizador/generarCurriculoCv.do?cod_rh=0000731374,"GrupLAC, censo de integrantes, consultado 2026-09-25; vinculación: 2019/1 - Actual",1
I-0001318241,Harris Wrandon laguna lamilla,0001318241,,,,https://scienti.minciencias.gov.co/cvlac/visualizador/generarCurriculoCv.do?cod_rh=0001318241,"GrupLAC, censo de integrantes, consultado 2026-09-25; vinculación: 2022/3 - Actual",1
I-0001562554,Hector Antonio Pava Morales,0001562554,,,,https://scienti.minciencias.gov.co/cvlac/visualizador/generarCurriculoCv.do?cod_rh=0001562554,"GrupLAC, censo de integrantes, consultado 2026-09-25; vinculación: 2018/4 - 2018/12",1
I-0001426491,HEINER ALBERTO NIETO ACOSTA,0001426491,,,,https://scienti.minciencias.gov.co/cvlac/visualizador/generarCurriculoCv.do?cod_rh=0001426491,"GrupLAC, censo de integrantes, consultado 2026-09-25; vinculación: 2011/1 - 2015/3",1
I-0000149689,Hildebrando junior Escorcia Velasquez,0000149689,,,,https://scienti.minciencias.gov.co/cvlac/visualizador/generarCurriculoCv.do?cod_rh=0000149689,"GrupLAC, censo de integrantes, consultado 2026-09-25; vinculación: 2017/2 - 2018/2",1
I-0001602564,Ingris Patricia Trespalacios Buelvas,0001602564,,,,https://scienti.minciencias.gov.co/cvlac/visualizador/generarCurriculoCv.do?cod_rh=0001602564,"GrupLAC, censo de integrantes, consultado 2026-09-25; vinculación: 2024/2 - Actual",1
I-0001426495,IVAN DAVID OROZCO TINOCO,0001426495,,,,https://scienti.minciencias.gov.co/cvlac/visualizador/generarCurriculoCv.do?cod_rh=0001426495,"GrupLAC, censo de integrantes, consultado 2026-09-25; vinculación: 2011/1 - 2017/2",1
I-0000144068,Jaiben Estrada Ortega,0000144068,,,,https://scienti.minciencias.gov.co/cvlac/visualizador/generarCurriculoCv.do?cod_rh=0000144068,"GrupLAC, censo de integrantes, consultado 2026-09-25; vinculación: 2017/2 - 2018/2",1
I-0000100666,jaider enrique pertuz rincon,0000100666,,,,https://scienti.minciencias.gov.co/cvlac/visualizador/generarCurriculoCv.do?cod_rh=0000100666,"GrupLAC, censo de integrantes, consultado 2026-09-25; vinculación: 2017/5 - Actual",1
I-0002119909,JAILER PEREZ GARCIA,0002119909,,,,https://scienti.minciencias.gov.co/cvlac/visualizador/generarCurriculoCv.do?cod_rh=0002119909,"GrupLAC, censo de integrantes, consultado 2026-09-25; vinculación: 2022/1 - Actual",1
I-0001758106,Jaime Guillermo Bermúdez Sosa,0001758106,,,,https://scienti.minciencias.gov.co/cvlac/visualizador/generarCurriculoCv.do?cod_rh=0001758106,"GrupLAC, censo de integrantes, consultado 2026-09-25; vinculación: 2023/1 - Actual",1
I-0001899020,Jarlis Campuzano Gamez,0001899020,,,,https://scienti.minciencias.gov.co/cvlac/visualizador/generarCurriculoCv.do?cod_rh=0001899020,"GrupLAC, censo de integrantes, consultado 2026-09-25; vinculación: 2023/3 - Actual",1
I-0001402620,Jeferson Jesus Talero Garcia,0001402620,,,,https://scienti.minciencias.gov.co/cvlac/visualizador/generarCurriculoCv.do?cod_rh=0001402620,"GrupLAC, censo de integrantes, consultado 2026-09-25; vinculación: 2011/5 - 2016/2",1
I-0000015878,jeison jose contreras julio,0000015878,,,,https://scienti.minciencias.gov.co/cvlac/visualizador/generarCurriculoCv.do?cod_rh=0000015878,"GrupLAC, censo de integrantes, consultado 2026-09-25; vinculación: 2011/2 - 2017/2",1
I-0000020067,Jesid Yesneider Acosta Torres,0000020067,,,,https://scienti.minciencias.gov.co/cvlac/visualizador/generarCurriculoCv.do?cod_rh=0000020067,"GrupLAC, censo de integrantes, consultado 2026-09-25; vinculación: 2017/2 - 2017/12",1
I-0000143662,Jesus Gutierrez Diaz,0000143662,,,,https://scienti.minciencias.gov.co/cvlac/visualizador/generarCurriculoCv.do?cod_rh=0000143662,"GrupLAC, censo de integrantes, consultado 2026-09-25; vinculación: 2017/2 - 2018/2",1
I-0001626214,JESUS RAMON HERRERA MARTINEZ,0001626214,,,,https://scienti.minciencias.gov.co/cvlac/visualizador/generarCurriculoCv.do?cod_rh=0001626214,"GrupLAC, censo de integrantes, consultado 2026-09-25; vinculación: 2024/2 - Actual",1
I-0000142942,Jhon alexander Arjona De leon,0000142942,,,,https://scienti.minciencias.gov.co/cvlac/visualizador/generarCurriculoCv.do?cod_rh=0000142942,"GrupLAC, censo de integrantes, consultado 2026-09-25; vinculación: 2021/1 - Actual",1
I-0000142416,jhon jader tamara campo,0000142416,,,,https://scienti.minciencias.gov.co/cvlac/visualizador/generarCurriculoCv.do?cod_rh=0000142416,"GrupLAC, censo de integrantes, consultado 2026-09-25; vinculación: 2017/2 - 2018/2",1
I-0000167977,Jhonatan David Sierra Jaime,0000167977,,,,https://scienti.minciencias.gov.co/cvlac/visualizador/generarCurriculoCv.do?cod_rh=0000167977,"GrupLAC, censo de integrantes, consultado 2026-09-25; vinculación: 2023/5 - Actual",1
I-0000019557,JOEXMIC FONSECA BROCHEL,0000019557,,,,https://scienti.minciencias.gov.co/cvlac/visualizador/generarCurriculoCv.do?cod_rh=0000019557,"GrupLAC, censo de integrantes, consultado 2026-09-25; vinculación: 2011/4 - 2015/2",1
I-0000146649,Johanna vanessa Chasoy Vasquez,0000146649,,,,https://scienti.minciencias.gov.co/cvlac/visualizador/generarCurriculoCv.do?cod_rh=0000146649,"GrupLAC, censo de integrantes, consultado 2026-09-25; vinculación: 2017/2 - 2018/2",1
I-0001405879,Johanny Stefany Cuello BAQUERO,0001405879,,,,https://scienti.minciencias.gov.co/cvlac/visualizador/generarCurriculoCv.do?cod_rh=0001405879,"GrupLAC, censo de integrantes, consultado 2026-09-25; vinculación: 2009/1 - 2018/2",1
I-0001697200,jorge daniel miranda guzman,0001697200,,,,https://scienti.minciencias.gov.co/cvlac/visualizador/generarCurriculoCv.do?cod_rh=0001697200,"GrupLAC, censo de integrantes, consultado 2026-09-25; vinculación: 2023/1 - 2026/1",1
I-0000568953,Jose CASTAÑEDA ROMERO,0000568953,,,,https://scienti.minciencias.gov.co/cvlac/visualizador/generarCurriculoCv.do?cod_rh=0000568953,"GrupLAC, censo de integrantes, consultado 2026-09-25; vinculación: 2003/5 - Actual",1
I-0000579696,JOSE MANUEL MEJIA REALES,0000579696,,Investigador Junior (IJ),,https://scienti.minciencias.gov.co/cvlac/visualizador/generarCurriculoCv.do?cod_rh=0000579696,"GrupLAC, censo de integrantes, consultado 2026-09-25; vinculación: 2009/1 - Actual",1
I-0000549851,Julio Cesar ROMERO PABON,0000549851,,Investigador Asociado (I),,https://scienti.minciencias.gov.co/cvlac/visualizador/generarCurriculoCv.do?cod_rh=0000549851,"GrupLAC, censo de integrantes, consultado 2026-09-25; vinculación: 2009/2 - 2018/2",1
I-0001449261,JUSTO ELIAS MONTENEGRO VERBEL,0001449261,,,,https://scienti.minciencias.gov.co/cvlac/visualizador/generarCurriculoCv.do?cod_rh=0001449261,"GrupLAC, censo de integrantes, consultado 2026-09-25; vinculación: 2025/2 - Actual",1
I-0001582707,KARINA PAOLA TORRES CERVERA,0001582707,,Investigador Asociado (I),,https://scienti.minciencias.gov.co/cvlac/visualizador/generarCurriculoCv.do?cod_rh=0001582707,"GrupLAC, censo de integrantes, consultado 2026-09-25; vinculación: 2013/2 - Actual",1
I-0001482590,KATIUSKA DEL VALLE GONZALEZ GONZALEZ,0001482590,,,,https://scienti.minciencias.gov.co/cvlac/visualizador/generarCurriculoCv.do?cod_rh=0001482590,"GrupLAC, censo de integrantes, consultado 2026-09-25; vinculación: 2016/3 - Actual",1
I-0001450216,keivin de jesus osorio romero,0001450216,,,,https://scienti.minciencias.gov.co/cvlac/visualizador/generarCurriculoCv.do?cod_rh=0001450216,"GrupLAC, censo de integrantes, consultado 2026-09-25; vinculación: 2009/2 - 2018/2",1
I-0001425762,Kelly Johanna Villegas Gomez,0001425762,,,,https://scienti.minciencias.gov.co/cvlac/visualizador/generarCurriculoCv.do?cod_rh=0001425762,"GrupLAC, censo de integrantes, consultado 2026-09-25; vinculación: 2025/2 - Actual",1
I-0001451180,Laudis Viviana Baron Amara,0001451180,,,,https://scienti.minciencias.gov.co/cvlac/visualizador/generarCurriculoCv.do?cod_rh=0001451180,"GrupLAC, censo de integrantes, consultado 2026-09-25; vinculación: 2011/2 - 2018/2",1
I-0000145559,Laurys Estefanny Maestre Maestre,0000145559,,,,https://scienti.minciencias.gov.co/cvlac/visualizador/generarCurriculoCv.do?cod_rh=0000145559,"GrupLAC, censo de integrantes, consultado 2026-09-25; vinculación: 2017/2 - 2018/2",1
I-0001403125,Ledaus Centeno Villaruel,0001403125,,,,https://scienti.minciencias.gov.co/cvlac/visualizador/generarCurriculoCv.do?cod_rh=0001403125,"GrupLAC, censo de integrantes, consultado 2026-09-25; vinculación: 2011/5 - 2018/2",1
I-0001413324,Leidy Diana Zuleta Villegas,0001413324,,,,https://scienti.minciencias.gov.co/cvlac/visualizador/generarCurriculoCv.do?cod_rh=0001413324,"GrupLAC, censo de integrantes, consultado 2026-09-25; vinculación: 2023/2 - Actual",1
I-0001398898,leonardo enrique martínez arredondo,0001398898,,Investigador Junior (IJ),,https://scienti.minciencias.gov.co/cvlac/visualizador/generarCurriculoCv.do?cod_rh=0001398898,"GrupLAC, censo de integrantes, consultado 2026-09-25; vinculación: 2009/3 - Actual",1
I-0001506030,Lesby Johanna Lora Carrillo,0001506030,,Investigador Asociado (I),,https://scienti.minciencias.gov.co/cvlac/visualizador/generarCurriculoCv.do?cod_rh=0001506030,"GrupLAC, censo de integrantes, consultado 2026-09-25; vinculación: 2019/5 - Actual",1
I-0000967130,Libanis ARGUELLES DAZA,0000967130,,,,https://scienti.minciencias.gov.co/cvlac/visualizador/generarCurriculoCv.do?cod_rh=0000967130,"GrupLAC, censo de integrantes, consultado 2026-09-25; vinculación: 2009/8 - 2015/1",1
I-0000946265,Liliana Teresa GONZALEZ BAYTER,0000946265,,,,https://scienti.minciencias.gov.co/cvlac/visualizador/generarCurriculoCv.do?cod_rh=0000946265,"GrupLAC, censo de integrantes, consultado 2026-09-25; vinculación: 2014/1 - 2018/2",1
I-0001424806,LILIBETH QUIROS AMAYA,0001424806,,,,https://scienti.minciencias.gov.co/cvlac/visualizador/generarCurriculoCv.do?cod_rh=0001424806,"GrupLAC, censo de integrantes, consultado 2026-09-25; vinculación: 2011/6 - 2011/6",1
I-0000051179,liseth karina posada solano,0000051179,,,,https://scienti.minciencias.gov.co/cvlac/visualizador/generarCurriculoCv.do?cod_rh=0000051179,"GrupLAC, censo de integrantes, consultado 2026-09-25; vinculación: 2022/8 - Actual",1
I-0001553618,Liz Tatiana López Pallares,0001553618,,,,https://scienti.minciencias.gov.co/cvlac/visualizador/generarCurriculoCv.do?cod_rh=0001553618,"GrupLAC, censo de integrantes, consultado 2026-09-25; vinculación: 2013/3 - 2018/2",1
I-0000651974,Lorena Felicia sierra cuello,0000651974,,,,https://scienti.minciencias.gov.co/cvlac/visualizador/generarCurriculoCv.do?cod_rh=0000651974,"GrupLAC, censo de integrantes, consultado 2026-09-25; vinculación: 2016/2 - Actual",1
I-0000591963,Luis Alberto Caballero Freyte,0000591963,,,,https://scienti.minciencias.gov.co/cvlac/visualizador/generarCurriculoCv.do?cod_rh=0000591963,"GrupLAC, censo de integrantes, consultado 2026-09-25; vinculación: 2013/3 - Actual",1
I-0002210564,LUIS ALBERTO VILLLERO AMAYA,0002210564,,,,https://scienti.minciencias.gov.co/cvlac/visualizador/generarCurriculoCv.do?cod_rh=0002210564,"GrupLAC, censo de integrantes, consultado 2026-09-25; vinculación: 2022/1 - Actual",1
I-0000559296,LUIS ALFONSO JULIO QUINTERO,0000559296,,,,https://scienti.minciencias.gov.co/cvlac/visualizador/generarCurriculoCv.do?cod_rh=0000559296,"GrupLAC, censo de integrantes, consultado 2026-09-25; vinculación: 2009/1 - 2014/2",1
I-0000148294,Luis Castro Ardila,0000148294,,,,https://scienti.minciencias.gov.co/cvlac/visualizador/generarCurriculoCv.do?cod_rh=0000148294,"GrupLAC, censo de integrantes, consultado 2026-09-25; vinculación: 2017/2 - 2018/2",1
I-0000102031,Luis Fernando Mercado Andrade,0000102031,,,,https://scienti.minciencias.gov.co/cvlac/visualizador/generarCurriculoCv.do?cod_rh=0000102031,"GrupLAC, censo de integrantes, consultado 2026-09-25; vinculación: 2023/1 - Actual",1
I-0001415131,LUZ KARINA CORZO PACHECO,0001415131,,,,https://scienti.minciencias.gov.co/cvlac/visualizador/generarCurriculoCv.do?cod_rh=0001415131,"GrupLAC, censo de integrantes, consultado 2026-09-25; vinculación: 2023/2 - Actual",1
I-0001413326,LUZ MAR PEREIRA FERNÁNDEZ,0001413326,,,,https://scienti.minciencias.gov.co/cvlac/visualizador/generarCurriculoCv.do?cod_rh=0001413326,"GrupLAC, censo de integrantes, consultado 2026-09-25; vinculación: 2025/1 - Actual",1
I-0001453590,LUZ MARINA CASTRO DE GARCIA,0001453590,,,,https://scienti.minciencias.gov.co/cvlac/visualizador/generarCurriculoCv.do?cod_rh=0001453590,"GrupLAC, censo de integrantes, consultado 2026-09-25; vinculación: 2011/10 - 2018/9",1
I-0001403109,LUZ MILE TORRES KAMAICO,0001403109,,,,https://scienti.minciencias.gov.co/cvlac/visualizador/generarCurriculoCv.do?cod_rh=0001403109,"GrupLAC, censo de integrantes, consultado 2026-09-25; vinculación: 2011/5 - 2018/2",1
I-0001495615,MAIRA ALEJANDRA DITTA NAVARRO,0001495615,,,,https://scienti.minciencias.gov.co/cvlac/visualizador/generarCurriculoCv.do?cod_rh=0001495615,"GrupLAC, censo de integrantes, consultado 2026-09-25; vinculación: 2011/2 - 2017/2",1
I-0001426516,MAIRA DEL CARMEN MEJIA ALVAREZ,0001426516,,,,https://scienti.minciencias.gov.co/cvlac/visualizador/generarCurriculoCv.do?cod_rh=0001426516,"GrupLAC, censo de integrantes, consultado 2026-09-25; vinculación: 2011/1 - 2017/2",1
I-0001584214,MANUEL GUILLERMO MOJICA BRITTO,0001584214,,,,https://scienti.minciencias.gov.co/cvlac/visualizador/generarCurriculoCv.do?cod_rh=0001584214,"GrupLAC, censo de integrantes, consultado 2026-09-25; vinculación: 2022/2 - Actual",1
I-0000142473,María Camila Jiménez López,0000142473,,,,https://scienti.minciencias.gov.co/cvlac/visualizador/generarCurriculoCv.do?cod_rh=0000142473,"GrupLAC, censo de integrantes, consultado 2026-09-25; vinculación: 2017/2 - 2018/2",1
I-0002231314,MARIA CAMILA LUGO SOCARRAS,0002231314,,,,https://scienti.minciencias.gov.co/cvlac/visualizador/generarCurriculoCv.do?cod_rh=0002231314,"GrupLAC, censo de integrantes, consultado 2026-09-25; vinculación: 2025/2 - Actual",1
I-0001647221,Maria Colina Chacin,0001647221,,Investigador Asociado (I),,https://scienti.minciencias.gov.co/cvlac/visualizador/generarCurriculoCv.do?cod_rh=0001647221,"GrupLAC, censo de integrantes, consultado 2026-09-25; vinculación: 2016/1 - Actual",1
I-0002315568,MARIA NELLY RODRIGUEZ ESTRADA,0002315568,,,,https://scienti.minciencias.gov.co/cvlac/visualizador/generarCurriculoCv.do?cod_rh=0002315568,"GrupLAC, censo de integrantes, consultado 2026-09-25; vinculación: 2023/2 - Actual",1
I-0002207014,marisabel melendrez romero,0002207014,,,,https://scienti.minciencias.gov.co/cvlac/visualizador/generarCurriculoCv.do?cod_rh=0002207014,"GrupLAC, censo de integrantes, consultado 2026-09-25; vinculación: 2023/5 - Actual",1
I-0001408571,MARTHA LUZ GOMEZ CAMPUZANO,0001408571,,Investigador Asociado (I),,https://scienti.minciencias.gov.co/cvlac/visualizador/generarCurriculoCv.do?cod_rh=0001408571,"GrupLAC, censo de integrantes, consultado 2026-09-25; vinculación: 2023/2 - Actual",1
I-0001570351,melissa johanna gomez fernandez,0001570351,,,,https://scienti.minciencias.gov.co/cvlac/visualizador/generarCurriculoCv.do?cod_rh=0001570351,"GrupLAC, censo de integrantes, consultado 2026-09-25; vinculación: 2024/2 - Actual",1
I-0000148944,Miller Andres Barraza Rico,0000148944,,,,https://scienti.minciencias.gov.co/cvlac/visualizador/generarCurriculoCv.do?cod_rh=0000148944,"GrupLAC, censo de integrantes, consultado 2026-09-25; vinculación: 2023/2 - Actual",1
I-0000143709,Neider David Arias Mindiola,0000143709,,,,https://scienti.minciencias.gov.co/cvlac/visualizador/generarCurriculoCv.do?cod_rh=0000143709,"GrupLAC, censo de integrantes, consultado 2026-09-25; vinculación: 2017/2 - 2018/2",1
I-0000038036,Nelly Yureima Martínez Camacho,0000038036,,,,https://scienti.minciencias.gov.co/cvlac/visualizador/generarCurriculoCv.do?cod_rh=0000038036,"GrupLAC, censo de integrantes, consultado 2026-09-25; vinculación: 2019/8 - Actual",1
I-0001708333,Nevis Mercedes Jimenez Ramos,0001708333,,,,https://scienti.minciencias.gov.co/cvlac/visualizador/generarCurriculoCv.do?cod_rh=0001708333,"GrupLAC, censo de integrantes, consultado 2026-09-25; vinculación: 2025/2 - Actual",1
I-0000183412,Oscar Alfonso Marquez Buelvas,0000183412,,,,https://scienti.minciencias.gov.co/cvlac/visualizador/generarCurriculoCv.do?cod_rh=0000183412,"GrupLAC, censo de integrantes, consultado 2026-09-25; vinculación: 2018/3 - 2018/12",1
I-0001518365,Paul Klement Arias Ruidíaz,0001518365,,,,https://scienti.minciencias.gov.co/cvlac/visualizador/generarCurriculoCv.do?cod_rh=0001518365,"GrupLAC, censo de integrantes, consultado 2026-09-25; vinculación: 2021/3 - Actual",1
I-0000149280,paulo roberto jimenez ariza,0000149280,,,,https://scienti.minciencias.gov.co/cvlac/visualizador/generarCurriculoCv.do?cod_rh=0000149280,"GrupLAC, censo de integrantes, consultado 2026-09-25; vinculación: 2017/8 - 2018/3",1
I-0000393932,Pedro TORRES FLORES,0000393932,,,,https://scienti.minciencias.gov.co/cvlac/visualizador/generarCurriculoCv.do?cod_rh=0000393932,"GrupLAC, censo de integrantes, consultado 2026-09-25; vinculación: 2004/6 - Actual",1
I-0001390613,RAFAEL ARTURO FRAGOZO RUIZ,0001390613,,,,https://scienti.minciencias.gov.co/cvlac/visualizador/generarCurriculoCv.do?cod_rh=0001390613,"GrupLAC, censo de integrantes, consultado 2026-09-25; vinculación: 2019/1 - Actual",1
I-0000197840,RAFAEL ENRIQUE BOLAÑO AMAYA,0000197840,,,,https://scienti.minciencias.gov.co/cvlac/visualizador/generarCurriculoCv.do?cod_rh=0000197840,"GrupLAC, censo de integrantes, consultado 2026-09-25; vinculación: 2003/8 - 2018/2",1
I-0000147830,rafael enrique mindiola romero,0000147830,,,,https://scienti.minciencias.gov.co/cvlac/visualizador/generarCurriculoCv.do?cod_rh=0000147830,"GrupLAC, censo de integrantes, consultado 2026-09-25; vinculación: 2017/4 - 2018/2",1
I-0000391050,Ramon CASTRO BARROS,0000391050,,,,https://scienti.minciencias.gov.co/cvlac/visualizador/generarCurriculoCv.do?cod_rh=0000391050,"GrupLAC, censo de integrantes, consultado 2026-09-25; vinculación: 2004/5 - Actual",1
I-0000511110,Raul Enrique Escobar Caro,0000511110,,,,https://scienti.minciencias.gov.co/cvlac/visualizador/generarCurriculoCv.do?cod_rh=0000511110,"GrupLAC, censo de integrantes, consultado 2026-09-25; vinculación: 2019/1 - Actual",1
I-0001449911,RICARDO JOSE MENDOZA LEON,0001449911,,,,https://scienti.minciencias.gov.co/cvlac/visualizador/generarCurriculoCv.do?cod_rh=0001449911,"GrupLAC, censo de integrantes, consultado 2026-09-25; vinculación: 2011/5 - 2018/2",1
I-0000103480,roberto carlos castaño castañeda,0000103480,,,,https://scienti.minciencias.gov.co/cvlac/visualizador/generarCurriculoCv.do?cod_rh=0000103480,"GrupLAC, censo de integrantes, consultado 2026-09-25; vinculación: 2017/2 - Actual",1
I-0001403108,SANDRA MILENA ZARZA RAMIREZ,0001403108,,,,https://scienti.minciencias.gov.co/cvlac/visualizador/generarCurriculoCv.do?cod_rh=0001403108,"GrupLAC, censo de integrantes, consultado 2026-09-25; vinculación: 2011/5 - 2018/2",1
I-0000145546,Sheyla Rosa Martinez Arias,0000145546,,,,https://scienti.minciencias.gov.co/cvlac/visualizador/generarCurriculoCv.do?cod_rh=0000145546,"GrupLAC, censo de integrantes, consultado 2026-09-25; vinculación: 2017/2 - 2018/2",1
I-0001449912,SILVIO ANDRES PETANO GONZALEZ,0001449912,,,,https://scienti.minciencias.gov.co/cvlac/visualizador/generarCurriculoCv.do?cod_rh=0001449912,"GrupLAC, censo de integrantes, consultado 2026-09-25; vinculación: 2011/5 - 2018/2",1
I-0002258788,TATIANA ECHAVARRIA GIL,0002258788,,,,https://scienti.minciencias.gov.co/cvlac/visualizador/generarCurriculoCv.do?cod_rh=0002258788,"GrupLAC, censo de integrantes, consultado 2026-09-25; vinculación: 2022/2 - Actual",1
I-0001397561,VESSY VILLERO CASTILLA,0001397561,,,,https://scienti.minciencias.gov.co/cvlac/visualizador/generarCurriculoCv.do?cod_rh=0001397561,"GrupLAC, censo de integrantes, consultado 2026-09-25; vinculación: 2011/11 - 2018/2",1
I-0000143717,Victor Alfonso Daza Mendoza,0000143717,,,,https://scienti.minciencias.gov.co/cvlac/visualizador/generarCurriculoCv.do?cod_rh=0000143717,"GrupLAC, censo de integrantes, consultado 2026-09-25; vinculación: 2017/2 - 2018/2",1
I-0001601087,VICTOR HUGO MARTINEZ GONZALEZ,0001601087,,,,https://scienti.minciencias.gov.co/cvlac/visualizador/generarCurriculoCv.do?cod_rh=0001601087,"GrupLAC, censo de integrantes, consultado 2026-09-25; vinculación: 2021/1 - Actual",1
I-0000131907,VIVIANA ROSA VASQUEZ MEJIA,0000131907,,,,https://scienti.minciencias.gov.co/cvlac/visualizador/generarCurriculoCv.do?cod_rh=0000131907,"GrupLAC, censo de integrantes, consultado 2026-09-25; vinculación: 2023/2 - Actual",1
I-0001524492,WENDY LORAINE ARISTIZABAL VASQUEZ,0001524492,,,,https://scienti.minciencias.gov.co/cvlac/visualizador/generarCurriculoCv.do?cod_rh=0001524492,"GrupLAC, censo de integrantes, consultado 2026-09-25; vinculación: 2013/2 - 2018/2",1
I-0000602272,Wilcar Damian Cifuentes Alvarez,0000602272,,Investigador Junior (IJ),,https://scienti.minciencias.gov.co/cvlac/visualizador/generarCurriculoCv.do?cod_rh=0000602272,"GrupLAC, censo de integrantes, consultado 2026-09-25; vinculación: 2019/1 - Actual",1
I-0001495611,YAMEDIS NAKARID MARTINEZ RINCONES,0001495611,,,,https://scienti.minciencias.gov.co/cvlac/visualizador/generarCurriculoCv.do?cod_rh=0001495611,"GrupLAC, censo de integrantes, consultado 2026-09-25; vinculación: 2011/1 - 2018/2",1
I-0001375705,YECID GAFFIT ACEVEDO DURAN,0001375705,,,,https://scienti.minciencias.gov.co/cvlac/visualizador/generarCurriculoCv.do?cod_rh=0001375705,"GrupLAC, censo de integrantes, consultado 2026-09-25; vinculación: 2021/6 - Actual",1
I-0001401829,YEFERSON JESUS BARRERA ORTIZ,0001401829,,,,https://scienti.minciencias.gov.co/cvlac/visualizador/generarCurriculoCv.do?cod_rh=0001401829,"GrupLAC, censo de integrantes, consultado 2026-09-25; vinculación: 2019/11 - Actual",1
I-0001440976,YEINER DARIO CASTRO LOPEZ,0001440976,,,,https://scienti.minciencias.gov.co/cvlac/visualizador/generarCurriculoCv.do?cod_rh=0001440976,"GrupLAC, censo de integrantes, consultado 2026-09-25; vinculación: 2024/2 - Actual",1
I-0001403130,Yuceris Teresa Molina Perez,0001403130,,,,https://scienti.minciencias.gov.co/cvlac/visualizador/generarCurriculoCv.do?cod_rh=0001403130,"GrupLAC, censo de integrantes, consultado 2026-09-25; vinculación: 2011/5 - 2018/2",1
I-0001574218,yulieth tatiana padro moreno,0001574218,,,,https://scienti.minciencias.gov.co/cvlac/visualizador/generarCurriculoCv.do?cod_rh=0001574218,"GrupLAC, censo de integrantes, consultado 2026-09-25; vinculación: 2014/10 - 2018/2",1
I-0000148258,Luis Angel Jaimes Leal,0000148258,,,,https://scienti.minciencias.gov.co/cvlac/visualizador/generarCurriculoCv.do?cod_rh=0000148258,"GrupLAC, censo de integrantes, consultado 2026-09-25; vinculación: 2026/1 - Actual",1
I-0001404374,Miguel Alberto Rincon Pinzon,0001404374,,Investigador Junior (IJ),,https://scienti.minciencias.gov.co/cvlac/visualizador/generarCurriculoCv.do?cod_rh=0001404374,"GrupLAC, censo de integrantes, consultado 2026-09-25; vinculación: 2016/11 - Actual",1
I-0001592848,CALLETANA LOPEZ BALETA,0001592848,,,,https://scienti.minciencias.gov.co/cvlac/visualizador/generarCurriculoCv.do?cod_rh=0001592848,"GrupLAC, censo de integrantes, consultado 2026-09-25; vinculación: 2016/11 - Actual",1
I-0001812365,CARLOS ALBERTO MEJIA RODRIGUEZ,0001812365,,Investigador Junior (IJ),,https://scienti.minciencias.gov.co/cvlac/visualizador/generarCurriculoCv.do?cod_rh=0001812365,"GrupLAC, censo de integrantes, consultado 2026-09-25; vinculación: 2022/3 - Actual",1
I-0001773374,carlos andres tamayo benjumea,0001773374,,,,https://scienti.minciencias.gov.co/cvlac/visualizador/generarCurriculoCv.do?cod_rh=0001773374,"GrupLAC, censo de integrantes, consultado 2026-09-25; vinculación: 2025/7 - Actual",1
I-0001432110,CESAR AUGUSTO RAMOS PINEDA,0001432110,,,,https://scienti.minciencias.gov.co/cvlac/visualizador/generarCurriculoCv.do?cod_rh=0001432110,"GrupLAC, censo de integrantes, consultado 2026-09-25; vinculación: 2023/6 - Actual",1
I-0001436288,DANNY JHOAN RIOS BARONA,0001436288,,,,https://scienti.minciencias.gov.co/cvlac/visualizador/generarCurriculoCv.do?cod_rh=0001436288,"GrupLAC, censo de integrantes, consultado 2026-09-25; vinculación: 2023/10 - Actual",1
I-0000649996,Darwin NAVARRO PINO,0000649996,,Investigador Junior (IJ),,https://scienti.minciencias.gov.co/cvlac/visualizador/generarCurriculoCv.do?cod_rh=0000649996,"GrupLAC, censo de integrantes, consultado 2026-09-25; vinculación: 2016/11 - Actual",1
I-0001498712,DIDIER FERNANDO GUERRERO SUMALAVE,0001498712,,,,https://scienti.minciencias.gov.co/cvlac/visualizador/generarCurriculoCv.do?cod_rh=0001498712,"GrupLAC, censo de integrantes, consultado 2026-09-25; vinculación: 2020/3 - Actual",1
I-0001200968,Edwin Barrientos Avendaño,0001200968,,Investigador Asociado (I),,https://scienti.minciencias.gov.co/cvlac/visualizador/generarCurriculoCv.do?cod_rh=0001200968,"GrupLAC, censo de integrantes, consultado 2026-09-25; vinculación: 2020/6 - Actual",1
I-0001388370,Erney Alberto Ramirez Camargo,0001388370,,,,https://scienti.minciencias.gov.co/cvlac/visualizador/generarCurriculoCv.do?cod_rh=0001388370,"GrupLAC, censo de integrantes, consultado 2026-09-25; vinculación: 2022/4 - Actual",1
I-0000698334,Francisco chinchilla torres,0000698334,,,,https://scienti.minciencias.gov.co/cvlac/visualizador/generarCurriculoCv.do?cod_rh=0000698334,"GrupLAC, censo de integrantes, consultado 2026-09-25; vinculación: 2016/11 - Actual",1
I-0001651824,JAIME MANUEL PEREZ GUTIERREZ,0001651824,,,,https://scienti.minciencias.gov.co/cvlac/visualizador/generarCurriculoCv.do?cod_rh=0001651824,"GrupLAC, censo de integrantes, consultado 2026-09-25; vinculación: 2018/8 - 2024/12",1
I-0000062781,Jesús Eduardo Espinel Blanco,0000062781,,,,https://scienti.minciencias.gov.co/cvlac/visualizador/generarCurriculoCv.do?cod_rh=0000062781,"GrupLAC, censo de integrantes, consultado 2026-09-25; vinculación: 2024/6 - 2025/8",1
I-0001473387,Johana Andrea Manrique Hernández,0001473387,,,,https://scienti.minciencias.gov.co/cvlac/visualizador/generarCurriculoCv.do?cod_rh=0001473387,"GrupLAC, censo de integrantes, consultado 2026-09-25; vinculación: 2019/3 - 2024/12",1
I-0001367821,John Timi Lopez Gomez,0001367821,,,,https://scienti.minciencias.gov.co/cvlac/visualizador/generarCurriculoCv.do?cod_rh=0001367821,"GrupLAC, censo de integrantes, consultado 2026-09-25; vinculación: 2016/11 - Actual",1
I-0000649040,Jose CORONEL CASADIEGOS,0000649040,,,,https://scienti.minciencias.gov.co/cvlac/visualizador/generarCurriculoCv.do?cod_rh=0000649040,"GrupLAC, censo de integrantes, consultado 2026-09-25; vinculación: 2016/11 - Actual",1
I-0001425692,KAREN LORENA LEON PEREZ,0001425692,,,,https://scienti.minciencias.gov.co/cvlac/visualizador/generarCurriculoCv.do?cod_rh=0001425692,"GrupLAC, censo de integrantes, consultado 2026-09-25; vinculación: 2024/6 - Actual",1
I-0000449814,Katerine BELEÑO CASELLES,0000449814,,,,https://scienti.minciencias.gov.co/cvlac/visualizador/generarCurriculoCv.do?cod_rh=0000449814,"GrupLAC, censo de integrantes, consultado 2026-09-25; vinculación: 2016/11 - Actual",1
I-0001597437,Lauren Yinett Gomez Quintero,0001597437,,Investigador Junior (IJ),,https://scienti.minciencias.gov.co/cvlac/visualizador/generarCurriculoCv.do?cod_rh=0001597437,"GrupLAC, censo de integrantes, consultado 2026-09-25; vinculación: 2016/11 - Actual",1
I-0002355665,Leandro Iván Meza Salazar,0002355665,,,,https://scienti.minciencias.gov.co/cvlac/visualizador/generarCurriculoCv.do?cod_rh=0002355665,"GrupLAC, censo de integrantes, consultado 2026-09-25; vinculación: 2024/6 - Actual",1
I-0001826368,Leidy Ximena Cortes Velasquez,0001826368,,,,https://scienti.minciencias.gov.co/cvlac/visualizador/generarCurriculoCv.do?cod_rh=0001826368,"GrupLAC, censo de integrantes, consultado 2026-09-25; vinculación: 2024/9 - Actual",1
I-0001951086,lina marcela arevalo vergel,0001951086,,,,https://scienti.minciencias.gov.co/cvlac/visualizador/generarCurriculoCv.do?cod_rh=0001951086,"GrupLAC, censo de integrantes, consultado 2026-09-25; vinculación: 2022/9 - Actual",1
I-0000081184,Lizeth Badillo Duran,0000081184,,,,https://scienti.minciencias.gov.co/cvlac/visualizador/generarCurriculoCv.do?cod_rh=0000081184,"GrupLAC, censo de integrantes, consultado 2026-09-25; vinculación: 2024/6 - Actual",1
I-0000961167,Luis Alfonso MUÑOZ MORALES,0000961167,,,,https://scienti.minciencias.gov.co/cvlac/visualizador/generarCurriculoCv.do?cod_rh=0000961167,"GrupLAC, censo de integrantes, consultado 2026-09-25; vinculación: 2022/5 - Actual",1
I-0000155851,Luis Angel Velosa Moncada,0000155851,,Investigador Junior (IJ),,https://scienti.minciencias.gov.co/cvlac/visualizador/generarCurriculoCv.do?cod_rh=0000155851,"GrupLAC, censo de integrantes, consultado 2026-09-25; vinculación: 2016/11 - Actual",1
I-0001718115,Luis Manuel Palmera Quintero,0001718115,,Investigador Junior (IJ),,https://scienti.minciencias.gov.co/cvlac/visualizador/generarCurriculoCv.do?cod_rh=0001718115,"GrupLAC, censo de integrantes, consultado 2026-09-25; vinculación: 2021/10 - Actual",1
I-0001027077,Luis Octavio Ramirez Orellano,0001027077,,Investigador Junior (IJ),,https://scienti.minciencias.gov.co/cvlac/visualizador/generarCurriculoCv.do?cod_rh=0001027077,"GrupLAC, censo de integrantes, consultado 2026-09-25; vinculación: 2022/3 - Actual",1
I-0002069077,MARIA FERNANDA TOSCANO GALVIS,0002069077,,,,https://scienti.minciencias.gov.co/cvlac/visualizador/generarCurriculoCv.do?cod_rh=0002069077,"GrupLAC, censo de integrantes, consultado 2026-09-25; vinculación: 2023/6 - Actual",1
I-0001289438,Yasser Holguin Uribe,0001289438,,,,https://scienti.minciencias.gov.co/cvlac/visualizador/generarCurriculoCv.do?cod_rh=0001289438,"GrupLAC, censo de integrantes, consultado 2026-09-25; vinculación: 2021/10 - Actual",1
I-0001348228,IBETH DOLORES OROZCO ANAYA,0001348228,,,,https://scienti.minciencias.gov.co/cvlac/visualizador/generarCurriculoCv.do?cod_rh=0001348228,"GrupLAC, censo de integrantes, consultado 2026-09-25; vinculación: 2015/1 - Actual",1
I-0000424455,AUGUSTO ALBERTO DAVID MEZA,0000424455,,,,https://scienti.minciencias.gov.co/cvlac/visualizador/generarCurriculoCv.do?cod_rh=0000424455,"GrupLAC, censo de integrantes, consultado 2026-09-25; vinculación: 2018/2 - 2018/12",1
I-0001442274,jadys paola mojica armenta,0001442274,,,,https://scienti.minciencias.gov.co/cvlac/visualizador/generarCurriculoCv.do?cod_rh=0001442274,"GrupLAC, censo de integrantes, consultado 2026-09-25; vinculación: 2015/1 - Actual",1
I-0001294008,Liliana Patricia torres obregon,0001294008,,Investigador Junior (IJ),,https://scienti.minciencias.gov.co/cvlac/visualizador/generarCurriculoCv.do?cod_rh=0001294008,"GrupLAC, censo de integrantes, consultado 2026-09-25; vinculación: 2015/2 - Actual",1
I-0001911036,MARIA MERCEDES BAUTISTA LEON,0001911036,,,,https://scienti.minciencias.gov.co/cvlac/visualizador/generarCurriculoCv.do?cod_rh=0001911036,"GrupLAC, censo de integrantes, consultado 2026-09-25; vinculación: 2021/7 - 2023/5",1
I-0001714035,Mayil Lisday Rojas Vaca,0001714035,,,,https://scienti.minciencias.gov.co/cvlac/visualizador/generarCurriculoCv.do?cod_rh=0001714035,"GrupLAC, censo de integrantes, consultado 2026-09-25; vinculación: 2021/7 - 2022/5",1
I-0001714126,Saray Carelis Cárdenas Cervantes,0001714126,,,,https://scienti.minciencias.gov.co/cvlac/visualizador/generarCurriculoCv.do?cod_rh=0001714126,"GrupLAC, censo de integrantes, consultado 2026-09-25; vinculación: 2021/7 - 2022/8",1
I-0000021091,CARMEN PATRICIA GUERRERO VIDES,0000021091,,,,https://scienti.minciencias.gov.co/cvlac/visualizador/generarCurriculoCv.do?cod_rh=0000021091,"GrupLAC, censo de integrantes, consultado 2026-09-25; vinculación: 2014/1 - Actual",1
I-0001815756,ALBERTO JOSÉ DAZA SAGBINI,0001815756,,,,https://scienti.minciencias.gov.co/cvlac/visualizador/generarCurriculoCv.do?cod_rh=0001815756,"GrupLAC, censo de integrantes, consultado 2026-09-25; vinculación: 2020/8 - Actual",1
I-0000577618,Alfredo DAZA SUAREZ,0000577618,,,,https://scienti.minciencias.gov.co/cvlac/visualizador/generarCurriculoCv.do?cod_rh=0000577618,"GrupLAC, censo de integrantes, consultado 2026-09-25; vinculación: 2015/1 - Actual",1
I-0001525913,Alfredo Enrique Tamayo Geles,0001525913,,,,https://scienti.minciencias.gov.co/cvlac/visualizador/generarCurriculoCv.do?cod_rh=0001525913,"GrupLAC, censo de integrantes, consultado 2026-09-25; vinculación: 2017/11 - 2023/12",1
I-0000150505,Alvaro Eduardo Magdaniel Petro,0000150505,,,,https://scienti.minciencias.gov.co/cvlac/visualizador/generarCurriculoCv.do?cod_rh=0000150505,"GrupLAC, censo de integrantes, consultado 2026-09-25; vinculación: 2017/11 - 2018/12",1
I-0000146603,Andris Vanessa moron navarro,0000146603,,,,https://scienti.minciencias.gov.co/cvlac/visualizador/generarCurriculoCv.do?cod_rh=0000146603,"GrupLAC, censo de integrantes, consultado 2026-09-25; vinculación: 2017/11 - 2018/12",1
I-0000150281,Angie Liceth Agudelo Rincon,0000150281,,,,https://scienti.minciencias.gov.co/cvlac/visualizador/generarCurriculoCv.do?cod_rh=0000150281,"GrupLAC, censo de integrantes, consultado 2026-09-25; vinculación: 2017/11 - 2018/12",1
I-0000109855,ANGIE PAOLA GRACIA MARTINEZ,0000109855,,,,https://scienti.minciencias.gov.co/cvlac/visualizador/generarCurriculoCv.do?cod_rh=0000109855,"GrupLAC, censo de integrantes, consultado 2026-09-25; vinculación: 2017/11 - Actual",1
I-0000161650,Carlos Eduardo De La Cruz Calvo,0000161650,,,,https://scienti.minciencias.gov.co/cvlac/visualizador/generarCurriculoCv.do?cod_rh=0000161650,"GrupLAC, censo de integrantes, consultado 2026-09-25; vinculación: 2017/11 - Actual",1
I-0000184593,Carlos Fabian Campo Diaz,0000184593,,,,https://scienti.minciencias.gov.co/cvlac/visualizador/generarCurriculoCv.do?cod_rh=0000184593,"GrupLAC, censo de integrantes, consultado 2026-09-25; vinculación: 2019/3 - Actual",1
I-0001747771,Carmen Sofía Coy Mendoza,0001747771,,,,https://scienti.minciencias.gov.co/cvlac/visualizador/generarCurriculoCv.do?cod_rh=0001747771,"GrupLAC, censo de integrantes, consultado 2026-09-25; vinculación: 2019/3 - Actual",1
I-0000150265,Cristian alfonso Vidal Pushaina,0000150265,,,,https://scienti.minciencias.gov.co/cvlac/visualizador/generarCurriculoCv.do?cod_rh=0000150265,"GrupLAC, censo de integrantes, consultado 2026-09-25; vinculación: 2017/11 - 2018/12",1
I-0001747780,Daniel Mendoza Boneth,0001747780,,,,https://scienti.minciencias.gov.co/cvlac/visualizador/generarCurriculoCv.do?cod_rh=0001747780,"GrupLAC, censo de integrantes, consultado 2026-09-25; vinculación: 2019/3 - Actual",1
I-0001672158,Danilo José Villamil Lopez,0001672158,,,,https://scienti.minciencias.gov.co/cvlac/visualizador/generarCurriculoCv.do?cod_rh=0001672158,"GrupLAC, censo de integrantes, consultado 2026-09-25; vinculación: 2019/3 - 2023/12",1
I-0001636163,Daylher Humberto Betancourth Ariño,0001636163,,,,https://scienti.minciencias.gov.co/cvlac/visualizador/generarCurriculoCv.do?cod_rh=0001636163,"GrupLAC, censo de integrantes, consultado 2026-09-25; vinculación: 2014/1 - Actual",1
I-0001723136,Edilberto Rodriguez Molina,0001723136,,,,https://scienti.minciencias.gov.co/cvlac/visualizador/generarCurriculoCv.do?cod_rh=0001723136,"GrupLAC, censo de integrantes, consultado 2026-09-25; vinculación: 2019/3 - Actual",1
I-0000116888,GUILLERMO RAMÍREZ PARRA,0000116888,,,,https://scienti.minciencias.gov.co/cvlac/visualizador/generarCurriculoCv.do?cod_rh=0000116888,"GrupLAC, censo de integrantes, consultado 2026-09-25; vinculación: 2017/6 - Actual",1
I-0001676556,Hector Eloy Herrera Hoyos,0001676556,,,,https://scienti.minciencias.gov.co/cvlac/visualizador/generarCurriculoCv.do?cod_rh=0001676556,"GrupLAC, censo de integrantes, consultado 2026-09-25; vinculación: 2017/11 - Actual",1
I-0000124836,Iris López De Amaya,0000124836,,,,https://scienti.minciencias.gov.co/cvlac/visualizador/generarCurriculoCv.do?cod_rh=0000124836,"GrupLAC, censo de integrantes, consultado 2026-09-25; vinculación: 2016/1 - 2023/12",1
I-0000152314,ISABEL SOFIA HORMECHEA ANAYA,0000152314,,,,https://scienti.minciencias.gov.co/cvlac/visualizador/generarCurriculoCv.do?cod_rh=0000152314,"GrupLAC, censo de integrantes, consultado 2026-09-25; vinculación: 2017/11 - 2018/12",1
I-0000949710,Ivan Carlos Rafael Bobadilla Daza,0000949710,,,,https://scienti.minciencias.gov.co/cvlac/visualizador/generarCurriculoCv.do?cod_rh=0000949710,"GrupLAC, censo de integrantes, consultado 2026-09-25; vinculación: 2020/1 - Actual",1
I-0000109856,JAVIER ANDRES CALDERON CARDOZO,0000109856,,,,https://scienti.minciencias.gov.co/cvlac/visualizador/generarCurriculoCv.do?cod_rh=0000109856,"GrupLAC, censo de integrantes, consultado 2026-09-25; vinculación: 2017/11 - 2018/12",1
I-0000060528,Jeider David Duque Delgado,0000060528,,,,https://scienti.minciencias.gov.co/cvlac/visualizador/generarCurriculoCv.do?cod_rh=0000060528,"GrupLAC, censo de integrantes, consultado 2026-09-25; vinculación: 2017/11 - Actual",1
I-0000164721,Jesus Alberto Fernandez Rangel,0000164721,,,,https://scienti.minciencias.gov.co/cvlac/visualizador/generarCurriculoCv.do?cod_rh=0000164721,"GrupLAC, censo de integrantes, consultado 2026-09-25; vinculación: 2017/11 - Actual",1
I-0000109853,JHONNY JOSE ROMERO GARCIA,0000109853,,,,https://scienti.minciencias.gov.co/cvlac/visualizador/generarCurriculoCv.do?cod_rh=0000109853,"GrupLAC, censo de integrantes, consultado 2026-09-25; vinculación: 2017/11 - 2018/12",1
I-0000148544,Joel Antonio Cardenas Martinez,0000148544,,,,https://scienti.minciencias.gov.co/cvlac/visualizador/generarCurriculoCv.do?cod_rh=0000148544,"GrupLAC, censo de integrantes, consultado 2026-09-25; vinculación: 2017/11 - 2020/11",1
I-0000109860,JORGE LUIS CABANA CAMACHO,0000109860,,,,https://scienti.minciencias.gov.co/cvlac/visualizador/generarCurriculoCv.do?cod_rh=0000109860,"GrupLAC, censo de integrantes, consultado 2026-09-25; vinculación: 2017/11 - 2018/1",1
I-0000536261,Jorge Luis ROYERO MORENO,0000536261,,,,https://scienti.minciencias.gov.co/cvlac/visualizador/generarCurriculoCv.do?cod_rh=0000536261,"GrupLAC, censo de integrantes, consultado 2026-09-25; vinculación: 2018/2 - Actual",1
I-0001724134,Jorge Ricardo Aponte Garcia,0001724134,,,,https://scienti.minciencias.gov.co/cvlac/visualizador/generarCurriculoCv.do?cod_rh=0001724134,"GrupLAC, censo de integrantes, consultado 2026-09-25; vinculación: 2019/3 - Actual",1
I-0000106876,JOSE DANIEL CHURIO RONDON,0000106876,,,,https://scienti.minciencias.gov.co/cvlac/visualizador/generarCurriculoCv.do?cod_rh=0000106876,"GrupLAC, censo de integrantes, consultado 2026-09-25; vinculación: 2017/11 - 2018/12",1
I-0001446205,JOSE LUIS FORERO PUMAREJO,0001446205,,,,https://scienti.minciencias.gov.co/cvlac/visualizador/generarCurriculoCv.do?cod_rh=0001446205,"GrupLAC, censo de integrantes, consultado 2026-09-25; vinculación: 2017/11 - 2018/12",1
I-0000118701,JUAN PABLO RAMOS PEREZ,0000118701,,,,https://scienti.minciencias.gov.co/cvlac/visualizador/generarCurriculoCv.do?cod_rh=0000118701,"GrupLAC, censo de integrantes, consultado 2026-09-25; vinculación: 2017/11 - 2018/12",1
I-0000652504,Juana HIDALGO PEDROZO,0000652504,,,,https://scienti.minciencias.gov.co/cvlac/visualizador/generarCurriculoCv.do?cod_rh=0000652504,"GrupLAC, censo de integrantes, consultado 2026-09-25; vinculación: 2016/1 - Actual",1
I-0000152244,karina marcela soto polanco,0000152244,,,,https://scienti.minciencias.gov.co/cvlac/visualizador/generarCurriculoCv.do?cod_rh=0000152244,"GrupLAC, censo de integrantes, consultado 2026-09-25; vinculación: 2017/11 - 2018/12",1
I-0001695892,Kelly Patricia Vizcaino Ballesteros,0001695892,,,,https://scienti.minciencias.gov.co/cvlac/visualizador/generarCurriculoCv.do?cod_rh=0001695892,"GrupLAC, censo de integrantes, consultado 2026-09-25; vinculación: 2019/3 - Actual",1
I-0000101021,KEREN YAMILE ATENCIO MEJÍA,0000101021,,,,https://scienti.minciencias.gov.co/cvlac/visualizador/generarCurriculoCv.do?cod_rh=0000101021,"GrupLAC, censo de integrantes, consultado 2026-09-25; vinculación: 2019/3 - Actual",1
I-0000109859,KEVISIRETH CARDONA NIETO,0000109859,,,,https://scienti.minciencias.gov.co/cvlac/visualizador/generarCurriculoCv.do?cod_rh=0000109859,"GrupLAC, censo de integrantes, consultado 2026-09-25; vinculación: 2017/11 - Actual",1
I-0000075319,Keyla Yarith Trujillo Albor,0000075319,,,,https://scienti.minciencias.gov.co/cvlac/visualizador/generarCurriculoCv.do?cod_rh=0000075319,"GrupLAC, censo de integrantes, consultado 2026-09-25; vinculación: 2019/3 - Actual",1
I-0001638061,LINA BIVIANA MENDOZA PORTILLO,0001638061,,,,https://scienti.minciencias.gov.co/cvlac/visualizador/generarCurriculoCv.do?cod_rh=0001638061,"GrupLAC, censo de integrantes, consultado 2026-09-25; vinculación: 2017/11 - 2018/12",1
I-0001657611,Luis Daniel Ayure Gamez,0001657611,,,,https://scienti.minciencias.gov.co/cvlac/visualizador/generarCurriculoCv.do?cod_rh=0001657611,"GrupLAC, censo de integrantes, consultado 2026-09-25; vinculación: 2018/3 - 2019/12",1
I-0000161060,luis ernesto molina trillos,0000161060,,,,https://scienti.minciencias.gov.co/cvlac/visualizador/generarCurriculoCv.do?cod_rh=0000161060,"GrupLAC, censo de integrantes, consultado 2026-09-25; vinculación: 2017/11 - 2019/11",1
I-0000150322,luis fernando ortiz ramirez,0000150322,,,,https://scienti.minciencias.gov.co/cvlac/visualizador/generarCurriculoCv.do?cod_rh=0000150322,"GrupLAC, censo de integrantes, consultado 2026-09-25; vinculación: 2017/11 - 2018/12",1
I-0001506785,Luis Lorenzo Torres Herrera Torres Herrera,0001506785,,,,https://scienti.minciencias.gov.co/cvlac/visualizador/generarCurriculoCv.do?cod_rh=0001506785,"GrupLAC, censo de integrantes, consultado 2026-09-25; vinculación: 2014/1 - Actual",1
I-0000148542,Luis Miguel Martinez Pachón,0000148542,,,,https://scienti.minciencias.gov.co/cvlac/visualizador/generarCurriculoCv.do?cod_rh=0000148542,"GrupLAC, censo de integrantes, consultado 2026-09-25; vinculación: 2017/11 - Actual",1
I-0000166998,Mario Andres Mendoza Cataño,0000166998,,,,https://scienti.minciencias.gov.co/cvlac/visualizador/generarCurriculoCv.do?cod_rh=0000166998,"GrupLAC, censo de integrantes, consultado 2026-09-25; vinculación: 2017/11 - 2018/12",1
I-0001672032,Maryuris Meneses Martinez,0001672032,,,,https://scienti.minciencias.gov.co/cvlac/visualizador/generarCurriculoCv.do?cod_rh=0001672032,"GrupLAC, censo de integrantes, consultado 2026-09-25; vinculación: 2019/3 - Actual",1
I-0000152186,MAUREN LORENA HERRERA HIDALGO,0000152186,,,,https://scienti.minciencias.gov.co/cvlac/visualizador/generarCurriculoCv.do?cod_rh=0000152186,"GrupLAC, censo de integrantes, consultado 2026-09-25; vinculación: 2017/11 - 2019/12",1
I-0001695901,Mayerlys Sanchez Quintero,0001695901,,,,https://scienti.minciencias.gov.co/cvlac/visualizador/generarCurriculoCv.do?cod_rh=0001695901,"GrupLAC, censo de integrantes, consultado 2026-09-25; vinculación: 2019/3 - Actual",1
I-0000152182,MIGUEL JOSE SOLANO CABARCAS,0000152182,,,,https://scienti.minciencias.gov.co/cvlac/visualizador/generarCurriculoCv.do?cod_rh=0000152182,"GrupLAC, censo de integrantes, consultado 2026-09-25; vinculación: 2017/11 - 2019/12",1
I-0000016936,NEULIS JOSE CUELLO GUEVARA,0000016936,,,,https://scienti.minciencias.gov.co/cvlac/visualizador/generarCurriculoCv.do?cod_rh=0000016936,"GrupLAC, censo de integrantes, consultado 2026-09-25; vinculación: 2020/1 - Actual",1
I-0001398362,Nicolàs Antonio Gutièrrez GUTIERREZ,0001398362,,,,https://scienti.minciencias.gov.co/cvlac/visualizador/generarCurriculoCv.do?cod_rh=0001398362,"GrupLAC, censo de integrantes, consultado 2026-09-25; vinculación: 2017/11 - Actual",1
I-0000152247,Pabel Andres ortiz beleño,0000152247,,,,https://scienti.minciencias.gov.co/cvlac/visualizador/generarCurriculoCv.do?cod_rh=0000152247,"GrupLAC, censo de integrantes, consultado 2026-09-25; vinculación: 2017/11 - Actual",1
I-0001763367,Rony Aldayr López Méndez,0001763367,,,,https://scienti.minciencias.gov.co/cvlac/visualizador/generarCurriculoCv.do?cod_rh=0001763367,"GrupLAC, censo de integrantes, consultado 2026-09-25; vinculación: 2019/3 - Actual",1
I-0001602456,Rubby Stella Rodriguez Rincon,0001602456,,,,https://scienti.minciencias.gov.co/cvlac/visualizador/generarCurriculoCv.do?cod_rh=0001602456,"GrupLAC, censo de integrantes, consultado 2026-09-25; vinculación: 2017/10 - Actual",1
I-0000140213,Steveen Alexander González Bula,0000140213,,,,https://scienti.minciencias.gov.co/cvlac/visualizador/generarCurriculoCv.do?cod_rh=0000140213,"GrupLAC, censo de integrantes, consultado 2026-09-25; vinculación: 2017/11 - Actual",1
I-0000065578,Walter Enrique Vides Vera,0000065578,,,,https://scienti.minciencias.gov.co/cvlac/visualizador/generarCurriculoCv.do?cod_rh=0000065578,"GrupLAC, censo de integrantes, consultado 2026-09-25; vinculación: 2025/1 - Actual",1
I-0000150261,Yairis Yulieth Granados Torrejano,0000150261,,,,https://scienti.minciencias.gov.co/cvlac/visualizador/generarCurriculoCv.do?cod_rh=0000150261,"GrupLAC, censo de integrantes, consultado 2026-09-25; vinculación: 2017/11 - 2018/12",1
I-0001748185,Yuveidis Florez Bonilla,0001748185,,,,https://scienti.minciencias.gov.co/cvlac/visualizador/generarCurriculoCv.do?cod_rh=0001748185,"GrupLAC, censo de integrantes, consultado 2026-09-25; vinculación: 2019/3 - Actual",1
I-0000537322,Hermes Emilio Martinez Barrios,0000537322,,Investigador Asociado (I),,https://scienti.minciencias.gov.co/cvlac/visualizador/generarCurriculoCv.do?cod_rh=0000537322,"GrupLAC, censo de integrantes, consultado 2026-09-25; vinculación: 2004/3 - Actual",1
I-0001450885,Andrea del pilar Amorocho Pernía,0001450885,,,,https://scienti.minciencias.gov.co/cvlac/visualizador/generarCurriculoCv.do?cod_rh=0001450885,"GrupLAC, censo de integrantes, consultado 2026-09-25; vinculación: 2014/1 - 2017/6",1
I-0001120751,Anyella Jiménez Jiménez,0001120751,,,,https://scienti.minciencias.gov.co/cvlac/visualizador/generarCurriculoCv.do?cod_rh=0001120751,"GrupLAC, censo de integrantes, consultado 2026-09-25; vinculación: 2012/2 - 2024/8",1
I-0001182072,Arcelia Rosa Escobar Brochero,0001182072,,,,https://scienti.minciencias.gov.co/cvlac/visualizador/generarCurriculoCv.do?cod_rh=0001182072,"GrupLAC, censo de integrantes, consultado 2026-09-25; vinculación: 2009/3 - Actual",1
I-0000673650,César Augusto Sánchez Contreras,0000673650,,Investigador Junior (IJ),,https://scienti.minciencias.gov.co/cvlac/visualizador/generarCurriculoCv.do?cod_rh=0000673650,"GrupLAC, censo de integrantes, consultado 2026-09-25; vinculación: 2004/3 - 2024/8",1
I-0001525080,elba romero morales,0001525080,,,,https://scienti.minciencias.gov.co/cvlac/visualizador/generarCurriculoCv.do?cod_rh=0001525080,"GrupLAC, censo de integrantes, consultado 2026-09-25; vinculación: 2018/3 - 2024/8",1
I-0001360202,ELIANA ROCIO CORTES ROZO,0001360202,,,,https://scienti.minciencias.gov.co/cvlac/visualizador/generarCurriculoCv.do?cod_rh=0001360202,"GrupLAC, censo de integrantes, consultado 2026-09-25; vinculación: 2020/3 - Actual",1
I-0001042173,JOSE ATUESTA MINDIOLA,0001042173,,,,https://scienti.minciencias.gov.co/cvlac/visualizador/generarCurriculoCv.do?cod_rh=0001042173,"GrupLAC, censo de integrantes, consultado 2026-09-25; vinculación: 2007/2 - 2013/1",1
I-0001359267,JUAN BAUTISTA OCHOA MAESTRE,0001359267,,,,https://scienti.minciencias.gov.co/cvlac/visualizador/generarCurriculoCv.do?cod_rh=0001359267,"GrupLAC, censo de integrantes, consultado 2026-09-25; vinculación: 2016/4 - Actual",1
I-0002090881,laura patricia manjarres jaimes,0002090881,,,,https://scienti.minciencias.gov.co/cvlac/visualizador/generarCurriculoCv.do?cod_rh=0002090881,"GrupLAC, censo de integrantes, consultado 2026-09-25; vinculación: 2024/2 - Actual",1
I-0001182080,Mario Alejandro Duarte Orozco,0001182080,,Investigador Junior (IJ),,https://scienti.minciencias.gov.co/cvlac/visualizador/generarCurriculoCv.do?cod_rh=0001182080,"GrupLAC, censo de integrantes, consultado 2026-09-25; vinculación: 2010/11 - Actual",1
I-0002059907,Sharon Janisse Cujia Morales,0002059907,,,,https://scienti.minciencias.gov.co/cvlac/visualizador/generarCurriculoCv.do?cod_rh=0002059907,"GrupLAC, censo de integrantes, consultado 2026-09-25; vinculación: 2024/10 - 2026/5",1
I-0002059918,Sixta Isabel Montero Mejia,0002059918,,,,https://scienti.minciencias.gov.co/cvlac/visualizador/generarCurriculoCv.do?cod_rh=0002059918,"GrupLAC, censo de integrantes, consultado 2026-09-25; vinculación: 2024/10 - 2026/5",1
I-0001182056,Stefani Yuleis Jimenez Mora,0001182056,,,,https://scienti.minciencias.gov.co/cvlac/visualizador/generarCurriculoCv.do?cod_rh=0001182056,"GrupLAC, censo de integrantes, consultado 2026-09-25; vinculación: 2009/8 - 2013/1",1
I-0001029797,Yalidys Lorena Olivares Baquero,0001029797,,,,https://scienti.minciencias.gov.co/cvlac/visualizador/generarCurriculoCv.do?cod_rh=0001029797,"GrupLAC, censo de integrantes, consultado 2026-09-25; vinculación: 2007/5 - 2013/1",1
I-0000311294,Abel Maria Cano Morales,0000311294,,Investigador Asociado (I),,https://scienti.minciencias.gov.co/cvlac/visualizador/generarCurriculoCv.do?cod_rh=0000311294,"GrupLAC, censo de integrantes, consultado 2026-09-25; vinculación: 2020/2 - Actual",1
I-0001586122,ALVARO ENRIQUE RESTREPO DOMINGUEZ,0001586122,,,,https://scienti.minciencias.gov.co/cvlac/visualizador/generarCurriculoCv.do?cod_rh=0001586122,"GrupLAC, censo de integrantes, consultado 2026-09-25; vinculación: 2021/2 - Actual",1
I-0000010841,Andrea López Alba,0000010841,,,,https://scienti.minciencias.gov.co/cvlac/visualizador/generarCurriculoCv.do?cod_rh=0000010841,"GrupLAC, censo de integrantes, consultado 2026-09-25; vinculación: 2019/8 - 2021/12",1
I-0000122739,Beatriz Helena Afanador Quintero,0000122739,,,,https://scienti.minciencias.gov.co/cvlac/visualizador/generarCurriculoCv.do?cod_rh=0000122739,"GrupLAC, censo de integrantes, consultado 2026-09-25; vinculación: 2023/8 - Actual",1
I-0000169171,BETTY RAMONA SOLANO ESPINOSA,0000169171,,,,https://scienti.minciencias.gov.co/cvlac/visualizador/generarCurriculoCv.do?cod_rh=0000169171,"GrupLAC, censo de integrantes, consultado 2026-09-25; vinculación: 2017/8 - Actual",1
I-0002186001,Carlos Adrian Trigos Cervera,0002186001,,,,https://scienti.minciencias.gov.co/cvlac/visualizador/generarCurriculoCv.do?cod_rh=0002186001,"GrupLAC, censo de integrantes, consultado 2026-09-25; vinculación: 2024/2 - Actual",1
I-0001579334,Catalina Suarez Marin,0001579334,,,,https://scienti.minciencias.gov.co/cvlac/visualizador/generarCurriculoCv.do?cod_rh=0001579334,"GrupLAC, censo de integrantes, consultado 2026-09-25; vinculación: 2017/8 - 2022/6",1
I-0001489007,Cristian Andres Olivar ISAZA,0001489007,,,,https://scienti.minciencias.gov.co/cvlac/visualizador/generarCurriculoCv.do?cod_rh=0001489007,"GrupLAC, censo de integrantes, consultado 2026-09-25; vinculación: 2025/3 - Actual",1
I-0002397698,DANIEL HUMBERTO NARVAEZ GALLARDO,0002397698,,,,https://scienti.minciencias.gov.co/cvlac/visualizador/generarCurriculoCv.do?cod_rh=0002397698,"GrupLAC, censo de integrantes, consultado 2026-09-25; vinculación: 2025/2 - Actual",1
I-0000051937,DEIME FERNANDO MARTINEZ RUIZ,0000051937,,,,https://scienti.minciencias.gov.co/cvlac/visualizador/generarCurriculoCv.do?cod_rh=0000051937,"GrupLAC, censo de integrantes, consultado 2026-09-25; vinculación: 2023/10 - Actual",1
I-0001525826,dina luz jimenez lobo,0001525826,,Investigador Junior (IJ),,https://scienti.minciencias.gov.co/cvlac/visualizador/generarCurriculoCv.do?cod_rh=0001525826,"GrupLAC, censo de integrantes, consultado 2026-09-25; vinculación: 2019/8 - Actual",1
I-0002002591,EDITH PATRICIA URIBE SANTAMARIA,0002002591,,,,https://scienti.minciencias.gov.co/cvlac/visualizador/generarCurriculoCv.do?cod_rh=0002002591,"GrupLAC, censo de integrantes, consultado 2026-09-25; vinculación: 2023/8 - Actual",1
I-0000125392,FERNEL SANCHEZ GONZALEZ,0000125392,,,,https://scienti.minciencias.gov.co/cvlac/visualizador/generarCurriculoCv.do?cod_rh=0000125392,"GrupLAC, censo de integrantes, consultado 2026-09-25; vinculación: 2017/8 - Actual",1
I-0001665548,Freddy Alfonso Medina Tovar,0001665548,,,,https://scienti.minciencias.gov.co/cvlac/visualizador/generarCurriculoCv.do?cod_rh=0001665548,"GrupLAC, censo de integrantes, consultado 2026-09-25; vinculación: 2021/8 - Actual",1
I-0001679614,GENJIS ALBERTO OSSA GONZALEZ,0001679614,,,,https://scienti.minciencias.gov.co/cvlac/visualizador/generarCurriculoCv.do?cod_rh=0001679614,"GrupLAC, censo de integrantes, consultado 2026-09-25; vinculación: 2022/2 - Actual",1
I-0001629185,gladis esperanza arias de camargo,0001629185,,,,https://scienti.minciencias.gov.co/cvlac/visualizador/generarCurriculoCv.do?cod_rh=0001629185,"GrupLAC, censo de integrantes, consultado 2026-09-25; vinculación: 2023/8 - Actual",1
I-0001350660,HERIBERTO ROJAS SANGUINO,0001350660,,,,https://scienti.minciencias.gov.co/cvlac/visualizador/generarCurriculoCv.do?cod_rh=0001350660,"GrupLAC, censo de integrantes, consultado 2026-09-25; vinculación: 2021/2 - 2021/12",1
I-0001394929,HUGO FERNANDO NORIEGA QUINTANA,0001394929,,,,https://scienti.minciencias.gov.co/cvlac/visualizador/generarCurriculoCv.do?cod_rh=0001394929,"GrupLAC, censo de integrantes, consultado 2026-09-25; vinculación: 2019/8 - Actual",1
I-0002114053,Jenny Judith Cabuya De León,0002114053,,,,https://scienti.minciencias.gov.co/cvlac/visualizador/generarCurriculoCv.do?cod_rh=0002114053,"GrupLAC, censo de integrantes, consultado 2026-09-25; vinculación: 2024/4 - Actual",1
I-0002019521,JERSON ANDRES AYALA PACHON,0002019521,,,,https://scienti.minciencias.gov.co/cvlac/visualizador/generarCurriculoCv.do?cod_rh=0002019521,"GrupLAC, censo de integrantes, consultado 2026-09-25; vinculación: 2022/2 - Actual",1
I-0002176561,JESÚS GUTÍERREZ DE PIÑERES OROZCO,0002176561,,,,https://scienti.minciencias.gov.co/cvlac/visualizador/generarCurriculoCv.do?cod_rh=0002176561,"GrupLAC, censo de integrantes, consultado 2026-09-25; vinculación: 2023/8 - Actual",1
I-0001864276,Jhonatan Tobar Barragan,0001864276,,,,https://scienti.minciencias.gov.co/cvlac/visualizador/generarCurriculoCv.do?cod_rh=0001864276,"GrupLAC, censo de integrantes, consultado 2026-09-25; vinculación: 2023/8 - 2023/null",1
I-0002114087,Jonathan Jesus Sepulveda Sanchez,0002114087,,,,https://scienti.minciencias.gov.co/cvlac/visualizador/generarCurriculoCv.do?cod_rh=0002114087,"GrupLAC, censo de integrantes, consultado 2026-09-25; vinculación: 2023/8 - Actual",1
I-0001748912,Jonathan Montes Ávila,0001748912,,,,https://scienti.minciencias.gov.co/cvlac/visualizador/generarCurriculoCv.do?cod_rh=0001748912,"GrupLAC, censo de integrantes, consultado 2026-09-25; vinculación: 2019/8 - Actual",1
I-0001358619,jorge hamilton chaverra marquez,0001358619,,,,https://scienti.minciencias.gov.co/cvlac/visualizador/generarCurriculoCv.do?cod_rh=0001358619,"GrupLAC, censo de integrantes, consultado 2026-09-25; vinculación: 2016/4 - 2021/12",1
I-0002140223,Jose Carlos De la Hoz Jimenez,0002140223,,,,https://scienti.minciencias.gov.co/cvlac/visualizador/generarCurriculoCv.do?cod_rh=0002140223,"GrupLAC, censo de integrantes, consultado 2026-09-25; vinculación: 2023/8 - Actual",1
I-0001419235,jose danny acacio navarro,0001419235,,Investigador Asociado (I),,https://scienti.minciencias.gov.co/cvlac/visualizador/generarCurriculoCv.do?cod_rh=0001419235,"GrupLAC, censo de integrantes, consultado 2026-09-25; vinculación: 2022/3 - Actual",1
I-0000610291,Josè david Peñuela Lizcano,0000610291,,Investigador Junior (IJ),,https://scienti.minciencias.gov.co/cvlac/visualizador/generarCurriculoCv.do?cod_rh=0000610291,"GrupLAC, censo de integrantes, consultado 2026-09-25; vinculación: 2021/2 - 2022/6",1
I-0000070696,JOSE JULIAN ARIZA MORENO,0000070696,,,,https://scienti.minciencias.gov.co/cvlac/visualizador/generarCurriculoCv.do?cod_rh=0000070696,"GrupLAC, censo de integrantes, consultado 2026-09-25; vinculación: 2020/6 - Actual",1
I-0000181613,JUAN ANDRES GUERRERO DURAN,0000181613,,,,https://scienti.minciencias.gov.co/cvlac/visualizador/generarCurriculoCv.do?cod_rh=0000181613,"GrupLAC, censo de integrantes, consultado 2026-09-25; vinculación: 2020/3 - Actual",1
I-0000155863,Juan Camilo Nuñez Quiñones,0000155863,,,,https://scienti.minciencias.gov.co/cvlac/visualizador/generarCurriculoCv.do?cod_rh=0000155863,"GrupLAC, censo de integrantes, consultado 2026-09-25; vinculación: 2022/2 - Actual",1
I-0000172652,KRISLEY JARAMILLO ANDRIOLY,0000172652,,,,https://scienti.minciencias.gov.co/cvlac/visualizador/generarCurriculoCv.do?cod_rh=0000172652,"GrupLAC, censo de integrantes, consultado 2026-09-25; vinculación: 2025/8 - Actual",1
I-0000152794,LADY NAYIBE GARCIA RODRIGUEZ,0000152794,,,,https://scienti.minciencias.gov.co/cvlac/visualizador/generarCurriculoCv.do?cod_rh=0000152794,"GrupLAC, censo de integrantes, consultado 2026-09-25; vinculación: 2023/8 - Actual",1
I-0001847621,LEONEL ENRIQUE SÁNCHEZ THOMAS,0001847621,,,,https://scienti.minciencias.gov.co/cvlac/visualizador/generarCurriculoCv.do?cod_rh=0001847621,"GrupLAC, censo de integrantes, consultado 2026-09-25; vinculación: 2023/8 - Actual",1
I-0002262731,Lisbeth Alejandra Ortiz Cañares,0002262731,,,,https://scienti.minciencias.gov.co/cvlac/visualizador/generarCurriculoCv.do?cod_rh=0002262731,"GrupLAC, censo de integrantes, consultado 2026-09-25; vinculación: 2025/2 - Actual",1
I-0000770000,Luis Carlos Pupo Garcia,0000770000,,,,https://scienti.minciencias.gov.co/cvlac/visualizador/generarCurriculoCv.do?cod_rh=0000770000,"GrupLAC, censo de integrantes, consultado 2026-09-25; vinculación: 2025/2 - Actual",1
I-0001734997,MARITZA HERNANDEZ MURCIA,0001734997,,,,https://scienti.minciencias.gov.co/cvlac/visualizador/generarCurriculoCv.do?cod_rh=0001734997,"GrupLAC, censo de integrantes, consultado 2026-09-25; vinculación: 2019/8 - Actual",1
I-0001537018,MAYULI JAIMES SANCHEZ,0001537018,,,,https://scienti.minciencias.gov.co/cvlac/visualizador/generarCurriculoCv.do?cod_rh=0001537018,"GrupLAC, censo de integrantes, consultado 2026-09-25; vinculación: 2021/10 - 2022/11",1
I-0001468600,MIGUEL EDUARDO JARABA NUÑEZ,0001468600,,,,https://scienti.minciencias.gov.co/cvlac/visualizador/generarCurriculoCv.do?cod_rh=0001468600,"GrupLAC, censo de integrantes, consultado 2026-09-25; vinculación: 2020/7 - Actual",1
I-0002098708,Neymer Antonio Vargas Suárez,0002098708,,,,https://scienti.minciencias.gov.co/cvlac/visualizador/generarCurriculoCv.do?cod_rh=0002098708,"GrupLAC, censo de integrantes, consultado 2026-09-25; vinculación: 2023/3 - 2023/null",1
I-0000076903,Rafael Eduardo Bacca Contreras,0000076903,,,,https://scienti.minciencias.gov.co/cvlac/visualizador/generarCurriculoCv.do?cod_rh=0000076903,"GrupLAC, censo de integrantes, consultado 2026-09-25; vinculación: 2024/2 - Actual",1
I-0001567147,Sandra del Pilar Otalvarez Martinez,0001567147,,,,https://scienti.minciencias.gov.co/cvlac/visualizador/generarCurriculoCv.do?cod_rh=0001567147,"GrupLAC, censo de integrantes, consultado 2026-09-25; vinculación: 2021/2 - Actual",1
I-0002261800,Sandra Juliana Suarez Arias,0002261800,,,,https://scienti.minciencias.gov.co/cvlac/visualizador/generarCurriculoCv.do?cod_rh=0002261800,"GrupLAC, censo de integrantes, consultado 2026-09-25; vinculación: 2024/6 - Actual",1
I-0000607924,Sonia Cristina Oviedo Portilla,0000607924,,,,https://scienti.minciencias.gov.co/cvlac/visualizador/generarCurriculoCv.do?cod_rh=0000607924,"GrupLAC, censo de integrantes, consultado 2026-09-25; vinculación: 2022/8 - Actual",1
I-0000141572,Wilfer Escalante Coronel,0000141572,,,,https://scienti.minciencias.gov.co/cvlac/visualizador/generarCurriculoCv.do?cod_rh=0000141572,"GrupLAC, censo de integrantes, consultado 2026-09-25; vinculación: 2023/8 - Actual",1
I-0001852023,YERLY CRISTANCHO PORTILLO,0001852023,,,,https://scienti.minciencias.gov.co/cvlac/visualizador/generarCurriculoCv.do?cod_rh=0001852023,"GrupLAC, censo de integrantes, consultado 2026-09-25; vinculación: 2021/10 - Actual",1
I-0001535662,YOIBER ANTONIO OJEDA PACHECO,0001535662,,,,https://scienti.minciencias.gov.co/cvlac/visualizador/generarCurriculoCv.do?cod_rh=0001535662,"GrupLAC, censo de integrantes, consultado 2026-09-25; vinculación: 2021/10 - Actual",1
I-0001547707,ALEX JESUS RINCONES PEREZ,0001547707,,,,https://scienti.minciencias.gov.co/cvlac/visualizador/generarCurriculoCv.do?cod_rh=0001547707,"GrupLAC, censo de integrantes, consultado 2026-09-25; vinculación: 2015/5 - 2015/12",1
I-0001547260,Alexander Benjumea Cordoba,0001547260,,,,https://scienti.minciencias.gov.co/cvlac/visualizador/generarCurriculoCv.do?cod_rh=0001547260,"GrupLAC, censo de integrantes, consultado 2026-09-25; vinculación: 2015/3 - 2016/5",1
I-0001547463,ANA CRISTINA CARRILLLO ARDILA,0001547463,,,,https://scienti.minciencias.gov.co/cvlac/visualizador/generarCurriculoCv.do?cod_rh=0001547463,"GrupLAC, censo de integrantes, consultado 2026-09-25; vinculación: 2014/10 - 2020/2",1
I-0000511196,Ana Luisa CUELLO QUIROZ,0000511196,,,,https://scienti.minciencias.gov.co/cvlac/visualizador/generarCurriculoCv.do?cod_rh=0000511196,"GrupLAC, censo de integrantes, consultado 2026-09-25; vinculación: 2014/2 - 2016/2",1
I-0001546911,andres felipe marquez gomez,0001546911,,,,https://scienti.minciencias.gov.co/cvlac/visualizador/generarCurriculoCv.do?cod_rh=0001546911,"GrupLAC, censo de integrantes, consultado 2026-09-25; vinculación: 2014/2 - 2014/12",1
I-0000751227,Carlos Alberto Ruiz Galvan,0000751227,,,,https://scienti.minciencias.gov.co/cvlac/visualizador/generarCurriculoCv.do?cod_rh=0000751227,"GrupLAC, censo de integrantes, consultado 2026-09-25; vinculación: 2014/2 - 2014/12",1
I-0000766313,Carlos Arturo Ramirez Guzman,0000766313,,,,https://scienti.minciencias.gov.co/cvlac/visualizador/generarCurriculoCv.do?cod_rh=0000766313,"GrupLAC, censo de integrantes, consultado 2026-09-25; vinculación: 2014/2 - 2016/12",1
I-0001403090,Danier Fresley Vanegas Becerra,0001403090,,,,https://scienti.minciencias.gov.co/cvlac/visualizador/generarCurriculoCv.do?cod_rh=0001403090,"GrupLAC, censo de integrantes, consultado 2026-09-25; vinculación: 2014/2 - 2015/12",1
I-0001547076,DEISMAN ENRIQUE PUMAREJO AÑEZ,0001547076,,,,https://scienti.minciencias.gov.co/cvlac/visualizador/generarCurriculoCv.do?cod_rh=0001547076,"GrupLAC, censo de integrantes, consultado 2026-09-25; vinculación: 2016/6 - 2016/12",1
I-0000433500,Diana Marcela Cruz González,0000433500,,,,https://scienti.minciencias.gov.co/cvlac/visualizador/generarCurriculoCv.do?cod_rh=0000433500,"GrupLAC, censo de integrantes, consultado 2026-09-25; vinculación: 2014/2 - 2015/12",1
I-0000350524,Diana Zuleyi Cruz González,0000350524,,,,https://scienti.minciencias.gov.co/cvlac/visualizador/generarCurriculoCv.do?cod_rh=0000350524,"GrupLAC, censo de integrantes, consultado 2026-09-25; vinculación: 2015/2 - 2015/8",1
I-0001598800,EDILBERTO BELLO GUERRERO,0001598800,,,,https://scienti.minciencias.gov.co/cvlac/visualizador/generarCurriculoCv.do?cod_rh=0001598800,"GrupLAC, censo de integrantes, consultado 2026-09-25; vinculación: 2014/10 - 2015/12",1
I-0001547946,Edwin Alfredo Tous Vitola,0001547946,,,,https://scienti.minciencias.gov.co/cvlac/visualizador/generarCurriculoCv.do?cod_rh=0001547946,"GrupLAC, censo de integrantes, consultado 2026-09-25; vinculación: 2015/3 - 2015/12",1
I-0000091311,Eliana Margarita Carrillo Oliveros,0000091311,,,,https://scienti.minciencias.gov.co/cvlac/visualizador/generarCurriculoCv.do?cod_rh=0000091311,"GrupLAC, censo de integrantes, consultado 2026-09-25; vinculación: 2022/2 - Actual",1
I-0001547747,Elianys Julieth Mendoza Oñate,0001547747,,,,https://scienti.minciencias.gov.co/cvlac/visualizador/generarCurriculoCv.do?cod_rh=0001547747,"GrupLAC, censo de integrantes, consultado 2026-09-25; vinculación: 2015/3 - 2015/12",1
I-0000966126,Erika Patricia ARENAS CALDERON,0000966126,,,,https://scienti.minciencias.gov.co/cvlac/visualizador/generarCurriculoCv.do?cod_rh=0000966126,"GrupLAC, censo de integrantes, consultado 2026-09-25; vinculación: 2015/2 - 2015/12",1
I-0001528479,Harold Enrique Gonzalez Fragozo,0001528479,,,,https://scienti.minciencias.gov.co/cvlac/visualizador/generarCurriculoCv.do?cod_rh=0001528479,"GrupLAC, censo de integrantes, consultado 2026-09-25; vinculación: 2015/1 - 2018/10",1
I-0001546721,Jairo Alfonso Cerchar Daza,0001546721,,,,https://scienti.minciencias.gov.co/cvlac/visualizador/generarCurriculoCv.do?cod_rh=0001546721,"GrupLAC, censo de integrantes, consultado 2026-09-25; vinculación: 2014/2 - 2014/12",1
I-0001633627,jakelin patricia salazar martinez,0001633627,,,,https://scienti.minciencias.gov.co/cvlac/visualizador/generarCurriculoCv.do?cod_rh=0001633627,"GrupLAC, censo de integrantes, consultado 2026-09-25; vinculación: 2015/5 - 2015/12",1
I-0000043562,Jeffry David Londoño Bernal,0000043562,,,,https://scienti.minciencias.gov.co/cvlac/visualizador/generarCurriculoCv.do?cod_rh=0000043562,"GrupLAC, censo de integrantes, consultado 2026-09-25; vinculación: 2015/1 - 2015/2",1
I-0001547082,JERALDINE EMILIA OÑATE SUAREZ,0001547082,,,,https://scienti.minciencias.gov.co/cvlac/visualizador/generarCurriculoCv.do?cod_rh=0001547082,"GrupLAC, censo de integrantes, consultado 2026-09-25; vinculación: 2014/2 - 2016/12",1
I-0000650838,JESUS ALBERTO RODRIGUEZ LOPERENA,0000650838,,,,https://scienti.minciencias.gov.co/cvlac/visualizador/generarCurriculoCv.do?cod_rh=0000650838,"GrupLAC, censo de integrantes, consultado 2026-09-25; vinculación: 2014/2 - 2015/2",1
I-0001596446,JHON JAIRO MARQUEZ POLO,0001596446,,,,https://scienti.minciencias.gov.co/cvlac/visualizador/generarCurriculoCv.do?cod_rh=0001596446,"GrupLAC, censo de integrantes, consultado 2026-09-25; vinculación: 2015/1 - Actual",1
I-0001480366,Jorge Luis Toncel VILLERO,0001480366,,,,https://scienti.minciencias.gov.co/cvlac/visualizador/generarCurriculoCv.do?cod_rh=0001480366,"GrupLAC, censo de integrantes, consultado 2026-09-25; vinculación: 2014/11 - 2015/12",1
I-0001554376,Jose Daniel Lopez Marin,0001554376,,,,https://scienti.minciencias.gov.co/cvlac/visualizador/generarCurriculoCv.do?cod_rh=0001554376,"GrupLAC, censo de integrantes, consultado 2026-09-25; vinculación: 2014/2 - 2016/12",1
I-0001633660,jose jorge armando becerra melgarejo,0001633660,,,,https://scienti.minciencias.gov.co/cvlac/visualizador/generarCurriculoCv.do?cod_rh=0001633660,"GrupLAC, censo de integrantes, consultado 2026-09-25; vinculación: 2015/5 - 2015/12",1
I-0001641945,JOSE MIGUEL CASTILLO PEREZ,0001641945,,,,https://scienti.minciencias.gov.co/cvlac/visualizador/generarCurriculoCv.do?cod_rh=0001641945,"GrupLAC, censo de integrantes, consultado 2026-09-25; vinculación: 2016/4 - 2016/4",1
I-0000303674,Juan Daniel Valderrama Rincon,0000303674,,Investigador Senior (IS),,https://scienti.minciencias.gov.co/cvlac/visualizador/generarCurriculoCv.do?cod_rh=0000303674,"GrupLAC, censo de integrantes, consultado 2026-09-25; vinculación: 2016/5 - 2018/2",1
I-0001547074,Julian Ernesto Trespalacios Torres,0001547074,,,,https://scienti.minciencias.gov.co/cvlac/visualizador/generarCurriculoCv.do?cod_rh=0001547074,"GrupLAC, censo de integrantes, consultado 2026-09-25; vinculación: 2015/3 - 2015/12",1
I-0001545894,Karen Melissa Garcia Serpa,0001545894,,,,https://scienti.minciencias.gov.co/cvlac/visualizador/generarCurriculoCv.do?cod_rh=0001545894,"GrupLAC, censo de integrantes, consultado 2026-09-25; vinculación: 2014/2 - 2014/12",1
I-0001547090,LINA ROCIO RIVADENEIRA MUÑOZ,0001547090,,,,https://scienti.minciencias.gov.co/cvlac/visualizador/generarCurriculoCv.do?cod_rh=0001547090,"GrupLAC, censo de integrantes, consultado 2026-09-25; vinculación: 2014/2 - 2014/12",1
I-0001633312,luis eduardo yunior charry arocha,0001633312,,,,https://scienti.minciencias.gov.co/cvlac/visualizador/generarCurriculoCv.do?cod_rh=0001633312,"GrupLAC, censo de integrantes, consultado 2026-09-25; vinculación: 2015/5 - 2015/12",1
I-0000683736,Luis fernando sierra herrera,0000683736,,,,https://scienti.minciencias.gov.co/cvlac/visualizador/generarCurriculoCv.do?cod_rh=0000683736,"GrupLAC, censo de integrantes, consultado 2026-09-25; vinculación: 2016/10 - 2016/12",1
I-0001403437,Martha Genny Mayorga CARDENAS,0001403437,,,,https://scienti.minciencias.gov.co/cvlac/visualizador/generarCurriculoCv.do?cod_rh=0001403437,"GrupLAC, censo de integrantes, consultado 2026-09-25; vinculación: 2015/6 - 2015/12",1
I-0001548081,MATILDE MILETH GARCIA GONZALEZ,0001548081,,,,https://scienti.minciencias.gov.co/cvlac/visualizador/generarCurriculoCv.do?cod_rh=0001548081,"GrupLAC, censo de integrantes, consultado 2026-09-25; vinculación: 2014/2 - 2016/12",1
I-0000065940,Nemer Yesid Tetay Silva,0000065940,,,,https://scienti.minciencias.gov.co/cvlac/visualizador/generarCurriculoCv.do?cod_rh=0000065940,"GrupLAC, censo de integrantes, consultado 2026-09-25; vinculación: 2016/8 - 2016/12",1
I-0001432482,REINEL EDUARDO FAJARDO CASAS,0001432482,,,,https://scienti.minciencias.gov.co/cvlac/visualizador/generarCurriculoCv.do?cod_rh=0001432482,"GrupLAC, censo de integrantes, consultado 2026-09-25; vinculación: 2016/1 - 2017/12",1
I-0001547712,ROBERT VILORIA ALVIZ,0001547712,,,,https://scienti.minciencias.gov.co/cvlac/visualizador/generarCurriculoCv.do?cod_rh=0001547712,"GrupLAC, censo de integrantes, consultado 2026-09-25; vinculación: 2014/2 - 2015/12",1
I-0001633311,Victor Alfonso Maestre Núñez,0001633311,,,,https://scienti.minciencias.gov.co/cvlac/visualizador/generarCurriculoCv.do?cod_rh=0001633311,"GrupLAC, censo de integrantes, consultado 2026-09-25; vinculación: 2015/5 - 2015/12",1
I-0000050826,wilson jose subiria,0000050826,,,,https://scienti.minciencias.gov.co/cvlac/visualizador/generarCurriculoCv.do?cod_rh=0000050826,"GrupLAC, censo de integrantes, consultado 2026-09-25; vinculación: 2016/3 - 2016/12",1
I-0000057939,ximena paola rodriguez puerta,0000057939,,,,https://scienti.minciencias.gov.co/cvlac/visualizador/generarCurriculoCv.do?cod_rh=0000057939,"GrupLAC, censo de integrantes, consultado 2026-09-25; vinculación: 2016/4 - 2016/4",1
I-0001386312,Yalhy RESTREPO Restrepo Viana,0001386312,,Investigador Junior (IJ),,https://scienti.minciencias.gov.co/cvlac/visualizador/generarCurriculoCv.do?cod_rh=0001386312,"GrupLAC, censo de integrantes, consultado 2026-09-25; vinculación: 2016/4 - 2016/12",1
I-0001545981,Yuris Xioamara Llanos Rodriguez,0001545981,,,,https://scienti.minciencias.gov.co/cvlac/visualizador/generarCurriculoCv.do?cod_rh=0001545981,"GrupLAC, censo de integrantes, consultado 2026-09-25; vinculación: 2014/2 - 2014/12",1
I-0000799157,john jairo PATIÑO VANEGAS,0000799157,,,,https://scienti.minciencias.gov.co/cvlac/visualizador/generarCurriculoCv.do?cod_rh=0000799157,"GrupLAC, censo de integrantes, consultado 2026-09-25; vinculación: 2013/1 - Actual",1
I-0000494917,Adith Bismarck Pérez Orozco,0000494917,,Investigador Asociado (I),,https://scienti.minciencias.gov.co/cvlac/visualizador/generarCurriculoCv.do?cod_rh=0000494917,"GrupLAC, censo de integrantes, consultado 2026-09-25; vinculación: 2014/2 - Actual",1
I-0002117790,ALFONSO ENRIQUE GARCIA PAYARES,0002117790,,,,https://scienti.minciencias.gov.co/cvlac/visualizador/generarCurriculoCv.do?cod_rh=0002117790,"GrupLAC, censo de integrantes, consultado 2026-09-25; vinculación: 2023/1 - Actual",1
I-0000058234,Alfredo David Bautista Romero,0000058234,,,,https://scienti.minciencias.gov.co/cvlac/visualizador/generarCurriculoCv.do?cod_rh=0000058234,"GrupLAC, censo de integrantes, consultado 2026-09-25; vinculación: 2023/1 - Actual",1
I-0000018777,AMILKAR JOSE HERNANDEZ OÑATE,0000018777,,,,https://scienti.minciencias.gov.co/cvlac/visualizador/generarCurriculoCv.do?cod_rh=0000018777,"GrupLAC, censo de integrantes, consultado 2026-09-25; vinculación: 2024/1 - Actual",1
I-0001401320,Amilkar sierra romano,0001401320,,,,https://scienti.minciencias.gov.co/cvlac/visualizador/generarCurriculoCv.do?cod_rh=0001401320,"GrupLAC, censo de integrantes, consultado 2026-09-25; vinculación: 2022/1 - Actual",1
I-0001554707,Andrés Alberto Herrera García,0001554707,,,,https://scienti.minciencias.gov.co/cvlac/visualizador/generarCurriculoCv.do?cod_rh=0001554707,"GrupLAC, censo de integrantes, consultado 2026-09-25; vinculación: 2016/1 - Actual",1
I-0001400853,BRAULIO BARRIOS ZUÑIGA,0001400853,,,,https://scienti.minciencias.gov.co/cvlac/visualizador/generarCurriculoCv.do?cod_rh=0001400853,"GrupLAC, censo de integrantes, consultado 2026-09-25; vinculación: 2018/2 - Actual",1
I-0001401309,BRINULFO MANUEL ALVAREZ MILIAN,0001401309,,,,https://scienti.minciencias.gov.co/cvlac/visualizador/generarCurriculoCv.do?cod_rh=0001401309,"GrupLAC, censo de integrantes, consultado 2026-09-25; vinculación: 2023/1 - Actual",1
I-0001751044,Camilo Andres Colón Cañizares,0001751044,,,,https://scienti.minciencias.gov.co/cvlac/visualizador/generarCurriculoCv.do?cod_rh=0001751044,"GrupLAC, censo de integrantes, consultado 2026-09-25; vinculación: 2017/2 - Actual",1
I-0001911078,Carlos Mario Baquero Torres,0001911078,,,,https://scienti.minciencias.gov.co/cvlac/visualizador/generarCurriculoCv.do?cod_rh=0001911078,"GrupLAC, censo de integrantes, consultado 2026-09-25; vinculación: 2021/7 - Actual",1
I-0000420174,CESAR CLEMENTE ACOSTA DIAZ,0000420174,,,,https://scienti.minciencias.gov.co/cvlac/visualizador/generarCurriculoCv.do?cod_rh=0000420174,"GrupLAC, censo de integrantes, consultado 2026-09-25; vinculación: 2014/1 - Actual",1
I-0001911094,Dario Andres Ramos Cañas,0001911094,,,,https://scienti.minciencias.gov.co/cvlac/visualizador/generarCurriculoCv.do?cod_rh=0001911094,"GrupLAC, censo de integrantes, consultado 2026-09-25; vinculación: 2021/7 - Actual",1
I-0001426300,David Ricardo Fernandez Rincones,0001426300,,,,https://scienti.minciencias.gov.co/cvlac/visualizador/generarCurriculoCv.do?cod_rh=0001426300,"GrupLAC, censo de integrantes, consultado 2026-09-25; vinculación: 2013/1 - Actual",1
I-0000122991,Dimas Augusto Martinez Cardona,0000122991,,,,https://scienti.minciencias.gov.co/cvlac/visualizador/generarCurriculoCv.do?cod_rh=0000122991,"GrupLAC, censo de integrantes, consultado 2026-09-25; vinculación: 2023/1 - Actual",1
I-0000128905,EDUARDO JOSE MENDOZA ARMENTA,0000128905,,Investigador Junior (IJ),,https://scienti.minciencias.gov.co/cvlac/visualizador/generarCurriculoCv.do?cod_rh=0000128905,"GrupLAC, censo de integrantes, consultado 2026-09-25; vinculación: 2022/6 - Actual",1
I-0001401632,Eduardo Luis García Marrugo,0001401632,,,,https://scienti.minciencias.gov.co/cvlac/visualizador/generarCurriculoCv.do?cod_rh=0001401632,"GrupLAC, censo de integrantes, consultado 2026-09-25; vinculación: 2014/7 - Actual",1
I-0001906965,Edwin Manuel Vides Hernández,0001906965,,,,https://scienti.minciencias.gov.co/cvlac/visualizador/generarCurriculoCv.do?cod_rh=0001906965,"GrupLAC, censo de integrantes, consultado 2026-09-25; vinculación: 2021/7 - Actual",1
I-0000162546,EMIR GEANCARLOS QUINTERO SOLANO,0000162546,,,,https://scienti.minciencias.gov.co/cvlac/visualizador/generarCurriculoCv.do?cod_rh=0000162546,"GrupLAC, censo de integrantes, consultado 2026-09-25; vinculación: 2001/2 - 2012/6",1
I-0000186711,ENRIQUE CARLOS PEREZ LARA,0000186711,,,,https://scienti.minciencias.gov.co/cvlac/visualizador/generarCurriculoCv.do?cod_rh=0000186711,"GrupLAC, censo de integrantes, consultado 2026-09-25; vinculación: 2016/1 - Actual",1
I-0000666106,Eydy Del Carmen Suarez Brieva,0000666106,,Investigador Junior (IJ),,https://scienti.minciencias.gov.co/cvlac/visualizador/generarCurriculoCv.do?cod_rh=0000666106,"GrupLAC, censo de integrantes, consultado 2026-09-25; vinculación: 2016/1 - Actual",1
I-0001914500,Germán Alfonso Gaviria Uribe,0001914500,,,,https://scienti.minciencias.gov.co/cvlac/visualizador/generarCurriculoCv.do?cod_rh=0001914500,"GrupLAC, censo de integrantes, consultado 2026-09-25; vinculación: 2021/8 - Actual",1
I-0000441708,Gloria Marina Rosado Galindo,0000441708,,,,https://scienti.minciencias.gov.co/cvlac/visualizador/generarCurriculoCv.do?cod_rh=0000441708,"GrupLAC, censo de integrantes, consultado 2026-09-25; vinculación: 2016/1 - Actual",1
I-0001404785,heyner alexander aroca araujo,0001404785,,,,https://scienti.minciencias.gov.co/cvlac/visualizador/generarCurriculoCv.do?cod_rh=0001404785,"GrupLAC, censo de integrantes, consultado 2026-09-25; vinculación: 2023/9 - Actual",1
I-0001911320,IVAN JOSE LUQUEZ ARIAS,0001911320,,,,https://scienti.minciencias.gov.co/cvlac/visualizador/generarCurriculoCv.do?cod_rh=0001911320,"GrupLAC, censo de integrantes, consultado 2026-09-25; vinculación: 2021/7 - Actual",1
I-0001718099,Jaime Jesús Ospino Navarro,0001718099,,,,https://scienti.minciencias.gov.co/cvlac/visualizador/generarCurriculoCv.do?cod_rh=0001718099,"GrupLAC, censo de integrantes, consultado 2026-09-25; vinculación: 2019/7 - Actual",1
I-0001613360,JAIRO FRANCISCO SEOANES LEON,0001613360,,,,https://scienti.minciencias.gov.co/cvlac/visualizador/generarCurriculoCv.do?cod_rh=0001613360,"GrupLAC, censo de integrantes, consultado 2026-09-25; vinculación: 2014/1 - Actual",1
I-0000536407,Janer Onasis Campo Zambrano,0000536407,,,,https://scienti.minciencias.gov.co/cvlac/visualizador/generarCurriculoCv.do?cod_rh=0000536407,"GrupLAC, censo de integrantes, consultado 2026-09-25; vinculación: 2003/3 - 2004/12",1
I-0001606848,JENIS DEL CARMEN SAGBINI ECHAVEZ,0001606848,,,,https://scienti.minciencias.gov.co/cvlac/visualizador/generarCurriculoCv.do?cod_rh=0001606848,"GrupLAC, censo de integrantes, consultado 2026-09-25; vinculación: 2015/1 - Actual",1
I-0000273236,Jesus Alfonso Torres Ortega,0000273236,,,,https://scienti.minciencias.gov.co/cvlac/visualizador/generarCurriculoCv.do?cod_rh=0000273236,"GrupLAC, censo de integrantes, consultado 2026-09-25; vinculación: 2001/2 - 2012/6",1
I-0001911192,Jhon Rafael Pacheco Escalona,0001911192,,,,https://scienti.minciencias.gov.co/cvlac/visualizador/generarCurriculoCv.do?cod_rh=0001911192,"GrupLAC, censo de integrantes, consultado 2026-09-25; vinculación: 2021/7 - Actual",1
I-0001750960,Jordan Jhonsson Cuadro Negrette,0001750960,,,,https://scienti.minciencias.gov.co/cvlac/visualizador/generarCurriculoCv.do?cod_rh=0001750960,"GrupLAC, censo de integrantes, consultado 2026-09-25; vinculación: 2017/2 - Actual",1
I-0000036253,JORGE JEISSON MANDON ARENGAS,0000036253,,,,https://scienti.minciencias.gov.co/cvlac/visualizador/generarCurriculoCv.do?cod_rh=0000036253,"GrupLAC, censo de integrantes, consultado 2026-09-25; vinculación: 2013/1 - Actual",1
I-0001579321,JORGE LUIS GONZALEZ,0001579321,,,,https://scienti.minciencias.gov.co/cvlac/visualizador/generarCurriculoCv.do?cod_rh=0001579321,"GrupLAC, censo de integrantes, consultado 2026-09-25; vinculación: 2019/1 - Actual",1
I-0001911319,Jose Luis Alvarez Campo,0001911319,,,,https://scienti.minciencias.gov.co/cvlac/visualizador/generarCurriculoCv.do?cod_rh=0001911319,"GrupLAC, censo de integrantes, consultado 2026-09-25; vinculación: 2021/7 - Actual",1
I-0001490904,karolay andrea ortiz comas,0001490904,,,,https://scienti.minciencias.gov.co/cvlac/visualizador/generarCurriculoCv.do?cod_rh=0001490904,"GrupLAC, censo de integrantes, consultado 2026-09-25; vinculación: 2014/10 - Actual",1
I-0002158281,Kendrys Adriana Díaz Villa,0002158281,,,,https://scienti.minciencias.gov.co/cvlac/visualizador/generarCurriculoCv.do?cod_rh=0002158281,"GrupLAC, censo de integrantes, consultado 2026-09-25; vinculación: 2024/1 - Actual",1
I-0001490524,Kevin Andrey Rosales Ferreira,0001490524,,,,https://scienti.minciencias.gov.co/cvlac/visualizador/generarCurriculoCv.do?cod_rh=0001490524,"GrupLAC, censo de integrantes, consultado 2026-09-25; vinculación: 2014/1 - Actual",1
I-0001401301,Leidys del Carmen Contreras Chinchilla,0001401301,,Investigador Junior (IJ),,https://scienti.minciencias.gov.co/cvlac/visualizador/generarCurriculoCv.do?cod_rh=0001401301,"GrupLAC, censo de integrantes, consultado 2026-09-25; vinculación: 2013/2 - Actual",1
I-0000459372,Leonardo Felipe Arias Acevedo,0000459372,,,,https://scienti.minciencias.gov.co/cvlac/visualizador/generarCurriculoCv.do?cod_rh=0000459372,"GrupLAC, censo de integrantes, consultado 2026-09-25; vinculación: 2005/9 - 2012/6",1
I-0002401514,Liliana Patricia Ortiz Rozo,0002401514,,,,https://scienti.minciencias.gov.co/cvlac/visualizador/generarCurriculoCv.do?cod_rh=0002401514,"GrupLAC, censo de integrantes, consultado 2026-09-25; vinculación: 2023/1 - Actual",1
I-0001560153,Luis angel Quiroz Mieles,0001560153,,,,https://scienti.minciencias.gov.co/cvlac/visualizador/generarCurriculoCv.do?cod_rh=0001560153,"GrupLAC, censo de integrantes, consultado 2026-09-25; vinculación: 2013/1 - Actual",1
I-0000168425,Luis Caleb Garcia Aguilar,0000168425,,,,https://scienti.minciencias.gov.co/cvlac/visualizador/generarCurriculoCv.do?cod_rh=0000168425,"GrupLAC, censo de integrantes, consultado 2026-09-25; vinculación: 2018/8 - Actual",1
I-0000545880,Luis PÉREZ PÉREZ,0000545880,,,,https://scienti.minciencias.gov.co/cvlac/visualizador/generarCurriculoCv.do?cod_rh=0000545880,"GrupLAC, censo de integrantes, consultado 2026-09-25; vinculación: 2023/1 - Actual",1
I-0000442712,Maribel romero mestre,0000442712,,Investigador Junior (IJ),,https://scienti.minciencias.gov.co/cvlac/visualizador/generarCurriculoCv.do?cod_rh=0000442712,"GrupLAC, censo de integrantes, consultado 2026-09-25; vinculación: 2012/6 - Actual",1
I-0000446300,Mayle ortiz alkerque,0000446300,,,,https://scienti.minciencias.gov.co/cvlac/visualizador/generarCurriculoCv.do?cod_rh=0000446300,"GrupLAC, censo de integrantes, consultado 2026-09-25; vinculación: 2005/1 - Actual",1
I-0002026248,Miguel Andrés Daza Bran,0002026248,,,,https://scienti.minciencias.gov.co/cvlac/visualizador/generarCurriculoCv.do?cod_rh=0002026248,"GrupLAC, censo de integrantes, consultado 2026-09-25; vinculación: 2023/2 - Actual",1
I-0000019717,Nestor Enrique Fontalvo Albor,0000019717,,,,https://scienti.minciencias.gov.co/cvlac/visualizador/generarCurriculoCv.do?cod_rh=0000019717,"GrupLAC, censo de integrantes, consultado 2026-09-25; vinculación: 2013/1 - Actual",1
I-0001401057,Osvaldo Rueda Carreño,0001401057,,,,https://scienti.minciencias.gov.co/cvlac/visualizador/generarCurriculoCv.do?cod_rh=0001401057,"GrupLAC, censo de integrantes, consultado 2026-09-25; vinculación: 2019/2 - Actual",1
I-0001401310,Roberto Augusto Fernández Ramírez,0001401310,,,,https://scienti.minciencias.gov.co/cvlac/visualizador/generarCurriculoCv.do?cod_rh=0001401310,"GrupLAC, censo de integrantes, consultado 2026-09-25; vinculación: 2018/1 - Actual",1
I-0000167691,rodolfo molina santiago,0000167691,,,,https://scienti.minciencias.gov.co/cvlac/visualizador/generarCurriculoCv.do?cod_rh=0000167691,"GrupLAC, censo de integrantes, consultado 2026-09-25; vinculación: 2019/7 - Actual",1
I-0000955450,Ronald Alexander Vacca Ascanio,0000955450,,Investigador Junior (IJ),,https://scienti.minciencias.gov.co/cvlac/visualizador/generarCurriculoCv.do?cod_rh=0000955450,"GrupLAC, censo de integrantes, consultado 2026-09-25; vinculación: 2021/7 - Actual",1
I-0000025167,SAMIR ELIAS FRAGOZO BARBOSA,0000025167,,,,https://scienti.minciencias.gov.co/cvlac/visualizador/generarCurriculoCv.do?cod_rh=0000025167,"GrupLAC, censo de integrantes, consultado 2026-09-25; vinculación: 2015/1 - Actual",1
I-0000600474,Tatiana Milena Juliao Lemus,0000600474,,Investigador Junior (IJ),,https://scienti.minciencias.gov.co/cvlac/visualizador/generarCurriculoCv.do?cod_rh=0000600474,"GrupLAC, censo de integrantes, consultado 2026-09-25; vinculación: 2009/2 - 2009/12",1
I-0000439720,Tilcia Stella Duran Ibarra,0000439720,,,,https://scienti.minciencias.gov.co/cvlac/visualizador/generarCurriculoCv.do?cod_rh=0000439720,"GrupLAC, censo de integrantes, consultado 2026-09-25; vinculación: 2006/7 - 2010/1",1
I-0000971782,Tonny Enrique Jimenez Marquez,0000971782,,,,https://scienti.minciencias.gov.co/cvlac/visualizador/generarCurriculoCv.do?cod_rh=0000971782,"GrupLAC, censo de integrantes, consultado 2026-09-25; vinculación: 2022/1 - Actual",1
I-0001420512,Vanessa Paola Blanco Villafañe,0001420512,,,,https://scienti.minciencias.gov.co/cvlac/visualizador/generarCurriculoCv.do?cod_rh=0001420512,"GrupLAC, censo de integrantes, consultado 2026-09-25; vinculación: 2017/1 - Actual",1
I-0001412870,Vanessa Paola Pertuz Peralta,0001412870,,Investigador Senior (IS),,https://scienti.minciencias.gov.co/cvlac/visualizador/generarCurriculoCv.do?cod_rh=0001412870,"GrupLAC, censo de integrantes, consultado 2026-09-25; vinculación: 2018/2 - Actual",1
I-0001616492,waldir molina molina,0001616492,,,,https://scienti.minciencias.gov.co/cvlac/visualizador/generarCurriculoCv.do?cod_rh=0001616492,"GrupLAC, censo de integrantes, consultado 2026-09-25; vinculación: 2014/1 - Actual",1
I-0001423842,WENDYS CAROLINA NIEVES ARROYO,0001423842,,,,https://scienti.minciencias.gov.co/cvlac/visualizador/generarCurriculoCv.do?cod_rh=0001423842,"GrupLAC, censo de integrantes, consultado 2026-09-25; vinculación: 2014/10 - Actual",1
I-0001346156,Wilman Jose Vega Castilla,0001346156,,,,https://scienti.minciencias.gov.co/cvlac/visualizador/generarCurriculoCv.do?cod_rh=0001346156,"GrupLAC, censo de integrantes, consultado 2026-09-25; vinculación: 2013/1 - Actual",1
I-0001024213,Darwin MENDOZA GALVIS,0001024213,,Investigador Asociado (I),,https://scienti.minciencias.gov.co/cvlac/visualizador/generarCurriculoCv.do?cod_rh=0001024213,"GrupLAC, censo de integrantes, consultado 2026-09-25; vinculación: 2011/8 - 2012/1",1
I-0001522365,Adalberto José Vides Redondo,0001522365,,Investigador Junior (IJ),,https://scienti.minciencias.gov.co/cvlac/visualizador/generarCurriculoCv.do?cod_rh=0001522365,"GrupLAC, censo de integrantes, consultado 2026-09-25; vinculación: 2019/3 - Actual",1
I-0001927475,Alejandra Sofía Daza Aranda,0001927475,,,,https://scienti.minciencias.gov.co/cvlac/visualizador/generarCurriculoCv.do?cod_rh=0001927475,"GrupLAC, censo de integrantes, consultado 2026-09-25; vinculación: 2021/1 - Actual",1
I-0001206052,Arellys De Jesús Correa Rodríguez,0001206052,,,,https://scienti.minciencias.gov.co/cvlac/visualizador/generarCurriculoCv.do?cod_rh=0001206052,"GrupLAC, censo de integrantes, consultado 2026-09-25; vinculación: 2009/3 - 2014/2",1
I-0001192272,Bernardo GELIS PEREZ,0001192272,,,,https://scienti.minciencias.gov.co/cvlac/visualizador/generarCurriculoCv.do?cod_rh=0001192272,"GrupLAC, censo de integrantes, consultado 2026-09-25; vinculación: 2012/3 - 2012/3",1
I-0001185870,Bibiana Del Carmen Avila Garcia,0001185870,,,,https://scienti.minciencias.gov.co/cvlac/visualizador/generarCurriculoCv.do?cod_rh=0001185870,"GrupLAC, censo de integrantes, consultado 2026-09-25; vinculación: 2019/1 - 2020/12",1
I-0001190911,Blas Segundo Rivera Pino,0001190911,,,,https://scienti.minciencias.gov.co/cvlac/visualizador/generarCurriculoCv.do?cod_rh=0001190911,"GrupLAC, censo de integrantes, consultado 2026-09-25; vinculación: 2012/3 - 2012/3",1
I-0001507162,Carlos Armando Buitrago Huertas,0001507162,,,,https://scienti.minciencias.gov.co/cvlac/visualizador/generarCurriculoCv.do?cod_rh=0001507162,"GrupLAC, censo de integrantes, consultado 2026-09-25; vinculación: 2013/2 - 2013/12",1
I-0001436266,Carlos Mario Zambrano Morales,0001436266,,,,https://scienti.minciencias.gov.co/cvlac/visualizador/generarCurriculoCv.do?cod_rh=0001436266,"GrupLAC, censo de integrantes, consultado 2026-09-25; vinculación: 2011/8 - 2013/11",1
I-0000256366,Carmen Sofía Gómez Silva,0000256366,,,,https://scienti.minciencias.gov.co/cvlac/visualizador/generarCurriculoCv.do?cod_rh=0000256366,"GrupLAC, censo de integrantes, consultado 2026-09-25; vinculación: 2009/10 - 2011/10",1
I-0000026741,Deibys David Barreto Ponton,0000026741,,Investigador Junior (IJ),,https://scienti.minciencias.gov.co/cvlac/visualizador/generarCurriculoCv.do?cod_rh=0000026741,"GrupLAC, censo de integrantes, consultado 2026-09-25; vinculación: 2017/1 - Actual",1
I-0001386588,Diana Isabel Aguas Ulloa,0001386588,,,,https://scienti.minciencias.gov.co/cvlac/visualizador/generarCurriculoCv.do?cod_rh=0001386588,"GrupLAC, censo de integrantes, consultado 2026-09-25; vinculación: 2012/3 - 2012/4",1
I-0001350270,Diana Lucia De Arco Gomez,0001350270,,,,https://scienti.minciencias.gov.co/cvlac/visualizador/generarCurriculoCv.do?cod_rh=0001350270,"GrupLAC, censo de integrantes, consultado 2026-09-25; vinculación: 2012/3 - 2012/3",1
I-0000000139,EDWIN YAMID MANOTAS TORRES,0000000139,,,,https://scienti.minciencias.gov.co/cvlac/visualizador/generarCurriculoCv.do?cod_rh=0000000139,"GrupLAC, censo de integrantes, consultado 2026-09-25; vinculación: 2009/5 - 2013/1",1
I-0000054584,Eliana Margarita Moscote Vides,0000054584,,,,https://scienti.minciencias.gov.co/cvlac/visualizador/generarCurriculoCv.do?cod_rh=0000054584,"GrupLAC, censo de integrantes, consultado 2026-09-25; vinculación: 2020/12 - Actual",1
I-0002132710,EVER EDUARDO DUQUE PEREZ,0002132710,,,,https://scienti.minciencias.gov.co/cvlac/visualizador/generarCurriculoCv.do?cod_rh=0002132710,"GrupLAC, censo de integrantes, consultado 2026-09-25; vinculación: 2023/3 - 2023/5",1
I-0001432874,FRANKLIN LEAL CÓRDOBA,0001432874,,,,https://scienti.minciencias.gov.co/cvlac/visualizador/generarCurriculoCv.do?cod_rh=0001432874,"GrupLAC, censo de integrantes, consultado 2026-09-25; vinculación: 2011/3 - 2013/1",1
I-0000459585,Gilma Rosa GOMEZ URDIALES,0000459585,,,,https://scienti.minciencias.gov.co/cvlac/visualizador/generarCurriculoCv.do?cod_rh=0000459585,"GrupLAC, censo de integrantes, consultado 2026-09-25; vinculación: 2012/6 - 2012/7",1
I-0000196762,Glaehter Yhon Florez Guzman,0000196762,,,,https://scienti.minciencias.gov.co/cvlac/visualizador/generarCurriculoCv.do?cod_rh=0000196762,"GrupLAC, censo de integrantes, consultado 2026-09-25; vinculación: 2012/1 - 2012/2",1
I-0001190962,Guillermo Enrique Iglesias Stave,0001190962,,,,https://scienti.minciencias.gov.co/cvlac/visualizador/generarCurriculoCv.do?cod_rh=0001190962,"GrupLAC, censo de integrantes, consultado 2026-09-25; vinculación: 2008/5 - 2009/1",1
I-0001350272,Harold De Jesus Martinez Davila,0001350272,,,,https://scienti.minciencias.gov.co/cvlac/visualizador/generarCurriculoCv.do?cod_rh=0001350272,"GrupLAC, censo de integrantes, consultado 2026-09-25; vinculación: 2012/3 - 2012/3",1
I-0000708623,Indira Vides Redondo,0000708623,,,,https://scienti.minciencias.gov.co/cvlac/visualizador/generarCurriculoCv.do?cod_rh=0000708623,"GrupLAC, censo de integrantes, consultado 2026-09-25; vinculación: 2022/1 - Actual",1
I-0001413362,Jairo Enrique Polo Martinez,0001413362,,,,https://scienti.minciencias.gov.co/cvlac/visualizador/generarCurriculoCv.do?cod_rh=0001413362,"GrupLAC, censo de integrantes, consultado 2026-09-25; vinculación: 2013/1 - 2014/1",1
I-0001832992,Jorge Daniel Fonseca Blanco,0001832992,,,,https://scienti.minciencias.gov.co/cvlac/visualizador/generarCurriculoCv.do?cod_rh=0001832992,"GrupLAC, censo de integrantes, consultado 2026-09-25; vinculación: 2020/1 - 2020/5",1
I-0001163736,José Ignacio Espinosa Palmett,0001163736,,,,https://scienti.minciencias.gov.co/cvlac/visualizador/generarCurriculoCv.do?cod_rh=0001163736,"GrupLAC, censo de integrantes, consultado 2026-09-25; vinculación: 2012/12 - 2013/1",1
I-0001350359,KAREN ELENA ELLES LEÓN,0001350359,,,,https://scienti.minciencias.gov.co/cvlac/visualizador/generarCurriculoCv.do?cod_rh=0001350359,"GrupLAC, censo de integrantes, consultado 2026-09-25; vinculación: 2012/3 - 2012/6",1
I-0001413378,Karen Isabel Zuluaga Bermúdez,0001413378,,,,https://scienti.minciencias.gov.co/cvlac/visualizador/generarCurriculoCv.do?cod_rh=0001413378,"GrupLAC, censo de integrantes, consultado 2026-09-25; vinculación: 2012/5 - 2016/1",1
I-0001190946,Ludys Del Pilar MARTINEZ MARENCO,0001190946,,,,https://scienti.minciencias.gov.co/cvlac/visualizador/generarCurriculoCv.do?cod_rh=0001190946,"GrupLAC, censo de integrantes, consultado 2026-09-25; vinculación: 2012/3 - 2012/3",1
I-0002132720,MARIA ISABEL MESA PEREZ,0002132720,,,,https://scienti.minciencias.gov.co/cvlac/visualizador/generarCurriculoCv.do?cod_rh=0002132720,"GrupLAC, censo de integrantes, consultado 2026-09-25; vinculación: 2023/3 - 2023/5",1
I-0000731803,Mauricio Zárate Villarreal,0000731803,,,,https://scienti.minciencias.gov.co/cvlac/visualizador/generarCurriculoCv.do?cod_rh=0000731803,"GrupLAC, censo de integrantes, consultado 2026-09-25; vinculación: 2008/4 - 2010/1",1
I-0001436263,MILAGRO DEL CARMEN PATRON NORIEGA,0001436263,,Investigador Junior (IJ),,https://scienti.minciencias.gov.co/cvlac/visualizador/generarCurriculoCv.do?cod_rh=0001436263,"GrupLAC, censo de integrantes, consultado 2026-09-25; vinculación: 2012/2 - Actual",1
I-0001122380,Neidy GARAY ARRIETA,0001122380,,,,https://scienti.minciencias.gov.co/cvlac/visualizador/generarCurriculoCv.do?cod_rh=0001122380,"GrupLAC, censo de integrantes, consultado 2026-09-25; vinculación: 2008/3 - 2010/1",1
I-0001350835,Pedro Jose Fragoso Castilla,0001350835,,Investigador Asociado (I),,https://scienti.minciencias.gov.co/cvlac/visualizador/generarCurriculoCv.do?cod_rh=0001350835,"GrupLAC, censo de integrantes, consultado 2026-09-25; vinculación: 2009/1 - 2010/8",1
I-0001191870,Richard Getulio Gomez Bossa,0001191870,,,,https://scienti.minciencias.gov.co/cvlac/visualizador/generarCurriculoCv.do?cod_rh=0001191870,"GrupLAC, censo de integrantes, consultado 2026-09-25; vinculación: 2012/3 - 2012/3",1
I-0001389594,Yan Carlos Ureña Villamizar,0001389594,,Investigador Senior (IS),,https://scienti.minciencias.gov.co/cvlac/visualizador/generarCurriculoCv.do?cod_rh=0001389594,"GrupLAC, censo de integrantes, consultado 2026-09-25; vinculación: 2011/11 - Actual",1
I-0001356340,Yesenia Gomez Angulo,0001356340,,,,https://scienti.minciencias.gov.co/cvlac/visualizador/generarCurriculoCv.do?cod_rh=0001356340,"GrupLAC, censo de integrantes, consultado 2026-09-25; vinculación: 2012/3 - 2012/3",1
I-0001544629,YIMMIS ARTURO PEREZ ROJAS,0001544629,,Investigador Junior (IJ),,https://scienti.minciencias.gov.co/cvlac/visualizador/generarCurriculoCv.do?cod_rh=0001544629,"GrupLAC, censo de integrantes, consultado 2026-09-25; vinculación: 2021/9 - Actual",1
I-0001409629,Libia María Alvis Barranco,0001409629,,Investigador Senior (IS),,https://scienti.minciencias.gov.co/cvlac/visualizador/generarCurriculoCv.do?cod_rh=0001409629,"GrupLAC, censo de integrantes, consultado 2026-09-25; vinculación: 2013/10 - Actual",1
I-0001462454,LORENA CUDRIS TORRES,0001462454,,Investigador Senior (IS),,https://scienti.minciencias.gov.co/cvlac/visualizador/generarCurriculoCv.do?cod_rh=0001462454,"GrupLAC, censo de integrantes, consultado 2026-09-25; vinculación: 2016/11 - 2023/7",1
I-0000014994,Adriana Cristina Acosta Ramos,0000014994,,Investigador Junior (IJ),,https://scienti.minciencias.gov.co/cvlac/visualizador/generarCurriculoCv.do?cod_rh=0000014994,"GrupLAC, censo de integrantes, consultado 2026-09-25; vinculación: 2015/3 - Actual",1
I-0000020864,ANNIS MILDRETH PORTO PEREZ,0000020864,,,,https://scienti.minciencias.gov.co/cvlac/visualizador/generarCurriculoCv.do?cod_rh=0000020864,"GrupLAC, censo de integrantes, consultado 2026-09-25; vinculación: 2013/10 - 2014/10",1
I-0001598491,Cenaida Rubiela Alvis Barranco,0001598491,,Investigador Junior (IJ),,https://scienti.minciencias.gov.co/cvlac/visualizador/generarCurriculoCv.do?cod_rh=0001598491,"GrupLAC, censo de integrantes, consultado 2026-09-25; vinculación: 2014/7 - Actual",1
I-0000014082,CLEIDER DUQUE PLATA,0000014082,,,,https://scienti.minciencias.gov.co/cvlac/visualizador/generarCurriculoCv.do?cod_rh=0000014082,"GrupLAC, censo de integrantes, consultado 2026-09-25; vinculación: 2014/6 - 2014/10",1
I-0001635534,CRISTIAN CAMILO CONCHA MENDOZA,0001635534,,,,https://scienti.minciencias.gov.co/cvlac/visualizador/generarCurriculoCv.do?cod_rh=0001635534,"GrupLAC, censo de integrantes, consultado 2026-09-25; vinculación: 2019/8 - 2022/12",1
I-0001024256,Dario Gerardo LEGUIZAMO PENATE,0001024256,,,,https://scienti.minciencias.gov.co/cvlac/visualizador/generarCurriculoCv.do?cod_rh=0001024256,"GrupLAC, censo de integrantes, consultado 2026-09-25; vinculación: 2017/2 - 2020/12",1
I-0000110347,Doris Magaly Colina de Andrade,0000110347,,Investigador Junior (IJ),,https://scienti.minciencias.gov.co/cvlac/visualizador/generarCurriculoCv.do?cod_rh=0000110347,"GrupLAC, censo de integrantes, consultado 2026-09-25; vinculación: 2018/2 - Actual",1
I-0001611502,EVANGELINA PEREZ CORZO,0001611502,,,,https://scienti.minciencias.gov.co/cvlac/visualizador/generarCurriculoCv.do?cod_rh=0001611502,"GrupLAC, censo de integrantes, consultado 2026-09-25; vinculación: 2014/12 - Actual",1
I-0001426131,FRANK JONATHAN MURCIA DONADO,0001426131,,,,https://scienti.minciencias.gov.co/cvlac/visualizador/generarCurriculoCv.do?cod_rh=0001426131,"GrupLAC, censo de integrantes, consultado 2026-09-25; vinculación: 2013/10 - 2020/12",1
I-0001632292,Gerson Andres Rios Carlys,0001632292,,,,https://scienti.minciencias.gov.co/cvlac/visualizador/generarCurriculoCv.do?cod_rh=0001632292,"GrupLAC, censo de integrantes, consultado 2026-09-25; vinculación: 2020/2 - 2022/7",1
I-0000026734,Giselle Olivella López,0000026734,,Investigador Asociado (I),,https://scienti.minciencias.gov.co/cvlac/visualizador/generarCurriculoCv.do?cod_rh=0000026734,"GrupLAC, censo de integrantes, consultado 2026-09-25; vinculación: 2015/8 - 2021/12",1
I-0001338914,José Alonso Andrade Salazar,0001338914,,Investigador Senior (IS),,https://scienti.minciencias.gov.co/cvlac/visualizador/generarCurriculoCv.do?cod_rh=0001338914,"GrupLAC, censo de integrantes, consultado 2026-09-25; vinculación: 2013/10 - 2020/12",1
I-0001614553,José Arturo Luna Vargas,0001614553,,,,https://scienti.minciencias.gov.co/cvlac/visualizador/generarCurriculoCv.do?cod_rh=0001614553,"GrupLAC, censo de integrantes, consultado 2026-09-25; vinculación: 2013/10 - 2015/12",1
I-0000101456,Juan Carlos Bermúdez Cuello,0000101456,,Investigador Asociado (I),,https://scienti.minciencias.gov.co/cvlac/visualizador/generarCurriculoCv.do?cod_rh=0000101456,"GrupLAC, censo de integrantes, consultado 2026-09-25; vinculación: 2019/8 - Actual",1
I-0001449575,keyla lorena pineda valera,0001449575,,,,https://scienti.minciencias.gov.co/cvlac/visualizador/generarCurriculoCv.do?cod_rh=0001449575,"GrupLAC, censo de integrantes, consultado 2026-09-25; vinculación: 2013/10 - 2014/10",1
I-0000517313,Lida Rodriguez Gonzalez,0000517313,,,,https://scienti.minciencias.gov.co/cvlac/visualizador/generarCurriculoCv.do?cod_rh=0000517313,"GrupLAC, censo de integrantes, consultado 2026-09-25; vinculación: 2014/9 - 2014/10",1
I-0001484010,luz karime hernandez villadiego,0001484010,,,,https://scienti.minciencias.gov.co/cvlac/visualizador/generarCurriculoCv.do?cod_rh=0001484010,"GrupLAC, censo de integrantes, consultado 2026-09-25; vinculación: 2017/6 - Actual",1
I-0001875091,María José Saballeth Miranda,0001875091,,,,https://scienti.minciencias.gov.co/cvlac/visualizador/generarCurriculoCv.do?cod_rh=0001875091,"GrupLAC, censo de integrantes, consultado 2026-09-25; vinculación: 2021/7 - 2022/6",1
I-0001653695,Maria Trinidad Daza Porto,0001653695,,,,https://scienti.minciencias.gov.co/cvlac/visualizador/generarCurriculoCv.do?cod_rh=0001653695,"GrupLAC, censo de integrantes, consultado 2026-09-25; vinculación: 2019/8 - 2023/12",1
I-0000027344,Mauricio José Núñez Delgado,0000027344,,Investigador Junior (IJ),,https://scienti.minciencias.gov.co/cvlac/visualizador/generarCurriculoCv.do?cod_rh=0000027344,"GrupLAC, censo de integrantes, consultado 2026-09-25; vinculación: 2022/2 - Actual",1
I-0000084157,Melissa Paola Sosa Ochoa,0000084157,,,,https://scienti.minciencias.gov.co/cvlac/visualizador/generarCurriculoCv.do?cod_rh=0000084157,"GrupLAC, censo de integrantes, consultado 2026-09-25; vinculación: 2021/2 - Actual",1
I-0001705650,MONICA MARCELA PEREZ GOMEZ,0001705650,,,,https://scienti.minciencias.gov.co/cvlac/visualizador/generarCurriculoCv.do?cod_rh=0001705650,"GrupLAC, censo de integrantes, consultado 2026-09-25; vinculación: 2019/8 - 2021/12",1
I-0001473716,Natali Gaviria Arrieta,0001473716,,Investigador Asociado (I),,https://scienti.minciencias.gov.co/cvlac/visualizador/generarCurriculoCv.do?cod_rh=0001473716,"GrupLAC, censo de integrantes, consultado 2026-09-25; vinculación: 2019/8 - Actual",1
I-0001426122,PEDRO LUIS MEDINA PULIDO,0001426122,,,,https://scienti.minciencias.gov.co/cvlac/visualizador/generarCurriculoCv.do?cod_rh=0001426122,"GrupLAC, censo de integrantes, consultado 2026-09-25; vinculación: 2013/10 - 2023/12",1
I-0001002171,Rosalvina ALVIS BARRANCO,0001002171,,,,https://scienti.minciencias.gov.co/cvlac/visualizador/generarCurriculoCv.do?cod_rh=0001002171,"GrupLAC, censo de integrantes, consultado 2026-09-25; vinculación: 2015/1 - 2018/12",1
I-0000023556,Rossana Ninoska Camelo Mendoza,0000023556,,,,https://scienti.minciencias.gov.co/cvlac/visualizador/generarCurriculoCv.do?cod_rh=0000023556,"GrupLAC, censo de integrantes, consultado 2026-09-25; vinculación: 2018/2 - Actual",1
I-0000052099,Johanna Redondo Chamorro,0000052099,,,,https://scienti.minciencias.gov.co/cvlac/visualizador/generarCurriculoCv.do?cod_rh=0000052099,"GrupLAC, censo de integrantes, consultado 2026-09-25; vinculación: 2025/2 - Actual",1
I-0001408470,Rosaura Guerra Oñate,0001408470,,,,https://scienti.minciencias.gov.co/cvlac/visualizador/generarCurriculoCv.do?cod_rh=0001408470,"GrupLAC, censo de integrantes, consultado 2026-09-25; vinculación: 2024/2 - Actual",1
I-0001076035,Ruben Dario Fonseca Rodriguez,0001076035,,Investigador Asociado (I),,https://scienti.minciencias.gov.co/cvlac/visualizador/generarCurriculoCv.do?cod_rh=0001076035,"GrupLAC, censo de integrantes, consultado 2026-09-25; vinculación: 2018/5 - Actual",1
I-0000247413,Oscar León Neira Bueno,0000247413,,,,https://scienti.minciencias.gov.co/cvlac/visualizador/generarCurriculoCv.do?cod_rh=0000247413,"GrupLAC, censo de integrantes, consultado 2026-09-25; vinculación: 2003/3 - Actual",1
I-0000831980,Abrahan Hernando Diaz Perez,0000831980,,,,https://scienti.minciencias.gov.co/cvlac/visualizador/generarCurriculoCv.do?cod_rh=0000831980,"GrupLAC, censo de integrantes, consultado 2026-09-25; vinculación: 2006/2 - 2009/12",1
I-0000489298,Adan Eli Fuentes Mandón,0000489298,,,,https://scienti.minciencias.gov.co/cvlac/visualizador/generarCurriculoCv.do?cod_rh=0000489298,"GrupLAC, censo de integrantes, consultado 2026-09-25; vinculación: 2004/8 - 2007/2",1
I-0001334340,Alexander Kukhta,0001334340,,,,https://scienti.minciencias.gov.co/cvlac/visualizador/generarCurriculoCv.do?cod_rh=0001334340,"GrupLAC, censo de integrantes, consultado 2026-09-25; vinculación: 2007/1 - 2018/12",1
I-0001724782,Amelis Bustamante Anaya,0001724782,,,,https://scienti.minciencias.gov.co/cvlac/visualizador/generarCurriculoCv.do?cod_rh=0001724782,"GrupLAC, censo de integrantes, consultado 2026-09-25; vinculación: 2019/8 - Actual",1
I-0000051586,Anderson Gabriel Ruiz Plata,0000051586,,,,https://scienti.minciencias.gov.co/cvlac/visualizador/generarCurriculoCv.do?cod_rh=0000051586,"GrupLAC, censo de integrantes, consultado 2026-09-25; vinculación: 2016/2 - 2017/3",1
I-0000915440,Andrés Camilo Gutiérrez Escobar,0000915440,,,,https://scienti.minciencias.gov.co/cvlac/visualizador/generarCurriculoCv.do?cod_rh=0000915440,"GrupLAC, censo de integrantes, consultado 2026-09-25; vinculación: 2009/4 - 2009/12",1
I-0001910496,Andres Felipe Medina Payares,0001910496,,,,https://scienti.minciencias.gov.co/cvlac/visualizador/generarCurriculoCv.do?cod_rh=0001910496,"GrupLAC, censo de integrantes, consultado 2026-09-25; vinculación: 2022/1 - Actual",1
I-0000956619,Armando Miguel Brito Criado,0000956619,,,,https://scienti.minciencias.gov.co/cvlac/visualizador/generarCurriculoCv.do?cod_rh=0000956619,"GrupLAC, censo de integrantes, consultado 2026-09-25; vinculación: 2009/4 - 2010/10",1
I-0000002161,Arnoldo Daza Duran,0000002161,,,,https://scienti.minciencias.gov.co/cvlac/visualizador/generarCurriculoCv.do?cod_rh=0000002161,"GrupLAC, censo de integrantes, consultado 2026-09-25; vinculación: 2007/8 - 2009/12",1
I-0001622639,camilo ernesto sanchez campiño,0001622639,,,,https://scienti.minciencias.gov.co/cvlac/visualizador/generarCurriculoCv.do?cod_rh=0001622639,"GrupLAC, censo de integrantes, consultado 2026-09-25; vinculación: 2020/1 - 2020/2",1
I-0001400018,CARLOS EDUARDO MARTINEZ NUÑEZ,0001400018,,Investigador Junior (IJ),,https://scienti.minciencias.gov.co/cvlac/visualizador/generarCurriculoCv.do?cod_rh=0001400018,"GrupLAC, censo de integrantes, consultado 2026-09-25; vinculación: 2012/6 - Actual",1
I-0000163088,carlos sebastian ferias gamboa,0000163088,,,,https://scienti.minciencias.gov.co/cvlac/visualizador/generarCurriculoCv.do?cod_rh=0000163088,"GrupLAC, censo de integrantes, consultado 2026-09-25; vinculación: 2021/8 - Actual",1
I-0001396773,DAIRO JOSE HERNANDEZ PAEZ,0001396773,,,,https://scienti.minciencias.gov.co/cvlac/visualizador/generarCurriculoCv.do?cod_rh=0001396773,"GrupLAC, censo de integrantes, consultado 2026-09-25; vinculación: 2010/3 - 2012/12",1
I-0000162484,DALLANIS VIDES HERAZO,0000162484,,,,https://scienti.minciencias.gov.co/cvlac/visualizador/generarCurriculoCv.do?cod_rh=0000162484,"GrupLAC, censo de integrantes, consultado 2026-09-25; vinculación: 2021/10 - 2022/12",1
I-0001909144,DANIEL JOSE MEDINA MAESTRE,0001909144,,,,https://scienti.minciencias.gov.co/cvlac/visualizador/generarCurriculoCv.do?cod_rh=0001909144,"GrupLAC, censo de integrantes, consultado 2026-09-25; vinculación: 2025/8 - Actual",1
I-0000489395,Darwin David Miranda Vallejo,0000489395,,,,https://scienti.minciencias.gov.co/cvlac/visualizador/generarCurriculoCv.do?cod_rh=0000489395,"GrupLAC, censo de integrantes, consultado 2026-09-25; vinculación: 2005/3 - 2005/6",1
I-0001402139,Efrain Alberto Ovalle Padilla,0001402139,,,,https://scienti.minciencias.gov.co/cvlac/visualizador/generarCurriculoCv.do?cod_rh=0001402139,"GrupLAC, censo de integrantes, consultado 2026-09-25; vinculación: 2011/2 - 2014/11",1
I-0001736665,Efraín Andrés Herrera Pretel,0001736665,,,,https://scienti.minciencias.gov.co/cvlac/visualizador/generarCurriculoCv.do?cod_rh=0001736665,"GrupLAC, censo de integrantes, consultado 2026-09-25; vinculación: 2021/8 - 2022/12",1
I-0000573205,Elio Fabio MEJÍA HENAO,0000573205,,,,https://scienti.minciencias.gov.co/cvlac/visualizador/generarCurriculoCv.do?cod_rh=0000573205,"GrupLAC, censo de integrantes, consultado 2026-09-25; vinculación: 2003/3 - Actual",1
I-0001423330,ELKIN DEILER MORENO CASTILLO,0001423330,,,,https://scienti.minciencias.gov.co/cvlac/visualizador/generarCurriculoCv.do?cod_rh=0001423330,"GrupLAC, censo de integrantes, consultado 2026-09-25; vinculación: 2010/3 - 2010/6",1
I-0001477171,Elvert Deud Céspedes Jiménez,0001477171,,,,https://scienti.minciencias.gov.co/cvlac/visualizador/generarCurriculoCv.do?cod_rh=0001477171,"GrupLAC, censo de integrantes, consultado 2026-09-25; vinculación: 2012/2 - 2012/3",1
I-0000919519,Eyder Elvis solano babilonia,0000919519,,,,https://scienti.minciencias.gov.co/cvlac/visualizador/generarCurriculoCv.do?cod_rh=0000919519,"GrupLAC, censo de integrantes, consultado 2026-09-25; vinculación: 2005/8 - 2009/12",1
I-0000489310,Fernando Alfonso Orozco Fragozo,0000489310,,,,https://scienti.minciencias.gov.co/cvlac/visualizador/generarCurriculoCv.do?cod_rh=0000489310,"GrupLAC, censo de integrantes, consultado 2026-09-25; vinculación: 2005/3 - 2006/3",1
I-0001412419,fernando jose chinchilla buelvas,0001412419,,,,https://scienti.minciencias.gov.co/cvlac/visualizador/generarCurriculoCv.do?cod_rh=0001412419,"GrupLAC, censo de integrantes, consultado 2026-09-25; vinculación: 2010/2 - 2019/1",1
I-0000501468,Franklin Antonio Mora Maestre,0000501468,,,,https://scienti.minciencias.gov.co/cvlac/visualizador/generarCurriculoCv.do?cod_rh=0000501468,"GrupLAC, censo de integrantes, consultado 2026-09-25; vinculación: 2003/3 - Actual",1
I-0001998807,FREDY OÑATE ZULETA,0001998807,,,,https://scienti.minciencias.gov.co/cvlac/visualizador/generarCurriculoCv.do?cod_rh=0001998807,"GrupLAC, censo de integrantes, consultado 2026-09-25; vinculación: 2003/3 - Actual",1
I-0000546836,Hector Luis Paz Mendoza,0000546836,,,,https://scienti.minciencias.gov.co/cvlac/visualizador/generarCurriculoCv.do?cod_rh=0000546836,"GrupLAC, censo de integrantes, consultado 2026-09-25; vinculación: 2021/1 - Actual",1
I-0001423675,heleen lorena herrera diaz,0001423675,,,,https://scienti.minciencias.gov.co/cvlac/visualizador/generarCurriculoCv.do?cod_rh=0001423675,"GrupLAC, censo de integrantes, consultado 2026-09-25; vinculación: 2011/4 - 2011/6",1
I-0000930377,Henry Enrique Gomez Galvis,0000930377,,,,https://scienti.minciencias.gov.co/cvlac/visualizador/generarCurriculoCv.do?cod_rh=0000930377,"GrupLAC, censo de integrantes, consultado 2026-09-25; vinculación: 2006/2 - 2008/6",1
I-0001089048,Holger Gregorio Posada Orozco,0001089048,,,,https://scienti.minciencias.gov.co/cvlac/visualizador/generarCurriculoCv.do?cod_rh=0001089048,"GrupLAC, censo de integrantes, consultado 2026-09-25; vinculación: 2010/8 - Actual",1
I-0000597724,Hugo Alberto Pereira Martinez,0000597724,,,,https://scienti.minciencias.gov.co/cvlac/visualizador/generarCurriculoCv.do?cod_rh=0000597724,"GrupLAC, censo de integrantes, consultado 2026-09-25; vinculación: 2011/8 - Actual",1
I-0000489379,Jaider Luis Mercado Marbello,0000489379,,,,https://scienti.minciencias.gov.co/cvlac/visualizador/generarCurriculoCv.do?cod_rh=0000489379,"GrupLAC, censo de integrantes, consultado 2026-09-25; vinculación: 2004/8 - 2006/11",1
I-0001421475,Jaime De Jesus Agudelo Bentham,0001421475,,,,https://scienti.minciencias.gov.co/cvlac/visualizador/generarCurriculoCv.do?cod_rh=0001421475,"GrupLAC, censo de integrantes, consultado 2026-09-25; vinculación: 2010/1 - 2010/7",1
I-0001432371,JEFRIS ANDRES CASTELLON PEREZ,0001432371,,,,https://scienti.minciencias.gov.co/cvlac/visualizador/generarCurriculoCv.do?cod_rh=0001432371,"GrupLAC, censo de integrantes, consultado 2026-09-25; vinculación: 2010/10 - 2010/12",1
I-0001426246,JHON JAIRO GOMEZ GUERRA,0001426246,,,,https://scienti.minciencias.gov.co/cvlac/visualizador/generarCurriculoCv.do?cod_rh=0001426246,"GrupLAC, censo de integrantes, consultado 2026-09-25; vinculación: 2009/1 - 2009/6",1
I-0001426247,JORGE ELIECER QUINTERO ESCOBAR,0001426247,,Investigador Junior (IJ),,https://scienti.minciencias.gov.co/cvlac/visualizador/generarCurriculoCv.do?cod_rh=0001426247,"GrupLAC, censo de integrantes, consultado 2026-09-25; vinculación: 2009/6 - Actual",1
I-0001020730,Jorge Isaac Manzano Narváez,0001020730,,,,https://scienti.minciencias.gov.co/cvlac/visualizador/generarCurriculoCv.do?cod_rh=0001020730,"GrupLAC, censo de integrantes, consultado 2026-09-25; vinculación: 2007/2 - 2008/2",1
I-0001744378,jose david carbono regalao,0001744378,,,,https://scienti.minciencias.gov.co/cvlac/visualizador/generarCurriculoCv.do?cod_rh=0001744378,"GrupLAC, censo de integrantes, consultado 2026-09-25; vinculación: 2021/2 - Actual",1
I-0001622479,JOSE JORGE QUINTERO OROZCO,0001622479,,,,https://scienti.minciencias.gov.co/cvlac/visualizador/generarCurriculoCv.do?cod_rh=0001622479,"GrupLAC, censo de integrantes, consultado 2026-09-25; vinculación: 2019/1 - 2019/2",1
I-0000594865,Jose Nicolas Barrios Calderon,0000594865,,,,https://scienti.minciencias.gov.co/cvlac/visualizador/generarCurriculoCv.do?cod_rh=0000594865,"GrupLAC, censo de integrantes, consultado 2026-09-25; vinculación: 2004/3 - 2007/4",1
I-0001360465,juan carlos alvarez bayona,0001360465,,,,https://scienti.minciencias.gov.co/cvlac/visualizador/generarCurriculoCv.do?cod_rh=0001360465,"GrupLAC, censo de integrantes, consultado 2026-09-25; vinculación: 2019/6 - 2019/12",1
I-0000121161,Kevin Yesith Prieto Sarmiento,0000121161,,,,https://scienti.minciencias.gov.co/cvlac/visualizador/generarCurriculoCv.do?cod_rh=0000121161,"GrupLAC, censo de integrantes, consultado 2026-09-25; vinculación: 2016/7 - 2017/3",1
I-0001423254,LEONEL HINCAPIE HERNANDEZ,0001423254,,,,https://scienti.minciencias.gov.co/cvlac/visualizador/generarCurriculoCv.do?cod_rh=0001423254,"GrupLAC, censo de integrantes, consultado 2026-09-25; vinculación: 2017/4 - Actual",1
I-0000019476,luis alberto hernandez ospino,0000019476,,,,https://scienti.minciencias.gov.co/cvlac/visualizador/generarCurriculoCv.do?cod_rh=0000019476,"GrupLAC, censo de integrantes, consultado 2026-09-25; vinculación: 2012/2 - 2018/1",1
I-0001379188,Luis Angel Gutierrez Soto,0001379188,,,,https://scienti.minciencias.gov.co/cvlac/visualizador/generarCurriculoCv.do?cod_rh=0001379188,"GrupLAC, censo de integrantes, consultado 2026-09-25; vinculación: 2009/8 - 2011/7",1
I-0001426155,Luis Emiro Zuleta Gamez,0001426155,,,,https://scienti.minciencias.gov.co/cvlac/visualizador/generarCurriculoCv.do?cod_rh=0001426155,"GrupLAC, censo de integrantes, consultado 2026-09-25; vinculación: 2009/6 - 2009/12",1
I-0000594857,Maibeth Paola Daza Gamez,0000594857,,,,https://scienti.minciencias.gov.co/cvlac/visualizador/generarCurriculoCv.do?cod_rh=0000594857,"GrupLAC, censo de integrantes, consultado 2026-09-25; vinculación: 2003/3 - 2007/5",1
I-0001002406,MARIA ANGELICA SALCEDO RAMIREZ,0001002406,,,,https://scienti.minciencias.gov.co/cvlac/visualizador/generarCurriculoCv.do?cod_rh=0001002406,"GrupLAC, censo de integrantes, consultado 2026-09-25; vinculación: 2010/11 - 2011/12",1
I-0001399160,Maribeth Berrio Rosado,0001399160,,,,https://scienti.minciencias.gov.co/cvlac/visualizador/generarCurriculoCv.do?cod_rh=0001399160,"GrupLAC, censo de integrantes, consultado 2026-09-25; vinculación: 2009/7 - 2010/7",1
I-0001735262,Maryorith Carolina Mendoza Rosales,0001735262,,,,https://scienti.minciencias.gov.co/cvlac/visualizador/generarCurriculoCv.do?cod_rh=0001735262,"GrupLAC, censo de integrantes, consultado 2026-09-25; vinculación: 2021/8 - 2021/9",1
I-0001423401,norida herrera guerrero,0001423401,,,,https://scienti.minciencias.gov.co/cvlac/visualizador/generarCurriculoCv.do?cod_rh=0001423401,"GrupLAC, censo de integrantes, consultado 2026-09-25; vinculación: 2010/7 - 2010/12",1
I-0001349651,Oriana Ines Avila Salas,0001349651,,Investigador Asociado (I),,https://scienti.minciencias.gov.co/cvlac/visualizador/generarCurriculoCv.do?cod_rh=0001349651,"GrupLAC, censo de integrantes, consultado 2026-09-25; vinculación: 2018/5 - Actual",1
I-0001639625,Orlando Miguel Gutierrez Miranda,0001639625,,,,https://scienti.minciencias.gov.co/cvlac/visualizador/generarCurriculoCv.do?cod_rh=0001639625,"GrupLAC, censo de integrantes, consultado 2026-09-25; vinculación: 2016/2 - 2017/3",1
I-0001423391,OSNAIDER ROCHA ROCHA,0001423391,,Investigador Junior (IJ),,https://scienti.minciencias.gov.co/cvlac/visualizador/generarCurriculoCv.do?cod_rh=0001423391,"GrupLAC, censo de integrantes, consultado 2026-09-25; vinculación: 2010/7 - Actual",1
I-0001088840,Rafael José Carrasquilla Orozco,0001088840,,,,https://scienti.minciencias.gov.co/cvlac/visualizador/generarCurriculoCv.do?cod_rh=0001088840,"GrupLAC, censo de integrantes, consultado 2026-09-25; vinculación: 2007/1 - Actual",1
I-0000951439,Ramon Alexis Alvarez Bayona,0000951439,,,,https://scienti.minciencias.gov.co/cvlac/visualizador/generarCurriculoCv.do?cod_rh=0000951439,"GrupLAC, censo de integrantes, consultado 2026-09-25; vinculación: 2009/6 - Actual",1
I-0000956589,René Alexander Guerrero Vergel,0000956589,,Investigador Junior (IJ),,https://scienti.minciencias.gov.co/cvlac/visualizador/generarCurriculoCv.do?cod_rh=0000956589,"GrupLAC, censo de integrantes, consultado 2026-09-25; vinculación: 2009/4 - 2010/1",1
I-0001379197,Ricardo Britto Hurtado,0001379197,,Investigador Junior (IJ),,https://scienti.minciencias.gov.co/cvlac/visualizador/generarCurriculoCv.do?cod_rh=0001379197,"GrupLAC, censo de integrantes, consultado 2026-09-25; vinculación: 2009/8 - Actual",1
I-0000237850,Ricardo Vivas Reyes,0000237850,,Investigador Senior (IS),,https://scienti.minciencias.gov.co/cvlac/visualizador/generarCurriculoCv.do?cod_rh=0000237850,"GrupLAC, censo de integrantes, consultado 2026-09-25; vinculación: 2004/3 - 2015/6",1
I-0000051065,RONAL ANDRES CEBALLO MEDINA,0000051065,,,,https://scienti.minciencias.gov.co/cvlac/visualizador/generarCurriculoCv.do?cod_rh=0000051065,"GrupLAC, censo de integrantes, consultado 2026-09-25; vinculación: 2021/11 - Actual",1
I-0001364164,Sandra Patricia Obando Duarte,0001364164,,,,https://scienti.minciencias.gov.co/cvlac/visualizador/generarCurriculoCv.do?cod_rh=0001364164,"GrupLAC, censo de integrantes, consultado 2026-09-25; vinculación: 2010/1 - 2011/1",1
I-0002061318,SHAMARA JOSÉ VARGAS GUERRERO,0002061318,,,,https://scienti.minciencias.gov.co/cvlac/visualizador/generarCurriculoCv.do?cod_rh=0002061318,"GrupLAC, censo de integrantes, consultado 2026-09-25; vinculación: 2023/1 - 2023/2",1
I-0000928623,Sindy Amalfi Henriquez Cera,0000928623,,,,https://scienti.minciencias.gov.co/cvlac/visualizador/generarCurriculoCv.do?cod_rh=0000928623,"GrupLAC, censo de integrantes, consultado 2026-09-25; vinculación: 2010/1 - 2014/12",1
I-0000945730,Tania CORDOBA MEZA,0000945730,,Investigador Junior (IJ),,https://scienti.minciencias.gov.co/cvlac/visualizador/generarCurriculoCv.do?cod_rh=0000945730,"GrupLAC, censo de integrantes, consultado 2026-09-25; vinculación: 2010/10 - 2010/12",1
I-0001093703,Tomas De Jesus Mercado Lobo,0001093703,,,,https://scienti.minciencias.gov.co/cvlac/visualizador/generarCurriculoCv.do?cod_rh=0001093703,"GrupLAC, censo de integrantes, consultado 2026-09-25; vinculación: 2008/2 - 2016/8",1
I-0000031051,Victor Antonio Amaya Contreras,0000031051,,,,https://scienti.minciencias.gov.co/cvlac/visualizador/generarCurriculoCv.do?cod_rh=0000031051,"GrupLAC, censo de integrantes, consultado 2026-09-25; vinculación: 2015/2 - 2016/3",1
I-0000740730,Xavier Alberto Diaz Daza,0000740730,,,,https://scienti.minciencias.gov.co/cvlac/visualizador/generarCurriculoCv.do?cod_rh=0000740730,"GrupLAC, censo de integrantes, consultado 2026-09-25; vinculación: 2005/2 - 2012/3",1
I-0001400020,Yoleivys Delgado Beleño,0001400020,,Investigador Junior (IJ),,https://scienti.minciencias.gov.co/cvlac/visualizador/generarCurriculoCv.do?cod_rh=0001400020,"GrupLAC, censo de integrantes, consultado 2026-09-25; vinculación: 2010/8 - Actual",1
I-0000168547,Zurieth Elena Guerra Galvis,0000168547,,,,https://scienti.minciencias.gov.co/cvlac/visualizador/generarCurriculoCv.do?cod_rh=0000168547,"GrupLAC, censo de integrantes, consultado 2026-09-25; vinculación: 2021/3 - 2021/4",1
I-0001490181,Margaret Carolina Arzuaga Mendoza,0001490181,,Investigador Junior (IJ),,https://scienti.minciencias.gov.co/cvlac/visualizador/generarCurriculoCv.do?cod_rh=0001490181,"GrupLAC, censo de integrantes, consultado 2026-09-25; vinculación: 2017/2 - Actual",1
I-0000012679,Alvaro Barrios Nuñez,0000012679,,Investigador Asociado (I),,https://scienti.minciencias.gov.co/cvlac/visualizador/generarCurriculoCv.do?cod_rh=0000012679,"GrupLAC, censo de integrantes, consultado 2026-09-25; vinculación: 2021/1 - Actual",1
I-0001760167,CARLOS ARTURO RIVEIRA ZULETA,0001760167,,Investigador Junior (IJ),,https://scienti.minciencias.gov.co/cvlac/visualizador/generarCurriculoCv.do?cod_rh=0001760167,"GrupLAC, censo de integrantes, consultado 2026-09-25; vinculación: 2021/2 - Actual",1
I-0001520289,CLAUDIA MARIA VALDES ROMERO,0001520289,,,,https://scienti.minciencias.gov.co/cvlac/visualizador/generarCurriculoCv.do?cod_rh=0001520289,"GrupLAC, censo de integrantes, consultado 2026-09-25; vinculación: 2021/11 - 2022/9",1
I-0000056866,Diana Paola Mahecha Duarte,0000056866,,,,https://scienti.minciencias.gov.co/cvlac/visualizador/generarCurriculoCv.do?cod_rh=0000056866,"GrupLAC, censo de integrantes, consultado 2026-09-25; vinculación: 2016/2 - 2023/5",1
I-0000030926,Edgar Guillermo Pulido Guerrero,0000030926,,Investigador Asociado (I),,https://scienti.minciencias.gov.co/cvlac/visualizador/generarCurriculoCv.do?cod_rh=0000030926,"GrupLAC, censo de integrantes, consultado 2026-09-25; vinculación: 2016/8 - 2019/5",1
I-0001705577,IRINA LICETH PALACIOS PATERNINA,0001705577,,,,https://scienti.minciencias.gov.co/cvlac/visualizador/generarCurriculoCv.do?cod_rh=0001705577,"GrupLAC, censo de integrantes, consultado 2026-09-25; vinculación: 2023/2 - Actual",1
I-0001506252,JOSE JULIAN JAVELA GONZALEZ,0001506252,,Investigador Senior (IS),,https://scienti.minciencias.gov.co/cvlac/visualizador/generarCurriculoCv.do?cod_rh=0001506252,"GrupLAC, censo de integrantes, consultado 2026-09-25; vinculación: 2020/2 - Actual",1
I-0000029186,Lisbeth Tatiana Pumarejo Araujo,0000029186,,,,https://scienti.minciencias.gov.co/cvlac/visualizador/generarCurriculoCv.do?cod_rh=0000029186,"GrupLAC, censo de integrantes, consultado 2026-09-25; vinculación: 2023/12 - Actual",1
I-0001682450,maria isabel molina arteta,0001682450,,,,https://scienti.minciencias.gov.co/cvlac/visualizador/generarCurriculoCv.do?cod_rh=0001682450,"GrupLAC, censo de integrantes, consultado 2026-09-25; vinculación: 2021/7 - 2022/8",1
I-0001425194,MARIBEL CECILIA MONTERO MAESTRE,0001425194,,,,https://scienti.minciencias.gov.co/cvlac/visualizador/generarCurriculoCv.do?cod_rh=0001425194,"GrupLAC, censo de integrantes, consultado 2026-09-25; vinculación: 2016/2 - 2018/11",1
I-0001705346,MARY ISABEL SALAMANCA VARGAS,0001705346,,,,https://scienti.minciencias.gov.co/cvlac/visualizador/generarCurriculoCv.do?cod_rh=0001705346,"GrupLAC, censo de integrantes, consultado 2026-09-25; vinculación: 2023/2 - 2025/2",1
I-0000134732,Melany Loreiny Molina Perez,0000134732,,,,https://scienti.minciencias.gov.co/cvlac/visualizador/generarCurriculoCv.do?cod_rh=0000134732,"GrupLAC, censo de integrantes, consultado 2026-09-25; vinculación: 2020/1 - Actual",1
I-0000169157,Milagros Maria Rebolledo Mejia,0000169157,,Investigador Junior (IJ),,https://scienti.minciencias.gov.co/cvlac/visualizador/generarCurriculoCv.do?cod_rh=0000169157,"GrupLAC, censo de integrantes, consultado 2026-09-25; vinculación: 2017/2 - 2020/12",1
I-0000032935,Nancy Stelia Ibarra Romero,0000032935,,,,https://scienti.minciencias.gov.co/cvlac/visualizador/generarCurriculoCv.do?cod_rh=0000032935,"GrupLAC, censo de integrantes, consultado 2026-09-25; vinculación: 2023/11 - Actual",1
I-0000101229,Olaiza Esther Lobato Perez,0000101229,,,,https://scienti.minciencias.gov.co/cvlac/visualizador/generarCurriculoCv.do?cod_rh=0000101229,"GrupLAC, censo de integrantes, consultado 2026-09-25; vinculación: 2021/7 - 2022/6",1
I-0001589223,Sandy Marcela Pérez Esmeral,0001589223,,,,https://scienti.minciencias.gov.co/cvlac/visualizador/generarCurriculoCv.do?cod_rh=0001589223,"GrupLAC, censo de integrantes, consultado 2026-09-25; vinculación: 2017/2 - 2020/6",1
I-0000579882,Armando Javier Lopez Sierra,0000579882,,,,https://scienti.minciencias.gov.co/cvlac/visualizador/generarCurriculoCv.do?cod_rh=0000579882,"GrupLAC, censo de integrantes, consultado 2026-09-25; vinculación: 2005/7 - Actual",1
I-0000420247,Norberto Diaz Plata,0000420247,,Investigador Junior (IJ),,https://scienti.minciencias.gov.co/cvlac/visualizador/generarCurriculoCv.do?cod_rh=0000420247,"GrupLAC, censo de integrantes, consultado 2026-09-25; vinculación: 2005/7 - Actual",1
I-0000154247,Adrian Alberto Urrego Bohorquez,0000154247,,,,https://scienti.minciencias.gov.co/cvlac/visualizador/generarCurriculoCv.do?cod_rh=0000154247,"GrupLAC, censo de integrantes, consultado 2026-09-25; vinculación: 2017/7 - 2018/4",1
I-0001523442,Alex Ricardo Camacho Ortega,0001523442,,,,https://scienti.minciencias.gov.co/cvlac/visualizador/generarCurriculoCv.do?cod_rh=0001523442,"GrupLAC, censo de integrantes, consultado 2026-09-25; vinculación: 2013/5 - 2013/12",1
I-0000597163,Almeida Liliana Gonzalez Mendoza,0000597163,,,,https://scienti.minciencias.gov.co/cvlac/visualizador/generarCurriculoCv.do?cod_rh=0000597163,"GrupLAC, censo de integrantes, consultado 2026-09-25; vinculación: 2005/7 - 2012/8",1
I-0000055268,ANA JULIA RODRIGUEZ MENDOZA,0000055268,,,,https://scienti.minciencias.gov.co/cvlac/visualizador/generarCurriculoCv.do?cod_rh=0000055268,"GrupLAC, censo de integrantes, consultado 2026-09-25; vinculación: 2016/4 - 2017/8",1
I-0002514392,Andres Felipe Mieles Castilla,0002514392,,,,https://scienti.minciencias.gov.co/cvlac/visualizador/generarCurriculoCv.do?cod_rh=0002514392,"GrupLAC, censo de integrantes, consultado 2026-09-25; vinculación: 2024/1 - Actual",1
I-0001690357,Andrés Felipe Sotomayor Ramírez,0001690357,,,,https://scienti.minciencias.gov.co/cvlac/visualizador/generarCurriculoCv.do?cod_rh=0001690357,"GrupLAC, censo de integrantes, consultado 2026-09-25; vinculación: 2017/11 - 2019/12",1
I-0000557056,Armando Cotes De Armas,0000557056,,,,https://scienti.minciencias.gov.co/cvlac/visualizador/generarCurriculoCv.do?cod_rh=0000557056,"GrupLAC, censo de integrantes, consultado 2026-09-25; vinculación: 2022/1 - Actual",1
I-0001525344,AURELIO MORON PARRA,0001525344,,,,https://scienti.minciencias.gov.co/cvlac/visualizador/generarCurriculoCv.do?cod_rh=0001525344,"GrupLAC, censo de integrantes, consultado 2026-09-25; vinculación: 2013/2 - 2013/12",1
I-0001426332,BRIAN CHRISTH DE BRIGARD JIMENÉZ,0001426332,,,,https://scienti.minciencias.gov.co/cvlac/visualizador/generarCurriculoCv.do?cod_rh=0001426332,"GrupLAC, censo de integrantes, consultado 2026-09-25; vinculación: 2011/5 - 2012/12",1
I-0001152548,David Arturo Manotas Ferias,0001152548,,,,https://scienti.minciencias.gov.co/cvlac/visualizador/generarCurriculoCv.do?cod_rh=0001152548,"GrupLAC, censo de integrantes, consultado 2026-09-25; vinculación: 2016/2 - 2019/12",1
I-0001490580,deiner jose restrepo duran,0001490580,,,,https://scienti.minciencias.gov.co/cvlac/visualizador/generarCurriculoCv.do?cod_rh=0001490580,"GrupLAC, censo de integrantes, consultado 2026-09-25; vinculación: 2015/1 - 2019/12",1
I-0000442542,Delvis Del Socorro MEJIA ALVAREZ,0000442542,,,,https://scienti.minciencias.gov.co/cvlac/visualizador/generarCurriculoCv.do?cod_rh=0000442542,"GrupLAC, censo de integrantes, consultado 2026-09-25; vinculación: 2006/4 - Actual",1
I-0000447374,Edgar Enrique Herrera Morales,0000447374,,,,https://scienti.minciencias.gov.co/cvlac/visualizador/generarCurriculoCv.do?cod_rh=0000447374,"GrupLAC, censo de integrantes, consultado 2026-09-25; vinculación: 2005/7 - 2014/12",1
I-0000651222,Elder RIVERO GUTIERREZ,0000651222,,,,https://scienti.minciencias.gov.co/cvlac/visualizador/generarCurriculoCv.do?cod_rh=0000651222,"GrupLAC, censo de integrantes, consultado 2026-09-25; vinculación: 2017/2 - Actual",1
I-0001721664,ENOR ANTONIO ACOSTA RICARDO,0001721664,,,,https://scienti.minciencias.gov.co/cvlac/visualizador/generarCurriculoCv.do?cod_rh=0001721664,"GrupLAC, censo de integrantes, consultado 2026-09-25; vinculación: 2018/2 - 2019/12",1
I-0001561353,ERIC YESIT ROMERO LOPEZ,0001561353,,,,https://scienti.minciencias.gov.co/cvlac/visualizador/generarCurriculoCv.do?cod_rh=0001561353,"GrupLAC, censo de integrantes, consultado 2026-09-25; vinculación: 2016/5 - 2019/12",1
I-0001406500,Ernesto Javier Fernández Fernández,0001406500,,,,https://scienti.minciencias.gov.co/cvlac/visualizador/generarCurriculoCv.do?cod_rh=0001406500,"GrupLAC, censo de integrantes, consultado 2026-09-25; vinculación: 2009/9 - Actual",1
I-0001651468,FABIÁN ANDRÉS URREGO BOHÓRQUEZ,0001651468,,,,https://scienti.minciencias.gov.co/cvlac/visualizador/generarCurriculoCv.do?cod_rh=0001651468,"GrupLAC, censo de integrantes, consultado 2026-09-25; vinculación: 2017/6 - 2018/4",1
I-0000444120,FELIX JAVIER VILLERO MAESTRE,0000444120,,,,https://scienti.minciencias.gov.co/cvlac/visualizador/generarCurriculoCv.do?cod_rh=0000444120,"GrupLAC, censo de integrantes, consultado 2026-09-25; vinculación: 2012/8 - 2015/12",1
I-0001359792,Ildefonso David Ramírez,0001359792,,,,https://scienti.minciencias.gov.co/cvlac/visualizador/generarCurriculoCv.do?cod_rh=0001359792,"GrupLAC, censo de integrantes, consultado 2026-09-25; vinculación: 2011/2 - 2012/1",1
I-0000080465,JAIME LUIS ROMERO GUTIERREZ,0000080465,,,,https://scienti.minciencias.gov.co/cvlac/visualizador/generarCurriculoCv.do?cod_rh=0000080465,"GrupLAC, censo de integrantes, consultado 2026-09-25; vinculación: 2018/3 - 2018/10",1
I-0000669512,Jairo Gutierrez De Pi Rocha,0000669512,,Investigador Asociado (I),,https://scienti.minciencias.gov.co/cvlac/visualizador/generarCurriculoCv.do?cod_rh=0000669512,"GrupLAC, censo de integrantes, consultado 2026-09-25; vinculación: 2006/4 - 2010/4",1
I-0002032612,jessica Carolina Lazaro Rodriguez,0002032612,,,,https://scienti.minciencias.gov.co/cvlac/visualizador/generarCurriculoCv.do?cod_rh=0002032612,"GrupLAC, censo de integrantes, consultado 2026-09-25; vinculación: 2022/2 - Actual",1
I-0001401314,Jesualdo Moya Cobo,0001401314,,,,https://scienti.minciencias.gov.co/cvlac/visualizador/generarCurriculoCv.do?cod_rh=0001401314,"GrupLAC, censo de integrantes, consultado 2026-09-25; vinculación: 2011/2 - 2011/12",1
I-0001739114,Jose Alberto Zequeira Perez,0001739114,,,,https://scienti.minciencias.gov.co/cvlac/visualizador/generarCurriculoCv.do?cod_rh=0001739114,"GrupLAC, censo de integrantes, consultado 2026-09-25; vinculación: 2017/2 - 2021/12",1
I-0001401130,jose fragozo fragozo,0001401130,,,,https://scienti.minciencias.gov.co/cvlac/visualizador/generarCurriculoCv.do?cod_rh=0001401130,"GrupLAC, censo de integrantes, consultado 2026-09-25; vinculación: 2011/5 - 2012/1",1
I-0001209590,Juan De La Cruz Jiménez Hernández,0001209590,,Investigador Asociado (I),,https://scienti.minciencias.gov.co/cvlac/visualizador/generarCurriculoCv.do?cod_rh=0001209590,"GrupLAC, censo de integrantes, consultado 2026-09-25; vinculación: 2018/5 - 2021/12",1
I-0001035274,Juan Manuel Carmona Arzuaga,0001035274,,,,https://scienti.minciencias.gov.co/cvlac/visualizador/generarCurriculoCv.do?cod_rh=0001035274,"GrupLAC, censo de integrantes, consultado 2026-09-25; vinculación: 2007/8 - 2010/9",1
I-0001410783,Julieth Carolina Vanegas Torres,0001410783,,,,https://scienti.minciencias.gov.co/cvlac/visualizador/generarCurriculoCv.do?cod_rh=0001410783,"GrupLAC, censo de integrantes, consultado 2026-09-25; vinculación: 2011/8 - 2014/12",1
I-0000077969,KEILY YULIETH SUAREZ FRAGOZO,0000077969,,,,https://scienti.minciencias.gov.co/cvlac/visualizador/generarCurriculoCv.do?cod_rh=0000077969,"GrupLAC, censo de integrantes, consultado 2026-09-25; vinculación: 2016/9 - 2018/8",1
I-0001847829,Kelly Johana Saavedra Montoya,0001847829,,,,https://scienti.minciencias.gov.co/cvlac/visualizador/generarCurriculoCv.do?cod_rh=0001847829,"GrupLAC, censo de integrantes, consultado 2026-09-25; vinculación: 2019/1 - Actual",1
I-0001426399,Kevin Harvey Mendoza Carrillo,0001426399,,,,https://scienti.minciencias.gov.co/cvlac/visualizador/generarCurriculoCv.do?cod_rh=0001426399,"GrupLAC, censo de integrantes, consultado 2026-09-25; vinculación: 2011/5 - 2011/12",1
I-0000063969,LEVI JOSE GONZALEZ ROYS,0000063969,,,,https://scienti.minciencias.gov.co/cvlac/visualizador/generarCurriculoCv.do?cod_rh=0000063969,"GrupLAC, censo de integrantes, consultado 2026-09-25; vinculación: 2016/2 - 2019/12",1
I-0000429392,Lorena SUAREZ SIERRA,0000429392,,,,https://scienti.minciencias.gov.co/cvlac/visualizador/generarCurriculoCv.do?cod_rh=0000429392,"GrupLAC, censo de integrantes, consultado 2026-09-25; vinculación: 2011/3 - 2019/12",1
I-0001523441,Luis Enrique Medellin Ramirez,0001523441,,,,https://scienti.minciencias.gov.co/cvlac/visualizador/generarCurriculoCv.do?cod_rh=0001523441,"GrupLAC, censo de integrantes, consultado 2026-09-25; vinculación: 2013/5 - 2013/12",1
I-0000551031,Luís Enrique Valencia Bustamante,0000551031,,,,https://scienti.minciencias.gov.co/cvlac/visualizador/generarCurriculoCv.do?cod_rh=0000551031,"GrupLAC, censo de integrantes, consultado 2026-09-25; vinculación: 2013/5 - 2013/12",1
I-0000055278,LUZ MARILIN DIAZ PEREZ,0000055278,,,,https://scienti.minciencias.gov.co/cvlac/visualizador/generarCurriculoCv.do?cod_rh=0000055278,"GrupLAC, censo de integrantes, consultado 2026-09-25; vinculación: 2016/4 - 2018/8",1
I-0001619352,Malio Fernando Bolívar Palacio,0001619352,,,,https://scienti.minciencias.gov.co/cvlac/visualizador/generarCurriculoCv.do?cod_rh=0001619352,"GrupLAC, censo de integrantes, consultado 2026-09-25; vinculación: 2014/2 - Actual",1
I-0000696684,Manuel De Jesus ZULETA BENITEZ,0000696684,,,,https://scienti.minciencias.gov.co/cvlac/visualizador/generarCurriculoCv.do?cod_rh=0000696684,"GrupLAC, censo de integrantes, consultado 2026-09-25; vinculación: 2005/12 - 2010/1",1
I-0000420581,Mardelia Yolima Padilla Santamaria,0000420581,,,,https://scienti.minciencias.gov.co/cvlac/visualizador/generarCurriculoCv.do?cod_rh=0000420581,"GrupLAC, censo de integrantes, consultado 2026-09-25; vinculación: 2005/7 - 2013/12",1
I-0001704247,Maria Antonia Diaz Mendoza,0001704247,,,,https://scienti.minciencias.gov.co/cvlac/visualizador/generarCurriculoCv.do?cod_rh=0001704247,"GrupLAC, censo de integrantes, consultado 2026-09-25; vinculación: 2018/2 - Actual",1
I-0001359432,Maria del Carmen Jimenez Barriosnuevo,0001359432,,Investigador Senior (IS),,https://scienti.minciencias.gov.co/cvlac/visualizador/generarCurriculoCv.do?cod_rh=0001359432,"GrupLAC, censo de integrantes, consultado 2026-09-25; vinculación: 2012/1 - Actual",1
I-0001486166,Maria Johana Carvajalino Quintero,0001486166,,,,https://scienti.minciencias.gov.co/cvlac/visualizador/generarCurriculoCv.do?cod_rh=0001486166,"GrupLAC, censo de integrantes, consultado 2026-09-25; vinculación: 2014/9 - Actual",1
I-0001414818,MELQUIADES SALAS ANTELIZ,0001414818,,,,https://scienti.minciencias.gov.co/cvlac/visualizador/generarCurriculoCv.do?cod_rh=0001414818,"GrupLAC, censo de integrantes, consultado 2026-09-25; vinculación: 2016/8 - 2017/11",1
I-0000026149,NANYI ANGELICA OÑATE PERPIÑAN,0000026149,,,,https://scienti.minciencias.gov.co/cvlac/visualizador/generarCurriculoCv.do?cod_rh=0000026149,"GrupLAC, censo de integrantes, consultado 2026-09-25; vinculación: 2015/5 - 2015/11",1
I-0001526215,ornella castillo ramos,0001526215,,,,https://scienti.minciencias.gov.co/cvlac/visualizador/generarCurriculoCv.do?cod_rh=0001526215,"GrupLAC, censo de integrantes, consultado 2026-09-25; vinculación: 2013/2 - 2013/12",1
I-0001526213,oscar alonso vivas cervantes,0001526213,,,,https://scienti.minciencias.gov.co/cvlac/visualizador/generarCurriculoCv.do?cod_rh=0001526213,"GrupLAC, censo de integrantes, consultado 2026-09-25; vinculación: 2012/8 - 2013/12",1
I-0000402087,Pablo Andres Guerra Gonzalez,0000402087,,,,https://scienti.minciencias.gov.co/cvlac/visualizador/generarCurriculoCv.do?cod_rh=0000402087,"GrupLAC, censo de integrantes, consultado 2026-09-25; vinculación: 2005/7 - 2010/7",1
I-0001750655,RODRIGO ALBERTO ZEQUEIRA COTES,0001750655,,,,https://scienti.minciencias.gov.co/cvlac/visualizador/generarCurriculoCv.do?cod_rh=0001750655,"GrupLAC, censo de integrantes, consultado 2026-09-25; vinculación: 2017/2 - 2019/12",1
I-0000955469,Roger Stevens Hernadez Ariza,0000955469,,,,https://scienti.minciencias.gov.co/cvlac/visualizador/generarCurriculoCv.do?cod_rh=0000955469,"GrupLAC, censo de integrantes, consultado 2026-09-25; vinculación: 2014/1 - 2021/12",1
I-0001464394,Rogger Alberto Jimenez Torres,0001464394,,,,https://scienti.minciencias.gov.co/cvlac/visualizador/generarCurriculoCv.do?cod_rh=0001464394,"GrupLAC, censo de integrantes, consultado 2026-09-25; vinculación: 2012/1 - 2014/12",1
I-0000002219,Sergio Jacob Vélez Muñoz,0000002219,,,,https://scienti.minciencias.gov.co/cvlac/visualizador/generarCurriculoCv.do?cod_rh=0000002219,"GrupLAC, censo de integrantes, consultado 2026-09-25; vinculación: 2024/1 - Actual",1
I-0001876161,Vianis Margarita De Avila Orozco,0001876161,,,,https://scienti.minciencias.gov.co/cvlac/visualizador/generarCurriculoCv.do?cod_rh=0001876161,"GrupLAC, censo de integrantes, consultado 2026-09-25; vinculación: 2020/1 - 2020/12",1
I-0001039830,Wilder Urbaez Gonzalez,0001039830,,,,https://scienti.minciencias.gov.co/cvlac/visualizador/generarCurriculoCv.do?cod_rh=0001039830,"GrupLAC, censo de integrantes, consultado 2026-09-25; vinculación: 2007/9 - 2020/6",1
I-0002204543,YULYS MILENA JIMÉNEZ MENDOZA,0002204543,,,,https://scienti.minciencias.gov.co/cvlac/visualizador/generarCurriculoCv.do?cod_rh=0002204543,"GrupLAC, censo de integrantes, consultado 2026-09-25; vinculación: 2022/1 - Actual",1
I-0001426049,YUMEY ALEXANDRA PINTO SOLANO,0001426049,,,,https://scienti.minciencias.gov.co/cvlac/visualizador/generarCurriculoCv.do?cod_rh=0001426049,"GrupLAC, censo de integrantes, consultado 2026-09-25; vinculación: 2011/5 - 2015/12",1
I-0000895806,Alberto RIVADENEIRA HOYOS,0000895806,,Investigador Junior (IJ),,https://scienti.minciencias.gov.co/cvlac/visualizador/generarCurriculoCv.do?cod_rh=0000895806,"GrupLAC, censo de integrantes, consultado 2026-09-25; vinculación: 2023/1 - Actual",1
I-0001418701,ALEJANDRO ARTURO QUINTANA GALVIS,0001418701,,,,https://scienti.minciencias.gov.co/cvlac/visualizador/generarCurriculoCv.do?cod_rh=0001418701,"GrupLAC, censo de integrantes, consultado 2026-09-25; vinculación: 2010/1 - 2010/11",1
I-0000215678,Amparo Regina Olmos Nassif,0000215678,,,,https://scienti.minciencias.gov.co/cvlac/visualizador/generarCurriculoCv.do?cod_rh=0000215678,"GrupLAC, censo de integrantes, consultado 2026-09-25; vinculación: 2008/2 - Actual",1
I-0001413334,Ana Gabriela Maloof Diaz,0001413334,,,,https://scienti.minciencias.gov.co/cvlac/visualizador/generarCurriculoCv.do?cod_rh=0001413334,"GrupLAC, censo de integrantes, consultado 2026-09-25; vinculación: 2017/2 - Actual",1
I-0001539172,Andres Alfonso Pastrana Salas,0001539172,,,,https://scienti.minciencias.gov.co/cvlac/visualizador/generarCurriculoCv.do?cod_rh=0001539172,"GrupLAC, censo de integrantes, consultado 2026-09-25; vinculación: 2023/1 - Actual",1
I-0002117008,Andrés Antonio García Mendoza,0002117008,,,,https://scienti.minciencias.gov.co/cvlac/visualizador/generarCurriculoCv.do?cod_rh=0002117008,"GrupLAC, censo de integrantes, consultado 2026-09-25; vinculación: 2023/2 - Actual",1
I-0002470803,Anna Epanina,0002470803,,,,https://scienti.minciencias.gov.co/cvlac/visualizador/generarCurriculoCv.do?cod_rh=0002470803,"GrupLAC, censo de integrantes, consultado 2026-09-25; vinculación: 2024/1 - Actual",1
I-0002069319,Anyelyn Julieth Barandica Fontalvo,0002069319,,,,https://scienti.minciencias.gov.co/cvlac/visualizador/generarCurriculoCv.do?cod_rh=0002069319,"GrupLAC, censo de integrantes, consultado 2026-09-25; vinculación: 2022/2 - Actual",1
I-0001549604,Aura Rosa Salazar Caro,0001549604,,Investigador Junior (IJ),,https://scienti.minciencias.gov.co/cvlac/visualizador/generarCurriculoCv.do?cod_rh=0001549604,"GrupLAC, censo de integrantes, consultado 2026-09-25; vinculación: 2018/1 - Actual",1
I-0000138035,carlos andres martinez cudriz,0000138035,,,,https://scienti.minciencias.gov.co/cvlac/visualizador/generarCurriculoCv.do?cod_rh=0000138035,"GrupLAC, censo de integrantes, consultado 2026-09-25; vinculación: 2022/2 - Actual",1
I-0001423421,CARMEN MARIA BETIN CASTRO,0001423421,,,,https://scienti.minciencias.gov.co/cvlac/visualizador/generarCurriculoCv.do?cod_rh=0001423421,"GrupLAC, censo de integrantes, consultado 2026-09-25; vinculación: 2011/5 - 2011/11",1
I-0001815940,Carolina Parodi Garrido,0001815940,,,,https://scienti.minciencias.gov.co/cvlac/visualizador/generarCurriculoCv.do?cod_rh=0001815940,"GrupLAC, censo de integrantes, consultado 2026-09-25; vinculación: 2020/2 - Actual",1
I-0002065069,Daimer Elias Bacca Ardila,0002065069,,,,https://scienti.minciencias.gov.co/cvlac/visualizador/generarCurriculoCv.do?cod_rh=0002065069,"GrupLAC, censo de integrantes, consultado 2026-09-25; vinculación: 2022/2 - Actual",1
I-0000765848,Dario RIVAS HERNÁNDEZ,0000765848,,,,https://scienti.minciencias.gov.co/cvlac/visualizador/generarCurriculoCv.do?cod_rh=0000765848,"GrupLAC, censo de integrantes, consultado 2026-09-25; vinculación: 2008/2 - 2017/12",1
I-0000284246,Deidier DIAZ MARTINEZ,0000284246,,,,https://scienti.minciencias.gov.co/cvlac/visualizador/generarCurriculoCv.do?cod_rh=0000284246,"GrupLAC, censo de integrantes, consultado 2026-09-25; vinculación: 2018/2 - Actual",1
I-0002485200,Edison Mejia Vasquez,0002485200,,,,https://scienti.minciencias.gov.co/cvlac/visualizador/generarCurriculoCv.do?cod_rh=0002485200,"GrupLAC, censo de integrantes, consultado 2026-09-25; vinculación: 2026/2 - Actual",1
I-0000445355,Edward IBARRA GONZALEZ,0000445355,,,,https://scienti.minciencias.gov.co/cvlac/visualizador/generarCurriculoCv.do?cod_rh=0000445355,"GrupLAC, censo de integrantes, consultado 2026-09-25; vinculación: 2015/1 - 2015/1",1
I-0001355562,ELIANA MARIA OSORIO SAEZ,0001355562,,,,https://scienti.minciencias.gov.co/cvlac/visualizador/generarCurriculoCv.do?cod_rh=0001355562,"GrupLAC, censo de integrantes, consultado 2026-09-25; vinculación: 2022/2 - Actual",1
I-0001143824,Elizabeth Martinez Gonzalez,0001143824,,,,https://scienti.minciencias.gov.co/cvlac/visualizador/generarCurriculoCv.do?cod_rh=0001143824,"GrupLAC, censo de integrantes, consultado 2026-09-25; vinculación: 2008/3 - Actual",1
I-0000445347,Enith Johana CIFUENTES ALVAREZ,0000445347,,,,https://scienti.minciencias.gov.co/cvlac/visualizador/generarCurriculoCv.do?cod_rh=0000445347,"GrupLAC, censo de integrantes, consultado 2026-09-25; vinculación: 2010/10 - 2010/10",1
I-0001413330,ESTHER OLADIS GONZÁLEZ PABÓN,0001413330,,,,https://scienti.minciencias.gov.co/cvlac/visualizador/generarCurriculoCv.do?cod_rh=0001413330,"GrupLAC, censo de integrantes, consultado 2026-09-25; vinculación: 2016/2 - Actual",1
I-0001423774,FABIO JOSE MENDOZA ARGOTE,0001423774,,,,https://scienti.minciencias.gov.co/cvlac/visualizador/generarCurriculoCv.do?cod_rh=0001423774,"GrupLAC, censo de integrantes, consultado 2026-09-25; vinculación: 2011/5 - 2011/11",1
I-0001425331,GENNY GISSELL FLOREZ ESCOBAR,0001425331,,,,https://scienti.minciencias.gov.co/cvlac/visualizador/generarCurriculoCv.do?cod_rh=0001425331,"GrupLAC, censo de integrantes, consultado 2026-09-25; vinculación: 2011/4 - 2011/5",1
I-0001414476,Jeenn jose villalba castro,0001414476,,,,https://scienti.minciencias.gov.co/cvlac/visualizador/generarCurriculoCv.do?cod_rh=0001414476,"GrupLAC, censo de integrantes, consultado 2026-09-25; vinculación: 2011/6 - 2011/6",1
I-0001423446,JENNIFER BRUNO ROMERO,0001423446,,,,https://scienti.minciencias.gov.co/cvlac/visualizador/generarCurriculoCv.do?cod_rh=0001423446,"GrupLAC, censo de integrantes, consultado 2026-09-25; vinculación: 2011/5 - 2011/5",1
I-0000073886,Jerson Alexander Acero Morales,0000073886,,,,https://scienti.minciencias.gov.co/cvlac/visualizador/generarCurriculoCv.do?cod_rh=0000073886,"GrupLAC, censo de integrantes, consultado 2026-09-25; vinculación: 2016/8 - Actual",1
I-0001423417,JESSICA PAOLA VALERA PRIETO,0001423417,,,,https://scienti.minciencias.gov.co/cvlac/visualizador/generarCurriculoCv.do?cod_rh=0001423417,"GrupLAC, censo de integrantes, consultado 2026-09-25; vinculación: 2011/2 - 2011/2",1
I-0000007942,Jhenifer Mailec Rincón Guevara,0000007942,,,,https://scienti.minciencias.gov.co/cvlac/visualizador/generarCurriculoCv.do?cod_rh=0000007942,"GrupLAC, censo de integrantes, consultado 2026-09-25; vinculación: 2016/1 - Actual",1
I-0001389399,JHOJAN JIMÉNEZ QUINTERO,0001389399,,,,https://scienti.minciencias.gov.co/cvlac/visualizador/generarCurriculoCv.do?cod_rh=0001389399,"GrupLAC, censo de integrantes, consultado 2026-09-25; vinculación: 2011/1 - Actual",1
I-0001781415,Joel Pedrozo Castrillo,0001781415,,,,https://scienti.minciencias.gov.co/cvlac/visualizador/generarCurriculoCv.do?cod_rh=0001781415,"GrupLAC, censo de integrantes, consultado 2026-09-25; vinculación: 2022/2 - Actual",1
I-0001399951,JUAN CAMILO CASTRO MENDOZA,0001399951,,,,https://scienti.minciencias.gov.co/cvlac/visualizador/generarCurriculoCv.do?cod_rh=0001399951,"GrupLAC, censo de integrantes, consultado 2026-09-25; vinculación: 2010/1 - Actual",1
I-0001417466,karen Maria Rosales CABRERA,0001417466,,,,https://scienti.minciencias.gov.co/cvlac/visualizador/generarCurriculoCv.do?cod_rh=0001417466,"GrupLAC, censo de integrantes, consultado 2026-09-25; vinculación: 2010/5 - 2010/5",1
I-0001423494,Karina Alexandra Díaz Argote,0001423494,,,,https://scienti.minciencias.gov.co/cvlac/visualizador/generarCurriculoCv.do?cod_rh=0001423494,"GrupLAC, censo de integrantes, consultado 2026-09-25; vinculación: 2011/5 - 2011/5",1
I-0001853438,Katherine Zambrano Carreño,0001853438,,,,https://scienti.minciencias.gov.co/cvlac/visualizador/generarCurriculoCv.do?cod_rh=0001853438,"GrupLAC, censo de integrantes, consultado 2026-09-25; vinculación: 2023/2 - Actual",1
I-0001589189,LAURA VANESA MARTINEZ VILLALBA,0001589189,,,,https://scienti.minciencias.gov.co/cvlac/visualizador/generarCurriculoCv.do?cod_rh=0001589189,"GrupLAC, censo de integrantes, consultado 2026-09-25; vinculación: 2018/2 - Actual",1
I-0001709229,Lilia del Carmen Camargo Alí,0001709229,,,,https://scienti.minciencias.gov.co/cvlac/visualizador/generarCurriculoCv.do?cod_rh=0001709229,"GrupLAC, censo de integrantes, consultado 2026-09-25; vinculación: 2017/2 - Actual",1
I-0001423453,Lizeth Cristina Morcillo VILLAMIZAR,0001423453,,,,https://scienti.minciencias.gov.co/cvlac/visualizador/generarCurriculoCv.do?cod_rh=0001423453,"GrupLAC, censo de integrantes, consultado 2026-09-25; vinculación: 2011/5 - 2011/5",1
I-0001423425,LIZETH JOHANA PINEDA QUENGUAN,0001423425,,,,https://scienti.minciencias.gov.co/cvlac/visualizador/generarCurriculoCv.do?cod_rh=0001423425,"GrupLAC, censo de integrantes, consultado 2026-09-25; vinculación: 2011/5 - 2011/5",1
I-0001413333,Lucía del Carmen Ferreira Durante,0001413333,,,,https://scienti.minciencias.gov.co/cvlac/visualizador/generarCurriculoCv.do?cod_rh=0001413333,"GrupLAC, censo de integrantes, consultado 2026-09-25; vinculación: 2017/2 - Actual",1
I-0000170337,Maria Angélica Acosta Gutierrez,0000170337,,,,https://scienti.minciencias.gov.co/cvlac/visualizador/generarCurriculoCv.do?cod_rh=0000170337,"GrupLAC, censo de integrantes, consultado 2026-09-25; vinculación: 2023/1 - Actual",1
I-0001817044,MARIA FERNANDA SALAS DIAZ,0001817044,,,,https://scienti.minciencias.gov.co/cvlac/visualizador/generarCurriculoCv.do?cod_rh=0001817044,"GrupLAC, censo de integrantes, consultado 2026-09-25; vinculación: 2020/2 - Actual",1
I-0001423759,MARIA ROSA MARTINEZ MURGAS,0001423759,,,,https://scienti.minciencias.gov.co/cvlac/visualizador/generarCurriculoCv.do?cod_rh=0001423759,"GrupLAC, censo de integrantes, consultado 2026-09-25; vinculación: 2011/5 - 2011/5",1
I-0001471535,María Victoria Pardo Rodríguez,0001471535,,,,https://scienti.minciencias.gov.co/cvlac/visualizador/generarCurriculoCv.do?cod_rh=0001471535,"GrupLAC, censo de integrantes, consultado 2026-09-25; vinculación: 2022/2 - Actual",1
I-0002159922,Natalia Margarita Martinez Villalba,0002159922,,,,https://scienti.minciencias.gov.co/cvlac/visualizador/generarCurriculoCv.do?cod_rh=0002159922,"GrupLAC, censo de integrantes, consultado 2026-09-25; vinculación: 2023/1 - Actual",1
I-0002091791,Olga del Carmen Ramírez Navarro,0002091791,,,,https://scienti.minciencias.gov.co/cvlac/visualizador/generarCurriculoCv.do?cod_rh=0002091791,"GrupLAC, censo de integrantes, consultado 2026-09-25; vinculación: 2023/1 - Actual",1
I-0001412807,OSCAR IVAN VEGA IGLESIAS,0001412807,,,,https://scienti.minciencias.gov.co/cvlac/visualizador/generarCurriculoCv.do?cod_rh=0001412807,"GrupLAC, censo de integrantes, consultado 2026-09-25; vinculación: 2011/6 - 2011/6",1
I-0001426126,Ricardo José Jiménez Jiménez,0001426126,,,,https://scienti.minciencias.gov.co/cvlac/visualizador/generarCurriculoCv.do?cod_rh=0001426126,"GrupLAC, censo de integrantes, consultado 2026-09-25; vinculación: 2020/6 - Actual",1
I-0001238604,Rina ROYERO THOMAS,0001238604,,,,https://scienti.minciencias.gov.co/cvlac/visualizador/generarCurriculoCv.do?cod_rh=0001238604,"GrupLAC, censo de integrantes, consultado 2026-09-25; vinculación: 2023/1 - Actual",1
I-0000177247,RONALD OCTAVIO GOMEZ PACHECO,0000177247,,,,https://scienti.minciencias.gov.co/cvlac/visualizador/generarCurriculoCv.do?cod_rh=0000177247,"GrupLAC, censo de integrantes, consultado 2026-09-25; vinculación: 2018/2 - Actual",1
I-0000168698,Rosa Elvira Estrada Florez,0000168698,,,,https://scienti.minciencias.gov.co/cvlac/visualizador/generarCurriculoCv.do?cod_rh=0000168698,"GrupLAC, censo de integrantes, consultado 2026-09-25; vinculación: 2018/2 - Actual",1
I-0001723233,Sheyla Salomé Rodríguez García,0001723233,,,,https://scienti.minciencias.gov.co/cvlac/visualizador/generarCurriculoCv.do?cod_rh=0001723233,"GrupLAC, censo de integrantes, consultado 2026-09-25; vinculación: 2024/2 - Actual",1
I-0001413561,VICTOR ALFONSO BOLIVAR GUTIERREZ,0001413561,,,,https://scienti.minciencias.gov.co/cvlac/visualizador/generarCurriculoCv.do?cod_rh=0001413561,"GrupLAC, censo de integrantes, consultado 2026-09-25; vinculación: 2010/1 - 2010/1",1
I-0001423445,WILMER DAVID MUÑOZ ROSADO,0001423445,,,,https://scienti.minciencias.gov.co/cvlac/visualizador/generarCurriculoCv.do?cod_rh=0001423445,"GrupLAC, censo de integrantes, consultado 2026-09-25; vinculación: 2011/5 - 2011/5",1
I-0000636169,Yajahira Freile Numa,0000636169,,,,https://scienti.minciencias.gov.co/cvlac/visualizador/generarCurriculoCv.do?cod_rh=0000636169,"GrupLAC, censo de integrantes, consultado 2026-09-25; vinculación: 2006/5 - 2006/5",1
I-0000045991,Yeimis Catalina Cervantes Tamara,0000045991,,,,https://scienti.minciencias.gov.co/cvlac/visualizador/generarCurriculoCv.do?cod_rh=0000045991,"GrupLAC, censo de integrantes, consultado 2026-09-25; vinculación: 2022/3 - Actual",1
I-0000053798,Yenis Maria Castilla Sierra,0000053798,,,,https://scienti.minciencias.gov.co/cvlac/visualizador/generarCurriculoCv.do?cod_rh=0000053798,"GrupLAC, censo de integrantes, consultado 2026-09-25; vinculación: 2020/2 - Actual",1
I-0001414321,Martin Quiroga FERNANDEZ,0001414321,,,,https://scienti.minciencias.gov.co/cvlac/visualizador/generarCurriculoCv.do?cod_rh=0001414321,"GrupLAC, censo de integrantes, consultado 2026-09-25; vinculación: 2022/2 - Actual",1
I-0000045127,Angela Maria Moya Rodriguez,0000045127,,Investigador Junior (IJ),,https://scienti.minciencias.gov.co/cvlac/visualizador/generarCurriculoCv.do?cod_rh=0000045127,"GrupLAC, censo de integrantes, consultado 2026-09-25; vinculación: 2014/2 - Actual",1
I-0001570820,Airlen María Duran Acosta,0001570820,,,,https://scienti.minciencias.gov.co/cvlac/visualizador/generarCurriculoCv.do?cod_rh=0001570820,"GrupLAC, censo de integrantes, consultado 2026-09-25; vinculación: 2017/11 - 2018/2",1
I-0001807124,Alberto Alonso Orozco González,0001807124,,,,https://scienti.minciencias.gov.co/cvlac/visualizador/generarCurriculoCv.do?cod_rh=0001807124,"GrupLAC, censo de integrantes, consultado 2026-09-25; vinculación: 2024/1 - Actual",1
I-0001414750,ALCIRA VITOLA MERCADO,0001414750,,,,https://scienti.minciencias.gov.co/cvlac/visualizador/generarCurriculoCv.do?cod_rh=0001414750,"GrupLAC, censo de integrantes, consultado 2026-09-25; vinculación: 2019/6 - 2023/2",1
I-0001047620,ALEXANDER BETANCOURT MARQUEZ,0001047620,,,,https://scienti.minciencias.gov.co/cvlac/visualizador/generarCurriculoCv.do?cod_rh=0001047620,"GrupLAC, censo de integrantes, consultado 2026-09-25; vinculación: 2016/2 - Actual",1
I-0001417710,ALVARO ALFONSO BOLIVAR OCHOA,0001417710,,,,https://scienti.minciencias.gov.co/cvlac/visualizador/generarCurriculoCv.do?cod_rh=0001417710,"GrupLAC, censo de integrantes, consultado 2026-09-25; vinculación: 2015/2 - Actual",1
I-0000125524,ALVARO OLIMPO PEREZ VERGARA,0000125524,,,,https://scienti.minciencias.gov.co/cvlac/visualizador/generarCurriculoCv.do?cod_rh=0000125524,"GrupLAC, censo de integrantes, consultado 2026-09-25; vinculación: 2015/2 - 2016/2",1
I-0001908464,Andrés Mauricio Gómez Pérez,0001908464,,,,https://scienti.minciencias.gov.co/cvlac/visualizador/generarCurriculoCv.do?cod_rh=0001908464,"GrupLAC, censo de integrantes, consultado 2026-09-25; vinculación: 2021/2 - 2023/1",1
I-0001424672,Angela Patricia Bayeh Mejía,0001424672,,,,https://scienti.minciencias.gov.co/cvlac/visualizador/generarCurriculoCv.do?cod_rh=0001424672,"GrupLAC, censo de integrantes, consultado 2026-09-25; vinculación: 2018/1 - 2018/2",1
I-0000126492,antonio julian quintero palmera,0000126492,,,,https://scienti.minciencias.gov.co/cvlac/visualizador/generarCurriculoCv.do?cod_rh=0000126492,"GrupLAC, censo de integrantes, consultado 2026-09-25; vinculación: 2015/1 - 2023/2",1
I-0001375015,CARLOS HUMBERTO MALDONADO PEÑA,0001375015,,,,https://scienti.minciencias.gov.co/cvlac/visualizador/generarCurriculoCv.do?cod_rh=0001375015,"GrupLAC, censo de integrantes, consultado 2026-09-25; vinculación: 2015/2 - 2018/2",1
I-0001570950,César Augusto Hernández Hernández,0001570950,,,,https://scienti.minciencias.gov.co/cvlac/visualizador/generarCurriculoCv.do?cod_rh=0001570950,"GrupLAC, censo de integrantes, consultado 2026-09-25; vinculación: 2014/1 - 2023/1",1
I-0001716785,Claudette Aminta Diaz Zuleta,0001716785,,,,https://scienti.minciencias.gov.co/cvlac/visualizador/generarCurriculoCv.do?cod_rh=0001716785,"GrupLAC, censo de integrantes, consultado 2026-09-25; vinculación: 2024/1 - Actual",1
I-0001817526,DANELSY CECILIA PINEDA MORALES,0001817526,,,,https://scienti.minciencias.gov.co/cvlac/visualizador/generarCurriculoCv.do?cod_rh=0001817526,"GrupLAC, censo de integrantes, consultado 2026-09-25; vinculación: 2021/2 - Actual",1
I-0001912161,Dayana Paola Gil Del Toro,0001912161,,,,https://scienti.minciencias.gov.co/cvlac/visualizador/generarCurriculoCv.do?cod_rh=0001912161,"GrupLAC, censo de integrantes, consultado 2026-09-25; vinculación: 2022/1 - Actual",1
I-0000787434,Deiler DIAZ ARZUAGA,0000787434,,,,https://scienti.minciencias.gov.co/cvlac/visualizador/generarCurriculoCv.do?cod_rh=0000787434,"GrupLAC, censo de integrantes, consultado 2026-09-25; vinculación: 2014/2 - 2016/2",1
I-0000057691,DUVERLYS KATHERINE ALVARADO VEGA,0000057691,,,,https://scienti.minciencias.gov.co/cvlac/visualizador/generarCurriculoCv.do?cod_rh=0000057691,"GrupLAC, censo de integrantes, consultado 2026-09-25; vinculación: 2024/2 - Actual",1
I-0001570937,EDELMIRA MERCEDES MOVILLA CASTRO,0001570937,,,,https://scienti.minciencias.gov.co/cvlac/visualizador/generarCurriculoCv.do?cod_rh=0001570937,"GrupLAC, censo de integrantes, consultado 2026-09-25; vinculación: 2018/2 - 2023/1",1
I-0001443304,Edwin buelvas contreras,0001443304,,,,https://scienti.minciencias.gov.co/cvlac/visualizador/generarCurriculoCv.do?cod_rh=0001443304,"GrupLAC, censo de integrantes, consultado 2026-09-25; vinculación: 2023/2 - Actual",1
I-0002187638,Egle María González,0002187638,,,,https://scienti.minciencias.gov.co/cvlac/visualizador/generarCurriculoCv.do?cod_rh=0002187638,"GrupLAC, censo de integrantes, consultado 2026-09-25; vinculación: 2022/2 - Actual",1
I-0000125526,ENRIQUE ALFREDO ARIZA CELIS,0000125526,,,,https://scienti.minciencias.gov.co/cvlac/visualizador/generarCurriculoCv.do?cod_rh=0000125526,"GrupLAC, censo de integrantes, consultado 2026-09-25; vinculación: 2015/2 - 2016/2",1
I-0001946866,Erika Juliana Osorio Patiño,0001946866,,,,https://scienti.minciencias.gov.co/cvlac/visualizador/generarCurriculoCv.do?cod_rh=0001946866,"GrupLAC, censo de integrantes, consultado 2026-09-25; vinculación: 2026/1 - Actual",1
I-0002401941,Esthefani Lineth Mendoza Batista,0002401941,,,,https://scienti.minciencias.gov.co/cvlac/visualizador/generarCurriculoCv.do?cod_rh=0002401941,"GrupLAC, censo de integrantes, consultado 2026-09-25; vinculación: 2024/2 - Actual",1
I-0000125581,everardo armenta alonso,0000125581,,,,https://scienti.minciencias.gov.co/cvlac/visualizador/generarCurriculoCv.do?cod_rh=0000125581,"GrupLAC, censo de integrantes, consultado 2026-09-25; vinculación: 2015/2 - 2022/1",1
I-0000055628,Fayder Jose Vargas Peñaranda,0000055628,,,,https://scienti.minciencias.gov.co/cvlac/visualizador/generarCurriculoCv.do?cod_rh=0000055628,"GrupLAC, censo de integrantes, consultado 2026-09-25; vinculación: 2015/2 - 2015/2",1
I-0000686875,HILARIO ARDILA DIAZ,0000686875,,,,https://scienti.minciencias.gov.co/cvlac/visualizador/generarCurriculoCv.do?cod_rh=0000686875,"GrupLAC, censo de integrantes, consultado 2026-09-25; vinculación: 2014/1 - 2018/1",1
I-0001357211,JAAEL ADRIANA OTERO MUÑOZ,0001357211,,,,https://scienti.minciencias.gov.co/cvlac/visualizador/generarCurriculoCv.do?cod_rh=0001357211,"GrupLAC, censo de integrantes, consultado 2026-09-25; vinculación: 2019/6 - 2023/1",1
I-0000086855,JAVIER IVÁN APONTE MERIÑO,0000086855,,,,https://scienti.minciencias.gov.co/cvlac/visualizador/generarCurriculoCv.do?cod_rh=0000086855,"GrupLAC, censo de integrantes, consultado 2026-09-25; vinculación: 2019/6 - 2023/1",1
I-0002128699,Jhorner David Charris Rosado,0002128699,,,,https://scienti.minciencias.gov.co/cvlac/visualizador/generarCurriculoCv.do?cod_rh=0002128699,"GrupLAC, censo de integrantes, consultado 2026-09-25; vinculación: 2023/1 - Actual",1
I-0002022190,Jose Jairo Carmona Tafur,0002022190,,,,https://scienti.minciencias.gov.co/cvlac/visualizador/generarCurriculoCv.do?cod_rh=0002022190,"GrupLAC, censo de integrantes, consultado 2026-09-25; vinculación: 2023/2 - Actual",1
I-0001836097,JOSE LEONARDO CERVANTES GONZALEZ,0001836097,,,,https://scienti.minciencias.gov.co/cvlac/visualizador/generarCurriculoCv.do?cod_rh=0001836097,"GrupLAC, censo de integrantes, consultado 2026-09-25; vinculación: 2026/8 - Actual",1
I-0001377157,JOSE LUIS TRIANA NIEVES,0001377157,,,,https://scienti.minciencias.gov.co/cvlac/visualizador/generarCurriculoCv.do?cod_rh=0001377157,"GrupLAC, censo de integrantes, consultado 2026-09-25; vinculación: 2019/2 - 2023/1",1
I-0000961795,JOSE MOYA DAZA,0000961795,,,,https://scienti.minciencias.gov.co/cvlac/visualizador/generarCurriculoCv.do?cod_rh=0000961795,"GrupLAC, censo de integrantes, consultado 2026-09-25; vinculación: 2020/1 - 2023/1",1
I-0001376033,JOSE REIMUNDO MENDEZ FONSECA,0001376033,,,,https://scienti.minciencias.gov.co/cvlac/visualizador/generarCurriculoCv.do?cod_rh=0001376033,"GrupLAC, censo de integrantes, consultado 2026-09-25; vinculación: 2020/1 - Actual",1
I-0001593334,JOSIMAR DARIO ROA MARRIAGA,0001593334,,,,https://scienti.minciencias.gov.co/cvlac/visualizador/generarCurriculoCv.do?cod_rh=0001593334,"GrupLAC, censo de integrantes, consultado 2026-09-25; vinculación: 2017/1 - Actual",1
I-0001502063,JUAN GABRIEL DE LA ROSA LOPEZ,0001502063,,,,https://scienti.minciencias.gov.co/cvlac/visualizador/generarCurriculoCv.do?cod_rh=0001502063,"GrupLAC, censo de integrantes, consultado 2026-09-25; vinculación: 2021/2 - Actual",1
I-0001570948,Julio Cesar Daza Daza,0001570948,,,,https://scienti.minciencias.gov.co/cvlac/visualizador/generarCurriculoCv.do?cod_rh=0001570948,"GrupLAC, censo de integrantes, consultado 2026-09-25; vinculación: 2015/2 - Actual",1
I-0001729611,Loren Mileth Pulido Daza,0001729611,,,,https://scienti.minciencias.gov.co/cvlac/visualizador/generarCurriculoCv.do?cod_rh=0001729611,"GrupLAC, censo de integrantes, consultado 2026-09-25; vinculación: 2022/1 - Actual",1
I-0000126495,luis alberto diaz,0000126495,,,,https://scienti.minciencias.gov.co/cvlac/visualizador/generarCurriculoCv.do?cod_rh=0000126495,"GrupLAC, censo de integrantes, consultado 2026-09-25; vinculación: 2015/1 - 2016/2",1
I-0001375031,MAGOLA TERESA FORERO RONDEROS,0001375031,,,,https://scienti.minciencias.gov.co/cvlac/visualizador/generarCurriculoCv.do?cod_rh=0001375031,"GrupLAC, censo de integrantes, consultado 2026-09-25; vinculación: 2022/7 - 2023/1",1
I-0000055625,Manuel Jesus García Rios,0000055625,,,,https://scienti.minciencias.gov.co/cvlac/visualizador/generarCurriculoCv.do?cod_rh=0000055625,"GrupLAC, censo de integrantes, consultado 2026-09-25; vinculación: 2015/2 - 2016/2",1
I-0000125309,margarita rosa doria carrascal,0000125309,,,,https://scienti.minciencias.gov.co/cvlac/visualizador/generarCurriculoCv.do?cod_rh=0000125309,"GrupLAC, censo de integrantes, consultado 2026-09-25; vinculación: 2015/2 - 2018/1",1
I-0001379602,MARIA AMPARO OCHOA ARIZA,0001379602,,,,https://scienti.minciencias.gov.co/cvlac/visualizador/generarCurriculoCv.do?cod_rh=0001379602,"GrupLAC, censo de integrantes, consultado 2026-09-25; vinculación: 2015/2 - 2016/1",1
I-0001361672,MARIA CRISTINA COTES DE ALVAREZ,0001361672,,,,https://scienti.minciencias.gov.co/cvlac/visualizador/generarCurriculoCv.do?cod_rh=0001361672,"GrupLAC, censo de integrantes, consultado 2026-09-25; vinculación: 2014/2 - Actual",1
I-0000047091,Marianne del Carmen Sagbini Echávez,0000047091,,,,https://scienti.minciencias.gov.co/cvlac/visualizador/generarCurriculoCv.do?cod_rh=0000047091,"GrupLAC, censo de integrantes, consultado 2026-09-25; vinculación: 2014/1 - 2021/7",1
I-0000766011,Moises GARAY CASTRO,0000766011,,,,https://scienti.minciencias.gov.co/cvlac/visualizador/generarCurriculoCv.do?cod_rh=0000766011,"GrupLAC, censo de integrantes, consultado 2026-09-25; vinculación: 2015/2 - 2018/1",1
I-0001375484,OLGER RAFAEL BAENA MEJIA,0001375484,,,,https://scienti.minciencias.gov.co/cvlac/visualizador/generarCurriculoCv.do?cod_rh=0001375484,"GrupLAC, censo de integrantes, consultado 2026-09-25; vinculación: 2017/2 - 2023/1",1
I-0001376032,OMAIRA MARIA ROMERO OSPINO,0001376032,,,,https://scienti.minciencias.gov.co/cvlac/visualizador/generarCurriculoCv.do?cod_rh=0001376032,"GrupLAC, censo de integrantes, consultado 2026-09-25; vinculación: 2014/2 - 2016/1",1
I-0001679453,Ramón Elías Duartes Quintero,0001679453,,,,https://scienti.minciencias.gov.co/cvlac/visualizador/generarCurriculoCv.do?cod_rh=0001679453,"GrupLAC, censo de integrantes, consultado 2026-09-25; vinculación: 2019/2 - 2023/1",1
I-0001828535,Ricardo Manuel Moreno Mejia,0001828535,,,,https://scienti.minciencias.gov.co/cvlac/visualizador/generarCurriculoCv.do?cod_rh=0001828535,"GrupLAC, censo de integrantes, consultado 2026-09-25; vinculación: 2021/2 - 2022/1",1
I-0001650805,victor julian jimenez martinez,0001650805,,,,https://scienti.minciencias.gov.co/cvlac/visualizador/generarCurriculoCv.do?cod_rh=0001650805,"GrupLAC, censo de integrantes, consultado 2026-09-25; vinculación: 2019/1 - 2023/1",1
I-0001416478,WILFREDO FUENTES ARDILA,0001416478,,,,https://scienti.minciencias.gov.co/cvlac/visualizador/generarCurriculoCv.do?cod_rh=0001416478,"GrupLAC, censo de integrantes, consultado 2026-09-25; vinculación: 2015/2 - 2016/2",1
I-0000055641,Wilmer Francisco Moron Aguirre,0000055641,,,,https://scienti.minciencias.gov.co/cvlac/visualizador/generarCurriculoCv.do?cod_rh=0000055641,"GrupLAC, censo de integrantes, consultado 2026-09-25; vinculación: 2015/2 - 2016/2",1
I-0000049644,yajaira cecilia daza toncel,0000049644,,,,https://scienti.minciencias.gov.co/cvlac/visualizador/generarCurriculoCv.do?cod_rh=0000049644,"GrupLAC, censo de integrantes, consultado 2026-09-25; vinculación: 2019/8 - 2023/1",1
I-0001379604,YOVANI LOPEZ PADILLA,0001379604,,,,https://scienti.minciencias.gov.co/cvlac/visualizador/generarCurriculoCv.do?cod_rh=0001379604,"GrupLAC, censo de integrantes, consultado 2026-09-25; vinculación: 2016/1 - Actual",1
I-0000694673,Ana MACHADO CRUZ,0000694673,,,,https://scienti.minciencias.gov.co/cvlac/visualizador/generarCurriculoCv.do?cod_rh=0000694673,"GrupLAC, censo de integrantes, consultado 2026-09-25; vinculación: 2018/8 - Actual",1
I-0000055348,JORGE LUIS CUELLO MAURE,0000055348,,,,https://scienti.minciencias.gov.co/cvlac/visualizador/generarCurriculoCv.do?cod_rh=0000055348,"GrupLAC, censo de integrantes, consultado 2026-09-25; vinculación: 2019/1 - Actual",1
I-0001377154,NAUDITH RODRIGUEZ MORENO,0001377154,,,,https://scienti.minciencias.gov.co/cvlac/visualizador/generarCurriculoCv.do?cod_rh=0001377154,"GrupLAC, censo de integrantes, consultado 2026-09-25; vinculación: 2019/6 - 2023/1",1
I-0001291041,Aldo Jesus Ibarra Rondon,0001291041,,,,https://scienti.minciencias.gov.co/cvlac/visualizador/generarCurriculoCv.do?cod_rh=0001291041,"GrupLAC, censo de integrantes, consultado 2026-09-25; vinculación: 2012/2 - Actual",1
I-0001602046,Adriana Patricia Benitez Camargo,0001602046,,,,https://scienti.minciencias.gov.co/cvlac/visualizador/generarCurriculoCv.do?cod_rh=0001602046,"GrupLAC, censo de integrantes, consultado 2026-09-25; vinculación: 2014/10 - 2016/12",1
I-0000250457,Adriana Patricia Tofiño Rivera,0000250457,,Investigador Senior (IS),,https://scienti.minciencias.gov.co/cvlac/visualizador/generarCurriculoCv.do?cod_rh=0000250457,"GrupLAC, censo de integrantes, consultado 2026-09-25; vinculación: 2015/2 - 2023/2",1
I-0000184825,ALVARO MIRANDA GUEVARA,0000184825,,,,https://scienti.minciencias.gov.co/cvlac/visualizador/generarCurriculoCv.do?cod_rh=0000184825,"GrupLAC, censo de integrantes, consultado 2026-09-25; vinculación: 2024/2 - Actual",1
I-0000160347,ANA MILENA VEGA GUATAMA,0000160347,,,,https://scienti.minciencias.gov.co/cvlac/visualizador/generarCurriculoCv.do?cod_rh=0000160347,"GrupLAC, censo de integrantes, consultado 2026-09-25; vinculación: 2019/6 - Actual",1
I-0001826895,Andrea Castro Pacheco,0001826895,,,,https://scienti.minciencias.gov.co/cvlac/visualizador/generarCurriculoCv.do?cod_rh=0001826895,"GrupLAC, censo de integrantes, consultado 2026-09-25; vinculación: 2020/6 - Actual",1
I-0001344825,ANDRES CAMILO ROJAS GULLOSO,0001344825,,Investigador Junior (IJ),,https://scienti.minciencias.gov.co/cvlac/visualizador/generarCurriculoCv.do?cod_rh=0001344825,"GrupLAC, censo de integrantes, consultado 2026-09-25; vinculación: 2019/2 - Actual",1
I-0001427607,ANGELA YOHANNA MARTINEZ HERNANDEZ,0001427607,,,,https://scienti.minciencias.gov.co/cvlac/visualizador/generarCurriculoCv.do?cod_rh=0001427607,"GrupLAC, censo de integrantes, consultado 2026-09-25; vinculación: 2011/2 - 2012/2",1
I-0001602728,ARLEM JOSE CHINCHIA SIERRA,0001602728,,,,https://scienti.minciencias.gov.co/cvlac/visualizador/generarCurriculoCv.do?cod_rh=0001602728,"GrupLAC, censo de integrantes, consultado 2026-09-25; vinculación: 2015/1 - 2015/12",1
I-0002056248,Camila Andrea Ruiz Jimenez,0002056248,,,,https://scienti.minciencias.gov.co/cvlac/visualizador/generarCurriculoCv.do?cod_rh=0002056248,"GrupLAC, censo de integrantes, consultado 2026-09-25; vinculación: 2022/10 - Actual",1
I-0001528072,carlos alberto daza Meza,0001528072,,,,https://scienti.minciencias.gov.co/cvlac/visualizador/generarCurriculoCv.do?cod_rh=0001528072,"GrupLAC, censo de integrantes, consultado 2026-09-25; vinculación: 2012/7 - 2013/7",1
I-0001426085,CARLOS ENRIQUE LOPEZ MANCERA,0001426085,,,,https://scienti.minciencias.gov.co/cvlac/visualizador/generarCurriculoCv.do?cod_rh=0001426085,"GrupLAC, censo de integrantes, consultado 2026-09-25; vinculación: 2019/2 - 2019/6",1
I-0000645389,Carlos Reyes Britto,0000645389,,,,https://scienti.minciencias.gov.co/cvlac/visualizador/generarCurriculoCv.do?cod_rh=0000645389,"GrupLAC, censo de integrantes, consultado 2026-09-25; vinculación: 2009/6 - 2012/6",1
I-0001683103,Carmen Angelica Arrieta Perez,0001683103,,,,https://scienti.minciencias.gov.co/cvlac/visualizador/generarCurriculoCv.do?cod_rh=0001683103,"GrupLAC, censo de integrantes, consultado 2026-09-25; vinculación: 2019/2 - 2024/2",1
I-0001629839,Carolina Polo Gutiérrez,0001629839,,,,https://scienti.minciencias.gov.co/cvlac/visualizador/generarCurriculoCv.do?cod_rh=0001629839,"GrupLAC, censo de integrantes, consultado 2026-09-25; vinculación: 2014/6 - 2016/12",1
I-0001783812,Carolina Polo Maldonado,0001783812,,,,https://scienti.minciencias.gov.co/cvlac/visualizador/generarCurriculoCv.do?cod_rh=0001783812,"GrupLAC, censo de integrantes, consultado 2026-09-25; vinculación: 2020/6 - 2024/2",1
I-0001430257,DANNY MARCELA MORANTES DELGADO,0001430257,,,,https://scienti.minciencias.gov.co/cvlac/visualizador/generarCurriculoCv.do?cod_rh=0001430257,"GrupLAC, censo de integrantes, consultado 2026-09-25; vinculación: 2015/1 - 2015/12",1
I-0001664164,Darlinson Andrés Montes Castro,0001664164,,,,https://scienti.minciencias.gov.co/cvlac/visualizador/generarCurriculoCv.do?cod_rh=0001664164,"GrupLAC, censo de integrantes, consultado 2026-09-25; vinculación: 2021/2 - 2023/12",1
I-0001736550,DEIDI KARINA RODRIGUEZ ARETT,0001736550,,,,https://scienti.minciencias.gov.co/cvlac/visualizador/generarCurriculoCv.do?cod_rh=0001736550,"GrupLAC, censo de integrantes, consultado 2026-09-25; vinculación: 2019/8 - 2021/2",1
I-0001436215,Diana Lucia Vanegas Padilla,0001436215,,,,https://scienti.minciencias.gov.co/cvlac/visualizador/generarCurriculoCv.do?cod_rh=0001436215,"GrupLAC, censo de integrantes, consultado 2026-09-25; vinculación: 2022/2 - 2025/10",1
I-0001445362,Edinson Alfaro Martinez,0001445362,,,,https://scienti.minciencias.gov.co/cvlac/visualizador/generarCurriculoCv.do?cod_rh=0001445362,"GrupLAC, censo de integrantes, consultado 2026-09-25; vinculación: 2015/3 - 2016/7",1
I-0000429473,Eduardo Oliver Mena Rodríguez,0000429473,,,,https://scienti.minciencias.gov.co/cvlac/visualizador/generarCurriculoCv.do?cod_rh=0000429473,"GrupLAC, censo de integrantes, consultado 2026-09-25; vinculación: 2016/2 - 2017/4",1
I-0001817589,Elaine Maria Aguilar Ortiz,0001817589,,,,https://scienti.minciencias.gov.co/cvlac/visualizador/generarCurriculoCv.do?cod_rh=0001817589,"GrupLAC, censo de integrantes, consultado 2026-09-25; vinculación: 2020/2 - 2022/2",1
I-0001912461,Elianis Martinez Cohen,0001912461,,,,https://scienti.minciencias.gov.co/cvlac/visualizador/generarCurriculoCv.do?cod_rh=0001912461,"GrupLAC, censo de integrantes, consultado 2026-09-25; vinculación: 2022/2 - 2023/2",1
I-0000565547,Francisco Javier Peinado Celis,0000565547,,,,https://scienti.minciencias.gov.co/cvlac/visualizador/generarCurriculoCv.do?cod_rh=0000565547,"GrupLAC, censo de integrantes, consultado 2026-09-25; vinculación: 2005/2 - 2007/2",1
I-0001630408,Gino Francesco Olivieri Salas,0001630408,,,,https://scienti.minciencias.gov.co/cvlac/visualizador/generarCurriculoCv.do?cod_rh=0001630408,"GrupLAC, censo de integrantes, consultado 2026-09-25; vinculación: 2019/2 - Actual",1
I-0000148692,GISELLE PAOLA ROSADO MARTÍNEZ,0000148692,,,,https://scienti.minciencias.gov.co/cvlac/visualizador/generarCurriculoCv.do?cod_rh=0000148692,"GrupLAC, censo de integrantes, consultado 2026-09-25; vinculación: 2023/2 - 2024/2",1
I-0001629827,Gizeth Lucía Mariño Badillo,0001629827,,,,https://scienti.minciencias.gov.co/cvlac/visualizador/generarCurriculoCv.do?cod_rh=0001629827,"GrupLAC, censo de integrantes, consultado 2026-09-25; vinculación: 2014/6 - 2016/12",1
I-0000038086,Glorismar Castro Amaris,0000038086,,,,https://scienti.minciencias.gov.co/cvlac/visualizador/generarCurriculoCv.do?cod_rh=0000038086,"GrupLAC, censo de integrantes, consultado 2026-09-25; vinculación: 2019/2 - Actual",1
I-0001358717,HUGO DARIO SOTO LACOUTURE,0001358717,,,,https://scienti.minciencias.gov.co/cvlac/visualizador/generarCurriculoCv.do?cod_rh=0001358717,"GrupLAC, censo de integrantes, consultado 2026-09-25; vinculación: 2019/2 - Actual",1
I-0001359239,INGRID MATILDE PINO GARANTIVÁ,0001359239,,,,https://scienti.minciencias.gov.co/cvlac/visualizador/generarCurriculoCv.do?cod_rh=0001359239,"GrupLAC, censo de integrantes, consultado 2026-09-25; vinculación: 2022/2 - Actual",1
I-0000244490,Isaac Manuel Romero Borja,0000244490,,,,https://scienti.minciencias.gov.co/cvlac/visualizador/generarCurriculoCv.do?cod_rh=0000244490,"GrupLAC, censo de integrantes, consultado 2026-09-25; vinculación: 2005/2 - 2006/2",1
I-0001427604,ISAURA ESTHER QUINTO RIVERA,0001427604,,,,https://scienti.minciencias.gov.co/cvlac/visualizador/generarCurriculoCv.do?cod_rh=0001427604,"GrupLAC, censo de integrantes, consultado 2026-09-25; vinculación: 2011/2 - 2014/12",1
I-0001039326,Isauro Miguel Aleman Charris,0001039326,,,,https://scienti.minciencias.gov.co/cvlac/visualizador/generarCurriculoCv.do?cod_rh=0001039326,"GrupLAC, censo de integrantes, consultado 2026-09-25; vinculación: 2010/2 - 2012/6",1
I-0001252097,Jeisa Paola Farelo Fernandez,0001252097,,,,https://scienti.minciencias.gov.co/cvlac/visualizador/generarCurriculoCv.do?cod_rh=0001252097,"GrupLAC, censo de integrantes, consultado 2026-09-25; vinculación: 2019/6 - Actual",1
I-0001427608,JENNIFFER YOSELIN ZUÑIGA HERNANDEZ,0001427608,,,,https://scienti.minciencias.gov.co/cvlac/visualizador/generarCurriculoCv.do?cod_rh=0001427608,"GrupLAC, censo de integrantes, consultado 2026-09-25; vinculación: 2011/2 - 2014/12",1
I-0001547376,Jeyci Leonor Covilla Vanegas,0001547376,,,,https://scienti.minciencias.gov.co/cvlac/visualizador/generarCurriculoCv.do?cod_rh=0001547376,"GrupLAC, censo de integrantes, consultado 2026-09-25; vinculación: 2024/2 - Actual",1
I-0000276081,Jorge Alberto Luna Fontalvo,0000276081,,,,https://scienti.minciencias.gov.co/cvlac/visualizador/generarCurriculoCv.do?cod_rh=0000276081,"GrupLAC, censo de integrantes, consultado 2026-09-25; vinculación: 2005/2 - 2007/2",1
I-0000565539,Jorge guisao rodriguez,0000565539,,,,https://scienti.minciencias.gov.co/cvlac/visualizador/generarCurriculoCv.do?cod_rh=0000565539,"GrupLAC, censo de integrantes, consultado 2026-09-25; vinculación: 2005/2 - 2007/2",1
I-0000550884,Judith Jácome Torres,0000550884,,,,https://scienti.minciencias.gov.co/cvlac/visualizador/generarCurriculoCv.do?cod_rh=0000550884,"GrupLAC, censo de integrantes, consultado 2026-09-25; vinculación: 2010/1 - 2023/12",1
I-0001615289,JULIO CESAR NUÑEZ GARCIA,0001615289,,,,https://scienti.minciencias.gov.co/cvlac/visualizador/generarCurriculoCv.do?cod_rh=0001615289,"GrupLAC, censo de integrantes, consultado 2026-09-25; vinculación: 2015/1 - 2023/2",1
I-0001613810,KAREN LIZETH PIÑERES PABON,0001613810,,,,https://scienti.minciencias.gov.co/cvlac/visualizador/generarCurriculoCv.do?cod_rh=0001613810,"GrupLAC, censo de integrantes, consultado 2026-09-25; vinculación: 2015/1 - 2016/12",1
I-0000137374,KATIUSKA ANDREA BAYONA ASCANIO,0000137374,,,,https://scienti.minciencias.gov.co/cvlac/visualizador/generarCurriculoCv.do?cod_rh=0000137374,"GrupLAC, censo de integrantes, consultado 2026-09-25; vinculación: 2019/2 - Actual",1
I-0000051270,katleen lorena alvarado campo,0000051270,,,,https://scienti.minciencias.gov.co/cvlac/visualizador/generarCurriculoCv.do?cod_rh=0000051270,"GrupLAC, censo de integrantes, consultado 2026-09-25; vinculación: 2017/6 - 2017/6",1
I-0001663422,Katty Margarita Grisales Hernandez,0001663422,,,,https://scienti.minciencias.gov.co/cvlac/visualizador/generarCurriculoCv.do?cod_rh=0001663422,"GrupLAC, censo de integrantes, consultado 2026-09-25; vinculación: 2019/2 - 2025/9",1
I-0001629833,Katy Lorena Alfaro Gutierrez,0001629833,,,,https://scienti.minciencias.gov.co/cvlac/visualizador/generarCurriculoCv.do?cod_rh=0001629833,"GrupLAC, censo de integrantes, consultado 2026-09-25; vinculación: 2014/6 - 2016/12",1
I-0001420698,LEIDY LICETH LUQUEZ MONTERO,0001420698,,,,https://scienti.minciencias.gov.co/cvlac/visualizador/generarCurriculoCv.do?cod_rh=0001420698,"GrupLAC, censo de integrantes, consultado 2026-09-25; vinculación: 2011/10 - 2014/12",1
I-0001394254,liceth lorena barrios vallejo,0001394254,,,,https://scienti.minciencias.gov.co/cvlac/visualizador/generarCurriculoCv.do?cod_rh=0001394254,"GrupLAC, censo de integrantes, consultado 2026-09-25; vinculación: 2011/2 - 2012/2",1
I-0001360298,liseth paola garcia lopez,0001360298,,,,https://scienti.minciencias.gov.co/cvlac/visualizador/generarCurriculoCv.do?cod_rh=0001360298,"GrupLAC, censo de integrantes, consultado 2026-09-25; vinculación: 2013/6 - 2015/12",1
I-0001629835,Luis Antonio Rubiano Orozco,0001629835,,,,https://scienti.minciencias.gov.co/cvlac/visualizador/generarCurriculoCv.do?cod_rh=0001629835,"GrupLAC, censo de integrantes, consultado 2026-09-25; vinculación: 2014/6 - Actual",1
I-0001683115,Luisa Fernanda Quiroz Avila,0001683115,,,,https://scienti.minciencias.gov.co/cvlac/visualizador/generarCurriculoCv.do?cod_rh=0001683115,"GrupLAC, censo de integrantes, consultado 2026-09-25; vinculación: 2019/2 - 2022/2",1
I-0001459539,Mailen Ortega Cuadros,0001459539,,Investigador Junior (IJ),,https://scienti.minciencias.gov.co/cvlac/visualizador/generarCurriculoCv.do?cod_rh=0001459539,"GrupLAC, censo de integrantes, consultado 2026-09-25; vinculación: 2012/6 - 2019/8",1
I-0001427688,MARIA MARCELA MEDINA ARTUNDUAGA,0001427688,,,,https://scienti.minciencias.gov.co/cvlac/visualizador/generarCurriculoCv.do?cod_rh=0001427688,"GrupLAC, censo de integrantes, consultado 2026-09-25; vinculación: 2011/2 - 2012/2",1
I-0000152437,Mariam Shisbellys Tinoco Hernández,0000152437,,,,https://scienti.minciencias.gov.co/cvlac/visualizador/generarCurriculoCv.do?cod_rh=0000152437,"GrupLAC, censo de integrantes, consultado 2026-09-25; vinculación: 2019/2 - 2023/2",1
I-0000227765,Martha Liliana Gómez García,0000227765,,,,https://scienti.minciencias.gov.co/cvlac/visualizador/generarCurriculoCv.do?cod_rh=0000227765,"GrupLAC, censo de integrantes, consultado 2026-09-25; vinculación: 2005/2 - 2006/2",1
I-0001420684,MARTHA ROSA ORTIZ MAESTRE,0001420684,,,,https://scienti.minciencias.gov.co/cvlac/visualizador/generarCurriculoCv.do?cod_rh=0001420684,"GrupLAC, censo de integrantes, consultado 2026-09-25; vinculación: 2011/10 - 2014/11",1
I-0000895652,Martín MURGAS TÉLLEZ,0000895652,,,,https://scienti.minciencias.gov.co/cvlac/visualizador/generarCurriculoCv.do?cod_rh=0000895652,"GrupLAC, censo de integrantes, consultado 2026-09-25; vinculación: 2014/10 - 2015/10",1
I-0001039709,Mildriz Maoliz martinez cristancho,0001039709,,,,https://scienti.minciencias.gov.co/cvlac/visualizador/generarCurriculoCv.do?cod_rh=0001039709,"GrupLAC, censo de integrantes, consultado 2026-09-25; vinculación: 2010/2 - 2012/2",1
I-0001528035,Natalia Merchán Montoya,0001528035,,,,https://scienti.minciencias.gov.co/cvlac/visualizador/generarCurriculoCv.do?cod_rh=0001528035,"GrupLAC, censo de integrantes, consultado 2026-09-25; vinculación: 2012/7 - 2013/7",1
I-0001438720,nayibeth elvira gomez ojeda,0001438720,,,,https://scienti.minciencias.gov.co/cvlac/visualizador/generarCurriculoCv.do?cod_rh=0001438720,"GrupLAC, censo de integrantes, consultado 2026-09-25; vinculación: 2013/2 - 2015/12",1
I-0000599638,Rosmiro Elias Peña Cordoba,0000599638,,,,https://scienti.minciencias.gov.co/cvlac/visualizador/generarCurriculoCv.do?cod_rh=0000599638,"GrupLAC, censo de integrantes, consultado 2026-09-25; vinculación: 2017/6 - Actual",1
I-0001389820,sadan suarez arias,0001389820,,,,https://scienti.minciencias.gov.co/cvlac/visualizador/generarCurriculoCv.do?cod_rh=0001389820,"GrupLAC, censo de integrantes, consultado 2026-09-25; vinculación: 2011/2 - 2012/2",1
I-0001331566,Sandra PACHECO JULIO,0001331566,,,,https://scienti.minciencias.gov.co/cvlac/visualizador/generarCurriculoCv.do?cod_rh=0001331566,"GrupLAC, censo de integrantes, consultado 2026-09-25; vinculación: 2023/1 - Actual",1
I-0001757824,SANDY MILENA PINTO ROBLES,0001757824,,,,https://scienti.minciencias.gov.co/cvlac/visualizador/generarCurriculoCv.do?cod_rh=0001757824,"GrupLAC, censo de integrantes, consultado 2026-09-25; vinculación: 2021/2 - Actual",1
I-0001427690,SILENE MARCELA CARDENAS PERPINAN,0001427690,,,,https://scienti.minciencias.gov.co/cvlac/visualizador/generarCurriculoCv.do?cod_rh=0001427690,"GrupLAC, censo de integrantes, consultado 2026-09-25; vinculación: 2011/2 - 2012/2",1
I-0000166676,Torcoroma Lobo Rincón,0000166676,,,,https://scienti.minciencias.gov.co/cvlac/visualizador/generarCurriculoCv.do?cod_rh=0000166676,"GrupLAC, censo de integrantes, consultado 2026-09-25; vinculación: 2018/6 - Actual",1
I-0002139875,Vanessa Alexandra Alvarez Tapia,0002139875,,,,https://scienti.minciencias.gov.co/cvlac/visualizador/generarCurriculoCv.do?cod_rh=0002139875,"GrupLAC, censo de integrantes, consultado 2026-09-25; vinculación: 2024/2 - Actual",1
I-0001546897,victor jose ustariz gutierrez,0001546897,,,,https://scienti.minciencias.gov.co/cvlac/visualizador/generarCurriculoCv.do?cod_rh=0001546897,"GrupLAC, censo de integrantes, consultado 2026-09-25; vinculación: 2018/1 - Actual",1
I-0000140805,William De Jesus Cardona Garzón,0000140805,,,,https://scienti.minciencias.gov.co/cvlac/visualizador/generarCurriculoCv.do?cod_rh=0000140805,"GrupLAC, censo de integrantes, consultado 2026-09-25; vinculación: 2005/2 - 2013/2",1
I-0001418356,YALEINIS ESTHER JIMENEZ TELLEZ,0001418356,,,,https://scienti.minciencias.gov.co/cvlac/visualizador/generarCurriculoCv.do?cod_rh=0001418356,"GrupLAC, censo de integrantes, consultado 2026-09-25; vinculación: 2011/2 - 2012/2",1
I-0002056247,yerelis kamelia anaya bustos,0002056247,,,,https://scienti.minciencias.gov.co/cvlac/visualizador/generarCurriculoCv.do?cod_rh=0002056247,"GrupLAC, censo de integrantes, consultado 2026-09-25; vinculación: 2022/10 - Actual",1
I-0001428608,YIRA MASIEL CORREA MARTINEZ,0001428608,,,,https://scienti.minciencias.gov.co/cvlac/visualizador/generarCurriculoCv.do?cod_rh=0001428608,"GrupLAC, censo de integrantes, consultado 2026-09-25; vinculación: 2011/2 - 2012/2",1
I-0001464109,YULIBETH TORRES PEDROZO,0001464109,,,,https://scienti.minciencias.gov.co/cvlac/visualizador/generarCurriculoCv.do?cod_rh=0001464109,"GrupLAC, censo de integrantes, consultado 2026-09-25; vinculación: 2019/2 - Actual",1
I-0001427693,YULICZA KARINA PALACIO PACHECO,0001427693,,,,https://scienti.minciencias.gov.co/cvlac/visualizador/generarCurriculoCv.do?cod_rh=0001427693,"GrupLAC, censo de integrantes, consultado 2026-09-25; vinculación: 2011/2 - 2012/2",1
I-0000566632,Zoila Beatriz Argota Oñoro,0000566632,,,,https://scienti.minciencias.gov.co/cvlac/visualizador/generarCurriculoCv.do?cod_rh=0000566632,"GrupLAC, censo de integrantes, consultado 2026-09-25; vinculación: 2005/2 - 2006/2",1
I-0002434331,Aimer Jeiddy Rivera Centeno,0002434331,,,,https://scienti.minciencias.gov.co/cvlac/visualizador/generarCurriculoCv.do?cod_rh=0002434331,"GrupLAC, censo de integrantes, consultado 2026-09-25; vinculación: 2024/9 - Actual",1
I-0001621784,Brayan Andres Sanchez Coronel,0001621784,,,,https://scienti.minciencias.gov.co/cvlac/visualizador/generarCurriculoCv.do?cod_rh=0001621784,"GrupLAC, censo de integrantes, consultado 2026-09-25; vinculación: 2025/8 - Actual",1
I-0002313903,Carlos Mauricio Pacheco Sarabia,0002313903,,,,https://scienti.minciencias.gov.co/cvlac/visualizador/generarCurriculoCv.do?cod_rh=0002313903,"GrupLAC, censo de integrantes, consultado 2026-09-25; vinculación: 2024/6 - Actual",1
I-0001514792,EMILIANO PIEDRAHITA PORRAS,0001514792,,,,https://scienti.minciencias.gov.co/cvlac/visualizador/generarCurriculoCv.do?cod_rh=0001514792,"GrupLAC, censo de integrantes, consultado 2026-09-25; vinculación: 2024/2 - Actual",1
I-0002056379,Erika Andrea Cerinza Vila,0002056379,,,,https://scienti.minciencias.gov.co/cvlac/visualizador/generarCurriculoCv.do?cod_rh=0002056379,"GrupLAC, censo de integrantes, consultado 2026-09-25; vinculación: 2024/10 - Actual",1
I-0001386978,Fernando Gonzalez Mora,0001386978,,,,https://scienti.minciencias.gov.co/cvlac/visualizador/generarCurriculoCv.do?cod_rh=0001386978,"GrupLAC, censo de integrantes, consultado 2026-09-25; vinculación: 2024/2 - Actual",1
I-0002264967,Irina Suarez Chacon,0002264967,,,,https://scienti.minciencias.gov.co/cvlac/visualizador/generarCurriculoCv.do?cod_rh=0002264967,"GrupLAC, censo de integrantes, consultado 2026-09-25; vinculación: 2024/9 - Actual",1
I-0000211374,JAISON SMITH RIVAS CONTRERAS,0000211374,,,,https://scienti.minciencias.gov.co/cvlac/visualizador/generarCurriculoCv.do?cod_rh=0000211374,"GrupLAC, censo de integrantes, consultado 2026-09-25; vinculación: 2024/7 - Actual",1
I-0002240786,Jesus Alfredo Sanchez Sanchez,0002240786,,,,https://scienti.minciencias.gov.co/cvlac/visualizador/generarCurriculoCv.do?cod_rh=0002240786,"GrupLAC, censo de integrantes, consultado 2026-09-25; vinculación: 2022/2 - Actual",1
I-0001813356,JOSE ALBERTO BALDIRIS CORRALES,0001813356,,,,https://scienti.minciencias.gov.co/cvlac/visualizador/generarCurriculoCv.do?cod_rh=0001813356,"GrupLAC, censo de integrantes, consultado 2026-09-25; vinculación: 2025/3 - Actual",1
I-0002114045,Luis Alfonso Vargas Castro,0002114045,,,,https://scienti.minciencias.gov.co/cvlac/visualizador/generarCurriculoCv.do?cod_rh=0002114045,"GrupLAC, censo de integrantes, consultado 2026-09-25; vinculación: 2024/8 - Actual",1
I-0002112496,MONICA FERNANDA PAEZ MARTINEZ,0002112496,,,,https://scienti.minciencias.gov.co/cvlac/visualizador/generarCurriculoCv.do?cod_rh=0002112496,"GrupLAC, censo de integrantes, consultado 2026-09-25; vinculación: 2025/7 - Actual",1
I-0001514421,Roky Maldonado Martinez,0001514421,,,,https://scienti.minciencias.gov.co/cvlac/visualizador/generarCurriculoCv.do?cod_rh=0001514421,"GrupLAC, censo de integrantes, consultado 2026-09-25; vinculación: 2024/1 - Actual",1
I-0002061709,Sixta Esperanza Lizeth Acosta Garay,0002061709,,,,https://scienti.minciencias.gov.co/cvlac/visualizador/generarCurriculoCv.do?cod_rh=0002061709,"GrupLAC, censo de integrantes, consultado 2026-09-25; vinculación: 2025/6 - Actual",1
I-0001635812,Victor Hugo Meriño Córdoba,0001635812,,Investigador Senior (IS),,https://scienti.minciencias.gov.co/cvlac/visualizador/generarCurriculoCv.do?cod_rh=0001635812,"GrupLAC, censo de integrantes, consultado 2026-09-25; vinculación: 2022/1 - Actual",1
I-0001467688,victor manuel trigos buendia,0001467688,,,,https://scienti.minciencias.gov.co/cvlac/visualizador/generarCurriculoCv.do?cod_rh=0001467688,"GrupLAC, censo de integrantes, consultado 2026-09-25; vinculación: 2024/2 - Actual",1
I-0002114275,Viviana Julieth Martinez Quintero,0002114275,,,,https://scienti.minciencias.gov.co/cvlac/visualizador/generarCurriculoCv.do?cod_rh=0002114275,"GrupLAC, censo de integrantes, consultado 2026-09-25; vinculación: 2024/5 - Actual",1
I-0001617014,Annherys Isabel Paz Marcano,0001617014,,Investigador Senior (IS),,https://scienti.minciencias.gov.co/cvlac/visualizador/generarCurriculoCv.do?cod_rh=0001617014,"GrupLAC, censo de integrantes, consultado 2026-09-25; vinculación: 2024/1 - Actual",1
I-0000605816,Aquilino Cotes Zuleta,0000605816,,,,https://scienti.minciencias.gov.co/cvlac/visualizador/generarCurriculoCv.do?cod_rh=0000605816,"GrupLAC, censo de integrantes, consultado 2026-09-25; vinculación: 2022/1 - Actual",1
I-0000060277,cecilia leonor jaraba palacio,0000060277,,,,https://scienti.minciencias.gov.co/cvlac/visualizador/generarCurriculoCv.do?cod_rh=0000060277,"GrupLAC, censo de integrantes, consultado 2026-09-25; vinculación: 2021/7 - 2021/12",1
I-0001935975,Edwin Hernán Ramírez Asís,0001935975,,,,https://scienti.minciencias.gov.co/cvlac/visualizador/generarCurriculoCv.do?cod_rh=0001935975,"GrupLAC, censo de integrantes, consultado 2026-09-25; vinculación: 2024/1 - Actual",1
I-0001918513,FREDDY DAVID ZULUAGA GUERRA,0001918513,,,,https://scienti.minciencias.gov.co/cvlac/visualizador/generarCurriculoCv.do?cod_rh=0001918513,"GrupLAC, censo de integrantes, consultado 2026-09-25; vinculación: 2021/8 - Actual",1
I-0001481900,Jesús David Valera Márquez,0001481900,,,,https://scienti.minciencias.gov.co/cvlac/visualizador/generarCurriculoCv.do?cod_rh=0001481900,"GrupLAC, censo de integrantes, consultado 2026-09-25; vinculación: 2021/8 - 2022/12",1
I-0001923212,Joaquín Andrés Arizal Argel,0001923212,,,,https://scienti.minciencias.gov.co/cvlac/visualizador/generarCurriculoCv.do?cod_rh=0001923212,"GrupLAC, censo de integrantes, consultado 2026-09-25; vinculación: 2021/8 - 2022/11",1
I-0001864211,José Tomás Fragoso Soto,0001864211,,,,https://scienti.minciencias.gov.co/cvlac/visualizador/generarCurriculoCv.do?cod_rh=0001864211,"GrupLAC, censo de integrantes, consultado 2026-09-25; vinculación: 2025/8 - Actual",1
I-0000705438,Kaleb Villalobos Brochel,0000705438,,,,https://scienti.minciencias.gov.co/cvlac/visualizador/generarCurriculoCv.do?cod_rh=0000705438,"GrupLAC, censo de integrantes, consultado 2026-09-25; vinculación: 2021/10 - 2024/12",1
I-0000781541,Miriam Ruby Gamboa Coral,0000781541,,,,https://scienti.minciencias.gov.co/cvlac/visualizador/generarCurriculoCv.do?cod_rh=0000781541,"GrupLAC, censo de integrantes, consultado 2026-09-25; vinculación: 2019/1 - 2022/11",1
I-0001680239,Ninfa Rosa Mejía Florez,0001680239,,,,https://scienti.minciencias.gov.co/cvlac/visualizador/generarCurriculoCv.do?cod_rh=0001680239,"GrupLAC, censo de integrantes, consultado 2026-09-25; vinculación: 2021/8 - 2022/11",1
I-0001860271,Rebeca Isabel Monterroza Villalba,0001860271,,,,https://scienti.minciencias.gov.co/cvlac/visualizador/generarCurriculoCv.do?cod_rh=0001860271,"GrupLAC, censo de integrantes, consultado 2026-09-25; vinculación: 2022/8 - Actual",1
I-0001799246,Rosa Beatriz Gómez Gutiérrez,0001799246,,,,https://scienti.minciencias.gov.co/cvlac/visualizador/generarCurriculoCv.do?cod_rh=0001799246,"GrupLAC, censo de integrantes, consultado 2026-09-25; vinculación: 2021/3 - 2022/2",1
I-0001842950,CAROLL SELENA SANJUAN CASTILLA,0001842950,,,,https://scienti.minciencias.gov.co/cvlac/visualizador/generarCurriculoCv.do?cod_rh=0001842950,"GrupLAC, censo de integrantes, consultado 2026-09-25; vinculación: 2023/1 - Actual",1
I-0000431338,Aldo Alexander Fernandez Varela,0000431338,,,,https://scienti.minciencias.gov.co/cvlac/visualizador/generarCurriculoCv.do?cod_rh=0000431338,"GrupLAC, censo de integrantes, consultado 2026-09-25; vinculación: 1996/9 - Actual",1
I-0001491387,CESAR AUGUSTO CORTES GARCIA,0001491387,,,,https://scienti.minciencias.gov.co/cvlac/visualizador/generarCurriculoCv.do?cod_rh=0001491387,"GrupLAC, censo de integrantes, consultado 2026-09-25; vinculación: 2015/4 - Actual",1
I-0000051544,Ana María Castro Mejía,0000051544,,,,https://scienti.minciencias.gov.co/cvlac/visualizador/generarCurriculoCv.do?cod_rh=0000051544,"GrupLAC, censo de integrantes, consultado 2026-09-25; vinculación: 2019/3 - Actual",1
I-0000049915,andrea carolina barrios pajaro,0000049915,,,,https://scienti.minciencias.gov.co/cvlac/visualizador/generarCurriculoCv.do?cod_rh=0000049915,"GrupLAC, censo de integrantes, consultado 2026-09-25; vinculación: 2016/2 - 2019/3",1
I-0000345210,Belisario Antonio Roncallo Fandiño,0000345210,,,,https://scienti.minciencias.gov.co/cvlac/visualizador/generarCurriculoCv.do?cod_rh=0000345210,"GrupLAC, censo de integrantes, consultado 2026-09-25; vinculación: 1998/1 - 2011/1",1
I-0002157747,Carol Juliana Suarez Guerra,0002157747,,,,https://scienti.minciencias.gov.co/cvlac/visualizador/generarCurriculoCv.do?cod_rh=0002157747,"GrupLAC, censo de integrantes, consultado 2026-09-25; vinculación: 2023/11 - Actual",1
I-0001471265,Cristina Isabel Hoyos TORRES,0001471265,,,,https://scienti.minciencias.gov.co/cvlac/visualizador/generarCurriculoCv.do?cod_rh=0001471265,"GrupLAC, censo de integrantes, consultado 2026-09-25; vinculación: 2013/4 - 2017/12",1
I-0000057390,Daniel Jose Rios Buelvas,0000057390,,,,https://scienti.minciencias.gov.co/cvlac/visualizador/generarCurriculoCv.do?cod_rh=0000057390,"GrupLAC, censo de integrantes, consultado 2026-09-25; vinculación: 2016/4 - 2016/6",1
I-0002157744,Dayana Oviedo Casseres,0002157744,,,,https://scienti.minciencias.gov.co/cvlac/visualizador/generarCurriculoCv.do?cod_rh=0002157744,"GrupLAC, censo de integrantes, consultado 2026-09-25; vinculación: 2023/11 - Actual",1
I-0000109932,Diany Clareth Arzuaga Pernett,0000109932,,,,https://scienti.minciencias.gov.co/cvlac/visualizador/generarCurriculoCv.do?cod_rh=0000109932,"GrupLAC, censo de integrantes, consultado 2026-09-25; vinculación: 2017/3 - Actual",1
I-0000054364,Diomedes De Jesus Diaz Suares,0000054364,,,,https://scienti.minciencias.gov.co/cvlac/visualizador/generarCurriculoCv.do?cod_rh=0000054364,"GrupLAC, censo de integrantes, consultado 2026-09-25; vinculación: 2016/3 - 2019/3",1
I-0001724865,Eddy Tatiana Torres Manjarres,0001724865,,,,https://scienti.minciencias.gov.co/cvlac/visualizador/generarCurriculoCv.do?cod_rh=0001724865,"GrupLAC, censo de integrantes, consultado 2026-09-25; vinculación: 2019/7 - Actual",1
I-0000437280,Edwin Jose FLOREZ AVENDAÑO,0000437280,,,,https://scienti.minciencias.gov.co/cvlac/visualizador/generarCurriculoCv.do?cod_rh=0000437280,"GrupLAC, censo de integrantes, consultado 2026-09-25; vinculación: 2010/1 - Actual",1
I-0002157729,Fiorella Mendoza España,0002157729,,,,https://scienti.minciencias.gov.co/cvlac/visualizador/generarCurriculoCv.do?cod_rh=0002157729,"GrupLAC, censo de integrantes, consultado 2026-09-25; vinculación: 2023/11 - Actual",1
I-0000052097,Frany Jose Viloria Charrys,0000052097,,,,https://scienti.minciencias.gov.co/cvlac/visualizador/generarCurriculoCv.do?cod_rh=0000052097,"GrupLAC, censo de integrantes, consultado 2026-09-25; vinculación: 2016/2 - 2017/12",1
I-0001368455,GISELLE ARZUAGA LINDADO,0001368455,,,,https://scienti.minciencias.gov.co/cvlac/visualizador/generarCurriculoCv.do?cod_rh=0001368455,"GrupLAC, censo de integrantes, consultado 2026-09-25; vinculación: 2013/4 - 2016/12",1
I-0000065621,hector eliecer hernandez torres,0000065621,,,,https://scienti.minciencias.gov.co/cvlac/visualizador/generarCurriculoCv.do?cod_rh=0000065621,"GrupLAC, censo de integrantes, consultado 2026-09-25; vinculación: 2019/7 - Actual",1
I-0000051957,hermes de jesus nevado charris,0000051957,,,,https://scienti.minciencias.gov.co/cvlac/visualizador/generarCurriculoCv.do?cod_rh=0000051957,"GrupLAC, censo de integrantes, consultado 2026-09-25; vinculación: 2016/3 - 2017/12",1
I-0000053435,Holmer Alvear Polo,0000053435,,,,https://scienti.minciencias.gov.co/cvlac/visualizador/generarCurriculoCv.do?cod_rh=0000053435,"GrupLAC, censo de integrantes, consultado 2026-09-25; vinculación: 2016/3 - 2016/10",1
I-0000048945,ismael mendoza quiroz,0000048945,,,,https://scienti.minciencias.gov.co/cvlac/visualizador/generarCurriculoCv.do?cod_rh=0000048945,"GrupLAC, censo de integrantes, consultado 2026-09-25; vinculación: 2019/7 - 2019/10",1
I-0002157749,Issac David Ibarra Perez,0002157749,,,,https://scienti.minciencias.gov.co/cvlac/visualizador/generarCurriculoCv.do?cod_rh=0002157749,"GrupLAC, censo de integrantes, consultado 2026-09-25; vinculación: 2023/11 - Actual",1
I-0000108114,Jeancarlos Buelvas Rojas,0000108114,,,,https://scienti.minciencias.gov.co/cvlac/visualizador/generarCurriculoCv.do?cod_rh=0000108114,"GrupLAC, censo de integrantes, consultado 2026-09-25; vinculación: 2017/4 - 2017/12",1
I-0001522144,jorge daniel fonseca blanco,0001522144,,,,https://scienti.minciencias.gov.co/cvlac/visualizador/generarCurriculoCv.do?cod_rh=0001522144,"GrupLAC, censo de integrantes, consultado 2026-09-25; vinculación: 2013/4 - 2016/10",1
I-0000035801,jorge Leonardo Sanchez Maestre,0000035801,,,,https://scienti.minciencias.gov.co/cvlac/visualizador/generarCurriculoCv.do?cod_rh=0000035801,"GrupLAC, censo de integrantes, consultado 2026-09-25; vinculación: 2017/2 - 2017/6",1
I-0000051505,jorge victor palacio conde,0000051505,,,,https://scienti.minciencias.gov.co/cvlac/visualizador/generarCurriculoCv.do?cod_rh=0000051505,"GrupLAC, censo de integrantes, consultado 2026-09-25; vinculación: 2016/3 - 2016/5",1
I-0000081498,Jose Carlos Pinto Añez,0000081498,,,,https://scienti.minciencias.gov.co/cvlac/visualizador/generarCurriculoCv.do?cod_rh=0000081498,"GrupLAC, censo de integrantes, consultado 2026-09-25; vinculación: 2012/6 - 2015/11",1
I-0000048253,jose carlos romero van-strahlen,0000048253,,,,https://scienti.minciencias.gov.co/cvlac/visualizador/generarCurriculoCv.do?cod_rh=0000048253,"GrupLAC, censo de integrantes, consultado 2026-09-25; vinculación: 2016/2 - 2016/3",1
I-0000710920,Jose Daniel Rojas Manjarrez,0000710920,,,,https://scienti.minciencias.gov.co/cvlac/visualizador/generarCurriculoCv.do?cod_rh=0000710920,"GrupLAC, censo de integrantes, consultado 2026-09-25; vinculación: 2009/9 - 2010/12",1
I-0000023024,JOSE JULIO BARRIGA JIMENEZ,0000023024,,,,https://scienti.minciencias.gov.co/cvlac/visualizador/generarCurriculoCv.do?cod_rh=0000023024,"GrupLAC, censo de integrantes, consultado 2026-09-25; vinculación: 2024/1 - Actual",1
I-0002130101,Jose Luis Ortiz Sarabia,0002130101,,,,https://scienti.minciencias.gov.co/cvlac/visualizador/generarCurriculoCv.do?cod_rh=0002130101,"GrupLAC, censo de integrantes, consultado 2026-09-25; vinculación: 1996/9 - 2010/11",1
I-0000075056,Keila Suarez Bonilla,0000075056,,,,https://scienti.minciencias.gov.co/cvlac/visualizador/generarCurriculoCv.do?cod_rh=0000075056,"GrupLAC, censo de integrantes, consultado 2026-09-25; vinculación: 2016/8 - 2017/6",1
I-0001445010,Kleyder Erley Ramírez Puerta,0001445010,,,,https://scienti.minciencias.gov.co/cvlac/visualizador/generarCurriculoCv.do?cod_rh=0001445010,"GrupLAC, censo de integrantes, consultado 2026-09-25; vinculación: 2013/4 - 2017/12",1
I-0000597287,LAURA MILENA FERNANDEZ VARELA,0000597287,,Investigador Junior (IJ),,https://scienti.minciencias.gov.co/cvlac/visualizador/generarCurriculoCv.do?cod_rh=0000597287,"GrupLAC, censo de integrantes, consultado 2026-09-25; vinculación: 2000/1 - Actual",1
I-0000044925,Luis emilio Gamez RODRIGUEZ,0000044925,,,,https://scienti.minciencias.gov.co/cvlac/visualizador/generarCurriculoCv.do?cod_rh=0000044925,"GrupLAC, censo de integrantes, consultado 2026-09-25; vinculación: 2016/2 - 2018/3",1
I-0000892483,Luis MURGAS TELLEZ,0000892483,,,,https://scienti.minciencias.gov.co/cvlac/visualizador/generarCurriculoCv.do?cod_rh=0000892483,"GrupLAC, censo de integrantes, consultado 2026-09-25; vinculación: 2012/1 - 2013/2",1
I-0000054132,Maria Camila Romero Acosta,0000054132,,,,https://scienti.minciencias.gov.co/cvlac/visualizador/generarCurriculoCv.do?cod_rh=0000054132,"GrupLAC, censo de integrantes, consultado 2026-09-25; vinculación: 2019/1 - Actual",1
I-0002157734,Maria Fernanda Arrieta Berrio,0002157734,,,,https://scienti.minciencias.gov.co/cvlac/visualizador/generarCurriculoCv.do?cod_rh=0002157734,"GrupLAC, censo de integrantes, consultado 2026-09-25; vinculación: 2023/11 - 2024/11",1
I-0001716967,Marisol Cañate Herrera,0001716967,,,,https://scienti.minciencias.gov.co/cvlac/visualizador/generarCurriculoCv.do?cod_rh=0001716967,"GrupLAC, censo de integrantes, consultado 2026-09-25; vinculación: 2019/2 - Actual",1
I-0000051720,MILTON DAVID JIMENEZ SALAS,0000051720,,,,https://scienti.minciencias.gov.co/cvlac/visualizador/generarCurriculoCv.do?cod_rh=0000051720,"GrupLAC, censo de integrantes, consultado 2026-09-25; vinculación: 2016/3 - 2018/12",1
I-0001474003,Nestor armando Hinojosa Borrego,0001474003,,,,https://scienti.minciencias.gov.co/cvlac/visualizador/generarCurriculoCv.do?cod_rh=0001474003,"GrupLAC, censo de integrantes, consultado 2026-09-25; vinculación: 2012/4 - 2013/12",1
I-0000468657,Pablo FERNANDEZ JIMENEZ,0000468657,,,,https://scienti.minciencias.gov.co/cvlac/visualizador/generarCurriculoCv.do?cod_rh=0000468657,"GrupLAC, censo de integrantes, consultado 2026-09-25; vinculación: 2003/11 - 2009/1",1
I-0000710903,Pablo Venecia Lopez,0000710903,,,,https://scienti.minciencias.gov.co/cvlac/visualizador/generarCurriculoCv.do?cod_rh=0000710903,"GrupLAC, censo de integrantes, consultado 2026-09-25; vinculación: 2006/3 - 2012/6",1
I-0001472625,Paola Andrea Rincones Valera,0001472625,,,,https://scienti.minciencias.gov.co/cvlac/visualizador/generarCurriculoCv.do?cod_rh=0001472625,"GrupLAC, censo de integrantes, consultado 2026-09-25; vinculación: 2013/4 - 2017/12",1
I-0001481002,Paola Mildred Cañas Baquero,0001481002,,,,https://scienti.minciencias.gov.co/cvlac/visualizador/generarCurriculoCv.do?cod_rh=0001481002,"GrupLAC, censo de integrantes, consultado 2026-09-25; vinculación: 2012/6 - 2017/12",1
I-0000054856,RAFAEL SANTOS TRUJILLO REINO,0000054856,,,,https://scienti.minciencias.gov.co/cvlac/visualizador/generarCurriculoCv.do?cod_rh=0000054856,"GrupLAC, censo de integrantes, consultado 2026-09-25; vinculación: 2016/4 - 2017/6",1
I-0000108117,Ricardo Cuello Mendoza,0000108117,,,,https://scienti.minciencias.gov.co/cvlac/visualizador/generarCurriculoCv.do?cod_rh=0000108117,"GrupLAC, censo de integrantes, consultado 2026-09-25; vinculación: 2017/4 - 2017/12",1
I-0000059091,Rosa Yolanda López Lemus,0000059091,,,,https://scienti.minciencias.gov.co/cvlac/visualizador/generarCurriculoCv.do?cod_rh=0000059091,"GrupLAC, censo de integrantes, consultado 2026-09-25; vinculación: 2017/3 - Actual",1
I-0000035802,Rosmario Pisciotty Socarras,0000035802,,,,https://scienti.minciencias.gov.co/cvlac/visualizador/generarCurriculoCv.do?cod_rh=0000035802,"GrupLAC, censo de integrantes, consultado 2026-09-25; vinculación: 2019/7 - Actual",1
I-0000051634,Samir Vargas Hernandez,0000051634,,,,https://scienti.minciencias.gov.co/cvlac/visualizador/generarCurriculoCv.do?cod_rh=0000051634,"GrupLAC, censo de integrantes, consultado 2026-09-25; vinculación: 2016/3 - 2016/6",1
I-0001474004,Sindy Johanna Hormechea Garcia,0001474004,,,,https://scienti.minciencias.gov.co/cvlac/visualizador/generarCurriculoCv.do?cod_rh=0001474004,"GrupLAC, censo de integrantes, consultado 2026-09-25; vinculación: 2012/5 - 2013/12",1
I-0000035804,Tatiana carolina Duran cotes,0000035804,,,,https://scienti.minciencias.gov.co/cvlac/visualizador/generarCurriculoCv.do?cod_rh=0000035804,"GrupLAC, censo de integrantes, consultado 2026-09-25; vinculación: 2019/6 - Actual",1
I-0000053438,Wilfrido Andres Borre Ramirez,0000053438,,,,https://scienti.minciencias.gov.co/cvlac/visualizador/generarCurriculoCv.do?cod_rh=0000053438,"GrupLAC, censo de integrantes, consultado 2026-09-25; vinculación: 2016/3 - 2016/11",1
I-0000064452,WILLIAM JOSE OSPINA RIAÑO,0000064452,,,,https://scienti.minciencias.gov.co/cvlac/visualizador/generarCurriculoCv.do?cod_rh=0000064452,"GrupLAC, censo de integrantes, consultado 2026-09-25; vinculación: 2012/6 - 2012/12",1
I-0001347184,Yessica Dayana Martínez González,0001347184,,,,https://scienti.minciencias.gov.co/cvlac/visualizador/generarCurriculoCv.do?cod_rh=0001347184,"GrupLAC, censo de integrantes, consultado 2026-09-25; vinculación: 1996/9 - 2011/10",1
I-0000109922,Yuneidys Karina Cabarca Rincones,0000109922,,,,https://scienti.minciencias.gov.co/cvlac/visualizador/generarCurriculoCv.do?cod_rh=0000109922,"GrupLAC, censo de integrantes, consultado 2026-09-25; vinculación: 2019/2 - Actual",1
I-0001398355,EDWIN IVÁN VÁSQUEZ PINO,0001398355,,,,https://scienti.minciencias.gov.co/cvlac/visualizador/generarCurriculoCv.do?cod_rh=0001398355,"GrupLAC, censo de integrantes, consultado 2026-09-25; vinculación: 2015/1 - Actual",1
I-0002081777,Marcela Paola Torres Guerrero,0002081777,,,,https://scienti.minciencias.gov.co/cvlac/visualizador/generarCurriculoCv.do?cod_rh=0002081777,"GrupLAC, censo de integrantes, consultado 2026-09-25; vinculación: 2021/1 - Actual",1
I-0002236130,ADALBERTO RANGEL RESTREPO,0002236130,,,,https://scienti.minciencias.gov.co/cvlac/visualizador/generarCurriculoCv.do?cod_rh=0002236130,"GrupLAC, censo de integrantes, consultado 2026-09-25; vinculación: 2025/1 - Actual",1
I-0000178650,Adriana Cristina De La Barrera Ruiz,0000178650,,,,https://scienti.minciencias.gov.co/cvlac/visualizador/generarCurriculoCv.do?cod_rh=0000178650,"GrupLAC, censo de integrantes, consultado 2026-09-25; vinculación: 2018/1 - 2018/3",1
I-0002374011,Alexander Villalba Amaya,0002374011,,,,https://scienti.minciencias.gov.co/cvlac/visualizador/generarCurriculoCv.do?cod_rh=0002374011,"GrupLAC, censo de integrantes, consultado 2026-09-25; vinculación: 2025/9 - Actual",1
I-0002017338,Alexandra Pumarejo Mindiola,0002017338,,,,https://scienti.minciencias.gov.co/cvlac/visualizador/generarCurriculoCv.do?cod_rh=0002017338,"GrupLAC, censo de integrantes, consultado 2026-09-25; vinculación: 2024/5 - Actual",1
I-0001398352,ALVARO DE JESUS MENDOZA MONTENEGRO,0001398352,,,,https://scienti.minciencias.gov.co/cvlac/visualizador/generarCurriculoCv.do?cod_rh=0001398352,"GrupLAC, censo de integrantes, consultado 2026-09-25; vinculación: 2017/1 - Actual",1
I-0001389164,Alvaro Osorio Sierra,0001389164,,,,https://scienti.minciencias.gov.co/cvlac/visualizador/generarCurriculoCv.do?cod_rh=0001389164,"GrupLAC, censo de integrantes, consultado 2026-09-25; vinculación: 2024/8 - Actual",1
I-0001911361,Andrea Carolina Castro Salazar,0001911361,,,,https://scienti.minciencias.gov.co/cvlac/visualizador/generarCurriculoCv.do?cod_rh=0001911361,"GrupLAC, censo de integrantes, consultado 2026-09-25; vinculación: 2020/1 - Actual",1
I-0002373283,Andrés Felipe Arce Bolaño,0002373283,,,,https://scienti.minciencias.gov.co/cvlac/visualizador/generarCurriculoCv.do?cod_rh=0002373283,"GrupLAC, censo de integrantes, consultado 2026-09-25; vinculación: 2026/1 - Actual",1
I-0002156903,ANDY ALBERTO SALGADO MONTES,0002156903,,,,https://scienti.minciencias.gov.co/cvlac/visualizador/generarCurriculoCv.do?cod_rh=0002156903,"GrupLAC, censo de integrantes, consultado 2026-09-25; vinculación: 2023/1 - Actual",1
I-0000156935,Angel Alberto Nava Chirinos,0000156935,,Investigador Asociado (I),,https://scienti.minciencias.gov.co/cvlac/visualizador/generarCurriculoCv.do?cod_rh=0000156935,"GrupLAC, censo de integrantes, consultado 2026-09-25; vinculación: 2022/6 - Actual",1
I-0002487475,ANGELA PATRICIA TEJADA RODELO,0002487475,,,,https://scienti.minciencias.gov.co/cvlac/visualizador/generarCurriculoCv.do?cod_rh=0002487475,"GrupLAC, censo de integrantes, consultado 2026-09-25; vinculación: 2026/1 - Actual",1
I-0000121439,ARMANDO DIAZ SALCEDO,0000121439,,,,https://scienti.minciencias.gov.co/cvlac/visualizador/generarCurriculoCv.do?cod_rh=0000121439,"GrupLAC, censo de integrantes, consultado 2026-09-25; vinculación: 2019/2 - Actual",1
I-0000652601,Brillith Isabel FIERRO CUADRO,0000652601,,,,https://scienti.minciencias.gov.co/cvlac/visualizador/generarCurriculoCv.do?cod_rh=0000652601,"GrupLAC, censo de integrantes, consultado 2026-09-25; vinculación: 2014/1 - 2018/12",1
I-0000068791,Carlos Alberto González Quintero,0000068791,,,,https://scienti.minciencias.gov.co/cvlac/visualizador/generarCurriculoCv.do?cod_rh=0000068791,"GrupLAC, censo de integrantes, consultado 2026-09-25; vinculación: 2019/1 - Actual",1
I-0001712402,Carlos Andres Ochoa Triana,0001712402,,,,https://scienti.minciencias.gov.co/cvlac/visualizador/generarCurriculoCv.do?cod_rh=0001712402,"GrupLAC, censo de integrantes, consultado 2026-09-25; vinculación: 2019/1 - 2022/12",1
I-0002497071,Crhistian Bernard Castro,0002497071,,,,https://scienti.minciencias.gov.co/cvlac/visualizador/generarCurriculoCv.do?cod_rh=0002497071,"GrupLAC, censo de integrantes, consultado 2026-09-25; vinculación: 2025/10 - Actual",1
I-0000179789,diana maria bayona carrillo,0000179789,,,,https://scienti.minciencias.gov.co/cvlac/visualizador/generarCurriculoCv.do?cod_rh=0000179789,"GrupLAC, censo de integrantes, consultado 2026-09-25; vinculación: 2017/2 - 2017/12",1
I-0000116634,Edwin David Zuluaga Zuluaga,0000116634,,,,https://scienti.minciencias.gov.co/cvlac/visualizador/generarCurriculoCv.do?cod_rh=0000116634,"GrupLAC, censo de integrantes, consultado 2026-09-25; vinculación: 2015/2 - 2017/12",1
I-0001696341,EIDER JAVIER NUNEZ PEREZ,0001696341,,,,https://scienti.minciencias.gov.co/cvlac/visualizador/generarCurriculoCv.do?cod_rh=0001696341,"GrupLAC, censo de integrantes, consultado 2026-09-25; vinculación: 2019/1 - Actual",1
I-0002152450,Elermes Montero Moron,0002152450,,,,https://scienti.minciencias.gov.co/cvlac/visualizador/generarCurriculoCv.do?cod_rh=0002152450,"GrupLAC, censo de integrantes, consultado 2026-09-25; vinculación: 2024/1 - Actual",1
I-0002159911,Elver Arce Bolaño,0002159911,,,,https://scienti.minciencias.gov.co/cvlac/visualizador/generarCurriculoCv.do?cod_rh=0002159911,"GrupLAC, censo de integrantes, consultado 2026-09-25; vinculación: 2024/1 - Actual",1
I-0001911337,ENOC DANIEL MANOTAS PIZARRO,0001911337,,,,https://scienti.minciencias.gov.co/cvlac/visualizador/generarCurriculoCv.do?cod_rh=0001911337,"GrupLAC, censo de integrantes, consultado 2026-09-25; vinculación: 2020/1 - Actual",1
I-0000168275,ESPERANZA HINCAPIE MORALES,0000168275,,,,https://scienti.minciencias.gov.co/cvlac/visualizador/generarCurriculoCv.do?cod_rh=0000168275,"GrupLAC, censo de integrantes, consultado 2026-09-25; vinculación: 2019/1 - Actual",1
I-0001590356,EVER JAFET AHUMADA MUÑOZ,0001590356,,,,https://scienti.minciencias.gov.co/cvlac/visualizador/generarCurriculoCv.do?cod_rh=0001590356,"GrupLAC, censo de integrantes, consultado 2026-09-25; vinculación: 2017/2 - Actual",1
I-0000167057,FATIMA DEL ROSARIO BOLAÑO MENDOZA,0000167057,,,,https://scienti.minciencias.gov.co/cvlac/visualizador/generarCurriculoCv.do?cod_rh=0000167057,"GrupLAC, censo de integrantes, consultado 2026-09-25; vinculación: 2017/2 - 2022/12",1
I-0000576956,Frankis De Jesus Vanegas Romero,0000576956,,,,https://scienti.minciencias.gov.co/cvlac/visualizador/generarCurriculoCv.do?cod_rh=0000576956,"GrupLAC, censo de integrantes, consultado 2026-09-25; vinculación: 2021/1 - Actual",1
I-0000050808,GREGORIA ESTHER DE ARMAS DE LA ROSA,0000050808,,,,https://scienti.minciencias.gov.co/cvlac/visualizador/generarCurriculoCv.do?cod_rh=0000050808,"GrupLAC, censo de integrantes, consultado 2026-09-25; vinculación: 2021/1 - Actual",1
I-0001421976,Gustavo Eduardo Arengas Reinés,0001421976,,,,https://scienti.minciencias.gov.co/cvlac/visualizador/generarCurriculoCv.do?cod_rh=0001421976,"GrupLAC, censo de integrantes, consultado 2026-09-25; vinculación: 2023/1 - Actual",1
I-0002357419,HECTOR EMILIO BOHORQUEZ CASTELLANOS,0002357419,,,,https://scienti.minciencias.gov.co/cvlac/visualizador/generarCurriculoCv.do?cod_rh=0002357419,"GrupLAC, censo de integrantes, consultado 2026-09-25; vinculación: 2025/10 - Actual",1
I-0002489760,HEINER ALBERTO ARAUJO TAFUR,0002489760,,,,https://scienti.minciencias.gov.co/cvlac/visualizador/generarCurriculoCv.do?cod_rh=0002489760,"GrupLAC, censo de integrantes, consultado 2026-09-25; vinculación: 2025/11 - Actual",1
I-0001842867,Huberts Andres Montaño Quintero,0001842867,,,,https://scienti.minciencias.gov.co/cvlac/visualizador/generarCurriculoCv.do?cod_rh=0001842867,"GrupLAC, censo de integrantes, consultado 2026-09-25; vinculación: 2024/6 - Actual",1
I-0001710557,IDIANIS BOLAÑO MONTERO,0001710557,,,,https://scienti.minciencias.gov.co/cvlac/visualizador/generarCurriculoCv.do?cod_rh=0001710557,"GrupLAC, censo de integrantes, consultado 2026-09-25; vinculación: 2019/2 - Actual",1
I-0002482156,isabel zuñiga quintana,0002482156,,,,https://scienti.minciencias.gov.co/cvlac/visualizador/generarCurriculoCv.do?cod_rh=0002482156,"GrupLAC, censo de integrantes, consultado 2026-09-25; vinculación: 2026/1 - Actual",1
I-0000019175,JACIB DE JESUS FREILE ACOSTA,0000019175,,Investigador Junior (IJ),,https://scienti.minciencias.gov.co/cvlac/visualizador/generarCurriculoCv.do?cod_rh=0000019175,"GrupLAC, censo de integrantes, consultado 2026-09-25; vinculación: 2025/1 - Actual",1
I-0000081202,JAIDER EDUARDO NAVARRO BARRETO,0000081202,,,,https://scienti.minciencias.gov.co/cvlac/visualizador/generarCurriculoCv.do?cod_rh=0000081202,"GrupLAC, censo de integrantes, consultado 2026-09-25; vinculación: 2015/2 - 2017/12",1
I-0000161224,JANET MONTERO MORON,0000161224,,Investigador Junior (IJ),,https://scienti.minciencias.gov.co/cvlac/visualizador/generarCurriculoCv.do?cod_rh=0000161224,"GrupLAC, censo de integrantes, consultado 2026-09-25; vinculación: 2021/1 - Actual",1
I-0001911438,jhon fredy socarraz lopez,0001911438,,,,https://scienti.minciencias.gov.co/cvlac/visualizador/generarCurriculoCv.do?cod_rh=0001911438,"GrupLAC, censo de integrantes, consultado 2026-09-25; vinculación: 2020/1 - Actual",1
I-0000022016,JORGE ALBERTO LIZARAZO BASTO,0000022016,,,,https://scienti.minciencias.gov.co/cvlac/visualizador/generarCurriculoCv.do?cod_rh=0000022016,"GrupLAC, censo de integrantes, consultado 2026-09-25; vinculación: 2017/2 - 2017/12",1
I-0000063817,Jorge Armando Palencia Cataño,0000063817,,,,https://scienti.minciencias.gov.co/cvlac/visualizador/generarCurriculoCv.do?cod_rh=0000063817,"GrupLAC, censo de integrantes, consultado 2026-09-25; vinculación: 2016/2 - 2018/12",1
I-0001747718,JORGE IVÁN HINOJOSA CALDERÓN,0001747718,,,,https://scienti.minciencias.gov.co/cvlac/visualizador/generarCurriculoCv.do?cod_rh=0001747718,"GrupLAC, censo de integrantes, consultado 2026-09-25; vinculación: 2024/11 - Actual",1
I-0001651663,JOSE ALFREDO VASQUEZ PEREZ,0001651663,,,,https://scienti.minciencias.gov.co/cvlac/visualizador/generarCurriculoCv.do?cod_rh=0001651663,"GrupLAC, censo de integrantes, consultado 2026-09-25; vinculación: 2019/1 - 2019/1",1
I-0002061708,José Carlos Fragoso Soto,0002061708,,,,https://scienti.minciencias.gov.co/cvlac/visualizador/generarCurriculoCv.do?cod_rh=0002061708,"GrupLAC, censo de integrantes, consultado 2026-09-25; vinculación: 2023/1 - Actual",1
I-0002122856,JOSE CARLOS PEREZ PAEZ,0002122856,,,,https://scienti.minciencias.gov.co/cvlac/visualizador/generarCurriculoCv.do?cod_rh=0002122856,"GrupLAC, censo de integrantes, consultado 2026-09-25; vinculación: 2024/6 - Actual",1
I-0000055939,José Carlos Rodríguez Gómez,0000055939,,,,https://scienti.minciencias.gov.co/cvlac/visualizador/generarCurriculoCv.do?cod_rh=0000055939,"GrupLAC, censo de integrantes, consultado 2026-09-25; vinculación: 2016/1 - 2018/12",1
I-0002158558,Kelvin Duvan Contrera Fernandez,0002158558,,,,https://scienti.minciencias.gov.co/cvlac/visualizador/generarCurriculoCv.do?cod_rh=0002158558,"GrupLAC, censo de integrantes, consultado 2026-09-25; vinculación: 2024/1 - Actual",1
I-0002176452,LAURA MARCELA CASTRO CASTILLA,0002176452,,,,https://scienti.minciencias.gov.co/cvlac/visualizador/generarCurriculoCv.do?cod_rh=0002176452,"GrupLAC, censo de integrantes, consultado 2026-09-25; vinculación: 2024/2 - Actual",1
I-0001729038,laura Maria Calderón Mendoza,0001729038,,,,https://scienti.minciencias.gov.co/cvlac/visualizador/generarCurriculoCv.do?cod_rh=0001729038,"GrupLAC, censo de integrantes, consultado 2026-09-25; vinculación: 2024/1 - Actual",1
I-0001393644,Leiner Alberto Diaz Oñate,0001393644,,,,https://scienti.minciencias.gov.co/cvlac/visualizador/generarCurriculoCv.do?cod_rh=0001393644,"GrupLAC, censo de integrantes, consultado 2026-09-25; vinculación: 2023/6 - Actual",1
I-0001465682,Liliana Paola Lopez Muñoz,0001465682,,,,https://scienti.minciencias.gov.co/cvlac/visualizador/generarCurriculoCv.do?cod_rh=0001465682,"GrupLAC, censo de integrantes, consultado 2026-09-25; vinculación: 2020/1 - 2020/12",1
I-0002482163,Lisbeth Lorena Olivella Mejia,0002482163,,,,https://scienti.minciencias.gov.co/cvlac/visualizador/generarCurriculoCv.do?cod_rh=0002482163,"GrupLAC, censo de integrantes, consultado 2026-09-25; vinculación: 2026/1 - Actual",1
I-0002176473,LORENA BERMUDEZ LOAIZA,0002176473,,,,https://scienti.minciencias.gov.co/cvlac/visualizador/generarCurriculoCv.do?cod_rh=0002176473,"GrupLAC, censo de integrantes, consultado 2026-09-25; vinculación: 2023/1 - Actual",1
I-0001519770,luis carlos padilla cordoba,0001519770,,,,https://scienti.minciencias.gov.co/cvlac/visualizador/generarCurriculoCv.do?cod_rh=0001519770,"GrupLAC, censo de integrantes, consultado 2026-09-25; vinculación: 2014/1 - Actual",1
I-0002130981,LUIS RODRIGO AROCA MARTINEZ,0002130981,,,,https://scienti.minciencias.gov.co/cvlac/visualizador/generarCurriculoCv.do?cod_rh=0002130981,"GrupLAC, censo de integrantes, consultado 2026-09-25; vinculación: 2025/7 - Actual",1
I-0001687752,Luz Mary Bastidas Castro,0001687752,,,,https://scienti.minciencias.gov.co/cvlac/visualizador/generarCurriculoCv.do?cod_rh=0001687752,"GrupLAC, censo de integrantes, consultado 2026-09-25; vinculación: 2021/1 - Actual",1
I-0000761435,Luz Myriam Simanca San Juan,0000761435,,,,https://scienti.minciencias.gov.co/cvlac/visualizador/generarCurriculoCv.do?cod_rh=0000761435,"GrupLAC, censo de integrantes, consultado 2026-09-25; vinculación: 2020/1 - 2020/12",1
I-0001774860,María Fernanda López Muegues,0001774860,,,,https://scienti.minciencias.gov.co/cvlac/visualizador/generarCurriculoCv.do?cod_rh=0001774860,"GrupLAC, censo de integrantes, consultado 2026-09-25; vinculación: 2020/1 - Actual",1
I-0001774961,Maria Fernanda Torres Guerrero,0001774961,,,,https://scienti.minciencias.gov.co/cvlac/visualizador/generarCurriculoCv.do?cod_rh=0001774961,"GrupLAC, censo de integrantes, consultado 2026-09-25; vinculación: 2020/1 - Actual",1
I-0001651462,MARLEN EDITH CARDOZA GONZALEZ,0001651462,,,,https://scienti.minciencias.gov.co/cvlac/visualizador/generarCurriculoCv.do?cod_rh=0001651462,"GrupLAC, censo de integrantes, consultado 2026-09-25; vinculación: 2019/1 - 2019/1",1
I-0000097275,MARLON LOPEZ DE CASTRO,0000097275,,Investigador Junior (IJ),,https://scienti.minciencias.gov.co/cvlac/visualizador/generarCurriculoCv.do?cod_rh=0000097275,"GrupLAC, censo de integrantes, consultado 2026-09-25; vinculación: 2015/2 - Actual",1
I-0000181771,MILANGELA DEL CARMEN ROMERO VELASQUEZ,0000181771,,,,https://scienti.minciencias.gov.co/cvlac/visualizador/generarCurriculoCv.do?cod_rh=0000181771,"GrupLAC, censo de integrantes, consultado 2026-09-25; vinculación: 2022/6 - Actual",1
I-0000121438,MILTON JESUS BOLAÑO VALDEZ,0000121438,,,,https://scienti.minciencias.gov.co/cvlac/visualizador/generarCurriculoCv.do?cod_rh=0000121438,"GrupLAC, censo de integrantes, consultado 2026-09-25; vinculación: 2023/7 - Actual",1
I-0002454620,RODOLFO CARLOS RODRIGUEZ DIAZ,0002454620,,,,https://scienti.minciencias.gov.co/cvlac/visualizador/generarCurriculoCv.do?cod_rh=0002454620,"GrupLAC, censo de integrantes, consultado 2026-09-25; vinculación: 2025/1 - Actual",1
I-0000055102,RODRIGO ROJAS RODRIGUEZ,0000055102,,,,https://scienti.minciencias.gov.co/cvlac/visualizador/generarCurriculoCv.do?cod_rh=0000055102,"GrupLAC, censo de integrantes, consultado 2026-09-25; vinculación: 2019/1 - 2019/1",1
I-0001427814,Roger David Cervantes Ardila,0001427814,,,,https://scienti.minciencias.gov.co/cvlac/visualizador/generarCurriculoCv.do?cod_rh=0001427814,"GrupLAC, censo de integrantes, consultado 2026-09-25; vinculación: 2019/1 - Actual",1
I-0001270788,Royman GUAO SAMPER,0001270788,,,,https://scienti.minciencias.gov.co/cvlac/visualizador/generarCurriculoCv.do?cod_rh=0001270788,"GrupLAC, censo de integrantes, consultado 2026-09-25; vinculación: 2019/1 - 2019/1",1
I-0002181967,SABAS ANTONIO VEGA MEJIA,0002181967,,,,https://scienti.minciencias.gov.co/cvlac/visualizador/generarCurriculoCv.do?cod_rh=0002181967,"GrupLAC, censo de integrantes, consultado 2026-09-25; vinculación: 2023/3 - Actual",1
I-0002032576,Sandra Milena Castillo Saravia,0002032576,,,,https://scienti.minciencias.gov.co/cvlac/visualizador/generarCurriculoCv.do?cod_rh=0002032576,"GrupLAC, censo de integrantes, consultado 2026-09-25; vinculación: 2022/8 - Actual",1
I-0001487757,SANDRA MILENA MORELO PEREZ,0001487757,,,,https://scienti.minciencias.gov.co/cvlac/visualizador/generarCurriculoCv.do?cod_rh=0001487757,"GrupLAC, censo de integrantes, consultado 2026-09-25; vinculación: 2015/2 - 2018/12",1
I-0001657125,SHIRLEY CECILIA PALACIOS CORDOBA,0001657125,,,,https://scienti.minciencias.gov.co/cvlac/visualizador/generarCurriculoCv.do?cod_rh=0001657125,"GrupLAC, censo de integrantes, consultado 2026-09-25; vinculación: 2019/1 - 2019/1",1
I-0000186728,Tirso Raul Maya Fierro,0000186728,,,,https://scienti.minciencias.gov.co/cvlac/visualizador/generarCurriculoCv.do?cod_rh=0000186728,"GrupLAC, censo de integrantes, consultado 2026-09-25; vinculación: 2021/1 - Actual",1
I-0000055918,Wendy paola Ochoa Gomez,0000055918,,,,https://scienti.minciencias.gov.co/cvlac/visualizador/generarCurriculoCv.do?cod_rh=0000055918,"GrupLAC, censo de integrantes, consultado 2026-09-25; vinculación: 2016/1 - Actual",1
I-0001460183,Eileen Katerine Henriquez ALMENDRALES,0001460183,,,,https://scienti.minciencias.gov.co/cvlac/visualizador/generarCurriculoCv.do?cod_rh=0001460183,"GrupLAC, censo de integrantes, consultado 2026-09-25; vinculación: 2023/8 - Actual",1
I-0000133116,HERNAN ANTONIO GOMEZ CASTILLA,0000133116,,,,https://scienti.minciencias.gov.co/cvlac/visualizador/generarCurriculoCv.do?cod_rh=0000133116,"GrupLAC, censo de integrantes, consultado 2026-09-25; vinculación: 2024/1 - Actual",1
I-0000157159,WILFRIDO GODOY RAMIREZ,0000157159,,,,https://scienti.minciencias.gov.co/cvlac/visualizador/generarCurriculoCv.do?cod_rh=0000157159,"GrupLAC, censo de integrantes, consultado 2026-09-25; vinculación: 2022/1 - Actual",1
I-0000400700,FRANCIA ESTHER HERRERA SALAZAR,0000400700,,,,https://scienti.minciencias.gov.co/cvlac/visualizador/generarCurriculoCv.do?cod_rh=0000400700,"GrupLAC, censo de integrantes, consultado 2026-09-25; vinculación: 2000/12 - Actual",1
I-0000410098,Marina Sanchez Sanabria,0000410098,,Investigador Junior (IJ),,https://scienti.minciencias.gov.co/cvlac/visualizador/generarCurriculoCv.do?cod_rh=0000410098,"GrupLAC, censo de integrantes, consultado 2026-09-25; vinculación: 2000/12 - Actual",1
I-0001372505,DANNY FERNANDO CADENA HERRERA,0001372505,,,,https://scienti.minciencias.gov.co/cvlac/visualizador/generarCurriculoCv.do?cod_rh=0001372505,"GrupLAC, censo de integrantes, consultado 2026-09-25; vinculación: 2011/8 - Actual",1
I-0000551007,Eliana Sofía Monroy Muñoz,0000551007,,,,https://scienti.minciencias.gov.co/cvlac/visualizador/generarCurriculoCv.do?cod_rh=0000551007,"GrupLAC, censo de integrantes, consultado 2026-09-25; vinculación: 2019/11 - Actual",1
I-0001478748,Elvia Patricia Barrios Castro,0001478748,,,,https://scienti.minciencias.gov.co/cvlac/visualizador/generarCurriculoCv.do?cod_rh=0001478748,"GrupLAC, censo de integrantes, consultado 2026-09-25; vinculación: 2012/10 - 2016/8",1
I-0001436295,GÈNESIS PAOLA SOTO FRAGOZO,0001436295,,,,https://scienti.minciencias.gov.co/cvlac/visualizador/generarCurriculoCv.do?cod_rh=0001436295,"GrupLAC, censo de integrantes, consultado 2026-09-25; vinculación: 2012/7 - 2014/9",1
I-0000009681,JESUS EMILIO CARDENAS MOLINA,0000009681,,,,https://scienti.minciencias.gov.co/cvlac/visualizador/generarCurriculoCv.do?cod_rh=0000009681,"GrupLAC, censo de integrantes, consultado 2026-09-25; vinculación: 2013/7 - 2020/1",1
I-0000152175,Leydi Lorena Quintero Paz,0000152175,,,,https://scienti.minciencias.gov.co/cvlac/visualizador/generarCurriculoCv.do?cod_rh=0000152175,"GrupLAC, censo de integrantes, consultado 2026-09-25; vinculación: 2019/2 - 2019/12",1
I-0000410179,Mariemma SOCARRAS VEGA,0000410179,,,,https://scienti.minciencias.gov.co/cvlac/visualizador/generarCurriculoCv.do?cod_rh=0000410179,"GrupLAC, censo de integrantes, consultado 2026-09-25; vinculación: 2000/12 - Actual",1
I-0001422378,MARJORIE SARETH RAMIREZ PAEZ,0001422378,,,,https://scienti.minciencias.gov.co/cvlac/visualizador/generarCurriculoCv.do?cod_rh=0001422378,"GrupLAC, censo de integrantes, consultado 2026-09-25; vinculación: 2010/7 - 2012/7",1
I-0000577111,Roberto DAZA SUAREZ,0000577111,,,,https://scienti.minciencias.gov.co/cvlac/visualizador/generarCurriculoCv.do?cod_rh=0000577111,"GrupLAC, censo de integrantes, consultado 2026-09-25; vinculación: 2000/12 - 2007/12",1
I-0001434927,Rosina Margarita Torres Del Guercio,0001434927,,,,https://scienti.minciencias.gov.co/cvlac/visualizador/generarCurriculoCv.do?cod_rh=0001434927,"GrupLAC, censo de integrantes, consultado 2026-09-25; vinculación: 2011/9 - 2012/12",1
I-0001436294,ROSMERY TRIANA CORTES,0001436294,,,,https://scienti.minciencias.gov.co/cvlac/visualizador/generarCurriculoCv.do?cod_rh=0001436294,"GrupLAC, censo de integrantes, consultado 2026-09-25; vinculación: 2012/8 - 2015/11",1
I-0001478768,Roxana Ines Buelvas Meza,0001478768,,,,https://scienti.minciencias.gov.co/cvlac/visualizador/generarCurriculoCv.do?cod_rh=0001478768,"GrupLAC, censo de integrantes, consultado 2026-09-25; vinculación: 2012/10 - 2015/12",1
I-0001422379,YOSELIN CECILIA CUELLO ROSADO,0001422379,,,,https://scienti.minciencias.gov.co/cvlac/visualizador/generarCurriculoCv.do?cod_rh=0001422379,"GrupLAC, censo de integrantes, consultado 2026-09-25; vinculación: 2010/7 - 2012/7",1
I-0001436291,YUNIS ELAISA ORCINE MESTRE,0001436291,,,,https://scienti.minciencias.gov.co/cvlac/visualizador/generarCurriculoCv.do?cod_rh=0001436291,"GrupLAC, censo de integrantes, consultado 2026-09-25; vinculación: 2012/10 - 2014/9",1
I-0002528635,Andrea Paola Osorio Parada,0002528635,,,,https://scienti.minciencias.gov.co/cvlac/visualizador/generarCurriculoCv.do?cod_rh=0002528635,"GrupLAC, censo de integrantes, consultado 2026-09-25; vinculación: 2025/1 - Actual",1
I-0000150928,DEIDER ALFONSO DIAZ VERGEL,0000150928,,,,https://scienti.minciencias.gov.co/cvlac/visualizador/generarCurriculoCv.do?cod_rh=0000150928,"GrupLAC, censo de integrantes, consultado 2026-09-25; vinculación: 2023/2 - Actual",1
I-0001926774,Edgardo Lozano Niz,0001926774,,,,https://scienti.minciencias.gov.co/cvlac/visualizador/generarCurriculoCv.do?cod_rh=0001926774,"GrupLAC, censo de integrantes, consultado 2026-09-25; vinculación: 2026/1 - Actual",1
I-0000961884,JOSE JAVIER CASTILLA CORDOBA,0000961884,,,,https://scienti.minciencias.gov.co/cvlac/visualizador/generarCurriculoCv.do?cod_rh=0000961884,"GrupLAC, censo de integrantes, consultado 2026-09-25; vinculación: 2026/1 - Actual",1
I-0002514652,leidy andrea badillo cobos,0002514652,,,,https://scienti.minciencias.gov.co/cvlac/visualizador/generarCurriculoCv.do?cod_rh=0002514652,"GrupLAC, censo de integrantes, consultado 2026-09-25; vinculación: 2025/1 - Actual",1
I-0002173630,Luis Fernando López Uribe,0002173630,,,,https://scienti.minciencias.gov.co/cvlac/visualizador/generarCurriculoCv.do?cod_rh=0002173630,"GrupLAC, censo de integrantes, consultado 2026-09-25; vinculación: 2025/1 - Actual",1
I-0002381132,Xiomara Daniela González Mendoza,0002381132,,,,https://scienti.minciencias.gov.co/cvlac/visualizador/generarCurriculoCv.do?cod_rh=0002381132,"GrupLAC, censo de integrantes, consultado 2026-09-25; vinculación: 2025/2 - Actual",1
I-0002092856,Yullieth Patricia Galvis Ramos,0002092856,,,,https://scienti.minciencias.gov.co/cvlac/visualizador/generarCurriculoCv.do?cod_rh=0002092856,"GrupLAC, censo de integrantes, consultado 2026-09-25; vinculación: 2021/12 - Actual",1
