grupo_id,investigador_id,rol,inicio,fin,activo
G-00000000000900,I-0000009747,Integrante · 2011/2 - Actual,,,1
G-00000000000900,I-0000010582,Integrante · 2011/2 - 2015/1,,,0
G-00000000000900,I-0000015878,Integrante · 2011/2 - 2017/2,,,0
G-00000000000900,I-0000019557,Integrante · 2011/4 - 2015/2,,,0
G-00000000000900,I-0000019613,Integrante · 2011/2 - 2016/2,,,0
G-00000000000900,I-0000020067,Integrante · 2017/2 - 2017/12,,,0
G-00000000000900,I-0000038036,Integrante · 2019/8 - Actual,,,1
G-00000000000900,I-0000051179,Integrante · 2022/8 - Actual,,,1
G-00000000000900,I-0000056136,Integrante · 2025/1 - Actual,,,1
G-00000000000900,I-0000066713,Integrante · 2020/12 - Actual,,,1
G-00000000000900,I-0000073188,Integrante · 2014/1 - 2017/1,,,0
G-00000000000900,I-0000074315,Integrante · 2019/11 - Actual,,,1
G-00000000000900,I-0000074929,Integrante · 2021/1 - Actual,,,1
G-00000000000900,I-0000089193,Integrante · 2018/10 - Actual,,,1
G-00000000000900,I-0000100666,Integrante · 2017/5 - Actual,,,1
G-00000000000900,I-0000102031,Integrante · 2023/1 - Actual,,,1
G-00000000000900,I-0000103480,Integrante · 2017/2 - Actual,,,1
G-00000000000900,I-0000103485,Integrante · 2016/8 - Actual,,,1
G-00000000000900,I-0000103486,Integrante · 2017/2 - Actual,,,1
G-00000000000900,I-0000131907,Integrante · 2023/2 - Actual,,,1
G-00000000000900,I-0000142416,Integrante · 2017/2 - 2018/2,,,0
G-00000000000900,I-0000142473,Integrante · 2017/2 - 2018/2,,,0
G-00000000000900,I-0000142842,Integrante · 2017/2 - 2018/2,,,0
G-00000000000900,I-0000142933,Integrante · 2017/2 - 2018/2,,,0
G-00000000000900,I-0000142942,Integrante · 2021/1 - Actual,,,1
G-00000000000900,I-0000143326,Integrante · 2017/2 - 2018/2,,,0
G-00000000000900,I-0000143470,Integrante · 2017/2 - 2018/2,,,0
G-00000000000900,I-0000143662,Integrante · 2017/2 - 2018/2,,,0
G-00000000000900,I-0000143709,Integrante · 2017/2 - 2018/2,,,0
G-00000000000900,I-0000143710,Integrante · 2017/2 - 2018/2,,,0
G-00000000000900,I-0000143717,Integrante · 2017/2 - 2018/2,,,0
G-00000000000900,I-0000143749,Integrante · 2017/2 - 2018/2,,,0
G-00000000000900,I-0000143791,Integrante · 2017/2 - 2018/2,,,0
G-00000000000900,I-0000144040,Integrante · 2017/2 - 2018/2,,,0
G-00000000000900,I-0000144068,Integrante · 2017/2 - 2018/2,,,0
G-00000000000900,I-0000144512,Integrante · 2017/2 - 2018/2,,,0
G-00000000000900,I-0000145332,Integrante · 2017/2 - 2018/2,,,0
G-00000000000900,I-0000145546,Integrante · 2017/2 - 2018/2,,,0
G-00000000000900,I-0000145559,Integrante · 2017/2 - 2018/2,,,0
G-00000000000900,I-0000146649,Integrante · 2017/2 - 2018/2,,,0
G-00000000000900,I-0000146654,Integrante · 2017/2 - 2018/2,,,0
G-00000000000900,I-0000147537,Integrante · 2017/2 - 2018/2,,,0
G-00000000000900,I-0000147830,Integrante · 2017/4 - 2018/2,,,0
G-00000000000900,I-0000148258,Integrante · 2026/1 - Actual,,,1
G-00000000000900,I-0000148294,Integrante · 2017/2 - 2018/2,,,0
G-00000000000900,I-0000148662,Integrante · 2017/2 - 2018/2,,,0
G-00000000000900,I-0000148663,Integrante · 2017/2 - 2018/2,,,0
G-00000000000900,I-0000148944,Integrante · 2023/2 - Actual,,,1
G-00000000000900,I-0000149280,Integrante · 2017/8 - 2018/3,,,0
G-00000000000900,I-0000149681,Integrante · 2017/2 - 2018/2,,,0
G-00000000000900,I-0000149689,Integrante · 2017/2 - 2018/2,,,0
G-00000000000900,I-0000149697,Integrante · 2018/3 - 2018/12,,,0
G-00000000000900,I-0000158588,Integrante · 2016/2 - 2018/2,,,0
G-00000000000900,I-0000167977,Integrante · 2023/5 - Actual,,,1
G-00000000000900,I-0000183412,Integrante · 2018/3 - 2018/12,,,0
G-00000000000900,I-0000185854,Integrante · 2019/11 - Actual,,,1
G-00000000000900,I-0000197840,Integrante · 2003/8 - 2018/2,,,0
G-00000000000900,I-0000336777,Integrante · 2000/1 - Actual,,,1
G-00000000000900,I-0000391050,Integrante · 2004/5 - Actual,,,1
G-00000000000900,I-0000393932,Integrante · 2004/6 - Actual,,,1
G-00000000000900,I-0000395536,Integrante · 2015/1 - 2015/6,,,0
G-00000000000900,I-0000421294,Integrante · 2009/5 - Actual,,,1
G-00000000000900,I-0000421901,Integrante · 2022/2 - Actual,,,1
G-00000000000900,I-0000511110,Integrante · 2019/1 - Actual,,,1
G-00000000000900,I-0000512974,Integrante · 2025/2 - Actual,,,1
G-00000000000900,I-0000523852,Integrante · 2004/6 - 2017/2,,,0
G-00000000000900,I-0000548723,Integrante · 2018/9 - Actual,,,1
G-00000000000900,I-0000549851,Integrante · 2009/2 - 2018/2,,,0
G-00000000000900,I-0000551767,Integrante · 2009/2 - 2013/6,,,0
G-00000000000900,I-0000559296,Integrante · 2009/1 - 2014/2,,,0
G-00000000000900,I-0000568953,Integrante · 2003/5 - Actual,,,1
G-00000000000900,I-0000572489,Integrante · 2024/1 - Actual,,,1
G-00000000000900,I-0000579696,Integrante · 2009/1 - Actual,,,1
G-00000000000900,I-0000589292,Integrante · 2004/1 - Actual,,,1
G-00000000000900,I-0000591564,Integrante · 2021/1 - Actual,,,1
G-00000000000900,I-0000591963,Integrante · 2013/3 - Actual,,,1
G-00000000000900,I-0000597805,Integrante · 2014/1 - Actual,,,1
G-00000000000900,I-0000602272,Integrante · 2019/1 - Actual,,,1
G-00000000000900,I-0000635731,Integrante · 2023/5 - Actual,,,1
G-00000000000900,I-0000651974,Integrante · 2016/2 - Actual,,,1
G-00000000000900,I-0000688487,Integrante · 2013/4 - Actual,,,1
G-00000000000900,I-0000731374,Integrante · 2019/1 - Actual,,,1
G-00000000000900,I-0000871516,Integrante · 2017/4 - 2018/2,,,0
G-00000000000900,I-0000939951,Integrante · 2013/3 - Actual,,,1
G-00000000000900,I-0000946265,Integrante · 2014/1 - 2018/2,,,0
G-00000000000900,I-0000967130,Integrante · 2009/8 - 2015/1,,,0
G-00000000000900,I-0000983250,Integrante · 2022/2 - Actual,,,1
G-00000000000900,I-0000984264,Integrante · 2006/3 - 2011/1,,,0
G-00000000000900,I-0001060368,Integrante · 2012/1 - Actual,,,1
G-00000000000900,I-0001149865,Integrante · 2016/1 - 2023/6,,,0
G-00000000000900,I-0001171739,Integrante · 2019/11 - Actual,,,1
G-00000000000900,I-0001238434,Integrante · 2023/2 - Actual,,,1
G-00000000000900,I-0001318241,Integrante · 2022/3 - Actual,,,1
G-00000000000900,I-0001375705,Integrante · 2021/6 - Actual,,,1
G-00000000000900,I-0001381258,Integrante · 2023/2 - Actual,,,1
G-00000000000900,I-0001390613,Integrante · 2019/1 - Actual,,,1
G-00000000000900,I-0001397561,Integrante · 2011/11 - 2018/2,,,0
G-00000000000900,I-0001398898,Integrante · 2009/3 - Actual,,,1
G-00000000000900,I-0001399011,Integrante · 2023/2 - Actual,,,1
G-00000000000900,I-0001399497,Integrante · 2014/2 - Actual,,,1
G-00000000000900,I-0001399719,Integrante · 2011/10 - 2017/3,,,0
G-00000000000900,I-0001399724,Integrante · 2011/10 - Actual,,,1
G-00000000000900,I-0001400071,Integrante · 2015/2 - Actual,,,1
G-00000000000900,I-0001400361,Integrante · 2023/9 - Actual,,,1
G-00000000000900,I-0001401829,Integrante · 2019/11 - Actual,,,1
G-00000000000900,I-0001402620,Integrante · 2011/5 - 2016/2,,,0
G-00000000000900,I-0001403108,Integrante · 2011/5 - 2018/2,,,0
G-00000000000900,I-0001403109,Integrante · 2011/5 - 2018/2,,,0
G-00000000000900,I-0001403123,Integrante · 2011/5 - 2019/2,,,0
G-00000000000900,I-0001403125,Integrante · 2011/5 - 2018/2,,,0
G-00000000000900,I-0001403130,Integrante · 2011/5 - 2018/2,,,0
G-00000000000900,I-0001405405,Integrante · 2014/2 - Actual,,,1
G-00000000000900,I-0001405879,Integrante · 2009/1 - 2018/2,,,0
G-00000000000900,I-0001408571,Integrante · 2023/2 - Actual,,,1
G-00000000000900,I-0001410514,Integrante · 2025/2 - Actual,,,1
G-00000000000900,I-0001411123,Integrante · 2019/8 - Actual,,,1
G-00000000000900,I-0001412171,Integrante · 2024/1 - Actual,,,1
G-00000000000900,I-0001412557,Integrante · 2024/2 - Actual,,,1
G-00000000000900,I-0001413324,Integrante · 2023/2 - Actual,,,1
G-00000000000900,I-0001413326,Integrante · 2025/1 - Actual,,,1
G-00000000000900,I-0001413332,Integrante · 2023/2 - Actual,,,1
G-00000000000900,I-0001415131,Integrante · 2023/2 - Actual,,,1
G-00000000000900,I-0001415487,Integrante · 2017/2 - Actual,,,1
G-00000000000900,I-0001424349,Integrante · 2018/4 - Actual,,,1
G-00000000000900,I-0001424806,Integrante · 2011/6 - 2011/6,,,0
G-00000000000900,I-0001425762,Integrante · 2025/2 - Actual,,,1
G-00000000000900,I-0001426491,Integrante · 2011/1 - 2015/3,,,0
G-00000000000900,I-0001426495,Integrante · 2011/1 - 2017/2,,,0
G-00000000000900,I-0001426516,Integrante · 2011/1 - 2017/2,,,0
G-00000000000900,I-0001426664,Integrante · 2009/1 - 2014/3,,,0
G-00000000000900,I-0001440976,Integrante · 2024/2 - Actual,,,1
G-00000000000900,I-0001443489,Integrante · 2012/4 - 2016/2,,,0
G-00000000000900,I-0001449255,Integrante · 2022/2 - Actual,,,1
G-00000000000900,I-0001449261,Integrante · 2025/2 - Actual,,,1
G-00000000000900,I-0001449654,Integrante · 2012/3 - 2015/2,,,0
G-00000000000900,I-0001449910,Integrante · 2011/5 - 2017/4,,,0
G-00000000000900,I-0001449911,Integrante · 2011/5 - 2018/2,,,0
G-00000000000900,I-0001449912,Integrante · 2011/5 - 2018/2,,,0
G-00000000000900,I-0001450215,Integrante · 2009/2 - 2011/3,,,0
G-00000000000900,I-0001450216,Integrante · 2009/2 - 2018/2,,,0
G-00000000000900,I-0001450217,Integrante · 2016/4 - 2018/4,,,0
G-00000000000900,I-0001451180,Integrante · 2011/2 - 2018/2,,,0
G-00000000000900,I-0001453590,Integrante · 2011/10 - 2018/9,,,0
G-00000000000900,I-0001482590,Integrante · 2016/3 - Actual,,,1
G-00000000000900,I-0001484144,Integrante · 2017/5 - Actual,,,1
G-00000000000900,I-0001487103,Integrante · 2013/4 - Actual,,,1
G-00000000000900,I-0001495611,Integrante · 2011/1 - 2018/2,,,0
G-00000000000900,I-0001495615,Integrante · 2011/2 - 2017/2,,,0
G-00000000000900,I-0001506030,Integrante · 2019/5 - Actual,,,1
G-00000000000900,I-0001514615,Integrante · 2016/5 - 2018/3,,,0
G-00000000000900,I-0001518365,Integrante · 2021/3 - Actual,,,1
G-00000000000900,I-0001518366,Integrante · 2016/4 - Actual,,,1
G-00000000000900,I-0001524492,Integrante · 2013/2 - 2018/2,,,0
G-00000000000900,I-0001527862,Integrante · 2023/3 - Actual,,,1
G-00000000000900,I-0001553618,Integrante · 2013/3 - 2018/2,,,0
G-00000000000900,I-0001562554,Integrante · 2018/4 - 2018/12,,,0
G-00000000000900,I-0001570351,Integrante · 2024/2 - Actual,,,1
G-00000000000900,I-0001574218,Integrante · 2014/10 - 2018/2,,,0
G-00000000000900,I-0001582707,Integrante · 2013/2 - Actual,,,1
G-00000000000900,I-0001584214,Integrante · 2022/2 - Actual,,,1
G-00000000000900,I-0001594508,Integrante · 2014/4 - Actual,,,1
G-00000000000900,I-0001599464,Integrante · 2018/3 - Actual,,,1
G-00000000000900,I-0001601087,Integrante · 2021/1 - Actual,,,1
G-00000000000900,I-0001602564,Integrante · 2024/2 - Actual,,,1
G-00000000000900,I-0001605910,Integrante · 2022/1 - Actual,,,1
G-00000000000900,I-0001607761,Integrante · 2016/2 - Actual,,,1
G-00000000000900,I-0001626214,Integrante · 2024/2 - Actual,,,1
G-00000000000900,I-0001629260,Integrante · 2013/5 - Actual,,,1
G-00000000000900,I-0001647221,Integrante · 2016/1 - Actual,,,1
G-00000000000900,I-0001667502,Integrante · 2019/11 - Actual,,,1
G-00000000000900,I-0001667627,Integrante · 2021/7 - Actual,,,1
G-00000000000900,I-0001675119,Integrante · 2020/12 - Actual,,,1
G-00000000000900,I-0001678210,Integrante · 2024/2 - Actual,,,1
G-00000000000900,I-0001691424,Integrante · 2025/1 - Actual,,,1
G-00000000000900,I-0001697200,Integrante · 2023/1 - 2026/1,,,0
G-00000000000900,I-0001708333,Integrante · 2025/2 - Actual,,,1
G-00000000000900,I-0001737467,Integrante · 2023/8 - Actual,,,1
G-00000000000900,I-0001745612,Integrante · 2023/3 - Actual,,,1
G-00000000000900,I-0001748966,Integrante · 2023/2 - Actual,,,1
G-00000000000900,I-0001758106,Integrante · 2023/1 - Actual,,,1
G-00000000000900,I-0001899020,Integrante · 2023/3 - Actual,,,1
G-00000000000900,I-0001986294,Integrante · 2021/8 - Actual,,,1
G-00000000000900,I-0002016426,Integrante · 2023/2 - Actual,,,1
G-00000000000900,I-0002030890,Integrante · 2022/7 - Actual,,,1
G-00000000000900,I-0002031169,Integrante · 2024/1 - Actual,,,1
G-00000000000900,I-0002034722,Integrante · 2022/8 - Actual,,,1
G-00000000000900,I-0002070563,Integrante · 2023/8 - Actual,,,1
G-00000000000900,I-0002106572,Integrante · 2022/1 - Actual,,,1
G-00000000000900,I-0002119909,Integrante · 2022/1 - Actual,,,1
G-00000000000900,I-0002207014,Integrante · 2023/5 - Actual,,,1
G-00000000000900,I-0002210564,Integrante · 2022/1 - Actual,,,1
G-00000000000900,I-0002231314,Integrante · 2025/2 - Actual,,,1
G-00000000000900,I-0002256156,Integrante · 2025/2 - Actual,,,1
G-00000000000900,I-0002258788,Integrante · 2022/2 - Actual,,,1
G-00000000000900,I-0002315568,Integrante · 2023/2 - Actual,,,1
G-00000000000900,I-0002362744,Integrante · 2024/2 - Actual,,,1
G-00000000000900,I-0002518856,Integrante · 2025/2 - Actual,,,1
G-00000000001307,I-0000002161,Integrante · 2007/8 - 2009/12,,,0
G-00000000001307,I-0000019476,Integrante · 2012/2 - 2018/1,,,0
G-00000000001307,I-0000031051,Integrante · 2015/2 - 2016/3,,,0
G-00000000001307,I-0000051065,Integrante · 2021/11 - Actual,,,1
G-00000000001307,I-0000051586,Integrante · 2016/2 - 2017/3,,,0
G-00000000001307,I-0000121161,Integrante · 2016/7 - 2017/3,,,0
G-00000000001307,I-0000145332,Integrante · 2023/8 - 2023/9,,,0
G-00000000001307,I-0000162484,Integrante · 2021/10 - 2022/12,,,0
G-00000000001307,I-0000163088,Integrante · 2021/8 - Actual,,,1
G-00000000001307,I-0000168547,Integrante · 2021/3 - 2021/4,,,0
G-00000000001307,I-0000237850,Integrante · 2004/3 - 2015/6,,,0
G-00000000001307,I-0000241687,Integrante · 2003/9 - 2005/11,,,0
G-00000000001307,I-0000247413,Integrante · 2003/3 - Actual,,,1
G-00000000001307,I-0000421294,Integrante · 2011/2 - 2012/3,,,0
G-00000000001307,I-0000440027,Integrante · 2003/3 - 2005/10,,,0
G-00000000001307,I-0000489298,Integrante · 2004/8 - 2007/2,,,0
G-00000000001307,I-0000489310,Integrante · 2005/3 - 2006/3,,,0
G-00000000001307,I-0000489379,Integrante · 2004/8 - 2006/11,,,0
G-00000000001307,I-0000489395,Integrante · 2005/3 - 2005/6,,,0
G-00000000001307,I-0000501450,Integrante · 2019/1 - Actual,,,1
G-00000000001307,I-0000501468,Integrante · 2003/3 - Actual,,,1
G-00000000001307,I-0000546836,Integrante · 2021/1 - Actual,,,1
G-00000000001307,I-0000573205,Integrante · 2003/3 - Actual,,,1
G-00000000001307,I-0000594857,Integrante · 2003/3 - 2007/5,,,0
G-00000000001307,I-0000594865,Integrante · 2004/3 - 2007/4,,,0
G-00000000001307,I-0000597724,Integrante · 2011/8 - Actual,,,1
G-00000000001307,I-0000740730,Integrante · 2005/2 - 2012/3,,,0
G-00000000001307,I-0000831980,Integrante · 2006/2 - 2009/12,,,0
G-00000000001307,I-0000908258,Integrante · 2010/8 - 2010/10,,,0
G-00000000001307,I-0000915440,Integrante · 2009/4 - 2009/12,,,0
G-00000000001307,I-0000919519,Integrante · 2005/8 - 2009/12,,,0
G-00000000001307,I-0000928623,Integrante · 2010/1 - 2014/12,,,0
G-00000000001307,I-0000930377,Integrante · 2006/2 - 2008/6,,,0
G-00000000001307,I-0000945730,Integrante · 2010/10 - 2010/12,,,0
G-00000000001307,I-0000951439,Integrante · 2009/6 - Actual,,,1
G-00000000001307,I-0000955450,Integrante · 2009/3 - 2009/12,,,0
G-00000000001307,I-0000956589,Integrante · 2009/4 - 2010/1,,,0
G-00000000001307,I-0000956619,Integrante · 2009/4 - 2010/10,,,0
G-00000000001307,I-0001002406,Integrante · 2010/11 - 2011/12,,,0
G-00000000001307,I-0001020730,Integrante · 2007/2 - 2008/2,,,0
G-00000000001307,I-0001076035,Integrante · 2018/5 - Actual,,,1
G-00000000001307,I-0001088840,Integrante · 2007/1 - Actual,,,1
G-00000000001307,I-0001089048,Integrante · 2010/8 - Actual,,,1
G-00000000001307,I-0001093703,Integrante · 2008/2 - 2016/8,,,0
G-00000000001307,I-0001334340,Integrante · 2007/1 - 2018/12,,,0
G-00000000001307,I-0001349651,Integrante · 2018/5 - Actual,,,1
G-00000000001307,I-0001350835,Integrante · 2009/6 - 2010/12,,,0
G-00000000001307,I-0001360465,Integrante · 2019/6 - 2019/12,,,0
G-00000000001307,I-0001364164,Integrante · 2010/1 - 2011/1,,,0
G-00000000001307,I-0001379188,Integrante · 2009/8 - 2011/7,,,0
G-00000000001307,I-0001379197,Integrante · 2009/8 - Actual,,,1
G-00000000001307,I-0001396773,Integrante · 2010/3 - 2012/12,,,0
G-00000000001307,I-0001399160,Integrante · 2009/7 - 2010/7,,,0
G-00000000001307,I-0001400018,Integrante · 2012/6 - Actual,,,1
G-00000000001307,I-0001400020,Integrante · 2010/8 - Actual,,,1
G-00000000001307,I-0001400219,Integrante · 2019/1 - 2019/1,,,0
G-00000000001307,I-0001402139,Integrante · 2011/2 - 2014/11,,,0
G-00000000001307,I-0001410514,Integrante · 2010/11 - 2011/6,,,0
G-00000000001307,I-0001412419,Integrante · 2010/2 - 2019/1,,,0
G-00000000001307,I-0001421475,Integrante · 2010/1 - 2010/7,,,0
G-00000000001307,I-0001422982,Integrante · 2017/4 - 2018/3,,,0
G-00000000001307,I-0001423254,Integrante · 2017/4 - Actual,,,1
G-00000000001307,I-0001423330,Integrante · 2010/3 - 2010/6,,,0
G-00000000001307,I-0001423391,Integrante · 2010/7 - Actual,,,1
G-00000000001307,I-0001423401,Integrante · 2010/7 - 2010/12,,,0
G-00000000001307,I-0001423675,Integrante · 2011/4 - 2011/6,,,0
G-00000000001307,I-0001426155,Integrante · 2009/6 - 2009/12,,,0
G-00000000001307,I-0001426246,Integrante · 2009/1 - 2009/6,,,0
G-00000000001307,I-0001426247,Integrante · 2009/6 - Actual,,,1
G-00000000001307,I-0001432371,Integrante · 2010/10 - 2010/12,,,0
G-00000000001307,I-0001477171,Integrante · 2012/2 - 2012/3,,,0
G-00000000001307,I-0001578624,Integrante · 2019/10 - Actual,,,1
G-00000000001307,I-0001622479,Integrante · 2019/1 - 2019/2,,,0
G-00000000001307,I-0001622639,Integrante · 2020/1 - 2020/2,,,0
G-00000000001307,I-0001639625,Integrante · 2016/2 - 2017/3,,,0
G-00000000001307,I-0001724782,Integrante · 2019/8 - Actual,,,1
G-00000000001307,I-0001735262,Integrante · 2021/8 - 2021/9,,,0
G-00000000001307,I-0001736665,Integrante · 2021/8 - 2022/12,,,0
G-00000000001307,I-0001744378,Integrante · 2021/2 - Actual,,,1
G-00000000001307,I-0001909144,Integrante · 2025/8 - Actual,,,1
G-00000000001307,I-0001910496,Integrante · 2022/1 - Actual,,,1
G-00000000001307,I-0001998807,Integrante · 2003/3 - Actual,,,1
G-00000000001307,I-0002061318,Integrante · 2023/1 - 2023/2,,,0
G-00000000001727,I-0000023024,Integrante · 2024/1 - Actual,,,1
G-00000000001727,I-0000033169,Integrante · 2012/6 - 2012/12,,,0
G-00000000001727,I-0000035801,Integrante · 2017/2 - 2017/6,,,0
G-00000000001727,I-0000035802,Integrante · 2019/7 - Actual,,,1
G-00000000001727,I-0000035804,Integrante · 2019/6 - Actual,,,1
G-00000000001727,I-0000044925,Integrante · 2016/2 - 2018/3,,,0
G-00000000001727,I-0000048253,Integrante · 2016/2 - 2016/3,,,0
G-00000000001727,I-0000048945,Integrante · 2019/7 - 2019/10,,,0
G-00000000001727,I-0000049915,Integrante · 2016/2 - 2019/3,,,0
G-00000000001727,I-0000051505,Integrante · 2016/3 - 2016/5,,,0
G-00000000001727,I-0000051544,Integrante · 2019/3 - Actual,,,1
G-00000000001727,I-0000051634,Integrante · 2016/3 - 2016/6,,,0
G-00000000001727,I-0000051720,Integrante · 2016/3 - 2018/12,,,0
G-00000000001727,I-0000051957,Integrante · 2016/3 - 2017/12,,,0
G-00000000001727,I-0000052097,Integrante · 2016/2 - 2017/12,,,0
G-00000000001727,I-0000053435,Integrante · 2016/3 - 2016/10,,,0
G-00000000001727,I-0000053438,Integrante · 2016/3 - 2016/11,,,0
G-00000000001727,I-0000054132,Integrante · 2019/1 - Actual,,,1
G-00000000001727,I-0000054364,Integrante · 2016/3 - 2019/3,,,0
G-00000000001727,I-0000054856,Integrante · 2016/4 - 2017/6,,,0
G-00000000001727,I-0000057390,Integrante · 2016/4 - 2016/6,,,0
G-00000000001727,I-0000059091,Integrante · 2017/3 - Actual,,,1
G-00000000001727,I-0000064452,Integrante · 2012/6 - 2012/12,,,0
G-00000000001727,I-0000065621,Integrante · 2019/7 - Actual,,,1
G-00000000001727,I-0000075056,Integrante · 2016/8 - 2017/6,,,0
G-00000000001727,I-0000081498,Integrante · 2012/6 - 2015/11,,,0
G-00000000001727,I-0000108114,Integrante · 2017/4 - 2017/12,,,0
G-00000000001727,I-0000108117,Integrante · 2017/4 - 2017/12,,,0
G-00000000001727,I-0000109922,Integrante · 2019/2 - Actual,,,1
G-00000000001727,I-0000109932,Integrante · 2017/3 - Actual,,,1
G-00000000001727,I-0000310581,Integrante · 2008/2 - 2010/4,,,0
G-00000000001727,I-0000345210,Integrante · 1998/1 - 2011/1,,,0
G-00000000001727,I-0000421294,Integrante · 2016/1 - Actual,,,1
G-00000000001727,I-0000431338,Integrante · 1996/9 - Actual,,,1
G-00000000001727,I-0000437280,Integrante · 2010/1 - Actual,,,1
G-00000000001727,I-0000468657,Integrante · 2003/11 - 2009/1,,,0
G-00000000001727,I-0000592811,Integrante · 2008/1 - 2009/12,,,0
G-00000000001727,I-0000597287,Integrante · 2000/1 - Actual,,,1
G-00000000001727,I-0000602647,Integrante · 2005/8 - 2008/7,,,0
G-00000000001727,I-0000614947,Integrante · 2005/10 - 2006/2,,,0
G-00000000001727,I-0000666475,Integrante · 2005/3 - Actual,,,1
G-00000000001727,I-0000710903,Integrante · 2006/3 - 2012/6,,,0
G-00000000001727,I-0000710920,Integrante · 2009/9 - 2010/12,,,0
G-00000000001727,I-0000892483,Integrante · 2012/1 - 2013/2,,,0
G-00000000001727,I-0001305620,Integrante · 2010/6 - 2013/12,,,0
G-00000000001727,I-0001347184,Integrante · 1996/9 - 2011/10,,,0
G-00000000001727,I-0001353528,Integrante · 2012/1 - 2013/12,,,0
G-00000000001727,I-0001362832,Integrante · 2013/9 - 2015/12,,,0
G-00000000001727,I-0001368455,Integrante · 2013/4 - 2016/12,,,0
G-00000000001727,I-0001386119,Integrante · 1996/9 - 2011/3,,,0
G-00000000001727,I-0001391393,Integrante · 2010/7 - 2011/7,,,0
G-00000000001727,I-0001445010,Integrante · 2013/4 - 2017/12,,,0
G-00000000001727,I-0001471265,Integrante · 2013/4 - 2017/12,,,0
G-00000000001727,I-0001472571,Integrante · 2013/4 - 2016/10,,,0
G-00000000001727,I-0001472625,Integrante · 2013/4 - 2017/12,,,0
G-00000000001727,I-0001474003,Integrante · 2012/4 - 2013/12,,,0
G-00000000001727,I-0001474004,Integrante · 2012/5 - 2013/12,,,0
G-00000000001727,I-0001479075,Integrante · 1996/9 - 2010/11,,,0
G-00000000001727,I-0001481002,Integrante · 2012/6 - 2017/12,,,0
G-00000000001727,I-0001491387,Integrante · 2015/4 - Actual,,,1
G-00000000001727,I-0001522144,Integrante · 2013/4 - 2016/10,,,0
G-00000000001727,I-0001544629,Integrante · 2019/4 - Actual,,,1
G-00000000001727,I-0001716967,Integrante · 2019/2 - Actual,,,1
G-00000000001727,I-0001724855,Integrante · 2019/7 - Actual,,,1
G-00000000001727,I-0001724865,Integrante · 2019/7 - Actual,,,1
G-00000000001727,I-0002130101,Integrante · 1996/9 - 2010/11,,,0
G-00000000001727,I-0002157729,Integrante · 2023/11 - Actual,,,1
G-00000000001727,I-0002157734,Integrante · 2023/11 - 2024/11,,,0
G-00000000001727,I-0002157744,Integrante · 2023/11 - Actual,,,1
G-00000000001727,I-0002157747,Integrante · 2023/11 - Actual,,,1
G-00000000001727,I-0002157749,Integrante · 2023/11 - Actual,,,1
G-00000000001883,I-0000001321,Integrante · 2009/6 - 2010/3,,,0
G-00000000001883,I-0000159433,Integrante · 2009/6 - 2010/1,,,0
G-00000000001883,I-0000180742,Integrante · 2009/2 - 2009/2,,,0
G-00000000001883,I-0000181502,Integrante · 2019/8 - 2023/12,,,0
G-00000000001883,I-0000181625,Integrante · 2003/3 - 2010/1,,,0
G-00000000001883,I-0000185493,Integrante · 2007/1 - 2009/1,,,0
G-00000000001883,I-0000255181,Integrante · 2007/12 - 2009/1,,,0
G-00000000001883,I-0000315982,Integrante · 2009/6 - 2011/7,,,0
G-00000000001883,I-0000319830,Integrante · 2012/3 - 2012/3,,,0
G-00000000001883,I-0000320803,Integrante · 2005/7 - 2005/7,,,0
G-00000000001883,I-0000424382,Integrante · 2001/6 - Actual,,,1
G-00000000001883,I-0000425575,Integrante · 2009/2 - 2009/2,,,0
G-00000000001883,I-0000425702,Integrante · 2009/6 - 2010/1,,,0
G-00000000001883,I-0000425753,Integrante · 2004/1 - 2010/3,,,0
G-00000000001883,I-0000425770,Integrante · 2004/9 - 2008/1,,,0
G-00000000001883,I-0000433446,Integrante · 2003/3 - 2003/3,,,0
G-00000000001883,I-0000440965,Integrante · 2011/1 - 2011/1,,,0
G-00000000001883,I-0000446327,Integrante · 2009/2 - 2010/3,,,0
G-00000000001883,I-0000446955,Integrante · 2010/1 - 2010/1,,,0
G-00000000001883,I-0000446971,Integrante · 2004/3 - 2010/1,,,0
G-00000000001883,I-0000447064,Integrante · 2011/8 - 2011/8,,,0
G-00000000001883,I-0000447285,Integrante · 2009/2 - 2010/1,,,0
G-00000000001883,I-0000450766,Integrante · 2009/6 - 2010/3,,,0
G-00000000001883,I-0000491659,Integrante · 2011/1 - 2011/1,,,0
G-00000000001883,I-0000540587,Integrante · 2009/2 - 2009/2,,,0
G-00000000001883,I-0000540633,Integrante · 2005/6 - 2010/3,,,0
G-00000000001883,I-0000548952,Integrante · 2002/4 - 2010/1,,,0
G-00000000001883,I-0000552186,Integrante · 2009/2 - 2010/1,,,0
G-00000000001883,I-0000575933,Integrante · 2012/3 - 2012/3,,,0
G-00000000001883,I-0000584274,Integrante · 2007/1 - 2009/1,,,0
G-00000000001883,I-0000584517,Integrante · 2007/1 - 2010/3,,,0
G-00000000001883,I-0000617806,Integrante · 2005/4 - 2006/1,,,0
G-00000000001883,I-0000624560,Integrante · 2005/5 - 2006/1,,,0
G-00000000001883,I-0000678465,Integrante · 2007/4 - 2010/1,,,0
G-00000000001883,I-0000705772,Integrante · 2007/1 - 2010/3,,,0
G-00000000001883,I-0000739987,Integrante · 2007/1 - 2010/1,,,0
G-00000000001883,I-0000769959,Integrante · 2011/1 - 2011/1,,,0
G-00000000001883,I-0000772410,Integrante · 2008/6 - 2010/3,,,0
G-00000000001883,I-0000786357,Integrante · 2010/1 - Actual,,,1
G-00000000001883,I-0000791555,Integrante · 2012/3 - 2013/11,,,0
G-00000000001883,I-0000806757,Integrante · 2007/1 - 2010/1,,,0
G-00000000001883,I-0000807427,Integrante · 2007/1 - 2010/1,,,0
G-00000000001883,I-0000832472,Integrante · 2006/8 - 2006/8,,,0
G-00000000001883,I-0000845434,Integrante · 2006/9 - 2010/1,,,0
G-00000000001883,I-0000846260,Integrante · 2007/1 - 2010/3,,,0
G-00000000001883,I-0000872318,Integrante · 2006/11 - 2010/1,,,0
G-00000000001883,I-0000885100,Integrante · 2012/3 - 2012/3,,,0
G-00000000001883,I-0000911682,Integrante · 2013/4 - 2013/4,,,0
G-00000000001883,I-0000926787,Integrante · 2012/3 - 2012/3,,,0
G-00000000001883,I-0000937134,Integrante · 2007/1 - 2010/1,,,0
G-00000000001883,I-0000955043,Integrante · 2007/1 - 2008/1,,,0
G-00000000001883,I-0000955388,Integrante · 2007/1 - 2008/1,,,0
G-00000000001883,I-0000955710,Integrante · 2005/1 - 2006/1,,,0
G-00000000001883,I-0000958328,Integrante · 2007/4 - 2010/3,,,0
G-00000000001883,I-0000959979,Integrante · 2009/2 - 2009/2,,,0
G-00000000001883,I-0000980072,Integrante · 2007/1 - 2008/1,,,0
G-00000000001883,I-0001024760,Integrante · 2008/2 - 2008/2,,,0
G-00000000001883,I-0001059246,Integrante · 2025/2 - Actual,,,1
G-00000000001883,I-0001071610,Integrante · 2012/10 - 2012/10,,,0
G-00000000001883,I-0001134086,Integrante · 2008/2 - 2010/1,,,0
G-00000000001883,I-0001149652,Integrante · 2015/1 - 2023/12,,,0
G-00000000001883,I-0001205617,Integrante · 2012/3 - 2012/3,,,0
G-00000000001883,I-0001213458,Integrante · 2017/3 - Actual,,,1
G-00000000001883,I-0001246321,Integrante · 2008/10 - 2009/1,,,0
G-00000000001883,I-0001256556,Integrante · 2010/5 - 2010/5,,,0
G-00000000001883,I-0001289047,Integrante · 2009/6 - 2010/3,,,0
G-00000000001883,I-0001322354,Integrante · 2025/6 - Actual,,,1
G-00000000001883,I-0001338233,Integrante · 2009/2 - 2010/1,,,0
G-00000000001883,I-0001354508,Integrante · 2009/6 - 2010/1,,,0
G-00000000001883,I-0001354568,Integrante · 2009/6 - 2010/3,,,0
G-00000000001883,I-0001362332,Integrante · 2013/6 - 2013/6,,,0
G-00000000001883,I-0001362930,Integrante · 2017/2 - 2023/12,,,0
G-00000000001883,I-0001364803,Integrante · 2014/5 - 2014/5,,,0
G-00000000001883,I-0001372633,Integrante · 2010/12 - 2010/12,,,0
G-00000000001883,I-0001372642,Integrante · 2010/5 - 2010/5,,,0
G-00000000001883,I-0001390775,Integrante · 2013/6 - 2013/7,,,0
G-00000000001883,I-0001400795,Integrante · 2013/4 - 2013/4,,,0
G-00000000001883,I-0001403747,Integrante · 2019/1 - 2023/12,,,0
G-00000000001883,I-0001405151,Integrante · 2012/3 - 2012/3,,,0
G-00000000001883,I-0001405244,Integrante · 2011/5 - 2011/5,,,0
G-00000000001883,I-0001413677,Integrante · 2012/6 - 2012/6,,,0
G-00000000001883,I-0001414840,Integrante · 2014/6 - 2014/6,,,0
G-00000000001883,I-0001440871,Integrante · 2014/5 - 2014/5,,,0
G-00000000001883,I-0001441069,Integrante · 2011/8 - 2011/8,,,0
G-00000000001883,I-0001457025,Integrante · 2012/2 - 2012/2,,,0
G-00000000001883,I-0001461437,Integrante · 2012/3 - 2013/11,,,0
G-00000000001883,I-0001476037,Integrante · 2015/2 - 2015/2,,,0
G-00000000001883,I-0001484144,Integrante · 2018/3 - 2023/12,,,0
G-00000000001883,I-0001515575,Integrante · 2013/2 - 2013/2,,,0
G-00000000001883,I-0001515799,Integrante · 2013/2 - 2013/2,,,0
G-00000000001883,I-0001520818,Integrante · 2014/6 - 2014/6,,,0
G-00000000001883,I-0001535862,Integrante · 2021/8 - 2023/12,,,0
G-00000000001883,I-0001559226,Integrante · 2019/5 - 2023/5,,,0
G-00000000001883,I-0001573434,Integrante · 2018/1 - 2023/12,,,0
G-00000000001883,I-0001573449,Integrante · 2013/8 - 2013/8,,,0
G-00000000001883,I-0001598714,Integrante · 2017/6 - 2017/6,,,0
G-00000000001883,I-0001613341,Integrante · 2015/2 - 2015/2,,,0
G-00000000001883,I-0001620078,Integrante · 2015/2 - 2015/2,,,0
G-00000000001883,I-0001624367,Integrante · 2018/3 - 2023/12,,,0
G-00000000001883,I-0001660070,Integrante · 2017/3 - 2023/12,,,0
G-00000000001883,I-0001713080,Integrante · 2018/3 - 2023/10,,,0
G-00000000001883,I-0001713474,Integrante · 2018/1 - 2023/10,,,0
G-00000000001883,I-0001715157,Integrante · 2018/3 - 2023/10,,,0
G-00000000001883,I-0001722870,Integrante · 2018/7 - 2023/12,,,0
G-00000000001883,I-0001731118,Integrante · 2019/8 - 2023/12,,,0
G-00000000001883,I-0001856454,Integrante · 2023/11 - 2023/12,,,0
G-00000000001883,I-0002156888,Integrante · 2023/8 - Actual,,,1
G-00000000001883,I-0002156890,Integrante · 2023/2 - Actual,,,1
G-00000000001883,I-0002158172,Integrante · 2023/11 - 2023/12,,,0
G-00000000001883,I-0002270443,Integrante · 2024/8 - Actual,,,1
G-00000000001883,I-0002427877,Integrante · 2026/2 - Actual,,,1
G-00000000001883,I-0002427892,Integrante · 2026/2 - Actual,,,1
G-00000000001901,I-0000002344,Integrante · 2008/9 - 2010/10,,,0
G-00000000001901,I-0000014989,Integrante · 2013/8 - 2014/1,,,0
G-00000000001901,I-0000017462,Integrante · 2013/9 - 2014/1,,,0
G-00000000001901,I-0000018017,Integrante · 2013/8 - 2014/1,,,0
G-00000000001901,I-0000018020,Integrante · 2013/8 - 2014/11,,,0
G-00000000001901,I-0000034131,Integrante · 2015/11 - 2016/9,,,0
G-00000000001901,I-0000034136,Integrante · 2015/11 - 2016/2,,,0
G-00000000001901,I-0000034674,Integrante · 2018/1 - 2018/12,,,0
G-00000000001901,I-0000034845,Integrante · 2015/11 - 2016/8,,,0
G-00000000001901,I-0000054157,Integrante · 2018/12 - 2019/12,,,0
G-00000000001901,I-0000061335,Integrante · 2016/2 - 2016/5,,,0
G-00000000001901,I-0000061336,Integrante · 2016/2 - 2016/10,,,0
G-00000000001901,I-0000077681,Integrante · 2016/2 - 2016/11,,,0
G-00000000001901,I-0000078507,Integrante · 2017/6 - 2017/12,,,0
G-00000000001901,I-0000081988,Integrante · 2024/2 - Actual,,,1
G-00000000001901,I-0000092225,Integrante · 2024/1 - Actual,,,1
G-00000000001901,I-0000092342,Integrante · 2018/2 - Actual,,,1
G-00000000001901,I-0000092860,Integrante · 2010/2 - Actual,,,1
G-00000000001901,I-0000104023,Integrante · 2018/2 - 2018/4,,,0
G-00000000001901,I-0000109653,Integrante · 2017/6 - 2017/12,,,0
G-00000000001901,I-0000109757,Integrante · 2019/2 - 2019/2,,,0
G-00000000001901,I-0000110350,Integrante · 2017/6 - 2017/12,,,0
G-00000000001901,I-0000112231,Integrante · 2022/8 - Actual,,,1
G-00000000001901,I-0000120361,Integrante · 2017/6 - 2017/12,,,0
G-00000000001901,I-0000121103,Integrante · 2017/6 - 2017/12,,,0
G-00000000001901,I-0000121104,Integrante · 2017/6 - 2017/12,,,0
G-00000000001901,I-0000121112,Integrante · 2017/6 - 2017/12,,,0
G-00000000001901,I-0000145258,Integrante · 2024/1 - Actual,,,1
G-00000000001901,I-0000328090,Integrante · 2018/2 - Actual,,,1
G-00000000001901,I-0000428523,Integrante · 2018/1 - 2018/12,,,0
G-00000000001901,I-0000444740,Integrante · 2005/3 - Actual,,,1
G-00000000001901,I-0000500500,Integrante · 2018/1 - 2020/12,,,0
G-00000000001901,I-0000523852,Integrante · 2009/8 - 2015/1,,,0
G-00000000001901,I-0000531030,Integrante · 2018/1 - Actual,,,1
G-00000000001901,I-0000545058,Integrante · 2011/7 - 2015/1,,,0
G-00000000001901,I-0000552194,Integrante · 2010/8 - 2016/11,,,0
G-00000000001901,I-0000553760,Integrante · 2016/2 - 2016/12,,,0
G-00000000001901,I-0000563838,Integrante · 2010/8 - 2017/5,,,0
G-00000000001901,I-0000576964,Integrante · 2007/4 - 2014/1,,,0
G-00000000001901,I-0000725552,Integrante · 2017/6 - 2018/11,,,0
G-00000000001901,I-0000736333,Integrante · 2014/1 - 2024/12,,,0
G-00000000001901,I-0000745669,Integrante · 2006/7 - 2008/12,,,0
G-00000000001901,I-0000781428,Integrante · 2006/9 - 2007/12,,,0
G-00000000001901,I-0000781436,Integrante · 2005/9 - 2007/12,,,0
G-00000000001901,I-0000781711,Integrante · 2006/7 - 2008/12,,,0
G-00000000001901,I-0000799564,Integrante · 2012/2 - 2014/8,,,0
G-00000000001901,I-0000908258,Integrante · 2010/2 - 2014/1,,,0
G-00000000001901,I-0000918636,Integrante · 2017/6 - Actual,,,1
G-00000000001901,I-0000979430,Integrante · 2010/8 - 2011/3,,,0
G-00000000001901,I-0001010697,Integrante · 2023/3 - Actual,,,1
G-00000000001901,I-0001028960,Integrante · 2005/3 - 2007/12,,,0
G-00000000001901,I-0001031570,Integrante · 2007/8 - 2009/12,,,0
G-00000000001901,I-0001031635,Integrante · 2007/4 - 2008/12,,,0
G-00000000001901,I-0001064401,Integrante · 2007/11 - 2016/1,,,0
G-00000000001901,I-0001098314,Integrante · 2006/7 - 2007/12,,,0
G-00000000001901,I-0001161423,Integrante · 2017/1 - Actual,,,1
G-00000000001901,I-0001189590,Integrante · 2008/4 - 2010/9,,,0
G-00000000001901,I-0001189611,Integrante · 2008/4 - 2010/9,,,0
G-00000000001901,I-0001265318,Integrante · 2017/6 - 2019/2,,,0
G-00000000001901,I-0001290517,Integrante · 2010/10 - 2014/1,,,0
G-00000000001901,I-0001303384,Integrante · 2008/8 - 2010/11,,,0
G-00000000001901,I-0001303430,Integrante · 2008/8 - 2010/11,,,0
G-00000000001901,I-0001303546,Integrante · 2009/9 - 2010/8,,,0
G-00000000001901,I-0001350888,Integrante · 2022/11 - Actual,,,1
G-00000000001901,I-0001356682,Integrante · 2010/10 - 2014/1,,,0
G-00000000001901,I-0001357375,Integrante · 2009/9 - 2010/8,,,0
G-00000000001901,I-0001358412,Integrante · 2009/10 - 2010/11,,,0
G-00000000001901,I-0001358415,Integrante · 2009/10 - 2010/11,,,0
G-00000000001901,I-0001358950,Integrante · 2009/10 - 2014/1,,,0
G-00000000001901,I-0001363411,Integrante · 2010/10 - 2012/1,,,0
G-00000000001901,I-0001364685,Integrante · 2018/2 - Actual,,,1
G-00000000001901,I-0001365621,Integrante · 2024/1 - Actual,,,1
G-00000000001901,I-0001392622,Integrante · 2019/8 - 2020/12,,,0
G-00000000001901,I-0001398324,Integrante · 2011/3 - 2014/1,,,0
G-00000000001901,I-0001401268,Integrante · 2010/10 - 2014/1,,,0
G-00000000001901,I-0001403188,Integrante · 2017/6 - Actual,,,1
G-00000000001901,I-0001403342,Integrante · 2010/11 - 2014/1,,,0
G-00000000001901,I-0001403361,Integrante · 2010/10 - 2014/1,,,0
G-00000000001901,I-0001403823,Integrante · 2010/10 - 2014/1,,,0
G-00000000001901,I-0001405261,Integrante · 2010/12 - 2014/1,,,0
G-00000000001901,I-0001405556,Integrante · 2011/5 - 2014/1,,,0
G-00000000001901,I-0001411123,Integrante · 2017/2 - Actual,,,1
G-00000000001901,I-0001413282,Integrante · 2011/3 - 2014/1,,,0
G-00000000001901,I-0001413293,Integrante · 2011/3 - 2016/12,,,0
G-00000000001901,I-0001413294,Integrante · 2011/3 - 2016/11,,,0
G-00000000001901,I-0001415550,Integrante · 2011/3 - 2011/4,,,0
G-00000000001901,I-0001415611,Integrante · 2011/3 - 2012/1,,,0
G-00000000001901,I-0001415613,Integrante · 2011/3 - 2017/5,,,0
G-00000000001901,I-0001422390,Integrante · 2011/3 - 2014/1,,,0
G-00000000001901,I-0001422962,Integrante · 2010/9 - 2014/1,,,0
G-00000000001901,I-0001424509,Integrante · 2010/10 - 2013/1,,,0
G-00000000001901,I-0001464720,Integrante · 2010/10 - 2012/2,,,0
G-00000000001901,I-0001471615,Integrante · 2026/2 - Actual,,,1
G-00000000001901,I-0001472158,Integrante · 2017/6 - 2018/6,,,0
G-00000000001901,I-0001504078,Integrante · 2017/6 - 2017/12,,,0
G-00000000001901,I-0001505340,Integrante · 2014/10 - 2016/11,,,0
G-00000000001901,I-0001509024,Integrante · 2021/1 - Actual,,,1
G-00000000001901,I-0001520480,Integrante · 2024/1 - Actual,,,1
G-00000000001901,I-0001525342,Integrante · 2013/4 - 2014/1,,,0
G-00000000001901,I-0001554711,Integrante · 2016/2 - 2016/10,,,0
G-00000000001901,I-0001561197,Integrante · 2024/2 - Actual,,,1
G-00000000001901,I-0001566722,Integrante · 2014/5 - 2015/8,,,0
G-00000000001901,I-0001568398,Integrante · 2014/3 - 2018/11,,,0
G-00000000001901,I-0001570068,Integrante · 2018/12 - 2019/1,,,0
G-00000000001901,I-0001578345,Integrante · 2018/1 - Actual,,,1
G-00000000001901,I-0001582933,Integrante · 2014/8 - 2016/11,,,0
G-00000000001901,I-0001593484,Integrante · 2014/9 - 2016/4,,,0
G-00000000001901,I-0001594659,Integrante · 2014/9 - 2015/1,,,0
G-00000000001901,I-0001596422,Integrante · 2014/9 - 2015/8,,,0
G-00000000001901,I-0001597960,Integrante · 2018/1 - Actual,,,1
G-00000000001901,I-0001598770,Integrante · 2014/9 - 2018/12,,,0
G-00000000001901,I-0001599396,Integrante · 2014/9 - 2016/2,,,0
G-00000000001901,I-0001599679,Integrante · 2014/9 - 2016/6,,,0
G-00000000001901,I-0001603976,Integrante · 2015/11 - Actual,,,1
G-00000000001901,I-0001608971,Integrante · 2017/6 - Actual,,,1
G-00000000001901,I-0001619313,Integrante · 2015/10 - 2016/9,,,0
G-00000000001901,I-0001636658,Integrante · 2025/2 - Actual,,,1
G-00000000001901,I-0001664673,Integrante · 2020/1 - 2020/12,,,0
G-00000000001901,I-0001683677,Integrante · 2022/2 - Actual,,,1
G-00000000001901,I-0001685368,Integrante · 2026/2 - Actual,,,1
G-00000000001901,I-0001706498,Integrante · 2025/4 - Actual,,,1
G-00000000001901,I-0001751235,Integrante · 2018/2 - Actual,,,1
G-00000000001901,I-0001752085,Integrante · 2024/2 - Actual,,,1
G-00000000001901,I-0001770910,Integrante · 2018/2 - Actual,,,1
G-00000000001901,I-0001771505,Integrante · 2023/1 - Actual,,,1
G-00000000001901,I-0001823329,Integrante · 2022/6 - Actual,,,1
G-00000000001901,I-0001912512,Integrante · 2022/8 - Actual,,,1
G-00000000001901,I-0002065802,Integrante · 2024/1 - Actual,,,1
G-00000000002093,I-0000027974,Integrante · 2015/6 - 2018/12,,,0
G-00000000002093,I-0000073525,Integrante · 2015/11 - 2016/10,,,0
G-00000000002093,I-0000107603,Integrante · 2000/2 - Actual,,,1
G-00000000002093,I-0000120495,Integrante · 2019/4 - 2022/12,,,0
G-00000000002093,I-0000125683,Integrante · 2016/2 - 2018/12,,,0
G-00000000002093,I-0000126654,Integrante · 2021/12 - Actual,,,1
G-00000000002093,I-0000126772,Integrante · 2024/6 - Actual,,,1
G-00000000002093,I-0000127393,Integrante · 2015/8 - 2017/8,,,0
G-00000000002093,I-0000128078,Integrante · 2019/1 - 2022/8,,,0
G-00000000002093,I-0000142842,Integrante · 2025/1 - Actual,,,1
G-00000000002093,I-0000150209,Integrante · 2020/1 - Actual,,,1
G-00000000002093,I-0000165736,Integrante · 2023/1 - Actual,,,1
G-00000000002093,I-0000199206,Integrante · 2019/7 - 2024/12,,,0
G-00000000002093,I-0000233633,Integrante · 2000/2 - 2016/12,,,0
G-00000000002093,I-0000241687,Integrante · 2000/2 - 2012/8,,,0
G-00000000002093,I-0000246743,Integrante · 2002/2 - 2005/6,,,0
G-00000000002093,I-0000259373,Integrante · 2002/1 - 2002/8,,,0
G-00000000002093,I-0000259446,Integrante · 2002/1 - 2002/8,,,0
G-00000000002093,I-0000283916,Integrante · 2001/6 - 2005/6,,,0
G-00000000002093,I-0000284009,Integrante · 2008/1 - Actual,,,1
G-00000000002093,I-0000284092,Integrante · 2007/11 - 2008/3,,,0
G-00000000002093,I-0000284289,Integrante · 2002/1 - 2003/11,,,0
G-00000000002093,I-0000284602,Integrante · 2002/1 - 2003/12,,,0
G-00000000002093,I-0000284610,Integrante · 2002/3 - 2005/6,,,0
G-00000000002093,I-0000286451,Integrante · 2003/3 - 2010/9,,,0
G-00000000002093,I-0000286729,Integrante · 2001/6 - 2003/6,,,0
G-00000000002093,I-0000289213,Integrante · 2002/8 - 2014/2,,,0
G-00000000002093,I-0000290688,Integrante · 2001/2 - 2004/6,,,0
G-00000000002093,I-0000290734,Integrante · 2005/1 - 2007/10,,,0
G-00000000002093,I-0000290807,Integrante · 2001/2 - 2004/6,,,0
G-00000000002093,I-0000296074,Integrante · 2001/6 - 2005/6,,,0
G-00000000002093,I-0000297747,Integrante · 2001/6 - 2005/6,,,0
G-00000000002093,I-0000301604,Integrante · 2001/6 - 2005/6,,,0
G-00000000002093,I-0000302546,Integrante · 2001/6 - 2005/6,,,0
G-00000000002093,I-0000318639,Integrante · 2019/6 - 2024/12,,,0
G-00000000002093,I-0000424226,Integrante · 2008/1 - Actual,,,1
G-00000000002093,I-0000429538,Integrante · 2025/11 - Actual,,,1
G-00000000002093,I-0000447650,Integrante · 2020/1 - Actual,,,1
G-00000000002093,I-0000467855,Integrante · 2005/2 - 2007/2,,,0
G-00000000002093,I-0000481750,Integrante · 2005/2 - 2007/2,,,0
G-00000000002093,I-0000501450,Integrante · 2025/5 - Actual,,,1
G-00000000002093,I-0000520675,Integrante · 2009/4 - 2014/6,,,0
G-00000000002093,I-0000629170,Integrante · 2004/2 - 2006/5,,,0
G-00000000002093,I-0000670103,Integrante · 2004/2 - 2006/6,,,0
G-00000000002093,I-0000684660,Integrante · 2006/2 - Actual,,,1
G-00000000002093,I-0000696226,Integrante · 2005/2 - 2008/6,,,0
G-00000000002093,I-0000696242,Integrante · 2004/6 - 2008/8,,,0
G-00000000002093,I-0000702080,Integrante · 2005/2 - 2006/6,,,0
G-00000000002093,I-0000715107,Integrante · 2019/12 - Actual,,,1
G-00000000002093,I-0000730106,Integrante · 2001/2 - 2007/10,,,0
G-00000000002093,I-0000777757,Integrante · 2006/2 - 2007/6,,,0
G-00000000002093,I-0000798860,Integrante · 2009/1 - 2012/5,,,0
G-00000000002093,I-0000834904,Integrante · 2004/2 - 2007/3,,,0
G-00000000002093,I-0000854557,Integrante · 2022/8 - Actual,,,1
G-00000000002093,I-0000885002,Integrante · 2010/2 - 2016/10,,,0
G-00000000002093,I-0000974536,Integrante · 2023/11 - Actual,,,1
G-00000000002093,I-0000983098,Integrante · 2011/6 - Actual,,,1
G-00000000002093,I-0000996378,Integrante · 2004/2 - Actual,,,1
G-00000000002093,I-0001044010,Integrante · 2008/9 - Actual,,,1
G-00000000002093,I-0001083406,Integrante · 2012/6 - Actual,,,1
G-00000000002093,I-0001088890,Integrante · 2010/2 - Actual,,,1
G-00000000002093,I-0001088912,Integrante · 2023/7 - Actual,,,1
G-00000000002093,I-0001202898,Integrante · 2017/8 - 2019/4,,,0
G-00000000002093,I-0001352220,Integrante · 2009/2 - 2009/8,,,0
G-00000000002093,I-0001356529,Integrante · 2017/8 - Actual,,,1
G-00000000002093,I-0001362883,Integrante · 2015/2 - 2016/10,,,0
G-00000000002093,I-0001366633,Integrante · 2010/2 - 2016/10,,,0
G-00000000002093,I-0001377946,Integrante · 2016/2 - Actual,,,1
G-00000000002093,I-0001399381,Integrante · 2012/2 - 2014/3,,,0
G-00000000002093,I-0001400219,Integrante · 2022/7 - Actual,,,1
G-00000000002093,I-0001425931,Integrante · 2015/4 - 2022/6,,,0
G-00000000002093,I-0001431979,Integrante · 2010/8 - 2016/10,,,0
G-00000000002093,I-0001441192,Integrante · 2024/2 - Actual,,,1
G-00000000002093,I-0001445220,Integrante · 2018/8 - Actual,,,1
G-00000000002093,I-0001446708,Integrante · 2020/9 - 2022/11,,,0
G-00000000002093,I-0001492887,Integrante · 2018/8 - Actual,,,1
G-00000000002093,I-0001522602,Integrante · 2013/2 - 2015/6,,,0
G-00000000002093,I-0001527489,Integrante · 2023/7 - Actual,,,1
G-00000000002093,I-0001568610,Integrante · 2016/1 - 2016/10,,,0
G-00000000002093,I-0001610949,Integrante · 2014/5 - Actual,,,1
G-00000000002093,I-0001629838,Integrante · 2022/1 - Actual,,,1
G-00000000002093,I-0001631837,Integrante · 2020/1 - 2022/8,,,0
G-00000000002093,I-0001638385,Integrante · 2016/7 - 2022/11,,,0
G-00000000002093,I-0001675356,Integrante · 2025/6 - Actual,,,1
G-00000000002093,I-0001686888,Integrante · 2021/12 - Actual,,,1
G-00000000002093,I-0001705767,Integrante · 2019/11 - 2020/12,,,0
G-00000000002093,I-0001827125,Integrante · 2020/3 - 2020/3,,,0
G-00000000002093,I-0001827892,Integrante · 2020/10 - 2021/7,,,0
G-00000000002093,I-0001829490,Integrante · 2020/9 - 2022/9,,,0
G-00000000002093,I-0001831395,Integrante · 2022/2 - Actual,,,1
G-00000000002093,I-0002035454,Integrante · 2022/8 - 2022/12,,,0
G-00000000002093,I-0002035661,Integrante · 2022/8 - Actual,,,1
G-00000000002093,I-0002223759,Integrante · 2024/2 - Actual,,,1
G-00000000002093,I-0002258138,Integrante · 2025/2 - 2025/null,,,1
G-00000000002093,I-0002260340,Integrante · 2025/1 - Actual,,,1
G-00000000002099,I-0000018777,Integrante · 2024/1 - Actual,,,1
G-00000000002099,I-0000019717,Integrante · 2013/1 - Actual,,,1
G-00000000002099,I-0000025167,Integrante · 2015/1 - Actual,,,1
G-00000000002099,I-0000036253,Integrante · 2013/1 - Actual,,,1
G-00000000002099,I-0000058234,Integrante · 2023/1 - Actual,,,1
G-00000000002099,I-0000122991,Integrante · 2023/1 - Actual,,,1
G-00000000002099,I-0000128905,Integrante · 2022/6 - Actual,,,1
G-00000000002099,I-0000162546,Integrante · 2001/2 - 2012/6,,,0
G-00000000002099,I-0000167691,Integrante · 2019/7 - Actual,,,1
G-00000000002099,I-0000168425,Integrante · 2018/8 - Actual,,,1
G-00000000002099,I-0000186711,Integrante · 2016/1 - Actual,,,1
G-00000000002099,I-0000235156,Integrante · 2001/2 - 2010/1,,,0
G-00000000002099,I-0000235164,Integrante · 2002/3 - 2013/12,,,0
G-00000000002099,I-0000273236,Integrante · 2001/2 - 2012/6,,,0
G-00000000002099,I-0000310581,Integrante · 2001/2 - 2015/2,,,0
G-00000000002099,I-0000420174,Integrante · 2014/1 - Actual,,,1
G-00000000002099,I-0000439720,Integrante · 2006/7 - 2010/1,,,0
G-00000000002099,I-0000441708,Integrante · 2016/1 - Actual,,,1
G-00000000002099,I-0000442712,Integrante · 2012/6 - Actual,,,1
G-00000000002099,I-0000446300,Integrante · 2005/1 - Actual,,,1
G-00000000002099,I-0000459372,Integrante · 2005/9 - 2012/6,,,0
G-00000000002099,I-0000494917,Integrante · 2014/2 - Actual,,,1
G-00000000002099,I-0000501816,Integrante · 2008/1 - 2010/1,,,0
G-00000000002099,I-0000536407,Integrante · 2003/3 - 2004/12,,,0
G-00000000002099,I-0000545880,Integrante · 2023/1 - Actual,,,1
G-00000000002099,I-0000547883,Integrante · 2001/2 - 2010/1,,,0
G-00000000002099,I-0000549851,Integrante · 2008/6 - 2012/6,,,0
G-00000000002099,I-0000550051,Integrante · 2003/4 - 2004/12,,,0
G-00000000002099,I-0000563978,Integrante · 2006/1 - Actual,,,1
G-00000000002099,I-0000599484,Integrante · 2021/9 - Actual,,,1
G-00000000002099,I-0000600474,Integrante · 2009/2 - 2009/12,,,0
G-00000000002099,I-0000613916,Integrante · 2007/6 - 2009/12,,,0
G-00000000002099,I-0000614971,Integrante · 2008/1 - 2010/6,,,0
G-00000000002099,I-0000666106,Integrante · 2016/1 - Actual,,,1
G-00000000002099,I-0000666475,Integrante · 2008/7 - 2014/1,,,0
G-00000000002099,I-0000688487,Integrante · 2022/2 - Actual,,,1
G-00000000002099,I-0000749028,Integrante · 2016/1 - Actual,,,1
G-00000000002099,I-0000774979,Integrante · 2006/2 - 2008/12,,,0
G-00000000002099,I-0000799157,Integrante · 2013/1 - Actual,,,1
G-00000000002099,I-0000955450,Integrante · 2021/7 - Actual,,,1
G-00000000002099,I-0000967130,Integrante · 2014/1 - Actual,,,1
G-00000000002099,I-0000971782,Integrante · 2022/1 - Actual,,,1
G-00000000002099,I-0000984264,Integrante · 2007/1 - 2014/1,,,0
G-00000000002099,I-0001202898,Integrante · 2017/1 - Actual,,,1
G-00000000002099,I-0001346156,Integrante · 2013/1 - Actual,,,1
G-00000000002099,I-0001400853,Integrante · 2018/2 - Actual,,,1
G-00000000002099,I-0001401057,Integrante · 2019/2 - Actual,,,1
G-00000000002099,I-0001401301,Integrante · 2013/2 - Actual,,,1
G-00000000002099,I-0001401309,Integrante · 2023/1 - Actual,,,1
G-00000000002099,I-0001401310,Integrante · 2018/1 - Actual,,,1
G-00000000002099,I-0001401320,Integrante · 2022/1 - Actual,,,1
G-00000000002099,I-0001401632,Integrante · 2014/7 - Actual,,,1
G-00000000002099,I-0001403090,Integrante · 2014/1 - Actual,,,1
G-00000000002099,I-0001404785,Integrante · 2023/9 - Actual,,,1
G-00000000002099,I-0001412870,Integrante · 2018/2 - Actual,,,1
G-00000000002099,I-0001420512,Integrante · 2017/1 - Actual,,,1
G-00000000002099,I-0001423842,Integrante · 2014/10 - Actual,,,1
G-00000000002099,I-0001426300,Integrante · 2013/1 - Actual,,,1
G-00000000002099,I-0001445220,Integrante · 2012/6 - Actual,,,1
G-00000000002099,I-0001450217,Integrante · 2022/1 - Actual,,,1
G-00000000002099,I-0001453688,Integrante · 2024/1 - Actual,,,1
G-00000000002099,I-0001490524,Integrante · 2014/1 - Actual,,,1
G-00000000002099,I-0001490904,Integrante · 2014/10 - Actual,,,1
G-00000000002099,I-0001506336,Integrante · 2016/1 - Actual,,,1
G-00000000002099,I-0001534611,Integrante · 2023/1 - Actual,,,1
G-00000000002099,I-0001554707,Integrante · 2016/1 - Actual,,,1
G-00000000002099,I-0001560153,Integrante · 2013/1 - Actual,,,1
G-00000000002099,I-0001579321,Integrante · 2019/1 - Actual,,,1
G-00000000002099,I-0001606848,Integrante · 2015/1 - Actual,,,1
G-00000000002099,I-0001613360,Integrante · 2014/1 - Actual,,,1
G-00000000002099,I-0001616492,Integrante · 2014/1 - Actual,,,1
G-00000000002099,I-0001718099,Integrante · 2019/7 - Actual,,,1
G-00000000002099,I-0001750960,Integrante · 2017/2 - Actual,,,1
G-00000000002099,I-0001751044,Integrante · 2017/2 - Actual,,,1
G-00000000002099,I-0001906965,Integrante · 2021/7 - Actual,,,1
G-00000000002099,I-0001911078,Integrante · 2021/7 - Actual,,,1
G-00000000002099,I-0001911094,Integrante · 2021/7 - Actual,,,1
G-00000000002099,I-0001911192,Integrante · 2021/7 - Actual,,,1
G-00000000002099,I-0001911319,Integrante · 2021/7 - Actual,,,1
G-00000000002099,I-0001911320,Integrante · 2021/7 - Actual,,,1
G-00000000002099,I-0001914500,Integrante · 2021/8 - Actual,,,1
G-00000000002099,I-0002026248,Integrante · 2023/2 - Actual,,,1
G-00000000002099,I-0002117790,Integrante · 2023/1 - Actual,,,1
G-00000000002099,I-0002158281,Integrante · 2024/1 - Actual,,,1
G-00000000002099,I-0002401514,Integrante · 2023/1 - Actual,,,1
G-00000000002103,I-0000009681,Integrante · 2013/7 - 2020/1,,,0
G-00000000002103,I-0000152175,Integrante · 2019/2 - 2019/12,,,0
G-00000000002103,I-0000400700,Integrante · 2000/12 - Actual,,,1
G-00000000002103,I-0000410098,Integrante · 2000/12 - Actual,,,1
G-00000000002103,I-0000410179,Integrante · 2000/12 - Actual,,,1
G-00000000002103,I-0000551007,Integrante · 2019/11 - Actual,,,1
G-00000000002103,I-0000577111,Integrante · 2000/12 - 2007/12,,,0
G-00000000002103,I-0000577618,Integrante · 2001/2 - 2003/12,,,0
G-00000000002103,I-0001372505,Integrante · 2011/8 - Actual,,,1
G-00000000002103,I-0001422378,Integrante · 2010/7 - 2012/7,,,0
G-00000000002103,I-0001422379,Integrante · 2010/7 - 2012/7,,,0
G-00000000002103,I-0001434927,Integrante · 2011/9 - 2012/12,,,0
G-00000000002103,I-0001436291,Integrante · 2012/10 - 2014/9,,,0
G-00000000002103,I-0001436294,Integrante · 2012/8 - 2015/11,,,0
G-00000000002103,I-0001436295,Integrante · 2012/7 - 2014/9,,,0
G-00000000002103,I-0001478748,Integrante · 2012/10 - 2016/8,,,0
G-00000000002103,I-0001478768,Integrante · 2012/10 - 2015/12,,,0
G-00000000002397,I-0000000161,Integrante · 2014/3 - Actual,,,1
G-00000000002397,I-0000001148,Integrante · 2016/6 - Actual,,,1
G-00000000002397,I-0000035693,Integrante · 2016/2 - 2017/7,,,0
G-00000000002397,I-0000107147,Integrante · 2019/1 - Actual,,,1
G-00000000002397,I-0000137812,Integrante · 2022/1 - 2023/6,,,0
G-00000000002397,I-0000154733,Integrante · 2003/6 - Actual,,,1
G-00000000002397,I-0000218049,Integrante · 2014/1 - 2014/6,,,0
G-00000000002397,I-0000392960,Integrante · 2007/4 - 2011/2,,,0
G-00000000002397,I-0000419923,Integrante · 2011/2 - 2018/11,,,0
G-00000000002397,I-0000542679,Integrante · 2008/3 - 2008/3,,,0
G-00000000002397,I-0000549746,Integrante · 2003/6 - 2007/6,,,0
G-00000000002397,I-0000568597,Integrante · 2005/2 - 2012/11,,,0
G-00000000002397,I-0000570656,Integrante · 2004/3 - 2008/12,,,0
G-00000000002397,I-0000577952,Integrante · 2007/2 - Actual,,,1
G-00000000002397,I-0000644668,Integrante · 2003/11 - 2012/12,,,0
G-00000000002397,I-0000712957,Integrante · 2006/2 - 2008/9,,,0
G-00000000002397,I-0000717134,Integrante · 2005/2 - 2006/6,,,0
G-00000000002397,I-0000717185,Integrante · 2005/2 - 2006/6,,,0
G-00000000002397,I-0000727601,Integrante · 2007/8 - 2013/1,,,0
G-00000000002397,I-0000798380,Integrante · 2007/2 - 2008/6,,,0
G-00000000002397,I-0000798681,Integrante · 2006/6 - 2008/8,,,0
G-00000000002397,I-0000798827,Integrante · 2006/8 - 2008/6,,,0
G-00000000002397,I-0000800287,Integrante · 2010/1 - Actual,,,1
G-00000000002397,I-0000810541,Integrante · 2006/8 - 2009/1,,,0
G-00000000002397,I-0000855421,Integrante · 2019/7 - Actual,,,1
G-00000000002397,I-0000908258,Integrante · 2007/4 - 2011/12,,,0
G-00000000002397,I-0000930547,Integrante · 2006/8 - 2007/5,,,0
G-00000000002397,I-0000941026,Integrante · 2021/4 - 2022/12,,,0
G-00000000002397,I-0000941484,Integrante · 2006/7 - 2008/8,,,0
G-00000000002397,I-0000968943,Integrante · 2010/1 - 2015/12,,,0
G-00000000002397,I-0000993573,Integrante · 2008/2 - 2012/12,,,0
G-00000000002397,I-0001041061,Integrante · 2003/6 - 2012/6,,,0
G-00000000002397,I-0001166476,Integrante · 2010/6 - Actual,,,1
G-00000000002397,I-0001307169,Integrante · 2011/1 - 2012/6,,,0
G-00000000002397,I-0001334074,Integrante · 2010/8 - 2010/12,,,0
G-00000000002397,I-0001340640,Integrante · 2010/8 - 2010/12,,,0
G-00000000002397,I-0001342675,Integrante · 2003/6 - 2014/1,,,0
G-00000000002397,I-0001344831,Integrante · 2011/2 - 2012/12,,,0
G-00000000002397,I-0001348474,Integrante · 2009/2 - 2012/12,,,0
G-00000000002397,I-0001356483,Integrante · 2010/1 - 2010/6,,,0
G-00000000002397,I-0001391572,Integrante · 2009/2 - 2011/6,,,0
G-00000000002397,I-0001392047,Integrante · 2009/7 - 2011/12,,,0
G-00000000002397,I-0001392154,Integrante · 2010/1 - 2011/1,,,0
G-00000000002397,I-0001396087,Integrante · 2009/2 - 2012/8,,,0
G-00000000002397,I-0001415736,Integrante · 2011/2 - 2013/6,,,0
G-00000000002397,I-0001417352,Integrante · 2010/8 - 2013/12,,,0
G-00000000002397,I-0001424712,Integrante · 2009/7 - 2012/12,,,0
G-00000000002397,I-0001425927,Integrante · 2009/1 - 2011/12,,,0
G-00000000002397,I-0001426028,Integrante · 2009/7 - 2011/12,,,0
G-00000000002397,I-0001426034,Integrante · 2009/1 - 2010/11,,,0
G-00000000002397,I-0001426039,Integrante · 2017/1 - Actual,,,1
G-00000000002397,I-0001435711,Integrante · 2012/8 - 2015/12,,,0
G-00000000002397,I-0001437521,Integrante · 2009/1 - 2014/1,,,0
G-00000000002397,I-0001450472,Integrante · 2012/2 - 2019/6,,,0
G-00000000002397,I-0001471884,Integrante · 2013/8 - 2014/12,,,0
G-00000000002397,I-0001475211,Integrante · 2012/2 - 2012/12,,,0
G-00000000002397,I-0001475212,Integrante · 2012/2 - 2014/12,,,0
G-00000000002397,I-0001475216,Integrante · 2012/2 - 2013/12,,,0
G-00000000002397,I-0001478990,Integrante · 2012/11 - 2015/1,,,0
G-00000000002397,I-0001492152,Integrante · 2014/2 - 2014/4,,,0
G-00000000002397,I-0001500005,Integrante · 2013/8 - 2014/12,,,0
G-00000000002397,I-0001502882,Integrante · 2014/2 - 2015/12,,,0
G-00000000002397,I-0001518626,Integrante · 2012/8 - 2016/12,,,0
G-00000000002397,I-0001547711,Integrante · 2025/1 - Actual,,,1
G-00000000002397,I-0001558815,Integrante · 2012/11 - 2014/6,,,0
G-00000000002397,I-0001563471,Integrante · 2014/2 - Actual,,,1
G-00000000002397,I-0001565744,Integrante · 2013/8 - 2013/12,,,0
G-00000000002397,I-0001565845,Integrante · 2014/2 - 2014/4,,,0
G-00000000002397,I-0001566492,Integrante · 2014/2 - 2014/4,,,0
G-00000000002397,I-0001576959,Integrante · 2012/2 - 2013/1,,,0
G-00000000002397,I-0001577255,Integrante · 2013/11 - 2014/6,,,0
G-00000000002397,I-0001600594,Integrante · 2014/8 - 2014/12,,,0
G-00000000002397,I-0001601377,Integrante · 2013/3 - 2016/2,,,0
G-00000000002397,I-0001602700,Integrante · 2014/8 - 2015/6,,,0
G-00000000002397,I-0001685441,Integrante · 2021/2 - 2022/12,,,0
G-00000000002397,I-0001831314,Integrante · 2021/3 - 2023/6,,,0
G-00000000002497,I-0000020588,Integrante · 2024/8 - 2026/4,,,0
G-00000000002497,I-0000049371,Integrante · 2015/1 - 2021/3,,,0
G-00000000002497,I-0000061890,Integrante · 2015/1 - Actual,,,1
G-00000000002497,I-0000080906,Integrante · 2019/2 - 2019/2,,,0
G-00000000002497,I-0000099781,Integrante · 2019/2 - 2022/11,,,0
G-00000000002497,I-0000103632,Integrante · 2020/9 - Actual,,,1
G-00000000002497,I-0000148399,Integrante · 2018/3 - Actual,,,1
G-00000000002497,I-0000253510,Integrante · 2021/7 - Actual,,,1
G-00000000002497,I-0000442380,Integrante · 2003/1 - Actual,,,1
G-00000000002497,I-0000442933,Integrante · 2003/1 - Actual,,,1
G-00000000002497,I-0000589365,Integrante · 2008/1 - 2024/6,,,0
G-00000000002497,I-0000988030,Integrante · 2007/12 - 2012/11,,,0
G-00000000002497,I-0001061330,Integrante · 2012/8 - 2013/3,,,0
G-00000000002497,I-0001216813,Integrante · 2007/2 - 2012/11,,,0
G-00000000002497,I-0001234439,Integrante · 2008/1 - 2012/11,,,0
G-00000000002497,I-0001236059,Integrante · 2007/2 - 2017/12,,,0
G-00000000002497,I-0001268244,Integrante · 2008/1 - 2012/11,,,0
G-00000000002497,I-0001410928,Integrante · 2011/3 - 2012/11,,,0
G-00000000002497,I-0001414752,Integrante · 2008/1 - 2012/11,,,0
G-00000000002497,I-0001449230,Integrante · 2011/11 - 2012/3,,,0
G-00000000002497,I-0001449255,Integrante · 2011/11 - 2012/11,,,0
G-00000000002497,I-0001449675,Integrante · 2011/11 - 2012/11,,,0
G-00000000002497,I-0001486883,Integrante · 2018/8 - 2019/6,,,0
G-00000000002497,I-0001504232,Integrante · 2017/1 - 2017/1,,,0
G-00000000002497,I-0001638679,Integrante · 2017/1 - 2017/1,,,0
G-00000000002497,I-0001638704,Integrante · 2015/11 - 2016/2,,,0
G-00000000002497,I-0001638707,Integrante · 2015/7 - 2016/2,,,0
G-00000000002497,I-0001638855,Integrante · 2015/11 - 2016/2,,,0
G-00000000002497,I-0001639223,Integrante · 2015/1 - 2015/11,,,0
G-00000000002497,I-0001639225,Integrante · 2015/1 - 2015/11,,,0
G-00000000002497,I-0001758615,Integrante · 2020/9 - 2024/11,,,0
G-00000000002497,I-0001761060,Integrante · 2020/9 - 2021/10,,,0
G-00000000002497,I-0001761077,Integrante · 2020/9 - 2021/12,,,0
G-00000000002497,I-0001779874,Integrante · 2020/6 - Actual,,,1
G-00000000002497,I-0001781183,Integrante · 2003/1 - 2008/1,,,0
G-00000000002497,I-0001800267,Integrante · 2020/9 - 2022/11,,,0
G-00000000002497,I-0001817675,Integrante · 2020/9 - 2022/11,,,0
G-00000000002497,I-0001831952,Integrante · 2022/4 - 2024/11,,,0
G-00000000002497,I-0002034563,Integrante · 2023/8 - 2024/6,,,0
G-00000000002497,I-0002131460,Integrante · 2023/8 - Actual,,,1
G-00000000002497,I-0002466970,Integrante · 2026/4 - Actual,,,1
G-00000000002521,I-0000015961,Integrante · 2014/1 - Actual,,,1
G-00000000002521,I-0000016533,Integrante · 2015/4 - Actual,,,1
G-00000000002521,I-0000019777,Integrante · 2013/7 - 2022/12,,,0
G-00000000002521,I-0000031856,Integrante · 2015/2 - Actual,,,1
G-00000000002521,I-0000033459,Integrante · 2017/1 - Actual,,,1
G-00000000002521,I-0000051440,Integrante · 2015/4 - Actual,,,1
G-00000000002521,I-0000080244,Integrante · 2025/1 - Actual,,,1
G-00000000002521,I-0000124819,Integrante · 2016/9 - Actual,,,1
G-00000000002521,I-0000296252,Integrante · 2014/1 - 2016/12,,,0
G-00000000002521,I-0000299197,Integrante · 2003/3 - Actual,,,1
G-00000000002521,I-0000310581,Integrante · 2009/8 - 2014/1,,,0
G-00000000002521,I-0000432415,Integrante · 2003/3 - Actual,,,1
G-00000000002521,I-0000437190,Integrante · 2011/6 - Actual,,,1
G-00000000002521,I-0000450987,Integrante · 2003/3 - Actual,,,1
G-00000000002521,I-0000457680,Integrante · 2003/3 - Actual,,,1
G-00000000002521,I-0000459267,Integrante · 2008/5 - 2009/1,,,0
G-00000000002521,I-0000459356,Integrante · 2008/5 - Actual,,,1
G-00000000002521,I-0000490628,Integrante · 2015/2 - Actual,,,1
G-00000000002521,I-0000500500,Integrante · 2014/1 - Actual,,,1
G-00000000002521,I-0000512974,Integrante · 2013/9 - 2014/12,,,0
G-00000000002521,I-0000550990,Integrante · 2003/7 - 2008/1,,,0
G-00000000002521,I-0000558087,Integrante · 2007/1 - Actual,,,1
G-00000000002521,I-0000563978,Integrante · 2008/5 - Actual,,,1
G-00000000002521,I-0000597155,Integrante · 2011/2 - Actual,,,1
G-00000000002521,I-0000602647,Integrante · 2003/3 - 2007/1,,,0
G-00000000002521,I-0000612413,Integrante · 2016/2 - Actual,,,1
G-00000000002521,I-0000613916,Integrante · 2009/2 - Actual,,,1
G-00000000002521,I-0000614947,Integrante · 2015/1 - Actual,,,1
G-00000000002521,I-0000614971,Integrante · 2015/1 - Actual,,,1
G-00000000002521,I-0000666475,Integrante · 2010/6 - Actual,,,1
G-00000000002521,I-0000682691,Integrante · 2009/7 - 2009/11,,,0
G-00000000002521,I-0000744760,Integrante · 2008/5 - Actual,,,1
G-00000000002521,I-0000744905,Integrante · 2008/7 - 2009/6,,,0
G-00000000002521,I-0000759465,Integrante · 2014/1 - 2022/12,,,0
G-00000000002521,I-0000774979,Integrante · 2008/5 - 2009/12,,,0
G-00000000002521,I-0000806897,Integrante · 2014/1 - Actual,,,1
G-00000000002521,I-0001037307,Integrante · 2011/2 - 2011/3,,,0
G-00000000002521,I-0001037315,Integrante · 2012/6 - 2012/6,,,0
G-00000000002521,I-0001166280,Integrante · 2010/1 - 2022/12,,,0
G-00000000002521,I-0001202022,Integrante · 2023/1 - Actual,,,1
G-00000000002521,I-0001211056,Integrante · 2013/1 - Actual,,,1
G-00000000002521,I-0001303376,Integrante · 2008/9 - 2008/12,,,0
G-00000000002521,I-0001307169,Integrante · 2008/10 - 2009/1,,,0
G-00000000002521,I-0001339923,Integrante · 2011/3 - 2022/12,,,0
G-00000000002521,I-0001340188,Integrante · 2011/3 - 2022/12,,,0
G-00000000002521,I-0001353528,Integrante · 2015/1 - Actual,,,1
G-00000000002521,I-0001380761,Integrante · 2011/3 - Actual,,,1
G-00000000002521,I-0001390630,Integrante · 2014/1 - 2022/12,,,0
G-00000000002521,I-0001391964,Integrante · 2009/9 - 2010/7,,,0
G-00000000002521,I-0001396095,Integrante · 2015/3 - 2022/12,,,0
G-00000000002521,I-0001400472,Integrante · 2023/1 - Actual,,,1
G-00000000002521,I-0001403604,Integrante · 2015/2 - Actual,,,1
G-00000000002521,I-0001404727,Integrante · 2026/7 - Actual,,,1
G-00000000002521,I-0001410516,Integrante · 2013/10 - Actual,,,1
G-00000000002521,I-0001412171,Integrante · 2011/8 - 2011/10,,,0
G-00000000002521,I-0001415040,Integrante · 2011/6 - 2011/6,,,0
G-00000000002521,I-0001417838,Integrante · 2023/7 - Actual,,,1
G-00000000002521,I-0001422306,Integrante · 2011/6 - 2011/6,,,0
G-00000000002521,I-0001423558,Integrante · 2011/8 - 2011/8,,,0
G-00000000002521,I-0001426550,Integrante · 2011/6 - Actual,,,1
G-00000000002521,I-0001426556,Integrante · 2011/6 - 2011/6,,,0
G-00000000002521,I-0001426566,Integrante · 2011/3 - Actual,,,1
G-00000000002521,I-0001426588,Integrante · 2011/3 - 2013/11,,,0
G-00000000002521,I-0001426877,Integrante · 2011/6 - 2011/6,,,0
G-00000000002521,I-0001426881,Integrante · 2011/6 - 2011/6,,,0
G-00000000002521,I-0001426882,Integrante · 2011/6 - 2011/6,,,0
G-00000000002521,I-0001430586,Integrante · 2011/8 - 2011/11,,,0
G-00000000002521,I-0001431105,Integrante · 2011/8 - 2011/11,,,0
G-00000000002521,I-0001432043,Integrante · 2014/2 - 2014/7,,,0
G-00000000002521,I-0001432078,Integrante · 2011/8 - 2014/6,,,0
G-00000000002521,I-0001435151,Integrante · 2011/3 - Actual,,,1
G-00000000002521,I-0001435379,Integrante · 2011/3 - 2022/12,,,0
G-00000000002521,I-0001437889,Integrante · 2011/8 - 2011/8,,,0
G-00000000002521,I-0001438716,Integrante · 2013/10 - 2022/12,,,0
G-00000000002521,I-0001449492,Integrante · 2011/10 - 2011/10,,,0
G-00000000002521,I-0001449494,Integrante · 2011/10 - 2011/10,,,0
G-00000000002521,I-0001449495,Integrante · 2011/10 - 2022/12,,,0
G-00000000002521,I-0001449526,Integrante · 2011/10 - 2011/10,,,0
G-00000000002521,I-0001449528,Integrante · 2011/10 - Actual,,,1
G-00000000002521,I-0001449529,Integrante · 2011/10 - Actual,,,1
G-00000000002521,I-0001449530,Integrante · 2014/2 - 2022/12,,,0
G-00000000002521,I-0001449535,Integrante · 2011/10 - 2011/10,,,0
G-00000000002521,I-0001450097,Integrante · 2011/9 - Actual,,,1
G-00000000002521,I-0001450099,Integrante · 2011/9 - 2011/9,,,0
G-00000000002521,I-0001465440,Integrante · 2025/11 - Actual,,,1
G-00000000002521,I-0001472571,Integrante · 2015/1 - Actual,,,1
G-00000000002521,I-0001493540,Integrante · 2013/3 - 2022/12,,,0
G-00000000002521,I-0001554721,Integrante · 2014/8 - Actual,,,1
G-00000000002521,I-0001598646,Integrante · 2017/11 - Actual,,,1
G-00000000002521,I-0001629897,Integrante · 2014/1 - 2022/12,,,0
G-00000000002521,I-0001634959,Integrante · 2015/4 - Actual,,,1
G-00000000002521,I-0001644464,Integrante · 2017/11 - 2022/12,,,0
G-00000000002521,I-0001723524,Integrante · 2022/2 - Actual,,,1
G-00000000002668,I-0000002219,Integrante · 2024/1 - Actual,,,1
G-00000000002668,I-0000025167,Integrante · 2017/3 - 2019/12,,,0
G-00000000002668,I-0000026149,Integrante · 2015/5 - 2015/11,,,0
G-00000000002668,I-0000026748,Integrante · 2017/7 - 2018/4,,,0
G-00000000002668,I-0000033045,Integrante · 2018/5 - 2018/10,,,0
G-00000000002668,I-0000055268,Integrante · 2016/4 - 2017/8,,,0
G-00000000002668,I-0000055278,Integrante · 2016/4 - 2018/8,,,0
G-00000000002668,I-0000063969,Integrante · 2016/2 - 2019/12,,,0
G-00000000002668,I-0000077969,Integrante · 2016/9 - 2018/8,,,0
G-00000000002668,I-0000080465,Integrante · 2018/3 - 2018/10,,,0
G-00000000002668,I-0000154247,Integrante · 2017/7 - 2018/4,,,0
G-00000000002668,I-0000173405,Integrante · 2023/1 - Actual,,,1
G-00000000002668,I-0000197696,Integrante · 2023/1 - Actual,,,1
G-00000000002668,I-0000289213,Integrante · 2013/1 - 2019/12,,,0
G-00000000002668,I-0000318264,Integrante · 2022/1 - Actual,,,1
G-00000000002668,I-0000402087,Integrante · 2005/7 - 2010/7,,,0
G-00000000002668,I-0000420247,Integrante · 2005/7 - Actual,,,1
G-00000000002668,I-0000420581,Integrante · 2005/7 - 2013/12,,,0
G-00000000002668,I-0000424455,Integrante · 2013/2 - Actual,,,1
G-00000000002668,I-0000429392,Integrante · 2011/3 - 2019/12,,,0
G-00000000002668,I-0000442542,Integrante · 2006/4 - Actual,,,1
G-00000000002668,I-0000442712,Integrante · 2016/8 - Actual,,,1
G-00000000002668,I-0000444120,Integrante · 2012/8 - 2015/12,,,0
G-00000000002668,I-0000447374,Integrante · 2005/7 - 2014/12,,,0
G-00000000002668,I-0000449814,Integrante · 2016/7 - 2016/12,,,0
G-00000000002668,I-0000549746,Integrante · 2023/1 - Actual,,,1
G-00000000002668,I-0000551031,Integrante · 2013/5 - 2013/12,,,0
G-00000000002668,I-0000557056,Integrante · 2022/1 - Actual,,,1
G-00000000002668,I-0000579882,Integrante · 2005/7 - Actual,,,1
G-00000000002668,I-0000592811,Integrante · 2011/8 - 2011/12,,,0
G-00000000002668,I-0000597163,Integrante · 2005/7 - 2012/8,,,0
G-00000000002668,I-0000599484,Integrante · 2011/5 - 2012/1,,,0
G-00000000002668,I-0000649040,Integrante · 2015/7 - 2016/12,,,0
G-00000000002668,I-0000651222,Integrante · 2017/2 - Actual,,,1
G-00000000002668,I-0000666106,Integrante · 2016/4 - Actual,,,1
G-00000000002668,I-0000669512,Integrante · 2006/4 - 2010/4,,,0
G-00000000002668,I-0000696684,Integrante · 2005/12 - 2010/1,,,0
G-00000000002668,I-0000749028,Integrante · 2016/2 - 2019/12,,,0
G-00000000002668,I-0000955469,Integrante · 2014/1 - 2021/12,,,0
G-00000000002668,I-0000971782,Integrante · 2017/2 - Actual,,,1
G-00000000002668,I-0000986020,Integrante · 2017/2 - Actual,,,1
G-00000000002668,I-0001035274,Integrante · 2007/8 - 2010/9,,,0
G-00000000002668,I-0001037315,Integrante · 2015/2 - Actual,,,1
G-00000000002668,I-0001039830,Integrante · 2007/9 - 2020/6,,,0
G-00000000002668,I-0001152548,Integrante · 2016/2 - 2019/12,,,0
G-00000000002668,I-0001209590,Integrante · 2018/5 - 2021/12,,,0
G-00000000002668,I-0001356805,Integrante · 2021/1 - Actual,,,1
G-00000000002668,I-0001359432,Integrante · 2012/1 - Actual,,,1
G-00000000002668,I-0001359792,Integrante · 2011/2 - 2012/1,,,0
G-00000000002668,I-0001400853,Integrante · 2022/1 - Actual,,,1
G-00000000002668,I-0001401130,Integrante · 2011/5 - 2012/1,,,0
G-00000000002668,I-0001401301,Integrante · 2013/2 - Actual,,,1
G-00000000002668,I-0001401310,Integrante · 2020/1 - Actual,,,1
G-00000000002668,I-0001401314,Integrante · 2011/2 - 2011/12,,,0
G-00000000002668,I-0001403741,Integrante · 2016/8 - 2018/8,,,0
G-00000000002668,I-0001404374,Integrante · 2015/7 - 2020/6,,,0
G-00000000002668,I-0001406500,Integrante · 2009/9 - Actual,,,1
G-00000000002668,I-0001410783,Integrante · 2011/8 - 2014/12,,,0
G-00000000002668,I-0001414818,Integrante · 2016/8 - 2017/11,,,0
G-00000000002668,I-0001426049,Integrante · 2011/5 - 2015/12,,,0
G-00000000002668,I-0001426148,Integrante · 2013/2 - 2013/12,,,0
G-00000000002668,I-0001426332,Integrante · 2011/5 - 2012/12,,,0
G-00000000002668,I-0001426399,Integrante · 2011/5 - 2011/12,,,0
G-00000000002668,I-0001445220,Integrante · 2017/2 - Actual,,,1
G-00000000002668,I-0001450217,Integrante · 2017/1 - 2020/11,,,0
G-00000000002668,I-0001464394,Integrante · 2012/1 - 2014/12,,,0
G-00000000002668,I-0001482590,Integrante · 2017/1 - 2019/12,,,0
G-00000000002668,I-0001486166,Integrante · 2014/9 - Actual,,,1
G-00000000002668,I-0001490580,Integrante · 2015/1 - 2019/12,,,0
G-00000000002668,I-0001522365,Integrante · 2015/2 - Actual,,,1
G-00000000002668,I-0001523441,Integrante · 2013/5 - 2013/12,,,0
G-00000000002668,I-0001523442,Integrante · 2013/5 - 2013/12,,,0
G-00000000002668,I-0001525344,Integrante · 2013/2 - 2013/12,,,0
G-00000000002668,I-0001526213,Integrante · 2012/8 - 2013/12,,,0
G-00000000002668,I-0001526215,Integrante · 2013/2 - 2013/12,,,0
G-00000000002668,I-0001534611,Integrante · 2016/3 - 2020/12,,,0
G-00000000002668,I-0001544629,Integrante · 2018/1 - Actual,,,1
G-00000000002668,I-0001554707,Integrante · 2016/2 - 2017/10,,,0
G-00000000002668,I-0001561353,Integrante · 2016/5 - 2019/12,,,0
G-00000000002668,I-0001606848,Integrante · 2016/4 - Actual,,,1
G-00000000002668,I-0001619352,Integrante · 2014/2 - Actual,,,1
G-00000000002668,I-0001651468,Integrante · 2017/6 - 2018/4,,,0
G-00000000002668,I-0001664014,Integrante · 2018/6 - Actual,,,1
G-00000000002668,I-0001678210,Integrante · 2023/1 - Actual,,,1
G-00000000002668,I-0001690357,Integrante · 2017/11 - 2019/12,,,0
G-00000000002668,I-0001704247,Integrante · 2018/2 - Actual,,,1
G-00000000002668,I-0001721664,Integrante · 2018/2 - 2019/12,,,0
G-00000000002668,I-0001739114,Integrante · 2017/2 - 2021/12,,,0
G-00000000002668,I-0001750655,Integrante · 2017/2 - 2019/12,,,0
G-00000000002668,I-0001847829,Integrante · 2019/1 - Actual,,,1
G-00000000002668,I-0001876161,Integrante · 2020/1 - 2020/12,,,0
G-00000000002668,I-0002032612,Integrante · 2022/2 - Actual,,,1
G-00000000002668,I-0002204543,Integrante · 2022/1 - Actual,,,1
G-00000000002668,I-0002514392,Integrante · 2024/1 - Actual,,,1
G-00000000002681,I-0000026063,Integrante · 2019/2 - 2022/2,,,0
G-00000000002681,I-0000038086,Integrante · 2019/2 - Actual,,,1
G-00000000002681,I-0000051270,Integrante · 2017/6 - 2017/6,,,0
G-00000000002681,I-0000057939,Integrante · 2019/2 - Actual,,,1
G-00000000002681,I-0000137374,Integrante · 2019/2 - Actual,,,1
G-00000000002681,I-0000140805,Integrante · 2005/2 - 2013/2,,,0
G-00000000002681,I-0000148692,Integrante · 2023/2 - 2024/2,,,0
G-00000000002681,I-0000150630,Integrante · 2008/1 - 2016/12,,,0
G-00000000002681,I-0000152437,Integrante · 2019/2 - 2023/2,,,0
G-00000000002681,I-0000160347,Integrante · 2019/6 - Actual,,,1
G-00000000002681,I-0000166676,Integrante · 2018/6 - Actual,,,1
G-00000000002681,I-0000184825,Integrante · 2024/2 - Actual,,,1
G-00000000002681,I-0000197696,Integrante · 2008/1 - 2011/2,,,0
G-00000000002681,I-0000197840,Integrante · 2002/12 - 2013/2,,,0
G-00000000002681,I-0000227765,Integrante · 2005/2 - 2006/2,,,0
G-00000000002681,I-0000244490,Integrante · 2005/2 - 2006/2,,,0
G-00000000002681,I-0000250457,Integrante · 2015/2 - 2023/2,,,0
G-00000000002681,I-0000276081,Integrante · 2005/2 - 2007/2,,,0
G-00000000002681,I-0000427616,Integrante · 2015/2 - 2016/6,,,0
G-00000000002681,I-0000429473,Integrante · 2016/2 - 2017/4,,,0
G-00000000002681,I-0000439223,Integrante · 2005/7 - 2016/12,,,0
G-00000000002681,I-0000549746,Integrante · 2005/7 - 2007/7,,,0
G-00000000002681,I-0000550884,Integrante · 2010/1 - 2023/12,,,0
G-00000000002681,I-0000552194,Integrante · 2014/10 - 2017/6,,,0
G-00000000002681,I-0000562939,Integrante · 2014/10 - 2016/12,,,0
G-00000000002681,I-0000563838,Integrante · 2014/10 - 2023/10,,,0
G-00000000002681,I-0000565539,Integrante · 2005/2 - 2007/2,,,0
G-00000000002681,I-0000565547,Integrante · 2005/2 - 2007/2,,,0
G-00000000002681,I-0000566632,Integrante · 2005/2 - 2006/2,,,0
G-00000000002681,I-0000599638,Integrante · 2017/6 - Actual,,,1
G-00000000002681,I-0000645389,Integrante · 2009/6 - 2012/6,,,0
G-00000000002681,I-0000727601,Integrante · 2010/6 - 2023/2,,,0
G-00000000002681,I-0000763144,Integrante · 2019/2 - Actual,,,1
G-00000000002681,I-0000895652,Integrante · 2014/10 - 2015/10,,,0
G-00000000002681,I-0000979430,Integrante · 2015/3 - Actual,,,1
G-00000000002681,I-0000999245,Integrante · 2014/10 - 2016/12,,,0
G-00000000002681,I-0001039326,Integrante · 2010/2 - 2012/6,,,0
G-00000000002681,I-0001039709,Integrante · 2010/2 - 2012/2,,,0
G-00000000002681,I-0001064401,Integrante · 2020/2 - 2023/2,,,0
G-00000000002681,I-0001252097,Integrante · 2019/6 - Actual,,,1
G-00000000002681,I-0001291041,Integrante · 2012/2 - Actual,,,1
G-00000000002681,I-0001331566,Integrante · 2023/1 - Actual,,,1
G-00000000002681,I-0001344825,Integrante · 2019/2 - Actual,,,1
G-00000000002681,I-0001350835,Integrante · 2008/1 - Actual,,,1
G-00000000002681,I-0001350888,Integrante · 2008/1 - 2009/6,,,0
G-00000000002681,I-0001358717,Integrante · 2019/2 - Actual,,,1
G-00000000002681,I-0001359239,Integrante · 2022/2 - Actual,,,1
G-00000000002681,I-0001360298,Integrante · 2013/6 - 2015/12,,,0
G-00000000002681,I-0001389820,Integrante · 2011/2 - 2012/2,,,0
G-00000000002681,I-0001390630,Integrante · 2015/3 - Actual,,,1
G-00000000002681,I-0001391393,Integrante · 2010/2 - 2013/3,,,0
G-00000000002681,I-0001391969,Integrante · 2015/6 - Actual,,,1
G-00000000002681,I-0001394254,Integrante · 2011/2 - 2012/2,,,0
G-00000000002681,I-0001413990,Integrante · 2023/2 - 2024/2,,,0
G-00000000002681,I-0001418356,Integrante · 2011/2 - 2012/2,,,0
G-00000000002681,I-0001420330,Integrante · 2014/10 - 2015/12,,,0
G-00000000002681,I-0001420684,Integrante · 2011/10 - 2014/11,,,0
G-00000000002681,I-0001420698,Integrante · 2011/10 - 2014/12,,,0
G-00000000002681,I-0001426085,Integrante · 2019/2 - 2019/6,,,0
G-00000000002681,I-0001427604,Integrante · 2011/2 - 2014/12,,,0
G-00000000002681,I-0001427607,Integrante · 2011/2 - 2012/2,,,0
G-00000000002681,I-0001427608,Integrante · 2011/2 - 2014/12,,,0
G-00000000002681,I-0001427688,Integrante · 2011/2 - 2012/2,,,0
G-00000000002681,I-0001427690,Integrante · 2011/2 - 2012/2,,,0
G-00000000002681,I-0001427693,Integrante · 2011/2 - 2012/2,,,0
G-00000000002681,I-0001428608,Integrante · 2011/2 - 2012/2,,,0
G-00000000002681,I-0001430257,Integrante · 2015/1 - 2015/12,,,0
G-00000000002681,I-0001436215,Integrante · 2022/2 - 2025/10,,,0
G-00000000002681,I-0001436236,Integrante · 2012/6 - 2015/12,,,0
G-00000000002681,I-0001438720,Integrante · 2013/2 - 2015/12,,,0
G-00000000002681,I-0001445362,Integrante · 2015/3 - 2016/7,,,0
G-00000000002681,I-0001459539,Integrante · 2012/6 - 2019/8,,,0
G-00000000002681,I-0001464109,Integrante · 2019/2 - Actual,,,1
G-00000000002681,I-0001475947,Integrante · 2020/2 - Actual,,,1
G-00000000002681,I-0001480034,Integrante · 2016/2 - Actual,,,1
G-00000000002681,I-0001528035,Integrante · 2012/7 - 2013/7,,,0
G-00000000002681,I-0001528072,Integrante · 2012/7 - 2013/7,,,0
G-00000000002681,I-0001528479,Integrante · 2019/1 - 2023/2,,,0
G-00000000002681,I-0001546897,Integrante · 2018/1 - Actual,,,1
G-00000000002681,I-0001547376,Integrante · 2024/2 - Actual,,,1
G-00000000002681,I-0001602046,Integrante · 2014/10 - 2016/12,,,0
G-00000000002681,I-0001602728,Integrante · 2015/1 - 2015/12,,,0
G-00000000002681,I-0001613810,Integrante · 2015/1 - 2016/12,,,0
G-00000000002681,I-0001615289,Integrante · 2015/1 - 2023/2,,,0
G-00000000002681,I-0001629827,Integrante · 2014/6 - 2016/12,,,0
G-00000000002681,I-0001629833,Integrante · 2014/6 - 2016/12,,,0
G-00000000002681,I-0001629835,Integrante · 2014/6 - Actual,,,1
G-00000000002681,I-0001629839,Integrante · 2014/6 - 2016/12,,,0
G-00000000002681,I-0001630408,Integrante · 2019/2 - Actual,,,1
G-00000000002681,I-0001663422,Integrante · 2019/2 - 2025/9,,,0
G-00000000002681,I-0001664164,Integrante · 2021/2 - 2023/12,,,0
G-00000000002681,I-0001683103,Integrante · 2019/2 - 2024/2,,,0
G-00000000002681,I-0001683115,Integrante · 2019/2 - 2022/2,,,0
G-00000000002681,I-0001736550,Integrante · 2019/8 - 2021/2,,,0
G-00000000002681,I-0001757824,Integrante · 2021/2 - Actual,,,1
G-00000000002681,I-0001783812,Integrante · 2020/6 - 2024/2,,,0
G-00000000002681,I-0001817589,Integrante · 2020/2 - 2022/2,,,0
G-00000000002681,I-0001826895,Integrante · 2020/6 - Actual,,,1
G-00000000002681,I-0001912461,Integrante · 2022/2 - 2023/2,,,0
G-00000000002681,I-0002056247,Integrante · 2022/10 - Actual,,,1
G-00000000002681,I-0002056248,Integrante · 2022/10 - Actual,,,1
G-00000000002681,I-0002139875,Integrante · 2024/2 - Actual,,,1
G-00000000003161,I-0000009121,Integrante · 2013/2 - 2018/4,,,0
G-00000000003161,I-0000010064,Integrante · 2013/3 - 2016/6,,,0
G-00000000003161,I-0000033169,Integrante · 2016/2 - 2017/2,,,0
G-00000000003161,I-0000033178,Integrante · 2015/5 - 2017/2,,,0
G-00000000003161,I-0000033824,Integrante · 2017/2 - Actual,,,1
G-00000000003161,I-0000033874,Integrante · 2017/2 - 2018/1,,,0
G-00000000003161,I-0000037166,Integrante · 2015/5 - 2016/7,,,0
G-00000000003161,I-0000051067,Integrante · 2016/2 - 2018/1,,,0
G-00000000003161,I-0000051697,Integrante · 2016/2 - 2017/10,,,0
G-00000000003161,I-0000051734,Integrante · 2016/2 - 2017/2,,,0
G-00000000003161,I-0000051790,Integrante · 2016/2 - 2018/3,,,0
G-00000000003161,I-0000051791,Integrante · 2016/2 - 2018/3,,,0
G-00000000003161,I-0000052045,Integrante · 2016/2 - 2017/2,,,0
G-00000000003161,I-0000053909,Integrante · 2016/2 - 2018/1,,,0
G-00000000003161,I-0000054021,Integrante · 2016/2 - 2017/2,,,0
G-00000000003161,I-0000054078,Integrante · 2016/2 - 2017/2,,,0
G-00000000003161,I-0000054093,Integrante · 2016/3 - 2017/4,,,0
G-00000000003161,I-0000054485,Integrante · 2020/2 - 2020/3,,,0
G-00000000003161,I-0000063768,Integrante · 2017/1 - 2018/5,,,0
G-00000000003161,I-0000169728,Integrante · 2022/1 - 2022/6,,,0
G-00000000003161,I-0000235156,Integrante · 2002/1 - Actual,,,1
G-00000000003161,I-0000235164,Integrante · 2003/2 - 2007/7,,,0
G-00000000003161,I-0000290734,Integrante · 2010/6 - 2018/3,,,0
G-00000000003161,I-0000310581,Integrante · 2003/2 - 2012/4,,,0
G-00000000003161,I-0000424030,Integrante · 2002/1 - Actual,,,1
G-00000000003161,I-0000437190,Integrante · 2008/2 - 2018/12,,,0
G-00000000003161,I-0000485896,Integrante · 2017/1 - 2021/12,,,0
G-00000000003161,I-0000512974,Integrante · 2009/4 - 2018/3,,,0
G-00000000003161,I-0000517526,Integrante · 2002/1 - 2018/11,,,0
G-00000000003161,I-0000547883,Integrante · 2016/2 - 2022/11,,,0
G-00000000003161,I-0000548723,Integrante · 2023/6 - Actual,,,1
G-00000000003161,I-0000563978,Integrante · 2017/1 - Actual,,,1
G-00000000003161,I-0000601179,Integrante · 2008/2 - 2009/12,,,0
G-00000000003161,I-0000613916,Integrante · 2020/2 - Actual,,,1
G-00000000003161,I-0000614971,Integrante · 2023/1 - Actual,,,1
G-00000000003161,I-0000666475,Integrante · 2013/2 - 2016/3,,,0
G-00000000003161,I-0000806897,Integrante · 2009/10 - Actual,,,1
G-00000000003161,I-0000988685,Integrante · 2011/1 - 2014/2,,,0
G-00000000003161,I-0001037315,Integrante · 2012/1 - Actual,,,1
G-00000000003161,I-0001049615,Integrante · 2017/1 - 2021/12,,,0
G-00000000003161,I-0001064401,Integrante · 2014/1 - 2015/12,,,0
G-00000000003161,I-0001231006,Integrante · 2008/3 - 2009/1,,,0
G-00000000003161,I-0001235320,Integrante · 2009/6 - 2012/6,,,0
G-00000000003161,I-0001235338,Integrante · 2009/6 - 2012/6,,,0
G-00000000003161,I-0001257013,Integrante · 2008/3 - 2012/6,,,0
G-00000000003161,I-0001279009,Integrante · 2008/3 - 2015/11,,,0
G-00000000003161,I-0001282395,Integrante · 2008/3 - 2009/1,,,0
G-00000000003161,I-0001295080,Integrante · 2008/4 - 2009/1,,,0
G-00000000003161,I-0001299867,Integrante · 2008/3 - 2012/6,,,0
G-00000000003161,I-0001305620,Integrante · 2016/1 - 2021/11,,,0
G-00000000003161,I-0001343812,Integrante · 2015/7 - Actual,,,1
G-00000000003161,I-0001347458,Integrante · 2013/9 - Actual,,,1
G-00000000003161,I-0001352203,Integrante · 2008/3 - 2009/11,,,0
G-00000000003161,I-0001352239,Integrante · 2009/2 - 2009/7,,,0
G-00000000003161,I-0001356805,Integrante · 2009/6 - 2012/6,,,0
G-00000000003161,I-0001356806,Integrante · 2009/6 - 2012/6,,,0
G-00000000003161,I-0001359454,Integrante · 2010/7 - 2012/6,,,0
G-00000000003161,I-0001359467,Integrante · 2010/7 - 2012/1,,,0
G-00000000003161,I-0001362832,Integrante · 2010/1 - 2016/3,,,0
G-00000000003161,I-0001386119,Integrante · 2012/2 - 2015/6,,,0
G-00000000003161,I-0001395622,Integrante · 2008/6 - 2009/1,,,0
G-00000000003161,I-0001396094,Integrante · 2012/9 - 2015/12,,,0
G-00000000003161,I-0001396095,Integrante · 2002/1 - 2003/2,,,0
G-00000000003161,I-0001403128,Integrante · 2016/11 - 2018/11,,,0
G-00000000003161,I-0001405405,Integrante · 2012/3 - 2012/11,,,0
G-00000000003161,I-0001412528,Integrante · 2012/9 - 2016/3,,,0
G-00000000003161,I-0001420329,Integrante · 2011/5 - 2011/5,,,0
G-00000000003161,I-0001432043,Integrante · 2020/1 - Actual,,,1
G-00000000003161,I-0001432078,Integrante · 2014/1 - 2016/2,,,0
G-00000000003161,I-0001450424,Integrante · 2011/8 - 2012/1,,,0
G-00000000003161,I-0001451380,Integrante · 2011/8 - 2013/3,,,0
G-00000000003161,I-0001451389,Integrante · 2011/9 - 2011/9,,,0
G-00000000003161,I-0001460447,Integrante · 2012/9 - 2018/3,,,0
G-00000000003161,I-0001479075,Integrante · 2012/6 - 2015/11,,,0
G-00000000003161,I-0001486413,Integrante · 2012/9 - 2012/10,,,0
G-00000000003161,I-0001486414,Integrante · 2015/10 - 2017/2,,,0
G-00000000003161,I-0001490142,Integrante · 2012/6 - 2016/3,,,0
G-00000000003161,I-0001498410,Integrante · 2012/6 - 2016/3,,,0
G-00000000003161,I-0001503158,Integrante · 2012/6 - 2015/10,,,0
G-00000000003161,I-0001503165,Integrante · 2002/1 - 2015/9,,,0
G-00000000003161,I-0001503291,Integrante · 2012/9 - 2017/2,,,0
G-00000000003161,I-0001515718,Integrante · 2012/10 - 2017/5,,,0
G-00000000003161,I-0001538936,Integrante · 2013/10 - 2016/6,,,0
G-00000000003161,I-0001548538,Integrante · 2005/3 - 2006/12,,,0
G-00000000003161,I-0001550018,Integrante · 2015/6 - 2022/6,,,0
G-00000000003161,I-0001580359,Integrante · 2014/6 - 2022/11,,,0
G-00000000003161,I-0001599685,Integrante · 2014/6 - 2019/11,,,0
G-00000000003161,I-0001605994,Integrante · 2016/2 - 2018/2,,,0
G-00000000003161,I-0001607394,Integrante · 2015/6 - 2018/11,,,0
G-00000000003161,I-0001626906,Integrante · 2015/2 - 2022/11,,,0
G-00000000003161,I-0001628806,Integrante · 2015/2 - 2020/11,,,0
G-00000000003161,I-0001639731,Integrante · 2016/2 - 2017/2,,,0
G-00000000003161,I-0001640231,Integrante · 2016/2 - 2016/11,,,0
G-00000000003161,I-0001648729,Integrante · 2022/1 - 2022/6,,,0
G-00000000003161,I-0001666691,Integrante · 2020/1 - Actual,,,1
G-00000000003161,I-0001743256,Integrante · 2020/2 - 2020/12,,,0
G-00000000003161,I-0001743261,Integrante · 2019/5 - 2022/11,,,0
G-00000000003161,I-0001743771,Integrante · 2020/2 - 2020/6,,,0
G-00000000003161,I-0001832381,Integrante · 2022/1 - 2022/2,,,0
G-00000000003161,I-0001832741,Integrante · 2022/1 - 2022/6,,,0
G-00000000003161,I-0002047893,Integrante · 2022/1 - 2023/2,,,0
G-00000000003161,I-0002131904,Integrante · 2023/2 - Actual,,,1
G-00000000003161,I-0002135542,Integrante · 2023/6 - 2023/12,,,0
G-00000000003202,I-0000003293,Integrante · 2025/11 - Actual,,,1
G-00000000003202,I-0000019484,Integrante · 2014/2 - 2024/12,,,0
G-00000000003202,I-0000028758,Integrante · 2016/2 - Actual,,,1
G-00000000003202,I-0000034008,Integrante · 2022/11 - Actual,,,1
G-00000000003202,I-0000045830,Integrante · 2017/12 - 2018/1,,,0
G-00000000003202,I-0000045998,Integrante · 2018/1 - 2018/12,,,0
G-00000000003202,I-0000053338,Integrante · 2023/2 - 2024/12,,,0
G-00000000003202,I-0000057659,Integrante · 2016/2 - 2020/12,,,0
G-00000000003202,I-0000057663,Integrante · 2016/2 - 2018/8,,,0
G-00000000003202,I-0000058274,Integrante · 2025/10 - Actual,,,1
G-00000000003202,I-0000058362,Integrante · 2020/10 - 2021/1,,,0
G-00000000003202,I-0000073188,Integrante · 2020/2 - Actual,,,1
G-00000000003202,I-0000073192,Integrante · 2015/1 - Actual,,,1
G-00000000003202,I-0000081072,Integrante · 2024/10 - Actual,,,1
G-00000000003202,I-0000100532,Integrante · 2018/1 - 2018/8,,,0
G-00000000003202,I-0000102410,Integrante · 2018/1 - 2018/12,,,0
G-00000000003202,I-0000102869,Integrante · 2023/1 - Actual,,,1
G-00000000003202,I-0000102878,Integrante · 2017/6 - Actual,,,1
G-00000000003202,I-0000105933,Integrante · 2024/5 - Actual,,,1
G-00000000003202,I-0000133408,Integrante · 2020/1 - 2025/12,,,0
G-00000000003202,I-0000160671,Integrante · 2023/8 - Actual,,,1
G-00000000003202,I-0000167021,Integrante · 2018/5 - 2020/2,,,0
G-00000000003202,I-0000167027,Integrante · 2018/5 - 2024/12,,,0
G-00000000003202,I-0000167039,Integrante · 2018/3 - 2019/12,,,0
G-00000000003202,I-0000167740,Integrante · 2017/11 - Actual,,,1
G-00000000003202,I-0000173362,Integrante · 2017/10 - 2018/6,,,0
G-00000000003202,I-0000335878,Integrante · 2005/8 - Actual,,,1
G-00000000003202,I-0000424382,Integrante · 2022/3 - Actual,,,1
G-00000000003202,I-0000456063,Integrante · 2005/8 - 2005/9,,,0
G-00000000003202,I-0000460648,Integrante · 2011/2 - 2011/3,,,0
G-00000000003202,I-0000462659,Integrante · 2011/1 - Actual,,,1
G-00000000003202,I-0000484768,Integrante · 2004/2 - Actual,,,1
G-00000000003202,I-0000566659,Integrante · 2005/8 - 2005/12,,,0
G-00000000003202,I-0000589322,Integrante · 2005/8 - 2005/12,,,0
G-00000000003202,I-0000591564,Integrante · 2005/8 - 2005/9,,,0
G-00000000003202,I-0000599484,Integrante · 2005/8 - 2006/1,,,0
G-00000000003202,I-0000601330,Integrante · 2016/2 - 2016/12,,,0
G-00000000003202,I-0000606790,Integrante · 2005/8 - 2006/1,,,0
G-00000000003202,I-0000608645,Integrante · 2004/8 - 2004/9,,,0
G-00000000003202,I-0000634484,Integrante · 2005/8 - 2006/1,,,0
G-00000000003202,I-0000635731,Integrante · 2005/8 - 2006/12,,,0
G-00000000003202,I-0000642312,Integrante · 2005/8 - 2006/1,,,0
G-00000000003202,I-0000643262,Integrante · 2005/8 - 2006/1,,,0
G-00000000003202,I-0000647292,Integrante · 2005/8 - 2006/1,,,0
G-00000000003202,I-0000647306,Integrante · 2005/8 - 2006/1,,,0
G-00000000003202,I-0000648442,Integrante · 2009/2 - 2009/12,,,0
G-00000000003202,I-0000650528,Integrante · 2011/1 - 2016/12,,,0
G-00000000003202,I-0000772119,Integrante · 2018/1 - Actual,,,1
G-00000000003202,I-0001196995,Integrante · 2008/4 - 2009/1,,,0
G-00000000003202,I-0001197010,Integrante · 2008/4 - 2010/6,,,0
G-00000000003202,I-0001197037,Integrante · 2008/4 - 2009/1,,,0
G-00000000003202,I-0001197061,Integrante · 2008/4 - 2010/6,,,0
G-00000000003202,I-0001200178,Integrante · 2025/10 - Actual,,,1
G-00000000003202,I-0001252879,Integrante · 2023/1 - 2024/12,,,0
G-00000000003202,I-0001389385,Integrante · 2022/1 - Actual,,,1
G-00000000003202,I-0001404674,Integrante · 2012/2 - 2013/12,,,0
G-00000000003202,I-0001404745,Integrante · 2012/2 - 2014/8,,,0
G-00000000003202,I-0001406925,Integrante · 2022/2 - 2024/12,,,0
G-00000000003202,I-0001414584,Integrante · 2011/3 - 2011/3,,,0
G-00000000003202,I-0001416122,Integrante · 2011/2 - Actual,,,1
G-00000000003202,I-0001416151,Integrante · 2009/2 - 2011/8,,,0
G-00000000003202,I-0001416765,Integrante · 2011/2 - Actual,,,1
G-00000000003202,I-0001416801,Integrante · 2011/2 - 2011/6,,,0
G-00000000003202,I-0001429664,Integrante · 2011/8 - 2011/10,,,0
G-00000000003202,I-0001441822,Integrante · 2011/2 - 2011/6,,,0
G-00000000003202,I-0001441825,Integrante · 2011/2 - 2011/6,,,0
G-00000000003202,I-0001447919,Integrante · 2011/2 - Actual,,,1
G-00000000003202,I-0001450874,Integrante · 2011/1 - 2011/3,,,0
G-00000000003202,I-0001460991,Integrante · 2025/2 - Actual,,,1
G-00000000003202,I-0001475346,Integrante · 2011/2 - 2012/1,,,0
G-00000000003202,I-0001476709,Integrante · 2012/2 - 2013/2,,,0
G-00000000003202,I-0001477400,Integrante · 2017/12 - Actual,,,1
G-00000000003202,I-0001487134,Integrante · 2012/2 - 2014/12,,,0
G-00000000003202,I-0001502576,Integrante · 2012/2 - 2012/12,,,0
G-00000000003202,I-0001502581,Integrante · 2012/2 - 2012/6,,,0
G-00000000003202,I-0001528041,Integrante · 2015/2 - 2015/8,,,0
G-00000000003202,I-0001528043,Integrante · 2015/2 - 2015/8,,,0
G-00000000003202,I-0001528068,Integrante · 2025/10 - Actual,,,1
G-00000000003202,I-0001528409,Integrante · 2013/6 - 2013/12,,,0
G-00000000003202,I-0001534286,Integrante · 2017/11 - Actual,,,1
G-00000000003202,I-0001593030,Integrante · 2015/6 - 2016/12,,,0
G-00000000003202,I-0001593829,Integrante · 2022/1 - Actual,,,1
G-00000000003202,I-0001597600,Integrante · 2024/3 - Actual,,,1
G-00000000003202,I-0001633024,Integrante · 2023/9 - 2024/2,,,0
G-00000000003202,I-0001633925,Integrante · 2023/6 - Actual,,,1
G-00000000003202,I-0001637373,Integrante · 2015/2 - 2015/8,,,0
G-00000000003202,I-0001638085,Integrante · 2015/2 - 2016/12,,,0
G-00000000003202,I-0001638235,Integrante · 2015/2 - 2015/8,,,0
G-00000000003202,I-0001638537,Integrante · 2015/2 - 2015/8,,,0
G-00000000003202,I-0001639219,Integrante · 2015/2 - 2015/8,,,0
G-00000000003202,I-0001639776,Integrante · 2015/2 - 2015/8,,,0
G-00000000003202,I-0001639786,Integrante · 2015/2 - 2022/1,,,0
G-00000000003202,I-0001640061,Integrante · 2022/1 - Actual,,,1
G-00000000003202,I-0001667459,Integrante · 2022/11 - Actual,,,1
G-00000000003202,I-0001723752,Integrante · 2019/6 - 2020/8,,,0
G-00000000003202,I-0001724959,Integrante · 2019/2 - 2019/8,,,0
G-00000000003202,I-0001748506,Integrante · 2025/10 - Actual,,,1
G-00000000003202,I-0001750045,Integrante · 2019/11 - Actual,,,1
G-00000000003202,I-0001811407,Integrante · 2023/6 - Actual,,,1
G-00000000003202,I-0001813822,Integrante · 2025/9 - Actual,,,1
G-00000000003202,I-0001828191,Integrante · 2023/8 - Actual,,,1
G-00000000003202,I-0001833507,Integrante · 2023/1 - Actual,,,1
G-00000000003202,I-0001846088,Integrante · 2022/6 - 2024/12,,,0
G-00000000003202,I-0001869172,Integrante · 2020/10 - Actual,,,1
G-00000000003202,I-0001869177,Integrante · 2020/10 - Actual,,,1
G-00000000003202,I-0001920064,Integrante · 2024/10 - Actual,,,1
G-00000000003202,I-0002002826,Integrante · 2022/2 - 2024/12,,,0
G-00000000003202,I-0002003616,Integrante · 2022/10 - 2024/12,,,0
G-00000000003202,I-0002007509,Integrante · 2022/6 - 2024/12,,,0
G-00000000003202,I-0002017673,Integrante · 2023/1 - Actual,,,1
G-00000000003202,I-0002021262,Integrante · 2022/2 - Actual,,,1
G-00000000003202,I-0002028220,Integrante · 2022/9 - Actual,,,1
G-00000000003202,I-0002061744,Integrante · 2023/9 - Actual,,,1
G-00000000003202,I-0002092487,Integrante · 2023/3 - Actual,,,1
G-00000000003202,I-0002101752,Integrante · 2022/10 - 2023/8,,,0
G-00000000003202,I-0002123339,Integrante · 2024/10 - Actual,,,1
G-00000000003202,I-0002131537,Integrante · 2023/3 - Actual,,,1
G-00000000003202,I-0002131540,Integrante · 2023/8 - Actual,,,1
G-00000000003202,I-0002134548,Integrante · 2024/5 - 2024/12,,,0
G-00000000003202,I-0002157096,Integrante · 2024/2 - 2024/12,,,0
G-00000000003202,I-0002162279,Integrante · 2023/6 - Actual,,,1
G-00000000003202,I-0002177821,Integrante · 2023/8 - Actual,,,1
G-00000000003202,I-0002196261,Integrante · 2023/10 - Actual,,,1
G-00000000003202,I-0002247638,Integrante · 2024/5 - Actual,,,1
G-00000000003202,I-0002259712,Integrante · 2024/5 - Actual,,,1
G-00000000003639,I-0000007942,Integrante · 2016/1 - Actual,,,1
G-00000000003639,I-0000045991,Integrante · 2022/3 - Actual,,,1
G-00000000003639,I-0000053798,Integrante · 2020/2 - Actual,,,1
G-00000000003639,I-0000073886,Integrante · 2016/8 - Actual,,,1
G-00000000003639,I-0000080906,Integrante · 2017/8 - Actual,,,1
G-00000000003639,I-0000085794,Integrante · 2022/7 - Actual,,,1
G-00000000003639,I-0000138035,Integrante · 2022/2 - Actual,,,1
G-00000000003639,I-0000168698,Integrante · 2018/2 - Actual,,,1
G-00000000003639,I-0000170337,Integrante · 2023/1 - Actual,,,1
G-00000000003639,I-0000177247,Integrante · 2018/2 - Actual,,,1
G-00000000003639,I-0000215678,Integrante · 2008/2 - Actual,,,1
G-00000000003639,I-0000284246,Integrante · 2018/2 - Actual,,,1
G-00000000003639,I-0000289213,Integrante · 2015/12 - 2015/12,,,0
G-00000000003639,I-0000445347,Integrante · 2010/10 - 2010/10,,,0
G-00000000003639,I-0000445355,Integrante · 2015/1 - 2015/1,,,0
G-00000000003639,I-0000447650,Integrante · 2004/2 - Actual,,,1
G-00000000003639,I-0000449709,Integrante · 2017/1 - Actual,,,1
G-00000000003639,I-0000457680,Integrante · 2018/6 - 2018/11,,,0
G-00000000003639,I-0000570397,Integrante · 2004/2 - Actual,,,1
G-00000000003639,I-0000636169,Integrante · 2006/5 - 2006/5,,,0
G-00000000003639,I-0000650528,Integrante · 2008/2 - Actual,,,1
G-00000000003639,I-0000765848,Integrante · 2008/2 - 2017/12,,,0
G-00000000003639,I-0000895806,Integrante · 2023/1 - Actual,,,1
G-00000000003639,I-0000988030,Integrante · 2020/2 - Actual,,,1
G-00000000003639,I-0001038893,Integrante · 2020/2 - Actual,,,1
G-00000000003639,I-0001143824,Integrante · 2008/3 - Actual,,,1
G-00000000003639,I-0001238604,Integrante · 2023/1 - Actual,,,1
G-00000000003639,I-0001355562,Integrante · 2022/2 - Actual,,,1
G-00000000003639,I-0001389399,Integrante · 2011/1 - Actual,,,1
G-00000000003639,I-0001399951,Integrante · 2010/1 - Actual,,,1
G-00000000003639,I-0001412807,Integrante · 2011/6 - 2011/6,,,0
G-00000000003639,I-0001413330,Integrante · 2016/2 - Actual,,,1
G-00000000003639,I-0001413333,Integrante · 2017/2 - Actual,,,1
G-00000000003639,I-0001413334,Integrante · 2017/2 - Actual,,,1
G-00000000003639,I-0001413561,Integrante · 2010/1 - 2010/1,,,0
G-00000000003639,I-0001414321,Integrante · 2022/2 - Actual,,,1
G-00000000003639,I-0001414476,Integrante · 2011/6 - 2011/6,,,0
G-00000000003639,I-0001417466,Integrante · 2010/5 - 2010/5,,,0
G-00000000003639,I-0001418701,Integrante · 2010/1 - 2010/11,,,0
G-00000000003639,I-0001423417,Integrante · 2011/2 - 2011/2,,,0
G-00000000003639,I-0001423421,Integrante · 2011/5 - 2011/11,,,0
G-00000000003639,I-0001423425,Integrante · 2011/5 - 2011/5,,,0
G-00000000003639,I-0001423445,Integrante · 2011/5 - 2011/5,,,0
G-00000000003639,I-0001423446,Integrante · 2011/5 - 2011/5,,,0
G-00000000003639,I-0001423453,Integrante · 2011/5 - 2011/5,,,0
G-00000000003639,I-0001423494,Integrante · 2011/5 - 2011/5,,,0
G-00000000003639,I-0001423759,Integrante · 2011/5 - 2011/5,,,0
G-00000000003639,I-0001423774,Integrante · 2011/5 - 2011/11,,,0
G-00000000003639,I-0001425331,Integrante · 2011/4 - 2011/5,,,0
G-00000000003639,I-0001426122,Integrante · 2017/8 - Actual,,,1
G-00000000003639,I-0001426126,Integrante · 2020/6 - Actual,,,1
G-00000000003639,I-0001426131,Integrante · 2019/1 - Actual,,,1
G-00000000003639,I-0001448347,Integrante · 2024/2 - Actual,,,1
G-00000000003639,I-0001471535,Integrante · 2022/2 - Actual,,,1
G-00000000003639,I-0001486883,Integrante · 2017/2 - Actual,,,1
G-00000000003639,I-0001539172,Integrante · 2023/1 - Actual,,,1
G-00000000003639,I-0001549604,Integrante · 2018/1 - Actual,,,1
G-00000000003639,I-0001589189,Integrante · 2018/2 - Actual,,,1
G-00000000003639,I-0001709229,Integrante · 2017/2 - Actual,,,1
G-00000000003639,I-0001723233,Integrante · 2024/2 - Actual,,,1
G-00000000003639,I-0001781415,Integrante · 2022/2 - Actual,,,1
G-00000000003639,I-0001815940,Integrante · 2020/2 - Actual,,,1
G-00000000003639,I-0001817044,Integrante · 2020/2 - Actual,,,1
G-00000000003639,I-0001853438,Integrante · 2023/2 - Actual,,,1
G-00000000003639,I-0002065069,Integrante · 2022/2 - Actual,,,1
G-00000000003639,I-0002069319,Integrante · 2022/2 - Actual,,,1
G-00000000003639,I-0002091791,Integrante · 2023/1 - Actual,,,1
G-00000000003639,I-0002117008,Integrante · 2023/2 - Actual,,,1
G-00000000003639,I-0002159922,Integrante · 2023/1 - Actual,,,1
G-00000000003639,I-0002186749,Integrante · 2023/2 - Actual,,,1
G-00000000003639,I-0002470803,Integrante · 2024/1 - Actual,,,1
G-00000000003639,I-0002485200,Integrante · 2026/2 - Actual,,,1
G-00000000003915,I-0000537322,Integrante · 2004/3 - Actual,,,1
G-00000000003915,I-0000537330,Integrante · 2005/1 - 2024/8,,,0
G-00000000003915,I-0000537349,Integrante · 2005/3 - 2016/4,,,0
G-00000000003915,I-0000648302,Integrante · 2005/3 - 2010/7,,,0
G-00000000003915,I-0000673650,Integrante · 2004/3 - 2024/8,,,0
G-00000000003915,I-0001029797,Integrante · 2007/5 - 2013/1,,,0
G-00000000003915,I-0001042173,Integrante · 2007/2 - 2013/1,,,0
G-00000000003915,I-0001120751,Integrante · 2012/2 - 2024/8,,,0
G-00000000003915,I-0001182056,Integrante · 2009/8 - 2013/1,,,0
G-00000000003915,I-0001182072,Integrante · 2009/3 - Actual,,,1
G-00000000003915,I-0001182080,Integrante · 2010/11 - Actual,,,1
G-00000000003915,I-0001359267,Integrante · 2016/4 - Actual,,,1
G-00000000003915,I-0001360202,Integrante · 2020/3 - Actual,,,1
G-00000000003915,I-0001450885,Integrante · 2014/1 - 2017/6,,,0
G-00000000003915,I-0001455875,Integrante · 2017/2 - Actual,,,1
G-00000000003915,I-0001525080,Integrante · 2018/3 - 2024/8,,,0
G-00000000003915,I-0001570351,Integrante · 2023/11 - 2024/8,,,0
G-00000000003915,I-0001710401,Integrante · 2026/4 - Actual,,,1
G-00000000003915,I-0002059907,Integrante · 2024/10 - 2026/5,,,0
G-00000000003915,I-0002059918,Integrante · 2024/10 - 2026/5,,,0
G-00000000003915,I-0002090881,Integrante · 2024/2 - Actual,,,1
G-00000000005564,I-0000015699,Integrante · 2014/1 - 2024/12,,,0
G-00000000005564,I-0000015701,Integrante · 2015/1 - Actual,,,1
G-00000000005564,I-0000015704,Integrante · 2018/1 - Actual,,,1
G-00000000005564,I-0000016123,Integrante · 2023/1 - 2023/1,,,0
G-00000000005564,I-0000016416,Integrante · 2020/1 - 2020/12,,,0
G-00000000005564,I-0000016417,Integrante · 2015/2 - 2018/12,,,0
G-00000000005564,I-0000016419,Integrante · 2014/1 - 2018/12,,,0
G-00000000005564,I-0000019619,Integrante · 2015/2 - Actual,,,1
G-00000000005564,I-0000033178,Integrante · 2020/1 - Actual,,,1
G-00000000005564,I-0000034674,Integrante · 2018/1 - Actual,,,1
G-00000000005564,I-0000039523,Integrante · 2015/1 - 2024/12,,,0
G-00000000005564,I-0000045880,Integrante · 2014/1 - Actual,,,1
G-00000000005564,I-0000051854,Integrante · 2016/1 - 2018/12,,,0
G-00000000005564,I-0000051923,Integrante · 2018/1 - Actual,,,1
G-00000000005564,I-0000053367,Integrante · 2015/1 - 2018/12,,,0
G-00000000005564,I-0000053607,Integrante · 2014/1 - 2019/12,,,0
G-00000000005564,I-0000054734,Integrante · 2021/1 - Actual,,,1
G-00000000005564,I-0000056359,Integrante · 2023/1 - Actual,,,1
G-00000000005564,I-0000062303,Integrante · 2015/1 - 2024/12,,,0
G-00000000005564,I-0000071573,Integrante · 2021/1 - Actual,,,1
G-00000000005564,I-0000087978,Integrante · 2020/1 - Actual,,,1
G-00000000005564,I-0000110270,Integrante · 2017/1 - Actual,,,1
G-00000000005564,I-0000112231,Integrante · 2018/2 - Actual,,,1
G-00000000005564,I-0000116197,Integrante · 2022/1 - Actual,,,1
G-00000000005564,I-0000144468,Integrante · 2021/8 - Actual,,,1
G-00000000005564,I-0000155867,Integrante · 2017/2 - Actual,,,1
G-00000000005564,I-0000155875,Integrante · 2018/2 - Actual,,,1
G-00000000005564,I-0000406996,Integrante · 2015/2 - 2015/3,,,0
G-00000000005564,I-0000417068,Integrante · 2014/1 - Actual,,,1
G-00000000005564,I-0000418544,Integrante · 2007/1 - Actual,,,1
G-00000000005564,I-0000418900,Integrante · 2013/2 - Actual,,,1
G-00000000005564,I-0000421189,Integrante · 2014/1 - Actual,,,1
G-00000000005564,I-0000424030,Integrante · 2014/1 - Actual,,,1
G-00000000005564,I-0000450260,Integrante · 2010/2 - Actual,,,1
G-00000000005564,I-0000483303,Integrante · 2014/1 - Actual,,,1
G-00000000005564,I-0000500500,Integrante · 2015/1 - Actual,,,1
G-00000000005564,I-0000512974,Integrante · 2019/2 - 2020/12,,,0
G-00000000005564,I-0000550396,Integrante · 2012/1 - 2018/12,,,0
G-00000000005564,I-0000650625,Integrante · 2024/1 - Actual,,,1
G-00000000005564,I-0000706159,Integrante · 2014/8 - Actual,,,1
G-00000000005564,I-0000728187,Integrante · 2021/1 - Actual,,,1
G-00000000005564,I-0000759465,Integrante · 2014/1 - Actual,,,1
G-00000000005564,I-0000799858,Integrante · 2015/2 - Actual,,,1
G-00000000005564,I-0000862797,Integrante · 2019/1 - 2024/12,,,0
G-00000000005564,I-0000993573,Integrante · 2009/1 - 2011/7,,,0
G-00000000005564,I-0000999385,Integrante · 2011/3 - 2011/3,,,0
G-00000000005564,I-0001204203,Integrante · 2019/1 - Actual,,,1
G-00000000005564,I-0001335979,Integrante · 2015/1 - Actual,,,1
G-00000000005564,I-0001375659,Integrante · 2014/1 - Actual,,,1
G-00000000005564,I-0001388098,Integrante · 2019/1 - Actual,,,1
G-00000000005564,I-0001389354,Integrante · 2010/6 - Actual,,,1
G-00000000005564,I-0001389659,Integrante · 2013/1 - 2016/12,,,0
G-00000000005564,I-0001391393,Integrante · 2021/1 - Actual,,,1
G-00000000005564,I-0001393638,Integrante · 2019/1 - Actual,,,1
G-00000000005564,I-0001396093,Integrante · 2011/6 - 2012/7,,,0
G-00000000005564,I-0001396094,Integrante · 2011/6 - 2012/7,,,0
G-00000000005564,I-0001396095,Integrante · 2011/6 - 2016/12,,,0
G-00000000005564,I-0001396108,Integrante · 2011/6 - 2015/1,,,0
G-00000000005564,I-0001396243,Integrante · 2011/6 - 2016/12,,,0
G-00000000005564,I-0001396758,Integrante · 2011/6 - 2015/1,,,0
G-00000000005564,I-0001397822,Integrante · 2011/6 - 2012/7,,,0
G-00000000005564,I-0001398977,Integrante · 2011/6 - 2012/7,,,0
G-00000000005564,I-0001411648,Integrante · 2017/2 - 2024/12,,,0
G-00000000005564,I-0001412211,Integrante · 2010/2 - 2012/7,,,0
G-00000000005564,I-0001412270,Integrante · 2011/3 - 2012/7,,,0
G-00000000005564,I-0001412519,Integrante · 2011/6 - 2018/12,,,0
G-00000000005564,I-0001412528,Integrante · 2011/6 - 2012/7,,,0
G-00000000005564,I-0001413624,Integrante · 2015/2 - 2016/12,,,0
G-00000000005564,I-0001413990,Integrante · 2010/2 - 2012/1,,,0
G-00000000005564,I-0001425567,Integrante · 2022/1 - Actual,,,1
G-00000000005564,I-0001443345,Integrante · 2014/1 - 2018/12,,,0
G-00000000005564,I-0001465942,Integrante · 2022/1 - Actual,,,1
G-00000000005564,I-0001479077,Integrante · 2014/2 - 2024/12,,,0
G-00000000005564,I-0001480034,Integrante · 2017/7 - 2018/12,,,0
G-00000000005564,I-0001531662,Integrante · 2022/1 - Actual,,,1
G-00000000005564,I-0001548214,Integrante · 2024/1 - Actual,,,1
G-00000000005564,I-0001556404,Integrante · 2015/1 - 2018/12,,,0
G-00000000005564,I-0001562432,Integrante · 2023/8 - Actual,,,1
G-00000000005564,I-0001568826,Integrante · 2018/1 - Actual,,,1
G-00000000005564,I-0001598770,Integrante · 2018/1 - Actual,,,1
G-00000000005564,I-0001601727,Integrante · 2023/1 - Actual,,,1
G-00000000005564,I-0001603528,Integrante · 2016/2 - Actual,,,1
G-00000000005564,I-0001611781,Integrante · 2013/10 - 2014/12,,,0
G-00000000005564,I-0001612304,Integrante · 2022/1 - Actual,,,1
G-00000000005564,I-0001620230,Integrante · 2018/7 - 2024/12,,,0
G-00000000005564,I-0001635347,Integrante · 2015/1 - 2018/12,,,0
G-00000000005564,I-0001635357,Integrante · 2015/1 - 2018/12,,,0
G-00000000005564,I-0001636942,Integrante · 2021/1 - 2021/1,,,0
G-00000000005564,I-0001637017,Integrante · 2021/1 - 2021/1,,,0
G-00000000005564,I-0001637202,Integrante · 2015/2 - 2016/12,,,0
G-00000000005564,I-0001637401,Integrante · 2015/2 - 2016/12,,,0
G-00000000005564,I-0001637428,Integrante · 2015/2 - 2016/12,,,0
G-00000000005564,I-0001645776,Integrante · 2014/1 - 2018/12,,,0
G-00000000005564,I-0001650553,Integrante · 2023/1 - Actual,,,1
G-00000000005564,I-0001650975,Integrante · 2017/2 - 2018/12,,,0
G-00000000005564,I-0001665497,Integrante · 2017/1 - Actual,,,1
G-00000000005564,I-0001703940,Integrante · 2019/2 - Actual,,,1
G-00000000005564,I-0001707308,Integrante · 2017/1 - 2018/12,,,0
G-00000000005564,I-0001735942,Integrante · 2019/1 - Actual,,,1
G-00000000005564,I-0001751525,Integrante · 2020/1 - Actual,,,1
G-00000000005564,I-0001755698,Integrante · 2021/1 - Actual,,,1
G-00000000005564,I-0001905936,Integrante · 2022/1 - Actual,,,1
G-00000000005564,I-0001977492,Integrante · 2022/8 - Actual,,,1
G-00000000005564,I-0002031841,Integrante · 2021/1 - Actual,,,1
G-00000000005564,I-0002060398,Integrante · 2022/1 - Actual,,,1
G-00000000005564,I-0002109818,Integrante · 2024/2 - Actual,,,1
G-00000000005564,I-0002113950,Integrante · 2022/8 - Actual,,,1
G-00000000005564,I-0002114047,Integrante · 2024/2 - Actual,,,1
G-00000000005564,I-0002177657,Integrante · 2023/4 - Actual,,,1
G-00000000005564,I-0002366212,Integrante · 2024/2 - Actual,,,1
G-00000000005792,I-0000002173,Integrante · 2007/10 - 2010/12,,,0
G-00000000005792,I-0000019155,Integrante · 2012/2 - 2014/3,,,0
G-00000000005792,I-0000567558,Integrante · 2011/1 - 2011/1,,,0
G-00000000005792,I-0000689173,Integrante · 2006/1 - Actual,,,1
G-00000000005792,I-0000689211,Integrante · 2011/2 - 2012/2,,,0
G-00000000005792,I-0000730050,Integrante · 2011/2 - Actual,,,1
G-00000000005792,I-0000732222,Integrante · 2011/2 - 2014/12,,,0
G-00000000005792,I-0000883662,Integrante · 2012/2 - Actual,,,1
G-00000000005792,I-0000977187,Integrante · 2009/1 - 2009/1,,,0
G-00000000005792,I-0001056786,Integrante · 2012/8 - Actual,,,1
G-00000000005792,I-0001281321,Integrante · 2022/1 - 2024/12,,,0
G-00000000005792,I-0001348260,Integrante · 2018/1 - Actual,,,1
G-00000000005792,I-0001406050,Integrante · 2009/2 - 2017/10,,,0
G-00000000005792,I-0001483919,Integrante · 2016/3 - 2016/12,,,0
G-00000000005792,I-0001643085,Integrante · 2017/1 - 2023/12,,,0
G-00000000005792,I-0001744017,Integrante · 2016/4 - 2017/12,,,0
G-00000000005792,I-0001948848,Integrante · 2023/6 - Actual,,,1
G-00000000005792,I-0001956480,Integrante · 2024/10 - Actual,,,1
G-00000000007152,I-0000000139,Integrante · 2009/5 - 2013/1,,,0
G-00000000007152,I-0000003293,Integrante · 2024/1 - Actual,,,1
G-00000000007152,I-0000026741,Integrante · 2017/1 - Actual,,,1
G-00000000007152,I-0000054584,Integrante · 2020/12 - Actual,,,1
G-00000000007152,I-0000058274,Integrante · 2023/12 - Actual,,,1
G-00000000007152,I-0000196762,Integrante · 2012/1 - 2012/2,,,0
G-00000000007152,I-0000256366,Integrante · 2009/10 - 2011/10,,,0
G-00000000007152,I-0000459585,Integrante · 2012/6 - 2012/7,,,0
G-00000000007152,I-0000484768,Integrante · 2012/4 - 2012/7,,,0
G-00000000007152,I-0000708623,Integrante · 2022/1 - Actual,,,1
G-00000000007152,I-0000731803,Integrante · 2008/4 - 2010/1,,,0
G-00000000007152,I-0000772119,Integrante · 2008/3 - Actual,,,1
G-00000000007152,I-0000908258,Integrante · 2011/5 - 2011/12,,,0
G-00000000007152,I-0001024213,Integrante · 2011/8 - 2012/1,,,0
G-00000000007152,I-0001122380,Integrante · 2008/3 - 2010/1,,,0
G-00000000007152,I-0001163736,Integrante · 2012/12 - 2013/1,,,0
G-00000000007152,I-0001185870,Integrante · 2019/1 - 2020/12,,,0
G-00000000007152,I-0001190911,Integrante · 2012/3 - 2012/3,,,0
G-00000000007152,I-0001190946,Integrante · 2012/3 - 2012/3,,,0
G-00000000007152,I-0001190962,Integrante · 2008/5 - 2009/1,,,0
G-00000000007152,I-0001191870,Integrante · 2012/3 - 2012/3,,,0
G-00000000007152,I-0001192272,Integrante · 2012/3 - 2012/3,,,0
G-00000000007152,I-0001206052,Integrante · 2009/3 - 2014/2,,,0
G-00000000007152,I-0001350270,Integrante · 2012/3 - 2012/3,,,0
G-00000000007152,I-0001350272,Integrante · 2012/3 - 2012/3,,,0
G-00000000007152,I-0001350359,Integrante · 2012/3 - 2012/6,,,0
G-00000000007152,I-0001350835,Integrante · 2009/1 - 2010/8,,,0
G-00000000007152,I-0001356340,Integrante · 2012/3 - 2012/3,,,0
G-00000000007152,I-0001386588,Integrante · 2012/3 - 2012/4,,,0
G-00000000007152,I-0001389594,Integrante · 2011/11 - Actual,,,1
G-00000000007152,I-0001412171,Integrante · 2017/6 - 2021/1,,,0
G-00000000007152,I-0001412870,Integrante · 2012/5 - 2012/12,,,0
G-00000000007152,I-0001413362,Integrante · 2013/1 - 2014/1,,,0
G-00000000007152,I-0001413378,Integrante · 2012/5 - 2016/1,,,0
G-00000000007152,I-0001432874,Integrante · 2011/3 - 2013/1,,,0
G-00000000007152,I-0001436263,Integrante · 2012/2 - Actual,,,1
G-00000000007152,I-0001436266,Integrante · 2011/8 - 2013/11,,,0
G-00000000007152,I-0001507162,Integrante · 2013/2 - 2013/12,,,0
G-00000000007152,I-0001522365,Integrante · 2019/3 - Actual,,,1
G-00000000007152,I-0001544629,Integrante · 2021/9 - Actual,,,1
G-00000000007152,I-0001832992,Integrante · 2020/1 - 2020/5,,,0
G-00000000007152,I-0001927475,Integrante · 2021/1 - Actual,,,1
G-00000000007152,I-0002132710,Integrante · 2023/3 - 2023/5,,,0
G-00000000007152,I-0002132720,Integrante · 2023/3 - 2023/5,,,0
G-00000000009022,I-0000018119,Integrante · 2013/9 - 2014/1,,,0
G-00000000009022,I-0000026063,Integrante · 2017/5 - 2018/5,,,0
G-00000000009022,I-0000028115,Integrante · 2015/6 - 2017/12,,,0
G-00000000009022,I-0000054157,Integrante · 2021/1 - Actual,,,1
G-00000000009022,I-0000054975,Integrante · 2021/12 - 2022/null,,,1
G-00000000009022,I-0000063468,Integrante · 2017/1 - 2024/3,,,0
G-00000000009022,I-0000090450,Integrante · 2020/1 - Actual,,,1
G-00000000009022,I-0000197696,Integrante · 2009/3 - 2015/12,,,0
G-00000000009022,I-0000332526,Integrante · 2022/1 - Actual,,,1
G-00000000009022,I-0000412619,Integrante · 2017/1 - Actual,,,1
G-00000000009022,I-0000427616,Integrante · 2010/2 - 2015/6,,,0
G-00000000009022,I-0000562866,Integrante · 2009/4 - Actual,,,1
G-00000000009022,I-0000562939,Integrante · 2018/2 - Actual,,,1
G-00000000009022,I-0000691887,Integrante · 2009/2 - Actual,,,1
G-00000000009022,I-0000706159,Integrante · 2019/4 - 2022/3,,,0
G-00000000009022,I-0000763144,Integrante · 2020/1 - 2021/12,,,0
G-00000000009022,I-0000799807,Integrante · 2019/11 - Actual,,,1
G-00000000009022,I-0000812170,Integrante · 2022/1 - Actual,,,1
G-00000000009022,I-0000968943,Integrante · 2015/1 - Actual,,,1
G-00000000009022,I-0000974536,Integrante · 2016/4 - 2016/5,,,0
G-00000000009022,I-0000999245,Integrante · 2020/8 - 2024/1,,,0
G-00000000009022,I-0001065238,Integrante · 2015/1 - 2015/1,,,0
G-00000000009022,I-0001138901,Integrante · 2010/7 - 2011/8,,,0
G-00000000009022,I-0001179390,Integrante · 2011/2 - 2014/2,,,0
G-00000000009022,I-0001238531,Integrante · 2010/5 - 2010/5,,,0
G-00000000009022,I-0001238540,Integrante · 2010/5 - 2010/5,,,0
G-00000000009022,I-0001238620,Integrante · 2010/5 - 2010/5,,,0
G-00000000009022,I-0001238736,Integrante · 2010/5 - 2010/5,,,0
G-00000000009022,I-0001334074,Integrante · 2011/1 - Actual,,,1
G-00000000009022,I-0001341645,Integrante · 2009/3 - 2011/3,,,0
G-00000000009022,I-0001341687,Integrante · 2015/1 - 2017/12,,,0
G-00000000009022,I-0001343270,Integrante · 2009/3 - 2013/6,,,0
G-00000000009022,I-0001343525,Integrante · 2009/2 - 2014/3,,,0
G-00000000009022,I-0001347880,Integrante · 2010/5 - 2010/5,,,0
G-00000000009022,I-0001359181,Integrante · 2014/1 - 2016/2,,,0
G-00000000009022,I-0001361408,Integrante · 2009/10 - 2013/5,,,0
G-00000000009022,I-0001363409,Integrante · 2010/1 - 2014/9,,,0
G-00000000009022,I-0001363416,Integrante · 2010/1 - 2014/2,,,0
G-00000000009022,I-0001363417,Integrante · 2010/6 - 2013/8,,,0
G-00000000009022,I-0001373967,Integrante · 2019/8 - Actual,,,1
G-00000000009022,I-0001385658,Integrante · 2013/3 - Actual,,,1
G-00000000009022,I-0001391393,Integrante · 2016/12 - 2017/12,,,0
G-00000000009022,I-0001391960,Integrante · 2009/7 - 2013/3,,,0
G-00000000009022,I-0001391969,Integrante · 2010/7 - 2011/8,,,0
G-00000000009022,I-0001392548,Integrante · 2010/2 - 2012/10,,,0
G-00000000009022,I-0001392761,Integrante · 2009/7 - 2015/7,,,0
G-00000000009022,I-0001394509,Integrante · 2010/3 - 2011/3,,,0
G-00000000009022,I-0001397972,Integrante · 2010/6 - 2014/2,,,0
G-00000000009022,I-0001402770,Integrante · 2021/1 - Actual,,,1
G-00000000009022,I-0001410271,Integrante · 2010/3 - 2014/11,,,0
G-00000000009022,I-0001410273,Integrante · 2010/2 - 2014/2,,,0
G-00000000009022,I-0001414272,Integrante · 2011/2 - 2013/2,,,0
G-00000000009022,I-0001417783,Integrante · 2010/3 - 2013/7,,,0
G-00000000009022,I-0001418277,Integrante · 2011/7 - 2013/7,,,0
G-00000000009022,I-0001418304,Integrante · 2011/3 - 2014/5,,,0
G-00000000009022,I-0001420330,Integrante · 2010/5 - 2011/5,,,0
G-00000000009022,I-0001422362,Integrante · 2013/3 - 2015/3,,,0
G-00000000009022,I-0001435295,Integrante · 2010/5 - 2015/2,,,0
G-00000000009022,I-0001436236,Integrante · 2010/4 - 2011/4,,,0
G-00000000009022,I-0001436306,Integrante · 2010/5 - 2014/11,,,0
G-00000000009022,I-0001437057,Integrante · 2010/5 - 2015/1,,,0
G-00000000009022,I-0001438716,Integrante · 2010/7 - 2013/7,,,0
G-00000000009022,I-0001438981,Integrante · 2011/8 - 2012/8,,,0
G-00000000009022,I-0001443345,Integrante · 2018/1 - 2022/3,,,0
G-00000000009022,I-0001447379,Integrante · 2011/5 - 2014/9,,,0
G-00000000009022,I-0001449969,Integrante · 2009/3 - 2011/3,,,0
G-00000000009022,I-0001475947,Integrante · 2020/1 - 2026/4,,,0
G-00000000009022,I-0001476732,Integrante · 2014/8 - 2017/12,,,0
G-00000000009022,I-0001492149,Integrante · 2014/8 - Actual,,,1
G-00000000009022,I-0001492268,Integrante · 2011/3 - 2017/12,,,0
G-00000000009022,I-0001555433,Integrante · 2014/7 - 2017/12,,,0
G-00000000009022,I-0001556235,Integrante · 2015/5 - 2017/12,,,0
G-00000000009022,I-0001561197,Integrante · 2017/4 - Actual,,,1
G-00000000009022,I-0001598897,Integrante · 2011/2 - 2015/12,,,0
G-00000000009022,I-0001719798,Integrante · 2025/1 - Actual,,,1
G-00000000009022,I-0001746064,Integrante · 2021/1 - Actual,,,1
G-00000000009022,I-0001912705,Integrante · 2023/1 - Actual,,,1
G-00000000009022,I-0002132285,Integrante · 2022/2 - 2024/3,,,0
G-00000000009022,I-0002155227,Integrante · 2021/1 - 2024/3,,,0
G-00000000009022,I-0002202325,Integrante · 2023/10 - 2025/6,,,0
G-00000000009022,I-0002438214,Integrante · 2025/1 - 2026/1,,,0
G-00000000009744,I-0000055575,Integrante · 2022/1 - Actual,,,1
G-00000000009744,I-0000145050,Integrante · 2022/1 - Actual,,,1
G-00000000009744,I-0000558176,Integrante · 2009/1 - 2013/12,,,0
G-00000000009744,I-0000568597,Integrante · 2009/1 - 2019/12,,,0
G-00000000009744,I-0000725510,Integrante · 2011/10 - 2017/6,,,0
G-00000000009744,I-0000939960,Integrante · 2012/5 - Actual,,,1
G-00000000009744,I-0001016172,Integrante · 2008/1 - Actual,,,1
G-00000000009744,I-0001018671,Integrante · 2012/11 - 2014/12,,,0
G-00000000009744,I-0001338759,Integrante · 2019/1 - Actual,,,1
G-00000000009744,I-0001341011,Integrante · 2011/11 - 2014/12,,,0
G-00000000009744,I-0001342605,Integrante · 2019/1 - Actual,,,1
G-00000000009744,I-0001391969,Integrante · 2012/3 - Actual,,,1
G-00000000009744,I-0001394509,Integrante · 2017/1 - 2023/1,,,0
G-00000000009744,I-0001425853,Integrante · 2012/7 - 2014/12,,,0
G-00000000009744,I-0001426415,Integrante · 2011/7 - 2014/11,,,0
G-00000000009744,I-0001426416,Integrante · 2012/10 - 2023/1,,,0
G-00000000009744,I-0001430754,Integrante · 2013/1 - 2014/1,,,0
G-00000000009744,I-0001431060,Integrante · 2011/7 - 2012/9,,,0
G-00000000009744,I-0001431727,Integrante · 2011/6 - 2012/6,,,0
G-00000000009744,I-0001434872,Integrante · 2012/10 - 2013/3,,,0
G-00000000009744,I-0001434998,Integrante · 2012/3 - 2013/12,,,0
G-00000000009744,I-0001443604,Integrante · 2012/1 - 2017/6,,,0
G-00000000009744,I-0001450217,Integrante · 2015/1 - 2024/5,,,0
G-00000000009744,I-0001451860,Integrante · 2012/1 - 2014/10,,,0
G-00000000009744,I-0001456198,Integrante · 2011/7 - 2011/12,,,0
G-00000000009744,I-0001476691,Integrante · 2012/7 - 2014/12,,,0
G-00000000009744,I-0001488006,Integrante · 2012/8 - 2013/12,,,0
G-00000000009744,I-0001495468,Integrante · 2021/1 - Actual,,,1
G-00000000009744,I-0001648742,Integrante · 2021/7 - Actual,,,1
G-00000000009744,I-0001651031,Integrante · 2026/2 - Actual,,,1
G-00000000009744,I-0001665922,Integrante · 2019/1 - 2024/3,,,0
G-00000000009744,I-0001671916,Integrante · 2021/7 - Actual,,,1
G-00000000009744,I-0001688944,Integrante · 2019/1 - Actual,,,1
G-00000000009744,I-0001719835,Integrante · 2019/1 - Actual,,,1
G-00000000009744,I-0001724985,Integrante · 2022/6 - Actual,,,1
G-00000000009744,I-0001745017,Integrante · 2018/1 - 2024/3,,,0
G-00000000009744,I-0001846042,Integrante · 2022/1 - Actual,,,1
G-00000000011723,I-0000016709,Integrante · 2017/2 - Actual,,,1
G-00000000011723,I-0000021055,Integrante · 2017/1 - Actual,,,1
G-00000000011723,I-0000047376,Integrante · 2019/4 - Actual,,,1
G-00000000011723,I-0000071573,Integrante · 2016/7 - Actual,,,1
G-00000000011723,I-0000082202,Integrante · 2017/1 - Actual,,,1
G-00000000011723,I-0000082278,Integrante · 2017/1 - Actual,,,1
G-00000000011723,I-0000137370,Integrante · 2019/7 - Actual,,,1
G-00000000011723,I-0000155693,Integrante · 2018/1 - Actual,,,1
G-00000000011723,I-0000214680,Integrante · 2008/8 - Actual,,,1
G-00000000011723,I-0000318264,Integrante · 2019/1 - Actual,,,1
G-00000000011723,I-0000421332,Integrante · 2014/8 - Actual,,,1
G-00000000011723,I-0000449709,Integrante · 2016/6 - Actual,,,1
G-00000000011723,I-0000457680,Integrante · 2019/1 - Actual,,,1
G-00000000011723,I-0000512338,Integrante · 2012/6 - 2014/12,,,0
G-00000000011723,I-0000554693,Integrante · 2015/11 - Actual,,,1
G-00000000011723,I-0000568597,Integrante · 2009/2 - Actual,,,1
G-00000000011723,I-0000572381,Integrante · 2015/1 - Actual,,,1
G-00000000011723,I-0000599514,Integrante · 2009/2 - Actual,,,1
G-00000000011723,I-0000603910,Integrante · 2011/3 - Actual,,,1
G-00000000011723,I-0000712493,Integrante · 2011/3 - 2012/6,,,0
G-00000000011723,I-0000725510,Integrante · 2011/6 - Actual,,,1
G-00000000011723,I-0000749028,Integrante · 2011/7 - Actual,,,1
G-00000000011723,I-0000800287,Integrante · 2016/7 - Actual,,,1
G-00000000011723,I-0000806595,Integrante · 2019/2 - Actual,,,1
G-00000000011723,I-0001016172,Integrante · 2011/2 - Actual,,,1
G-00000000011723,I-0001128108,Integrante · 2015/1 - 2017/1,,,0
G-00000000011723,I-0001236059,Integrante · 2016/8 - Actual,,,1
G-00000000011723,I-0001252879,Integrante · 2011/6 - Actual,,,1
G-00000000011723,I-0001339855,Integrante · 2015/1 - Actual,,,1
G-00000000011723,I-0001348235,Integrante · 2016/5 - Actual,,,1
G-00000000011723,I-0001368772,Integrante · 2016/9 - Actual,,,1
G-00000000011723,I-0001380761,Integrante · 2019/1 - Actual,,,1
G-00000000011723,I-0001398361,Integrante · 2017/1 - Actual,,,1
G-00000000011723,I-0001398983,Integrante · 2016/1 - Actual,,,1
G-00000000011723,I-0001403128,Integrante · 2015/4 - 2017/1,,,0
G-00000000011723,I-0001404285,Integrante · 2018/1 - Actual,,,1
G-00000000011723,I-0001418059,Integrante · 2016/1 - Actual,,,1
G-00000000011723,I-0001419566,Integrante · 2019/2 - Actual,,,1
G-00000000011723,I-0001425853,Integrante · 2012/2 - Actual,,,1
G-00000000011723,I-0001426148,Integrante · 2017/7 - Actual,,,1
G-00000000011723,I-0001426665,Integrante · 2011/2 - 2014/12,,,0
G-00000000011723,I-0001444172,Integrante · 2011/2 - 2014/12,,,0
G-00000000011723,I-0001445555,Integrante · 2016/1 - Actual,,,1
G-00000000011723,I-0001468297,Integrante · 2023/1 - Actual,,,1
G-00000000011723,I-0001471050,Integrante · 2017/1 - Actual,,,1
G-00000000011723,I-0001476691,Integrante · 2012/2 - Actual,,,1
G-00000000011723,I-0001477124,Integrante · 2016/7 - Actual,,,1
G-00000000011723,I-0001487163,Integrante · 2024/1 - Actual,,,1
G-00000000011723,I-0001518453,Integrante · 2011/6 - 2020/2,,,0
G-00000000011723,I-0001528783,Integrante · 2015/1 - Actual,,,1
G-00000000011723,I-0001529267,Integrante · 2020/4 - Actual,,,1
G-00000000011723,I-0001547295,Integrante · 2013/1 - Actual,,,1
G-00000000011723,I-0001549351,Integrante · 2017/1 - Actual,,,1
G-00000000011723,I-0001578624,Integrante · 2017/1 - Actual,,,1
G-00000000011723,I-0001602700,Integrante · 2016/6 - Actual,,,1
G-00000000011723,I-0001606624,Integrante · 2016/6 - Actual,,,1
G-00000000011723,I-0001627094,Integrante · 2015/4 - Actual,,,1
G-00000000011723,I-0001627213,Integrante · 2015/1 - Actual,,,1
G-00000000011723,I-0001638646,Integrante · 2013/1 - Actual,,,1
G-00000000011723,I-0001716474,Integrante · 2017/2 - Actual,,,1
G-00000000011723,I-0001723616,Integrante · 2019/6 - Actual,,,1
G-00000000011723,I-0001723661,Integrante · 2019/7 - Actual,,,1
G-00000000011723,I-0001836408,Integrante · 2020/12 - Actual,,,1
G-00000000011723,I-0002153198,Integrante · 2022/1 - Actual,,,1
G-00000000014398,I-0000010033,Integrante · 2016/2 - 2018/1,,,0
G-00000000014398,I-0000020876,Integrante · 2014/2 - 2017/8,,,0
G-00000000014398,I-0000036990,Integrante · 2016/1 - 2017/7,,,0
G-00000000014398,I-0000052943,Integrante · 2019/1 - 2022/12,,,0
G-00000000014398,I-0000063520,Integrante · 2016/8 - 2019/12,,,0
G-00000000014398,I-0000126218,Integrante · 2018/1 - 2018/12,,,0
G-00000000014398,I-0000148756,Integrante · 2018/1 - Actual,,,1
G-00000000014398,I-0000148774,Integrante · 2018/2 - 2019/2,,,0
G-00000000014398,I-0000163654,Integrante · 2019/6 - 2022/12,,,0
G-00000000014398,I-0000163670,Integrante · 2017/8 - 2019/12,,,0
G-00000000014398,I-0000168662,Integrante · 2018/2 - 2018/6,,,0
G-00000000014398,I-0000338907,Integrante · 2019/3 - Actual,,,1
G-00000000014398,I-0000578843,Integrante · 2016/3 - 2016/12,,,0
G-00000000014398,I-0000592811,Integrante · 2013/2 - Actual,,,1
G-00000000014398,I-0000713899,Integrante · 2016/3 - Actual,,,1
G-00000000014398,I-0000871516,Integrante · 2016/2 - 2017/2,,,0
G-00000000014398,I-0000986020,Integrante · 2019/1 - 2019/5,,,0
G-00000000014398,I-0001385951,Integrante · 2017/2 - 2019/12,,,0
G-00000000014398,I-0001414874,Integrante · 2021/9 - 2021/9,,,0
G-00000000014398,I-0001503437,Integrante · 2021/1 - Actual,,,1
G-00000000014398,I-0001506782,Integrante · 2019/2 - 2019/5,,,0
G-00000000014398,I-0001510894,Integrante · 2017/1 - Actual,,,1
G-00000000014398,I-0001522221,Integrante · 2013/2 - 2013/12,,,0
G-00000000014398,I-0001524728,Integrante · 2014/1 - 2017/12,,,0
G-00000000014398,I-0001524741,Integrante · 2014/1 - 2017/11,,,0
G-00000000014398,I-0001585978,Integrante · 2014/1 - 2015/5,,,0
G-00000000014398,I-0001592573,Integrante · 2014/1 - 2015/11,,,0
G-00000000014398,I-0001601441,Integrante · 2021/1 - Actual,,,1
G-00000000014398,I-0001601958,Integrante · 2014/1 - 2017/10,,,0
G-00000000014398,I-0001606624,Integrante · 2016/2 - 2020/12,,,0
G-00000000014398,I-0001631067,Integrante · 2015/1 - 2016/1,,,0
G-00000000014398,I-0001653161,Integrante · 2020/1 - 2020/6,,,0
G-00000000014398,I-0001666716,Integrante · 2018/2 - Actual,,,1
G-00000000014398,I-0001675971,Integrante · 2020/2 - 2020/5,,,0
G-00000000014398,I-0001725179,Integrante · 2019/5 - 2019/7,,,0
G-00000000014398,I-0001732011,Integrante · 2019/2 - 2019/12,,,0
G-00000000014398,I-0001750937,Integrante · 2019/6 - 2019/7,,,0
G-00000000014398,I-0001823730,Integrante · 2020/10 - 2022/12,,,0
G-00000000014398,I-0001823731,Integrante · 2019/1 - 2019/7,,,0
G-00000000014398,I-0001832700,Integrante · 2020/10 - 2020/12,,,0
G-00000000014398,I-0001832763,Integrante · 2020/10 - 2020/12,,,0
G-00000000014398,I-0001832848,Integrante · 2020/10 - 2020/12,,,0
G-00000000014398,I-0001832902,Integrante · 2020/10 - 2020/12,,,0
G-00000000014398,I-0001833361,Integrante · 2020/10 - 2021/1,,,0
G-00000000014742,I-0000014082,Integrante · 2014/6 - 2014/10,,,0
G-00000000014742,I-0000014994,Integrante · 2015/3 - Actual,,,1
G-00000000014742,I-0000020864,Integrante · 2013/10 - 2014/10,,,0
G-00000000014742,I-0000023556,Integrante · 2018/2 - Actual,,,1
G-00000000014742,I-0000026734,Integrante · 2015/8 - 2021/12,,,0
G-00000000014742,I-0000027344,Integrante · 2022/2 - Actual,,,1
G-00000000014742,I-0000052099,Integrante · 2025/2 - Actual,,,1
G-00000000014742,I-0000084157,Integrante · 2021/2 - Actual,,,1
G-00000000014742,I-0000101456,Integrante · 2019/8 - Actual,,,1
G-00000000014742,I-0000110347,Integrante · 2018/2 - Actual,,,1
G-00000000014742,I-0000517313,Integrante · 2014/9 - 2014/10,,,0
G-00000000014742,I-0000725510,Integrante · 2014/7 - 2015/1,,,0
G-00000000014742,I-0001002171,Integrante · 2015/1 - 2018/12,,,0
G-00000000014742,I-0001024256,Integrante · 2017/2 - 2020/12,,,0
G-00000000014742,I-0001338914,Integrante · 2013/10 - 2020/12,,,0
G-00000000014742,I-0001408470,Integrante · 2024/2 - Actual,,,1
G-00000000014742,I-0001408571,Integrante · 2019/8 - Actual,,,1
G-00000000014742,I-0001409629,Integrante · 2013/10 - Actual,,,1
G-00000000014742,I-0001425853,Integrante · 2013/10 - 2014/10,,,0
G-00000000014742,I-0001426122,Integrante · 2013/10 - 2023/12,,,0
G-00000000014742,I-0001426131,Integrante · 2013/10 - 2020/12,,,0
G-00000000014742,I-0001426148,Integrante · 2016/11 - 2016/12,,,0
G-00000000014742,I-0001449575,Integrante · 2013/10 - 2014/10,,,0
G-00000000014742,I-0001462454,Integrante · 2016/11 - 2023/7,,,0
G-00000000014742,I-0001473716,Integrante · 2019/8 - Actual,,,1
G-00000000014742,I-0001484010,Integrante · 2017/6 - Actual,,,1
G-00000000014742,I-0001506030,Integrante · 2013/10 - 2014/10,,,0
G-00000000014742,I-0001516099,Integrante · 2013/10 - 2020/6,,,0
G-00000000014742,I-0001553351,Integrante · 2014/9 - 2024/6,,,0
G-00000000014742,I-0001598491,Integrante · 2014/7 - Actual,,,1
G-00000000014742,I-0001601441,Integrante · 2014/7 - 2017/11,,,0
G-00000000014742,I-0001611502,Integrante · 2014/12 - Actual,,,1
G-00000000014742,I-0001614553,Integrante · 2013/10 - 2015/12,,,0
G-00000000014742,I-0001632292,Integrante · 2020/2 - 2022/7,,,0
G-00000000014742,I-0001635534,Integrante · 2019/8 - 2022/12,,,0
G-00000000014742,I-0001653695,Integrante · 2019/8 - 2023/12,,,0
G-00000000014742,I-0001705650,Integrante · 2019/8 - 2021/12,,,0
G-00000000014742,I-0001875091,Integrante · 2021/7 - 2022/6,,,0
G-00000000015173,I-0000017112,Integrante · 2014/2 - 2016/12,,,0
G-00000000015173,I-0000044330,Integrante · 2018/11 - 2021/12,,,0
G-00000000015173,I-0000059231,Integrante · 2019/10 - 2022/3,,,0
G-00000000015173,I-0000120591,Integrante · 2018/1 - 2021/1,,,0
G-00000000015173,I-0000120594,Integrante · 2021/10 - Actual,,,1
G-00000000015173,I-0000612413,Integrante · 2019/10 - Actual,,,1
G-00000000015173,I-0000764329,Integrante · 2014/2 - 2016/12,,,0
G-00000000015173,I-0000789100,Integrante · 2018/1 - Actual,,,1
G-00000000015173,I-0000886556,Integrante · 2019/12 - 2020/3,,,0
G-00000000015173,I-0001049615,Integrante · 2020/1 - Actual,,,1
G-00000000015173,I-0001060368,Integrante · 2014/2 - 2016/12,,,0
G-00000000015173,I-0001115332,Integrante · 2014/2 - 2016/12,,,0
G-00000000015173,I-0001356634,Integrante · 2014/2 - 2018/6,,,0
G-00000000015173,I-0001368772,Integrante · 2022/1 - Actual,,,1
G-00000000015173,I-0001403734,Integrante · 2018/3 - 2018/12,,,0
G-00000000015173,I-0001403819,Integrante · 2018/1 - 2022/3,,,0
G-00000000015173,I-0001453688,Integrante · 2014/2 - 2016/12,,,0
G-00000000015173,I-0001457149,Integrante · 2015/2 - 2018/7,,,0
G-00000000015173,I-0001506336,Integrante · 2014/2 - 2017/4,,,0
G-00000000015173,I-0001517410,Integrante · 2020/1 - Actual,,,1
G-00000000015173,I-0001548076,Integrante · 2014/2 - 2016/12,,,0
G-00000000015173,I-0001587404,Integrante · 2019/2 - Actual,,,1
G-00000000015173,I-0001647637,Integrante · 2018/1 - 2020/6,,,0
G-00000000015173,I-0001654313,Integrante · 2018/11 - 2022/8,,,0
G-00000000015173,I-0001654366,Integrante · 2018/1 - 2018/10,,,0
G-00000000015173,I-0001678210,Integrante · 2019/1 - 2024/12,,,0
G-00000000015173,I-0001700411,Integrante · 2018/11 - 2021/12,,,0
G-00000000015173,I-0001700412,Integrante · 2018/8 - 2019/9,,,0
G-00000000015173,I-0001700416,Integrante · 2018/8 - 2019/9,,,0
G-00000000015173,I-0001716430,Integrante · 2019/6 - 2021/12,,,0
G-00000000015173,I-0001724222,Integrante · 2020/5 - Actual,,,1
G-00000000015173,I-0001724837,Integrante · 2019/10 - Actual,,,1
G-00000000015173,I-0001740828,Integrante · 2019/10 - Actual,,,1
G-00000000015173,I-0001743524,Integrante · 2019/10 - 2021/12,,,0
G-00000000015173,I-0001743526,Integrante · 2019/10 - 2021/12,,,0
G-00000000015173,I-0001770102,Integrante · 2020/5 - Actual,,,1
G-00000000015173,I-0002350538,Integrante · 2024/12 - Actual,,,1
G-00000000015180,I-0000043562,Integrante · 2015/1 - 2015/2,,,0
G-00000000015180,I-0000050826,Integrante · 2016/3 - 2016/12,,,0
G-00000000015180,I-0000057939,Integrante · 2016/4 - 2016/4,,,0
G-00000000015180,I-0000065940,Integrante · 2016/8 - 2016/12,,,0
G-00000000015180,I-0000091311,Integrante · 2022/2 - Actual,,,1
G-00000000015180,I-0000197696,Integrante · 2014/2 - 2015/12,,,0
G-00000000015180,I-0000303674,Integrante · 2016/5 - 2018/2,,,0
G-00000000015180,I-0000350524,Integrante · 2015/2 - 2015/8,,,0
G-00000000015180,I-0000417068,Integrante · 2016/5 - Actual,,,1
G-00000000015180,I-0000433500,Integrante · 2014/2 - 2015/12,,,0
G-00000000015180,I-0000500500,Integrante · 2014/11 - 2017/12,,,0
G-00000000015180,I-0000511196,Integrante · 2014/2 - 2016/2,,,0
G-00000000015180,I-0000512974,Integrante · 2015/1 - 2015/12,,,0
G-00000000015180,I-0000650838,Integrante · 2014/2 - 2015/2,,,0
G-00000000015180,I-0000683736,Integrante · 2016/10 - 2016/12,,,0
G-00000000015180,I-0000712957,Integrante · 2014/2 - 2015/8,,,0
G-00000000015180,I-0000751227,Integrante · 2014/2 - 2014/12,,,0
G-00000000015180,I-0000766313,Integrante · 2014/2 - 2016/12,,,0
G-00000000015180,I-0000862797,Integrante · 2015/2 - Actual,,,1
G-00000000015180,I-0000939951,Integrante · 2017/1 - 2017/9,,,0
G-00000000015180,I-0000966126,Integrante · 2015/2 - 2015/12,,,0
G-00000000015180,I-0000999245,Integrante · 2014/1 - Actual,,,1
G-00000000015180,I-0001031570,Integrante · 2014/2 - 2014/12,,,0
G-00000000015180,I-0001350888,Integrante · 2015/1 - 2020/2,,,0
G-00000000015180,I-0001386312,Integrante · 2016/4 - 2016/12,,,0
G-00000000015180,I-0001403090,Integrante · 2014/2 - 2015/12,,,0
G-00000000015180,I-0001403437,Integrante · 2015/6 - 2015/12,,,0
G-00000000015180,I-0001412171,Integrante · 2017/12 - Actual,,,1
G-00000000015180,I-0001432482,Integrante · 2016/1 - 2017/12,,,0
G-00000000015180,I-0001480366,Integrante · 2014/11 - 2015/12,,,0
G-00000000015180,I-0001505340,Integrante · 2014/2 - 2017/12,,,0
G-00000000015180,I-0001528479,Integrante · 2015/1 - 2018/10,,,0
G-00000000015180,I-0001545894,Integrante · 2014/2 - 2014/12,,,0
G-00000000015180,I-0001545981,Integrante · 2014/2 - 2014/12,,,0
G-00000000015180,I-0001546721,Integrante · 2014/2 - 2014/12,,,0
G-00000000015180,I-0001546911,Integrante · 2014/2 - 2014/12,,,0
G-00000000015180,I-0001547074,Integrante · 2015/3 - 2015/12,,,0
G-00000000015180,I-0001547076,Integrante · 2016/6 - 2016/12,,,0
G-00000000015180,I-0001547082,Integrante · 2014/2 - 2016/12,,,0
G-00000000015180,I-0001547090,Integrante · 2014/2 - 2014/12,,,0
G-00000000015180,I-0001547260,Integrante · 2015/3 - 2016/5,,,0
G-00000000015180,I-0001547463,Integrante · 2014/10 - 2020/2,,,0
G-00000000015180,I-0001547707,Integrante · 2015/5 - 2015/12,,,0
G-00000000015180,I-0001547712,Integrante · 2014/2 - 2015/12,,,0
G-00000000015180,I-0001547747,Integrante · 2015/3 - 2015/12,,,0
G-00000000015180,I-0001547946,Integrante · 2015/3 - 2015/12,,,0
G-00000000015180,I-0001548081,Integrante · 2014/2 - 2016/12,,,0
G-00000000015180,I-0001554376,Integrante · 2014/2 - 2016/12,,,0
G-00000000015180,I-0001596446,Integrante · 2015/1 - Actual,,,1
G-00000000015180,I-0001598800,Integrante · 2014/10 - 2015/12,,,0
G-00000000015180,I-0001633311,Integrante · 2015/5 - 2015/12,,,0
G-00000000015180,I-0001633312,Integrante · 2015/5 - 2015/12,,,0
G-00000000015180,I-0001633627,Integrante · 2015/5 - 2015/12,,,0
G-00000000015180,I-0001633660,Integrante · 2015/5 - 2015/12,,,0
G-00000000015180,I-0001641945,Integrante · 2016/4 - 2016/4,,,0
G-00000000016202,I-0000071888,Integrante · 2021/2 - 2024/4,,,0
G-00000000016202,I-0000164942,Integrante · 2021/9 - 2024/11,,,0
G-00000000016202,I-0000395536,Integrante · 2020/1 - Actual,,,1
G-00000000016202,I-0000421332,Integrante · 2014/1 - 2014/12,,,0
G-00000000016202,I-0000421901,Integrante · 2018/3 - 2024/8,,,0
G-00000000016202,I-0000501816,Integrante · 2017/1 - Actual,,,1
G-00000000016202,I-0000523852,Integrante · 2015/1 - Actual,,,1
G-00000000016202,I-0000553760,Integrante · 2014/1 - Actual,,,1
G-00000000016202,I-0000555142,Integrante · 2021/1 - Actual,,,1
G-00000000016202,I-0000984264,Integrante · 2014/1 - 2015/1,,,0
G-00000000016202,I-0001038893,Integrante · 2019/1 - 2024/12,,,0
G-00000000016202,I-0001381258,Integrante · 2021/3 - Actual,,,1
G-00000000016202,I-0001399497,Integrante · 2014/1 - 2015/2,,,0
G-00000000016202,I-0001400361,Integrante · 2017/8 - Actual,,,1
G-00000000016202,I-0001403741,Integrante · 2024/2 - Actual,,,1
G-00000000016202,I-0001410260,Integrante · 2019/1 - Actual,,,1
G-00000000016202,I-0001410514,Integrante · 2019/1 - Actual,,,1
G-00000000016202,I-0001410614,Integrante · 2014/1 - Actual,,,1
G-00000000016202,I-0001411506,Integrante · 2021/2 - Actual,,,1
G-00000000016202,I-0001415487,Integrante · 2014/1 - 2014/9,,,0
G-00000000016202,I-0001422982,Integrante · 2024/2 - Actual,,,1
G-00000000016202,I-0001424349,Integrante · 2019/1 - 2024/3,,,0
G-00000000016202,I-0001448116,Integrante · 2025/2 - Actual,,,1
G-00000000016202,I-0001484144,Integrante · 2014/1 - 2015/1,,,0
G-00000000016202,I-0001514615,Integrante · 2015/3 - 2015/12,,,0
G-00000000016202,I-0001590707,Integrante · 2015/3 - 2015/12,,,0
G-00000000016202,I-0001590739,Integrante · 2015/3 - 2015/12,,,0
G-00000000016202,I-0001594508,Integrante · 2014/1 - 2015/12,,,0
G-00000000016202,I-0001641915,Integrante · 2021/3 - Actual,,,1
G-00000000016202,I-0001737616,Integrante · 2021/1 - 2024/1,,,0
G-00000000016202,I-0001812903,Integrante · 2021/9 - Actual,,,1
G-00000000016202,I-0001997802,Integrante · 2023/3 - Actual,,,1
G-00000000016202,I-0002068429,Integrante · 2025/3 - Actual,,,1
G-00000000016636,I-0000055254,Integrante · 2025/2 - Actual,,,1
G-00000000016636,I-0000112231,Integrante · 2021/6 - Actual,,,1
G-00000000016636,I-0000155858,Integrante · 2020/6 - 2021/12,,,0
G-00000000016636,I-0000373770,Integrante · 2020/2 - Actual,,,1
G-00000000016636,I-0000525898,Integrante · 2013/2 - Actual,,,1
G-00000000016636,I-0000550051,Integrante · 2014/1 - 2019/12,,,0
G-00000000016636,I-0000650625,Integrante · 2024/8 - Actual,,,1
G-00000000016636,I-0000706159,Integrante · 2019/1 - 2019/12,,,0
G-00000000016636,I-0000706426,Integrante · 2014/1 - Actual,,,1
G-00000000016636,I-0000706485,Integrante · 2015/1 - Actual,,,1
G-00000000016636,I-0000728187,Integrante · 2024/8 - Actual,,,1
G-00000000016636,I-0000918261,Integrante · 2014/1 - Actual,,,1
G-00000000016636,I-0001204203,Integrante · 2020/1 - Actual,,,1
G-00000000016636,I-0001362832,Integrante · 2020/9 - 2021/12,,,0
G-00000000016636,I-0001390688,Integrante · 2019/9 - Actual,,,1
G-00000000016636,I-0001425567,Integrante · 2020/10 - Actual,,,1
G-00000000016636,I-0001425678,Integrante · 2018/6 - Actual,,,1
G-00000000016636,I-0001462770,Integrante · 2020/6 - Actual,,,1
G-00000000016636,I-0001465942,Integrante · 2019/10 - Actual,,,1
G-00000000016636,I-0001478298,Integrante · 2016/10 - 2024/11,,,0
G-00000000016636,I-0001483346,Integrante · 2025/2 - Actual,,,1
G-00000000016636,I-0001562432,Integrante · 2024/8 - Actual,,,1
G-00000000016636,I-0001634427,Integrante · 2021/7 - Actual,,,1
G-00000000016636,I-0001822800,Integrante · 2024/8 - Actual,,,1
G-00000000016636,I-0001905936,Integrante · 2022/10 - Actual,,,1
G-00000000016636,I-0001931530,Integrante · 2024/8 - Actual,,,1
G-00000000016636,I-0001976521,Integrante · 2026/2 - Actual,,,1
G-00000000016636,I-0001977492,Integrante · 2024/8 - Actual,,,1
G-00000000016636,I-0002114065,Integrante · 2024/8 - Actual,,,1
G-00000000016815,I-0000026109,Integrante · 2015/12 - 2022/8,,,0
G-00000000016815,I-0000026748,Integrante · 2015/12 - 2022/8,,,0
G-00000000016815,I-0000059569,Integrante · 2017/10 - 2022/8,,,0
G-00000000016815,I-0000149087,Integrante · 2017/10 - 2023/7,,,0
G-00000000016815,I-0000155658,Integrante · 2019/1 - Actual,,,1
G-00000000016815,I-0000167478,Integrante · 2018/3 - Actual,,,1
G-00000000016815,I-0000293695,Integrante · 2015/7 - Actual,,,1
G-00000000016815,I-0000438758,Integrante · 2015/8 - Actual,,,1
G-00000000016815,I-0000570397,Integrante · 2021/9 - Actual,,,1
G-00000000016815,I-0001236059,Integrante · 2017/7 - 2022/2,,,0
G-00000000016815,I-0001554534,Integrante · 2015/8 - Actual,,,1
G-00000000016815,I-0001617300,Integrante · 2020/2 - Actual,,,1
G-00000000016815,I-0001645108,Integrante · 2015/8 - Actual,,,1
G-00000000016815,I-0001656889,Integrante · 2018/8 - 2020/10,,,0
G-00000000016815,I-0001685792,Integrante · 2019/2 - Actual,,,1
G-00000000016815,I-0001891925,Integrante · 2021/7 - Actual,,,1
G-00000000016815,I-0001911279,Integrante · 2021/7 - Actual,,,1
G-00000000016815,I-0001911297,Integrante · 2021/7 - 2021/8,,,0
G-00000000016815,I-0001911305,Integrante · 2024/9 - Actual,,,1
G-00000000016815,I-0002418159,Integrante · 2026/3 - Actual,,,1
G-00000000016815,I-0002532998,Integrante · 2026/9 - Actual,,,1
G-00000000017356,I-0000147355,Integrante · 2016/7 - Actual,,,1
G-00000000017356,I-0000440027,Integrante · 2014/7 - Actual,,,1
G-00000000017356,I-0000500771,Integrante · 2015/1 - Actual,,,1
G-00000000017356,I-0000547280,Integrante · 2015/1 - Actual,,,1
G-00000000017356,I-0000548723,Integrante · 2018/6 - 2019/6,,,0
G-00000000017356,I-0000559822,Integrante · 2014/7 - Actual,,,1
G-00000000017356,I-0001442518,Integrante · 2014/7 - Actual,,,1
G-00000000017408,I-0000028758,Integrante · 2021/1 - Actual,,,1
G-00000000017408,I-0000087119,Integrante · 2021/1 - Actual,,,1
G-00000000017408,I-0000108908,Integrante · 2019/7 - Actual,,,1
G-00000000017408,I-0000110437,Integrante · 2021/1 - Actual,,,1
G-00000000017408,I-0000124819,Integrante · 2022/2 - Actual,,,1
G-00000000017408,I-0000126218,Integrante · 2020/2 - Actual,,,1
G-00000000017408,I-0000157822,Integrante · 2021/1 - Actual,,,1
G-00000000017408,I-0000548863,Integrante · 2022/1 - Actual,,,1
G-00000000017408,I-0000552968,Integrante · 2020/1 - Actual,,,1
G-00000000017408,I-0000563668,Integrante · 2017/1 - Actual,,,1
G-00000000017408,I-0000570486,Integrante · 2014/1 - Actual,,,1
G-00000000017408,I-0000655376,Integrante · 2014/1 - Actual,,,1
G-00000000017408,I-0000778460,Integrante · 2014/1 - Actual,,,1
G-00000000017408,I-0000805068,Integrante · 2014/1 - Actual,,,1
G-00000000017408,I-0000871613,Integrante · 2015/1 - Actual,,,1
G-00000000017408,I-0000960624,Integrante · 2014/9 - Actual,,,1
G-00000000017408,I-0001049747,Integrante · 2020/1 - Actual,,,1
G-00000000017408,I-0001053353,Integrante · 2022/2 - Actual,,,1
G-00000000017408,I-0001149865,Integrante · 2021/1 - Actual,,,1
G-00000000017408,I-0001335979,Integrante · 2014/1 - Actual,,,1
G-00000000017408,I-0001353142,Integrante · 2015/1 - Actual,,,1
G-00000000017408,I-0001366173,Integrante · 2020/9 - Actual,,,1
G-00000000017408,I-0001400472,Integrante · 2020/1 - Actual,,,1
G-00000000017408,I-0001403128,Integrante · 2014/1 - 2019/1,,,0
G-00000000017408,I-0001425900,Integrante · 2021/1 - Actual,,,1
G-00000000017408,I-0001443888,Integrante · 2015/1 - 2015/12,,,0
G-00000000017408,I-0001475980,Integrante · 2020/1 - Actual,,,1
G-00000000017408,I-0001487103,Integrante · 2014/1 - 2017/7,,,0
G-00000000017408,I-0001496333,Integrante · 2014/1 - Actual,,,1
G-00000000017408,I-0001520278,Integrante · 2020/1 - Actual,,,1
G-00000000017408,I-0001521779,Integrante · 2022/2 - Actual,,,1
G-00000000017408,I-0001526698,Integrante · 2019/9 - Actual,,,1
G-00000000017408,I-0001528775,Integrante · 2015/1 - 2018/1,,,0
G-00000000017408,I-0001528783,Integrante · 2019/1 - 2019/12,,,0
G-00000000017408,I-0001672293,Integrante · 2021/1 - Actual,,,1
G-00000000017408,I-0001716647,Integrante · 2017/1 - Actual,,,1
G-00000000017408,I-0001723794,Integrante · 2022/1 - Actual,,,1
G-00000000017408,I-0001747919,Integrante · 2018/1 - 2021/12,,,0
G-00000000017408,I-0001836976,Integrante · 2019/2 - Actual,,,1
G-00000000017408,I-0001843266,Integrante · 2020/1 - Actual,,,1
G-00000000017408,I-0001857317,Integrante · 2022/2 - Actual,,,1
G-00000000017408,I-0001857318,Integrante · 2022/1 - Actual,,,1
G-00000000017408,I-0001857325,Integrante · 2022/2 - Actual,,,1
G-00000000017408,I-0001865235,Integrante · 2021/2 - Actual,,,1
G-00000000017408,I-0001875048,Integrante · 2022/1 - Actual,,,1
G-00000000017408,I-0001891772,Integrante · 2021/1 - Actual,,,1
G-00000000017408,I-0002048246,Integrante · 2021/1 - Actual,,,1
G-00000000017408,I-0002060786,Integrante · 2021/1 - Actual,,,1
G-00000000017408,I-0002114284,Integrante · 2022/2 - Actual,,,1
G-00000000017408,I-0002123339,Integrante · 2021/1 - Actual,,,1
G-00000000017408,I-0002137890,Integrante · 2021/1 - Actual,,,1
G-00000000017408,I-0002159300,Integrante · 2022/2 - Actual,,,1
G-00000000017408,I-0002159301,Integrante · 2022/2 - Actual,,,1
G-00000000017408,I-0002159326,Integrante · 2022/2 - Actual,,,1
G-00000000017408,I-0002159359,Integrante · 2022/2 - Actual,,,1
G-00000000017408,I-0002163699,Integrante · 2021/2 - Actual,,,1
G-00000000017408,I-0002206300,Integrante · 2022/1 - Actual,,,1
G-00000000017408,I-0002208746,Integrante · 2022/2 - Actual,,,1
G-00000000017408,I-0002395727,Integrante · 2025/1 - Actual,,,1
G-00000000017408,I-0002396308,Integrante · 2025/1 - Actual,,,1
G-00000000017409,I-0000028699,Integrante · 2014/1 - 2017/11,,,0
G-00000000017409,I-0000028744,Integrante · 2014/1 - Actual,,,1
G-00000000017409,I-0000033045,Integrante · 2014/1 - 2014/6,,,0
G-00000000017409,I-0000051448,Integrante · 2014/1 - 2014/7,,,0
G-00000000017409,I-0000053494,Integrante · 2014/1 - 2014/6,,,0
G-00000000017409,I-0000053495,Integrante · 2014/1 - 2014/6,,,0
G-00000000017409,I-0000053497,Integrante · 2014/1 - 2014/6,,,0
G-00000000017409,I-0000148720,Integrante · 2016/8 - Actual,,,1
G-00000000017409,I-0000284610,Integrante · 2021/2 - Actual,,,1
G-00000000017409,I-0000415308,Integrante · 2014/1 - 2015/1,,,0
G-00000000017409,I-0000419923,Integrante · 2014/1 - Actual,,,1
G-00000000017409,I-0000612413,Integrante · 2018/3 - Actual,,,1
G-00000000017409,I-0000694428,Integrante · 2018/2 - Actual,,,1
G-00000000017409,I-0000989215,Integrante · 2023/3 - Actual,,,1
G-00000000017409,I-0001340786,Integrante · 2014/1 - Actual,,,1
G-00000000017409,I-0001351426,Integrante · 2016/1 - Actual,,,1
G-00000000017409,I-0001356501,Integrante · 2016/8 - 2017/1,,,0
G-00000000017409,I-0001356588,Integrante · 2014/1 - Actual,,,1
G-00000000017409,I-0001403819,Integrante · 2016/1 - 2016/2,,,0
G-00000000017409,I-0001404579,Integrante · 2014/1 - 2019/10,,,0
G-00000000017409,I-0001490930,Integrante · 2017/6 - Actual,,,1
G-00000000017409,I-0001591588,Integrante · 2014/1 - 2014/6,,,0
G-00000000017409,I-0001602329,Integrante · 2014/1 - 2014/6,,,0
G-00000000017409,I-0001616421,Integrante · 2019/5 - 2020/1,,,0
G-00000000017409,I-0001639142,Integrante · 2025/6 - Actual,,,1
G-00000000017409,I-0001664014,Integrante · 2020/6 - Actual,,,1
G-00000000017409,I-0001681334,Integrante · 2018/8 - Actual,,,1
G-00000000017409,I-0001724855,Integrante · 2026/5 - Actual,,,1
G-00000000017413,I-0000058145,Integrante · 2022/1 - Actual,,,1
G-00000000017413,I-0000058583,Integrante · 2024/2 - Actual,,,1
G-00000000017413,I-0000121861,Integrante · 2025/6 - Actual,,,1
G-00000000017413,I-0000152899,Integrante · 2023/1 - Actual,,,1
G-00000000017413,I-0000173405,Integrante · 2024/1 - 2024/5,,,0
G-00000000017413,I-0000421430,Integrante · 2014/1 - 2022/6,,,0
G-00000000017413,I-0000442550,Integrante · 2014/1 - 2019/12,,,0
G-00000000017413,I-0000558702,Integrante · 2016/1 - Actual,,,1
G-00000000017413,I-0000578070,Integrante · 2014/1 - Actual,,,1
G-00000000017413,I-0000808040,Integrante · 2014/1 - Actual,,,1
G-00000000017413,I-0000855421,Integrante · 2022/1 - Actual,,,1
G-00000000017413,I-0000990167,Integrante · 2015/1 - Actual,,,1
G-00000000017413,I-0001064371,Integrante · 2014/1 - Actual,,,1
G-00000000017413,I-0001421397,Integrante · 2022/9 - Actual,,,1
G-00000000017413,I-0001434713,Integrante · 2017/1 - Actual,,,1
G-00000000017413,I-0001448442,Integrante · 2014/1 - Actual,,,1
G-00000000017413,I-0001525409,Integrante · 2019/1 - Actual,,,1
G-00000000017413,I-0001599464,Integrante · 2015/1 - 2016/2,,,0
G-00000000017413,I-0001604317,Integrante · 2016/1 - 2017/2,,,0
G-00000000017413,I-0001672175,Integrante · 2023/2 - Actual,,,1
G-00000000017413,I-0001732742,Integrante · 2023/12 - 2024/5,,,0
G-00000000017413,I-0001842422,Integrante · 2021/2 - Actual,,,1
G-00000000017462,I-0000019148,Integrante · 2014/1 - Actual,,,1
G-00000000017462,I-0000557463,Integrante · 2014/1 - 2016/9,,,0
G-00000000017462,I-0000557595,Integrante · 2014/1 - Actual,,,1
G-00000000017462,I-0000689254,Integrante · 2014/1 - Actual,,,1
G-00000000017462,I-0000725510,Integrante · 2014/1 - Actual,,,1
G-00000000017462,I-0000883620,Integrante · 2014/1 - Actual,,,1
G-00000000017462,I-0001348230,Integrante · 2014/1 - Actual,,,1
G-00000000017462,I-0001623442,Integrante · 2020/1 - Actual,,,1
G-00000000017462,I-0001655444,Integrante · 2024/1 - Actual,,,1
G-00000000017462,I-0002310724,Integrante · 2022/1 - Actual,,,1
G-00000000017467,I-0000022783,Integrante · 2014/1 - 2015/12,,,0
G-00000000017467,I-0000027821,Integrante · 2015/1 - 2018/6,,,0
G-00000000017467,I-0000028528,Integrante · 2017/2 - Actual,,,1
G-00000000017467,I-0000028620,Integrante · 2022/2 - Actual,,,1
G-00000000017467,I-0000033317,Integrante · 2015/1 - 2017/12,,,0
G-00000000017467,I-0000033325,Integrante · 2015/1 - 2018/6,,,0
G-00000000017467,I-0000045084,Integrante · 2015/1 - 2015/11,,,0
G-00000000017467,I-0000053790,Integrante · 2018/2 - 2024/12,,,0
G-00000000017467,I-0000053942,Integrante · 2018/2 - 2021/11,,,0
G-00000000017467,I-0000054168,Integrante · 2018/2 - 2018/10,,,0
G-00000000017467,I-0000055810,Integrante · 2017/2 - 2018/10,,,0
G-00000000017467,I-0000059193,Integrante · 2025/4 - 2025/null,,,1
G-00000000017467,I-0000152528,Integrante · 2014/1 - Actual,,,1
G-00000000017467,I-0000168429,Integrante · 2018/2 - 2021/11,,,0
G-00000000017467,I-0000168800,Integrante · 2020/8 - 2023/6,,,0
G-00000000017467,I-0000181685,Integrante · 2017/1 - 2018/6,,,0
G-00000000017467,I-0000424382,Integrante · 2022/8 - Actual,,,1
G-00000000017467,I-0000537330,Integrante · 2014/1 - Actual,,,1
G-00000000017467,I-0000537349,Integrante · 2020/1 - Actual,,,1
G-00000000017467,I-0000557200,Integrante · 2014/1 - 2020/11,,,0
G-00000000017467,I-0000608645,Integrante · 2014/1 - Actual,,,1
G-00000000017467,I-0000648302,Integrante · 2016/11 - Actual,,,1
G-00000000017467,I-0000898830,Integrante · 2015/2 - 2019/3,,,0
G-00000000017467,I-0000938262,Integrante · 2025/4 - 2025/null,,,1
G-00000000017467,I-0001029240,Integrante · 2014/1 - Actual,,,1
G-00000000017467,I-0001030205,Integrante · 2018/2 - 2019/3,,,0
G-00000000017467,I-0001057960,Integrante · 2014/1 - 2018/12,,,0
G-00000000017467,I-0001238434,Integrante · 2024/2 - Actual,,,1
G-00000000017467,I-0001261266,Integrante · 2018/2 - 2019/3,,,0
G-00000000017467,I-0001379890,Integrante · 2019/6 - 2021/11,,,0
G-00000000017467,I-0001385863,Integrante · 2019/7 - 2022/3,,,0
G-00000000017467,I-0001393656,Integrante · 2014/1 - Actual,,,1
G-00000000017467,I-0001414874,Integrante · 2022/2 - Actual,,,1
G-00000000017467,I-0001449654,Integrante · 2014/1 - Actual,,,1
G-00000000017467,I-0001450071,Integrante · 2022/2 - Actual,,,1
G-00000000017467,I-0001450218,Integrante · 2019/9 - Actual,,,1
G-00000000017467,I-0001506786,Integrante · 2014/1 - 2018/11,,,0
G-00000000017467,I-0001529993,Integrante · 2015/1 - 2017/3,,,0
G-00000000017467,I-0001568070,Integrante · 2014/1 - 2015/12,,,0
G-00000000017467,I-0001620995,Integrante · 2015/1 - 2018/6,,,0
G-00000000017467,I-0001625361,Integrante · 2015/1 - 2018/6,,,0
G-00000000017467,I-0001626015,Integrante · 2015/1 - 2017/12,,,0
G-00000000017467,I-0001627619,Integrante · 2014/7 - Actual,,,1
G-00000000017467,I-0001628886,Integrante · 2015/2 - 2018/10,,,0
G-00000000017467,I-0001635580,Integrante · 2015/1 - 2015/11,,,0
G-00000000017467,I-0001710401,Integrante · 2024/1 - Actual,,,1
G-00000000017467,I-0001745538,Integrante · 2019/3 - Actual,,,1
G-00000000017467,I-0001806246,Integrante · 2025/4 - 2025/null,,,1
G-00000000017467,I-0001912100,Integrante · 2023/2 - 2024/6,,,0
G-00000000017467,I-0001986294,Integrante · 2022/3 - Actual,,,1
G-00000000017467,I-0002019853,Integrante · 2023/2 - 2024/12,,,0
G-00000000017467,I-0002022019,Integrante · 2023/2 - Actual,,,1
G-00000000017467,I-0002022040,Integrante · 2023/2 - Actual,,,1
G-00000000017467,I-0002062205,Integrante · 2023/2 - Actual,,,1
G-00000000017467,I-0002131982,Integrante · 2023/2 - Actual,,,1
G-00000000017467,I-0002138374,Integrante · 2023/2 - Actual,,,1
G-00000000017467,I-0002237411,Integrante · 2024/2 - Actual,,,1
G-00000000017478,I-0000018894,Integrante · 2022/7 - Actual,,,1
G-00000000017478,I-0000150630,Integrante · 2014/1 - 2015/6,,,0
G-00000000017478,I-0000439223,Integrante · 2014/1 - Actual,,,1
G-00000000017478,I-0000539120,Integrante · 2016/6 - 2016/12,,,0
G-00000000017478,I-0000764329,Integrante · 2014/1 - Actual,,,1
G-00000000017478,I-0000810541,Integrante · 2020/1 - Actual,,,1
G-00000000017478,I-0000974536,Integrante · 2017/11 - 2024/4,,,0
G-00000000017478,I-0001341687,Integrante · 2018/1 - Actual,,,1
G-00000000017478,I-0001364074,Integrante · 2014/1 - Actual,,,1
G-00000000017478,I-0001438716,Integrante · 2016/1 - 2016/12,,,0
G-00000000017478,I-0001624242,Integrante · 2016/2 - Actual,,,1
G-00000000017495,I-0000019175,Integrante · 2025/1 - Actual,,,1
G-00000000017495,I-0000022016,Integrante · 2017/2 - 2017/12,,,0
G-00000000017495,I-0000023024,Integrante · 2025/1 - Actual,,,1
G-00000000017495,I-0000028758,Integrante · 2015/2 - Actual,,,1
G-00000000017495,I-0000035825,Integrante · 2023/2 - Actual,,,1
G-00000000017495,I-0000050808,Integrante · 2021/1 - Actual,,,1
G-00000000017495,I-0000055102,Integrante · 2019/1 - 2019/1,,,0
G-00000000017495,I-0000055918,Integrante · 2016/1 - Actual,,,1
G-00000000017495,I-0000055939,Integrante · 2016/1 - 2018/12,,,0
G-00000000017495,I-0000063817,Integrante · 2016/2 - 2018/12,,,0
G-00000000017495,I-0000068791,Integrante · 2019/1 - Actual,,,1
G-00000000017495,I-0000073192,Integrante · 2015/3 - Actual,,,1
G-00000000017495,I-0000081202,Integrante · 2015/2 - 2017/12,,,0
G-00000000017495,I-0000097275,Integrante · 2015/2 - Actual,,,1
G-00000000017495,I-0000108908,Integrante · 2017/2 - Actual,,,1
G-00000000017495,I-0000116634,Integrante · 2015/2 - 2017/12,,,0
G-00000000017495,I-0000121438,Integrante · 2023/7 - Actual,,,1
G-00000000017495,I-0000121439,Integrante · 2019/2 - Actual,,,1
G-00000000017495,I-0000124819,Integrante · 2022/1 - Actual,,,1
G-00000000017495,I-0000133116,Integrante · 2024/1 - Actual,,,1
G-00000000017495,I-0000147355,Integrante · 2022/1 - Actual,,,1
G-00000000017495,I-0000156935,Integrante · 2022/6 - Actual,,,1
G-00000000017495,I-0000157159,Integrante · 2022/1 - Actual,,,1
G-00000000017495,I-0000157822,Integrante · 2024/6 - Actual,,,1
G-00000000017495,I-0000160322,Integrante · 2017/2 - Actual,,,1
G-00000000017495,I-0000161224,Integrante · 2021/1 - Actual,,,1
G-00000000017495,I-0000167057,Integrante · 2017/2 - 2022/12,,,0
G-00000000017495,I-0000168275,Integrante · 2019/1 - Actual,,,1
G-00000000017495,I-0000178650,Integrante · 2018/1 - 2018/3,,,0
G-00000000017495,I-0000179789,Integrante · 2017/2 - 2017/12,,,0
G-00000000017495,I-0000181771,Integrante · 2022/6 - Actual,,,1
G-00000000017495,I-0000186728,Integrante · 2021/1 - Actual,,,1
G-00000000017495,I-0000484768,Integrante · 2017/1 - Actual,,,1
G-00000000017495,I-0000548863,Integrante · 2025/1 - Actual,,,1
G-00000000017495,I-0000559296,Integrante · 2024/2 - Actual,,,1
G-00000000017495,I-0000576956,Integrante · 2021/1 - Actual,,,1
G-00000000017495,I-0000591564,Integrante · 2014/6 - Actual,,,1
G-00000000017495,I-0000652601,Integrante · 2014/1 - 2018/12,,,0
G-00000000017495,I-0000655309,Integrante · 2021/1 - Actual,,,1
G-00000000017495,I-0000761435,Integrante · 2020/1 - 2020/12,,,0
G-00000000017495,I-0000806595,Integrante · 2015/3 - Actual,,,1
G-00000000017495,I-0001149865,Integrante · 2025/11 - Actual,,,1
G-00000000017495,I-0001202022,Integrante · 2022/1 - Actual,,,1
G-00000000017495,I-0001270788,Integrante · 2019/1 - 2019/1,,,0
G-00000000017495,I-0001335979,Integrante · 2014/1 - 2020/12,,,0
G-00000000017495,I-0001366173,Integrante · 2016/1 - Actual,,,1
G-00000000017495,I-0001389164,Integrante · 2024/8 - Actual,,,1
G-00000000017495,I-0001393644,Integrante · 2023/6 - Actual,,,1
G-00000000017495,I-0001397561,Integrante · 2017/2 - Actual,,,1
G-00000000017495,I-0001398352,Integrante · 2017/1 - Actual,,,1
G-00000000017495,I-0001398355,Integrante · 2015/1 - Actual,,,1
G-00000000017495,I-0001404285,Integrante · 2014/1 - Actual,,,1
G-00000000017495,I-0001421976,Integrante · 2023/1 - Actual,,,1
G-00000000017495,I-0001427814,Integrante · 2019/1 - Actual,,,1
G-00000000017495,I-0001460183,Integrante · 2023/8 - Actual,,,1
G-00000000017495,I-0001465682,Integrante · 2020/1 - 2020/12,,,0
G-00000000017495,I-0001475980,Integrante · 2024/5 - Actual,,,1
G-00000000017495,I-0001487103,Integrante · 2015/1 - Actual,,,1
G-00000000017495,I-0001487757,Integrante · 2015/2 - 2018/12,,,0
G-00000000017495,I-0001519770,Integrante · 2014/1 - Actual,,,1
G-00000000017495,I-0001521779,Integrante · 2023/8 - Actual,,,1
G-00000000017495,I-0001526698,Integrante · 2025/1 - Actual,,,1
G-00000000017495,I-0001528775,Integrante · 2014/1 - Actual,,,1
G-00000000017495,I-0001528783,Integrante · 2014/1 - Actual,,,1
G-00000000017495,I-0001590356,Integrante · 2017/2 - Actual,,,1
G-00000000017495,I-0001601087,Integrante · 2019/2 - 2019/9,,,0
G-00000000017495,I-0001651462,Integrante · 2019/1 - 2019/1,,,0
G-00000000017495,I-0001651663,Integrante · 2019/1 - 2019/1,,,0
G-00000000017495,I-0001657125,Integrante · 2019/1 - 2019/1,,,0
G-00000000017495,I-0001672293,Integrante · 2025/9 - Actual,,,1
G-00000000017495,I-0001687752,Integrante · 2021/1 - Actual,,,1
G-00000000017495,I-0001696341,Integrante · 2019/1 - Actual,,,1
G-00000000017495,I-0001710557,Integrante · 2019/2 - Actual,,,1
G-00000000017495,I-0001712402,Integrante · 2019/1 - 2022/12,,,0
G-00000000017495,I-0001724998,Integrante · 2022/11 - Actual,,,1
G-00000000017495,I-0001729038,Integrante · 2024/1 - Actual,,,1
G-00000000017495,I-0001747718,Integrante · 2024/11 - Actual,,,1
G-00000000017495,I-0001774860,Integrante · 2020/1 - Actual,,,1
G-00000000017495,I-0001774961,Integrante · 2020/1 - Actual,,,1
G-00000000017495,I-0001836499,Integrante · 2024/2 - Actual,,,1
G-00000000017495,I-0001836976,Integrante · 2019/1 - Actual,,,1
G-00000000017495,I-0001842867,Integrante · 2024/6 - Actual,,,1
G-00000000017495,I-0001911337,Integrante · 2020/1 - Actual,,,1
G-00000000017495,I-0001911361,Integrante · 2020/1 - Actual,,,1
G-00000000017495,I-0001911438,Integrante · 2020/1 - Actual,,,1
G-00000000017495,I-0002017338,Integrante · 2024/5 - Actual,,,1
G-00000000017495,I-0002032576,Integrante · 2022/8 - Actual,,,1
G-00000000017495,I-0002061708,Integrante · 2023/1 - Actual,,,1
G-00000000017495,I-0002061709,Integrante · 2024/2 - Actual,,,1
G-00000000017495,I-0002081777,Integrante · 2021/1 - Actual,,,1
G-00000000017495,I-0002106572,Integrante · 2024/12 - Actual,,,1
G-00000000017495,I-0002114284,Integrante · 2025/5 - Actual,,,1
G-00000000017495,I-0002122856,Integrante · 2024/6 - Actual,,,1
G-00000000017495,I-0002130981,Integrante · 2025/7 - Actual,,,1
G-00000000017495,I-0002137890,Integrante · 2024/1 - Actual,,,1
G-00000000017495,I-0002152450,Integrante · 2024/1 - Actual,,,1
G-00000000017495,I-0002156903,Integrante · 2023/1 - Actual,,,1
G-00000000017495,I-0002158558,Integrante · 2024/1 - Actual,,,1
G-00000000017495,I-0002159911,Integrante · 2024/1 - Actual,,,1
G-00000000017495,I-0002176452,Integrante · 2024/2 - Actual,,,1
G-00000000017495,I-0002176473,Integrante · 2023/1 - Actual,,,1
G-00000000017495,I-0002181967,Integrante · 2023/3 - Actual,,,1
G-00000000017495,I-0002208746,Integrante · 2025/8 - Actual,,,1
G-00000000017495,I-0002236130,Integrante · 2025/1 - Actual,,,1
G-00000000017495,I-0002357419,Integrante · 2025/10 - Actual,,,1
G-00000000017495,I-0002373283,Integrante · 2026/1 - Actual,,,1
G-00000000017495,I-0002374011,Integrante · 2025/9 - Actual,,,1
G-00000000017495,I-0002454620,Integrante · 2025/1 - Actual,,,1
G-00000000017495,I-0002482156,Integrante · 2026/1 - Actual,,,1
G-00000000017495,I-0002482163,Integrante · 2026/1 - Actual,,,1
G-00000000017495,I-0002487475,Integrante · 2026/1 - Actual,,,1
G-00000000017495,I-0002489760,Integrante · 2025/11 - Actual,,,1
G-00000000017495,I-0002497071,Integrante · 2025/10 - Actual,,,1
G-00000000017497,I-0000016936,Integrante · 2020/1 - Actual,,,1
G-00000000017497,I-0000021091,Integrante · 2014/1 - Actual,,,1
G-00000000017497,I-0000060528,Integrante · 2017/11 - Actual,,,1
G-00000000017497,I-0000065578,Integrante · 2025/1 - Actual,,,1
G-00000000017497,I-0000075319,Integrante · 2019/3 - Actual,,,1
G-00000000017497,I-0000092430,Integrante · 2016/4 - Actual,,,1
G-00000000017497,I-0000101021,Integrante · 2019/3 - Actual,,,1
G-00000000017497,I-0000106876,Integrante · 2017/11 - 2018/12,,,0
G-00000000017497,I-0000109853,Integrante · 2017/11 - 2018/12,,,0
G-00000000017497,I-0000109855,Integrante · 2017/11 - Actual,,,1
G-00000000017497,I-0000109856,Integrante · 2017/11 - 2018/12,,,0
G-00000000017497,I-0000109859,Integrante · 2017/11 - Actual,,,1
G-00000000017497,I-0000109860,Integrante · 2017/11 - 2018/1,,,0
G-00000000017497,I-0000116888,Integrante · 2017/6 - Actual,,,1
G-00000000017497,I-0000118701,Integrante · 2017/11 - 2018/12,,,0
G-00000000017497,I-0000124836,Integrante · 2016/1 - 2023/12,,,0
G-00000000017497,I-0000140213,Integrante · 2017/11 - Actual,,,1
G-00000000017497,I-0000146603,Integrante · 2017/11 - 2018/12,,,0
G-00000000017497,I-0000148542,Integrante · 2017/11 - Actual,,,1
G-00000000017497,I-0000148544,Integrante · 2017/11 - 2020/11,,,0
G-00000000017497,I-0000150261,Integrante · 2017/11 - 2018/12,,,0
G-00000000017497,I-0000150265,Integrante · 2017/11 - 2018/12,,,0
G-00000000017497,I-0000150281,Integrante · 2017/11 - 2018/12,,,0
G-00000000017497,I-0000150322,Integrante · 2017/11 - 2018/12,,,0
G-00000000017497,I-0000150505,Integrante · 2017/11 - 2018/12,,,0
G-00000000017497,I-0000152182,Integrante · 2017/11 - 2019/12,,,0
G-00000000017497,I-0000152186,Integrante · 2017/11 - 2019/12,,,0
G-00000000017497,I-0000152244,Integrante · 2017/11 - 2018/12,,,0
G-00000000017497,I-0000152247,Integrante · 2017/11 - Actual,,,1
G-00000000017497,I-0000152314,Integrante · 2017/11 - 2018/12,,,0
G-00000000017497,I-0000161060,Integrante · 2017/11 - 2019/11,,,0
G-00000000017497,I-0000161650,Integrante · 2017/11 - Actual,,,1
G-00000000017497,I-0000164721,Integrante · 2017/11 - Actual,,,1
G-00000000017497,I-0000166998,Integrante · 2017/11 - 2018/12,,,0
G-00000000017497,I-0000184593,Integrante · 2019/3 - Actual,,,1
G-00000000017497,I-0000536261,Integrante · 2018/2 - Actual,,,1
G-00000000017497,I-0000551767,Integrante · 2017/1 - Actual,,,1
G-00000000017497,I-0000577618,Integrante · 2015/1 - Actual,,,1
G-00000000017497,I-0000601330,Integrante · 2017/6 - Actual,,,1
G-00000000017497,I-0000634484,Integrante · 2014/1 - Actual,,,1
G-00000000017497,I-0000652504,Integrante · 2016/1 - Actual,,,1
G-00000000017497,I-0000655384,Integrante · 2017/11 - Actual,,,1
G-00000000017497,I-0000949710,Integrante · 2020/1 - Actual,,,1
G-00000000017497,I-0001212052,Integrante · 2014/1 - Actual,,,1
G-00000000017497,I-0001339855,Integrante · 2014/1 - Actual,,,1
G-00000000017497,I-0001398362,Integrante · 2017/11 - Actual,,,1
G-00000000017497,I-0001446205,Integrante · 2017/11 - 2018/12,,,0
G-00000000017497,I-0001506785,Integrante · 2014/1 - Actual,,,1
G-00000000017497,I-0001508379,Integrante · 2020/1 - Actual,,,1
G-00000000017497,I-0001525913,Integrante · 2017/11 - 2023/12,,,0
G-00000000017497,I-0001582471,Integrante · 2021/1 - 2024/6,,,0
G-00000000017497,I-0001602456,Integrante · 2017/10 - Actual,,,1
G-00000000017497,I-0001636163,Integrante · 2014/1 - Actual,,,1
G-00000000017497,I-0001638061,Integrante · 2017/11 - 2018/12,,,0
G-00000000017497,I-0001657611,Integrante · 2018/3 - 2019/12,,,0
G-00000000017497,I-0001672032,Integrante · 2019/3 - Actual,,,1
G-00000000017497,I-0001672158,Integrante · 2019/3 - 2023/12,,,0
G-00000000017497,I-0001676556,Integrante · 2017/11 - Actual,,,1
G-00000000017497,I-0001695892,Integrante · 2019/3 - Actual,,,1
G-00000000017497,I-0001695901,Integrante · 2019/3 - Actual,,,1
G-00000000017497,I-0001723136,Integrante · 2019/3 - Actual,,,1
G-00000000017497,I-0001724134,Integrante · 2019/3 - Actual,,,1
G-00000000017497,I-0001747771,Integrante · 2019/3 - Actual,,,1
G-00000000017497,I-0001747780,Integrante · 2019/3 - Actual,,,1
G-00000000017497,I-0001748185,Integrante · 2019/3 - Actual,,,1
G-00000000017497,I-0001763367,Integrante · 2019/3 - Actual,,,1
G-00000000017497,I-0001815756,Integrante · 2020/8 - Actual,,,1
G-00000000017497,I-0001922603,Integrante · 2023/1 - Actual,,,1
G-00000000017498,I-0000021049,Integrante · 2014/2 - Actual,,,1
G-00000000017498,I-0000045127,Integrante · 2014/2 - Actual,,,1
G-00000000017498,I-0000047091,Integrante · 2014/1 - 2021/7,,,0
G-00000000017498,I-0000047376,Integrante · 2018/1 - Actual,,,1
G-00000000017498,I-0000049644,Integrante · 2019/8 - 2023/1,,,0
G-00000000017498,I-0000055348,Integrante · 2019/1 - Actual,,,1
G-00000000017498,I-0000055615,Integrante · 2021/6 - Actual,,,1
G-00000000017498,I-0000055625,Integrante · 2015/2 - 2016/2,,,0
G-00000000017498,I-0000055628,Integrante · 2015/2 - 2015/2,,,0
G-00000000017498,I-0000055641,Integrante · 2015/2 - 2016/2,,,0
G-00000000017498,I-0000057409,Integrante · 2021/2 - Actual,,,1
G-00000000017498,I-0000057691,Integrante · 2024/2 - Actual,,,1
G-00000000017498,I-0000086855,Integrante · 2019/6 - 2023/1,,,0
G-00000000017498,I-0000125309,Integrante · 2015/2 - 2018/1,,,0
G-00000000017498,I-0000125524,Integrante · 2015/2 - 2016/2,,,0
G-00000000017498,I-0000125526,Integrante · 2015/2 - 2016/2,,,0
G-00000000017498,I-0000125581,Integrante · 2015/2 - 2022/1,,,0
G-00000000017498,I-0000126492,Integrante · 2015/1 - 2023/2,,,0
G-00000000017498,I-0000126495,Integrante · 2015/1 - 2016/2,,,0
G-00000000017498,I-0000686875,Integrante · 2014/1 - 2018/1,,,0
G-00000000017498,I-0000694673,Integrante · 2018/8 - Actual,,,1
G-00000000017498,I-0000766011,Integrante · 2015/2 - 2018/1,,,0
G-00000000017498,I-0000787434,Integrante · 2014/2 - 2016/2,,,0
G-00000000017498,I-0000961795,Integrante · 2020/1 - 2023/1,,,0
G-00000000017498,I-0001047620,Integrante · 2016/2 - Actual,,,1
G-00000000017498,I-0001218921,Integrante · 2017/2 - 2023/1,,,0
G-00000000017498,I-0001357211,Integrante · 2019/6 - 2023/1,,,0
G-00000000017498,I-0001361672,Integrante · 2014/2 - Actual,,,1
G-00000000017498,I-0001362341,Integrante · 2013/1 - Actual,,,1
G-00000000017498,I-0001375015,Integrante · 2015/2 - 2018/2,,,0
G-00000000017498,I-0001375031,Integrante · 2022/7 - 2023/1,,,0
G-00000000017498,I-0001375035,Integrante · 2022/7 - Actual,,,1
G-00000000017498,I-0001375483,Integrante · 2023/4 - Actual,,,1
G-00000000017498,I-0001375484,Integrante · 2017/2 - 2023/1,,,0
G-00000000017498,I-0001376032,Integrante · 2014/2 - 2016/1,,,0
G-00000000017498,I-0001376033,Integrante · 2020/1 - Actual,,,1
G-00000000017498,I-0001377154,Integrante · 2019/6 - 2023/1,,,0
G-00000000017498,I-0001377157,Integrante · 2019/2 - 2023/1,,,0
G-00000000017498,I-0001379602,Integrante · 2015/2 - 2016/1,,,0
G-00000000017498,I-0001379604,Integrante · 2016/1 - Actual,,,1
G-00000000017498,I-0001388015,Integrante · 2014/2 - 2016/2,,,0
G-00000000017498,I-0001404285,Integrante · 2014/1 - Actual,,,1
G-00000000017498,I-0001414750,Integrante · 2019/6 - 2023/2,,,0
G-00000000017498,I-0001416478,Integrante · 2015/2 - 2016/2,,,0
G-00000000017498,I-0001417710,Integrante · 2015/2 - Actual,,,1
G-00000000017498,I-0001424672,Integrante · 2018/1 - 2018/2,,,0
G-00000000017498,I-0001443304,Integrante · 2023/2 - Actual,,,1
G-00000000017498,I-0001448856,Integrante · 2017/1 - Actual,,,1
G-00000000017498,I-0001502063,Integrante · 2021/2 - Actual,,,1
G-00000000017498,I-0001570820,Integrante · 2017/11 - 2018/2,,,0
G-00000000017498,I-0001570937,Integrante · 2018/2 - 2023/1,,,0
G-00000000017498,I-0001570948,Integrante · 2015/2 - Actual,,,1
G-00000000017498,I-0001570950,Integrante · 2014/1 - 2023/1,,,0
G-00000000017498,I-0001593334,Integrante · 2017/1 - Actual,,,1
G-00000000017498,I-0001646452,Integrante · 2014/2 - Actual,,,1
G-00000000017498,I-0001650805,Integrante · 2019/1 - 2023/1,,,0
G-00000000017498,I-0001679453,Integrante · 2019/2 - 2023/1,,,0
G-00000000017498,I-0001716785,Integrante · 2024/1 - Actual,,,1
G-00000000017498,I-0001729611,Integrante · 2022/1 - Actual,,,1
G-00000000017498,I-0001740589,Integrante · 2019/11 - Actual,,,1
G-00000000017498,I-0001765225,Integrante · 2023/2 - Actual,,,1
G-00000000017498,I-0001807124,Integrante · 2024/1 - Actual,,,1
G-00000000017498,I-0001817526,Integrante · 2021/2 - Actual,,,1
G-00000000017498,I-0001818181,Integrante · 2021/2 - Actual,,,1
G-00000000017498,I-0001818229,Integrante · 2019/1 - Actual,,,1
G-00000000017498,I-0001822866,Integrante · 2024/1 - Actual,,,1
G-00000000017498,I-0001828535,Integrante · 2021/2 - 2022/1,,,0
G-00000000017498,I-0001836097,Integrante · 2026/8 - Actual,,,1
G-00000000017498,I-0001851358,Integrante · 2022/1 - Actual,,,1
G-00000000017498,I-0001899977,Integrante · 2021/7 - Actual,,,1
G-00000000017498,I-0001899978,Integrante · 2022/7 - Actual,,,1
G-00000000017498,I-0001908464,Integrante · 2021/2 - 2023/1,,,0
G-00000000017498,I-0001910774,Integrante · 2021/2 - Actual,,,1
G-00000000017498,I-0001912161,Integrante · 2022/1 - Actual,,,1
G-00000000017498,I-0001946866,Integrante · 2026/1 - Actual,,,1
G-00000000017498,I-0001996254,Integrante · 2023/2 - Actual,,,1
G-00000000017498,I-0002022190,Integrante · 2023/2 - Actual,,,1
G-00000000017498,I-0002128699,Integrante · 2023/1 - Actual,,,1
G-00000000017498,I-0002187638,Integrante · 2022/2 - Actual,,,1
G-00000000017498,I-0002401941,Integrante · 2024/2 - Actual,,,1
G-00000000017566,I-0000001208,Integrante · 2018/1 - 2018/1,,,0
G-00000000017566,I-0000010425,Integrante · 2023/1 - Actual,,,1
G-00000000017566,I-0000017857,Integrante · 2018/1 - 2018/2,,,0
G-00000000017566,I-0000038213,Integrante · 2020/1 - 2020/7,,,0
G-00000000017566,I-0000049535,Integrante · 2024/1 - Actual,,,1
G-00000000017566,I-0000052949,Integrante · 2018/1 - Actual,,,1
G-00000000017566,I-0000055759,Integrante · 2014/1 - 2015/1,,,0
G-00000000017566,I-0000062482,Integrante · 2017/1 - Actual,,,1
G-00000000017566,I-0000071888,Integrante · 2019/1 - 2019/1,,,0
G-00000000017566,I-0000081072,Integrante · 2022/1 - 2022/4,,,0
G-00000000017566,I-0000105065,Integrante · 2023/1 - Actual,,,1
G-00000000017566,I-0000121861,Integrante · 2018/1 - 2018/1,,,0
G-00000000017566,I-0000137607,Integrante · 2021/1 - Actual,,,1
G-00000000017566,I-0000145013,Integrante · 2023/1 - 2023/2,,,0
G-00000000017566,I-0000153848,Integrante · 2016/1 - 2017/12,,,0
G-00000000017566,I-0000153853,Integrante · 2016/1 - 2017/1,,,0
G-00000000017566,I-0000176356,Integrante · 2016/1 - 2016/12,,,0
G-00000000017566,I-0000176442,Integrante · 2017/1 - 2017/12,,,0
G-00000000017566,I-0000176652,Integrante · 2023/1 - Actual,,,1
G-00000000017566,I-0000184191,Integrante · 2017/1 - 2017/12,,,0
G-00000000017566,I-0000185854,Integrante · 2022/1 - Actual,,,1
G-00000000017566,I-0000186938,Integrante · 2022/1 - Actual,,,1
G-00000000017566,I-0000296015,Integrante · 2014/1 - 2017/12,,,0
G-00000000017566,I-0000340448,Integrante · 2019/1 - Actual,,,1
G-00000000017566,I-0000376701,Integrante · 2018/1 - Actual,,,1
G-00000000017566,I-0000427616,Integrante · 2017/1 - 2017/12,,,0
G-00000000017566,I-0000446726,Integrante · 2014/1 - Actual,,,1
G-00000000017566,I-0000590711,Integrante · 2022/1 - Actual,,,1
G-00000000017566,I-0000611824,Integrante · 2014/1 - Actual,,,1
G-00000000017566,I-0000651869,Integrante · 2014/1 - 2017/12,,,0
G-00000000017566,I-0000693413,Integrante · 2016/1 - 2017/12,,,0
G-00000000017566,I-0000799661,Integrante · 2014/1 - Actual,,,1
G-00000000017566,I-0000947393,Integrante · 2016/4 - Actual,,,1
G-00000000017566,I-0000997811,Integrante · 2014/1 - Actual,,,1
G-00000000017566,I-0001031279,Integrante · 2016/1 - Actual,,,1
G-00000000017566,I-0001034391,Integrante · 2014/1 - 2014/12,,,0
G-00000000017566,I-0001037714,Integrante · 2015/1 - Actual,,,1
G-00000000017566,I-0001042912,Integrante · 2014/1 - Actual,,,1
G-00000000017566,I-0001065971,Integrante · 2018/1 - Actual,,,1
G-00000000017566,I-0001123262,Integrante · 2022/1 - 2022/6,,,0
G-00000000017566,I-0001272080,Integrante · 2021/1 - 2021/2,,,0
G-00000000017566,I-0001390017,Integrante · 2023/1 - Actual,,,1
G-00000000017566,I-0001390018,Integrante · 2023/1 - Actual,,,1
G-00000000017566,I-0001397629,Integrante · 2018/1 - 2018/4,,,0
G-00000000017566,I-0001399005,Integrante · 2014/1 - Actual,,,1
G-00000000017566,I-0001399011,Integrante · 2021/1 - 2021/12,,,0
G-00000000017566,I-0001399154,Integrante · 2014/1 - Actual,,,1
G-00000000017566,I-0001399998,Integrante · 2014/1 - Actual,,,1
G-00000000017566,I-0001445599,Integrante · 2021/1 - Actual,,,1
G-00000000017566,I-0001445792,Integrante · 2014/1 - Actual,,,1
G-00000000017566,I-0001447994,Integrante · 2024/1 - Actual,,,1
G-00000000017566,I-0001450782,Integrante · 2019/1 - 2019/12,,,0
G-00000000017566,I-0001468297,Integrante · 2022/1 - Actual,,,1
G-00000000017566,I-0001485541,Integrante · 2015/1 - Actual,,,1
G-00000000017566,I-0001510393,Integrante · 2016/1 - 2017/12,,,0
G-00000000017566,I-0001516099,Integrante · 2019/1 - Actual,,,1
G-00000000017566,I-0001516854,Integrante · 2022/1 - 2022/2,,,0
G-00000000017566,I-0001534611,Integrante · 2014/1 - Actual,,,1
G-00000000017566,I-0001546045,Integrante · 2023/1 - Actual,,,1
G-00000000017566,I-0001553351,Integrante · 2022/1 - Actual,,,1
G-00000000017566,I-0001566969,Integrante · 2022/1 - Actual,,,1
G-00000000017566,I-0001591346,Integrante · 2018/1 - Actual,,,1
G-00000000017566,I-0001595171,Integrante · 2017/1 - Actual,,,1
G-00000000017566,I-0001602783,Integrante · 2015/1 - Actual,,,1
G-00000000017566,I-0001629899,Integrante · 2018/1 - Actual,,,1
G-00000000017566,I-0001651503,Integrante · 2022/1 - 2022/5,,,0
G-00000000017566,I-0001652593,Integrante · 2018/1 - 2018/2,,,0
G-00000000017566,I-0001661015,Integrante · 2021/1 - 2021/5,,,0
G-00000000017566,I-0001661582,Integrante · 2021/1 - 2021/2,,,0
G-00000000017566,I-0001661728,Integrante · 2020/1 - Actual,,,1
G-00000000017566,I-0001733208,Integrante · 2023/1 - Actual,,,1
G-00000000017566,I-0001734145,Integrante · 2024/1 - Actual,,,1
G-00000000017566,I-0001737508,Integrante · 2018/1 - 2018/1,,,0
G-00000000017566,I-0001776167,Integrante · 2018/1 - 2018/1,,,0
G-00000000017566,I-0001860269,Integrante · 2021/1 - Actual,,,1
G-00000000017566,I-0001954418,Integrante · 2023/1 - Actual,,,1
G-00000000017566,I-0002055392,Integrante · 2020/1 - 2020/10,,,0
G-00000000017566,I-0002070637,Integrante · 2023/1 - Actual,,,1
G-00000000017566,I-0002078053,Integrante · 2022/1 - Actual,,,1
G-00000000017566,I-0002082803,Integrante · 2021/1 - Actual,,,1
G-00000000017566,I-0002119019,Integrante · 2023/1 - Actual,,,1
G-00000000017566,I-0002227639,Integrante · 2026/8 - Actual,,,1
G-00000000017566,I-0002282506,Integrante · 2024/1 - Actual,,,1
G-00000000017566,I-0002358979,Integrante · 2023/1 - Actual,,,1
G-00000000018778,I-0000197696,Integrante · 2018/6 - 2020/4,,,0
G-00000000018778,I-0000424455,Integrante · 2018/2 - 2018/12,,,0
G-00000000018778,I-0000689211,Integrante · 2014/11 - Actual,,,1
G-00000000018778,I-0000789100,Integrante · 2015/1 - Actual,,,1
G-00000000018778,I-0000799661,Integrante · 2026/3 - Actual,,,1
G-00000000018778,I-0001294008,Integrante · 2015/2 - Actual,,,1
G-00000000018778,I-0001348228,Integrante · 2015/1 - Actual,,,1
G-00000000018778,I-0001348235,Integrante · 2015/1 - Actual,,,1
G-00000000018778,I-0001350888,Integrante · 2024/1 - 2025/9,,,0
G-00000000018778,I-0001359181,Integrante · 2021/2 - 2021/3,,,0
G-00000000018778,I-0001392422,Integrante · 2015/1 - Actual,,,1
G-00000000018778,I-0001442274,Integrante · 2015/1 - Actual,,,1
G-00000000018778,I-0001714035,Integrante · 2021/7 - 2022/5,,,0
G-00000000018778,I-0001714126,Integrante · 2021/7 - 2022/8,,,0
G-00000000018778,I-0001911036,Integrante · 2021/7 - 2023/5,,,0
G-00000000018873,I-0000028758,Integrante · 2022/1 - Actual,,,1
G-00000000018873,I-0000036084,Integrante · 2015/1 - Actual,,,1
G-00000000018873,I-0000036149,Integrante · 2015/1 - 2021/2,,,0
G-00000000018873,I-0000125713,Integrante · 2015/1 - Actual,,,1
G-00000000018873,I-0000137386,Integrante · 2018/5 - Actual,,,1
G-00000000018873,I-0000137604,Integrante · 2019/9 - 2021/2,,,0
G-00000000018873,I-0000138155,Integrante · 2018/3 - Actual,,,1
G-00000000018873,I-0000547085,Integrante · 2015/1 - Actual,,,1
G-00000000018873,I-0000548162,Integrante · 2015/1 - Actual,,,1
G-00000000018873,I-0000555053,Integrante · 2014/11 - Actual,,,1
G-00000000018873,I-0000562998,Integrante · 2015/1 - 2022/3,,,0
G-00000000018873,I-0000880108,Integrante · 2015/1 - Actual,,,1
G-00000000018873,I-0001165968,Integrante · 2017/3 - Actual,,,1
G-00000000018873,I-0001354975,Integrante · 2015/1 - Actual,,,1
G-00000000018873,I-0001355642,Integrante · 2019/9 - 2023/11,,,0
G-00000000018873,I-0001402515,Integrante · 2017/3 - Actual,,,1
G-00000000018873,I-0001402519,Integrante · 2017/10 - 2023/10,,,0
G-00000000018873,I-0001409131,Integrante · 2015/1 - Actual,,,1
G-00000000018873,I-0001425457,Integrante · 2019/9 - Actual,,,1
G-00000000018873,I-0001582471,Integrante · 2022/1 - Actual,,,1
G-00000000018873,I-0001648685,Integrante · 2019/7 - Actual,,,1
G-00000000018873,I-0001671053,Integrante · 2019/5 - 2021/2,,,0
G-00000000018873,I-0001671970,Integrante · 2019/5 - 2021/2,,,0
G-00000000018873,I-0001673504,Integrante · 2022/1 - Actual,,,1
G-00000000018873,I-0001689933,Integrante · 2019/9 - Actual,,,1
G-00000000018873,I-0001708032,Integrante · 2019/5 - 2021/2,,,0
G-00000000018873,I-0001724839,Integrante · 2019/5 - 2021/2,,,0
G-00000000018873,I-0001725019,Integrante · 2019/5 - 2021/2,,,0
G-00000000018873,I-0001725072,Integrante · 2019/5 - 2021/2,,,0
G-00000000018873,I-0001777334,Integrante · 2020/6 - 2021/2,,,0
G-00000000018873,I-0001829420,Integrante · 2019/5 - Actual,,,1
G-00000000018873,I-0001894538,Integrante · 2022/10 - 2023/11,,,0
G-00000000018873,I-0002062775,Integrante · 2022/8 - 2023/6,,,0
G-00000000018873,I-0002062814,Integrante · 2022/8 - Actual,,,1
G-00000000018873,I-0002064092,Integrante · 2022/8 - 2023/11,,,0
G-00000000018873,I-0002137516,Integrante · 2023/8 - Actual,,,1
G-00000000018873,I-0002390201,Integrante · 2024/8 - Actual,,,1
G-00000000018873,I-0002416091,Integrante · 2025/9 - Actual,,,1
G-00000000018873,I-0002416946,Integrante · 2025/9 - Actual,,,1
G-00000000018873,I-0002466891,Integrante · 2026/3 - Actual,,,1
G-00000000018897,I-0000014567,Integrante · 2015/1 - Actual,,,1
G-00000000018897,I-0000020186,Integrante · 2015/1 - 2022/11,,,0
G-00000000018897,I-0000023278,Integrante · 2015/1 - Actual,,,1
G-00000000018897,I-0000078038,Integrante · 2026/1 - Actual,,,1
G-00000000018897,I-0000124916,Integrante · 2019/7 - 2022/11,,,0
G-00000000018897,I-0000167850,Integrante · 2019/2 - Actual,,,1
G-00000000018897,I-0000168168,Integrante · 2022/5 - 2022/11,,,0
G-00000000018897,I-0000179897,Integrante · 2019/7 - 2022/11,,,0
G-00000000018897,I-0000562998,Integrante · 2022/5 - Actual,,,1
G-00000000018897,I-0000880159,Integrante · 2015/1 - 2022/11,,,0
G-00000000018897,I-0000880175,Integrante · 2015/1 - 2022/11,,,0
G-00000000018897,I-0000902837,Integrante · 2020/2 - Actual,,,1
G-00000000018897,I-0001013300,Integrante · 2014/11 - Actual,,,1
G-00000000018897,I-0001341189,Integrante · 2015/1 - Actual,,,1
G-00000000018897,I-0001347072,Integrante · 2016/1 - Actual,,,1
G-00000000018897,I-0001355629,Integrante · 2015/1 - 2024/12,,,0
G-00000000018897,I-0001400361,Integrante · 2016/1 - 2020/6,,,0
G-00000000018897,I-0001409130,Integrante · 2015/1 - Actual,,,1
G-00000000018897,I-0001446474,Integrante · 2025/5 - Actual,,,1
G-00000000018897,I-0001447095,Integrante · 2015/1 - Actual,,,1
G-00000000018897,I-0001612994,Integrante · 2015/1 - Actual,,,1
G-00000000018897,I-0001650965,Integrante · 2022/6 - Actual,,,1
G-00000000018897,I-0001671916,Integrante · 2025/6 - Actual,,,1
G-00000000018897,I-0001673490,Integrante · 2025/3 - Actual,,,1
G-00000000018897,I-0001711175,Integrante · 2019/7 - 2022/11,,,0
G-00000000018897,I-0001724181,Integrante · 2019/10 - 2022/11,,,0
G-00000000018897,I-0001724183,Integrante · 2019/10 - 2022/11,,,0
G-00000000018897,I-0001757001,Integrante · 2025/2 - Actual,,,1
G-00000000018897,I-0002053762,Integrante · 2022/11 - 2024/12,,,0
G-00000000018897,I-0002061929,Integrante · 2022/11 - 2026/8,,,0
G-00000000018897,I-0002061945,Integrante · 2022/11 - 2026/8,,,0
G-00000000018897,I-0002222628,Integrante · 2025/6 - Actual,,,1
G-00000000018897,I-0002422069,Integrante · 2026/9 - Actual,,,1
G-00000000018897,I-0002531838,Integrante · 2026/9 - Actual,,,1
G-00000000018897,I-0002531874,Integrante · 2026/9 - Actual,,,1
G-00000000018931,I-0000078038,Integrante · 2024/5 - Actual,,,1
G-00000000018931,I-0000429040,Integrante · 2015/1 - Actual,,,1
G-00000000018931,I-0001000586,Integrante · 2019/8 - 2019/12,,,0
G-00000000018931,I-0001353142,Integrante · 2017/7 - Actual,,,1
G-00000000018931,I-0001354190,Integrante · 2015/1 - Actual,,,1
G-00000000018931,I-0001393399,Integrante · 2015/1 - 2017/3,,,0
G-00000000018931,I-0001402063,Integrante · 2014/11 - Actual,,,1
G-00000000018931,I-0001402514,Integrante · 2015/1 - Actual,,,1
G-00000000018931,I-0001446474,Integrante · 2024/5 - 2025/7,,,0
G-00000000018931,I-0001651031,Integrante · 2019/8 - Actual,,,1
G-00000000018931,I-0001651036,Integrante · 2025/9 - Actual,,,1
G-00000000018931,I-0001673490,Integrante · 2019/8 - 2025/3,,,0
G-00000000018931,I-0001690290,Integrante · 2022/9 - Actual,,,1
G-00000000018931,I-0001713320,Integrante · 2022/1 - Actual,,,1
G-00000000018931,I-0001724985,Integrante · 2021/2 - 2023/12,,,0
G-00000000018931,I-0001757001,Integrante · 2022/6 - 2025/3,,,0
G-00000000018931,I-0001858469,Integrante · 2021/2 - 2023/12,,,0
G-00000000018931,I-0001865617,Integrante · 2026/2 - Actual,,,1
G-00000000018931,I-0002194498,Integrante · 2025/1 - 2025/7,,,0
G-00000000018931,I-0002194517,Integrante · 2025/1 - 2025/9,,,0
G-00000000018935,I-0000012679,Integrante · 2021/1 - Actual,,,1
G-00000000018935,I-0000014994,Integrante · 2015/1 - Actual,,,1
G-00000000018935,I-0000026734,Integrante · 2015/10 - 2021/1,,,0
G-00000000018935,I-0000029186,Integrante · 2023/12 - Actual,,,1
G-00000000018935,I-0000030926,Integrante · 2016/8 - 2019/5,,,0
G-00000000018935,I-0000032935,Integrante · 2023/11 - Actual,,,1
G-00000000018935,I-0000052099,Integrante · 2016/2 - 2018/11,,,0
G-00000000018935,I-0000056866,Integrante · 2016/2 - 2023/5,,,0
G-00000000018935,I-0000101229,Integrante · 2021/7 - 2022/6,,,0
G-00000000018935,I-0000134732,Integrante · 2020/1 - Actual,,,1
G-00000000018935,I-0000169157,Integrante · 2017/2 - 2020/12,,,0
G-00000000018935,I-0000340448,Integrante · 2017/2 - 2020/6,,,0
G-00000000018935,I-0001024256,Integrante · 2017/2 - 2023/12,,,0
G-00000000018935,I-0001149865,Integrante · 2017/2 - 2018/12,,,0
G-00000000018935,I-0001408571,Integrante · 2019/1 - Actual,,,1
G-00000000018935,I-0001425194,Integrante · 2016/2 - 2018/11,,,0
G-00000000018935,I-0001426148,Integrante · 2016/2 - 2017/12,,,0
G-00000000018935,I-0001484010,Integrante · 2017/2 - Actual,,,1
G-00000000018935,I-0001490181,Integrante · 2017/2 - Actual,,,1
G-00000000018935,I-0001506252,Integrante · 2020/2 - Actual,,,1
G-00000000018935,I-0001516099,Integrante · 2014/11 - 2020/6,,,0
G-00000000018935,I-0001520289,Integrante · 2021/11 - 2022/9,,,0
G-00000000018935,I-0001553351,Integrante · 2016/2 - 2022/12,,,0
G-00000000018935,I-0001589223,Integrante · 2017/2 - 2020/6,,,0
G-00000000018935,I-0001601441,Integrante · 2016/2 - 2018/12,,,0
G-00000000018935,I-0001611502,Integrante · 2015/1 - 2022/12,,,0
G-00000000018935,I-0001682450,Integrante · 2021/7 - 2022/8,,,0
G-00000000018935,I-0001705346,Integrante · 2023/2 - 2025/2,,,0
G-00000000018935,I-0001705577,Integrante · 2023/2 - Actual,,,1
G-00000000018935,I-0001705650,Integrante · 2021/7 - Actual,,,1
G-00000000018935,I-0001760167,Integrante · 2021/2 - Actual,,,1
G-00000000018949,I-0000112231,Integrante · 2017/2 - Actual,,,1
G-00000000018949,I-0000116197,Integrante · 2019/2 - Actual,,,1
G-00000000018949,I-0000123155,Integrante · 2017/1 - 2018/12,,,0
G-00000000018949,I-0000155858,Integrante · 2018/2 - 2021/12,,,0
G-00000000018949,I-0000155875,Integrante · 2024/8 - Actual,,,1
G-00000000018949,I-0000525898,Integrante · 2017/2 - 2020/2,,,0
G-00000000018949,I-0000706159,Integrante · 2019/2 - Actual,,,1
G-00000000018949,I-0001388098,Integrante · 2024/2 - Actual,,,1
G-00000000018949,I-0001411648,Integrante · 2017/2 - Actual,,,1
G-00000000018949,I-0001412731,Integrante · 2022/8 - Actual,,,1
G-00000000018949,I-0001425503,Integrante · 2020/2 - Actual,,,1
G-00000000018949,I-0001441458,Integrante · 2019/2 - Actual,,,1
G-00000000018949,I-0001471482,Integrante · 2019/8 - 2026/8,,,0
G-00000000018949,I-0001531662,Integrante · 2020/2 - Actual,,,1
G-00000000018949,I-0001540372,Integrante · 2023/1 - Actual,,,1
G-00000000018949,I-0001541907,Integrante · 2019/9 - Actual,,,1
G-00000000018949,I-0001620230,Integrante · 2020/2 - Actual,,,1
G-00000000018949,I-0001681257,Integrante · 2024/9 - Actual,,,1
G-00000000018949,I-0001845247,Integrante · 2022/2 - Actual,,,1
G-00000000018949,I-0001848189,Integrante · 2019/2 - Actual,,,1
G-00000000018949,I-0002004369,Integrante · 2020/8 - Actual,,,1
G-00000000018949,I-0002060398,Integrante · 2024/8 - Actual,,,1
G-00000000018949,I-0002081510,Integrante · 2022/2 - Actual,,,1
G-00000000018949,I-0002114086,Integrante · 2025/1 - Actual,,,1
G-00000000018949,I-0002114728,Integrante · 2024/2 - Actual,,,1
G-00000000018949,I-0002156557,Integrante · 2024/8 - Actual,,,1
G-00000000018949,I-0002315989,Integrante · 2025/10 - Actual,,,1
G-00000000018949,I-0002368597,Integrante · 2024/2 - Actual,,,1
G-00000000018949,I-0002405316,Integrante · 2025/3 - Actual,,,1
G-00000000020413,I-0000062781,Integrante · 2024/6 - 2025/8,,,0
G-00000000020413,I-0000081184,Integrante · 2024/6 - Actual,,,1
G-00000000020413,I-0000155851,Integrante · 2016/11 - Actual,,,1
G-00000000020413,I-0000449814,Integrante · 2016/11 - Actual,,,1
G-00000000020413,I-0000649040,Integrante · 2016/11 - Actual,,,1
G-00000000020413,I-0000649996,Integrante · 2016/11 - Actual,,,1
G-00000000020413,I-0000698334,Integrante · 2016/11 - Actual,,,1
G-00000000020413,I-0000961167,Integrante · 2022/5 - Actual,,,1
G-00000000020413,I-0001027077,Integrante · 2022/3 - Actual,,,1
G-00000000020413,I-0001200968,Integrante · 2020/6 - Actual,,,1
G-00000000020413,I-0001289438,Integrante · 2021/10 - Actual,,,1
G-00000000020413,I-0001367821,Integrante · 2016/11 - Actual,,,1
G-00000000020413,I-0001388370,Integrante · 2022/4 - Actual,,,1
G-00000000020413,I-0001404374,Integrante · 2016/11 - Actual,,,1
G-00000000020413,I-0001425692,Integrante · 2024/6 - Actual,,,1
G-00000000020413,I-0001432110,Integrante · 2023/6 - Actual,,,1
G-00000000020413,I-0001436288,Integrante · 2023/10 - Actual,,,1
G-00000000020413,I-0001473387,Integrante · 2019/3 - 2024/12,,,0
G-00000000020413,I-0001498712,Integrante · 2020/3 - Actual,,,1
G-00000000020413,I-0001592848,Integrante · 2016/11 - Actual,,,1
G-00000000020413,I-0001597437,Integrante · 2016/11 - Actual,,,1
G-00000000020413,I-0001651824,Integrante · 2018/8 - 2024/12,,,0
G-00000000020413,I-0001718115,Integrante · 2021/10 - Actual,,,1
G-00000000020413,I-0001773374,Integrante · 2025/7 - Actual,,,1
G-00000000020413,I-0001812365,Integrante · 2022/3 - Actual,,,1
G-00000000020413,I-0001826368,Integrante · 2024/9 - Actual,,,1
G-00000000020413,I-0001951086,Integrante · 2022/9 - Actual,,,1
G-00000000020413,I-0002069077,Integrante · 2023/6 - Actual,,,1
G-00000000020413,I-0002175291,Integrante · 2024/6 - Actual,,,1
G-00000000020413,I-0002355665,Integrante · 2024/6 - Actual,,,1
G-00000000020415,I-0000010841,Integrante · 2019/8 - 2021/12,,,0
G-00000000020415,I-0000051937,Integrante · 2023/10 - Actual,,,1
G-00000000020415,I-0000064046,Integrante · 2018/3 - Actual,,,1
G-00000000020415,I-0000070696,Integrante · 2020/6 - Actual,,,1
G-00000000020415,I-0000076903,Integrante · 2024/2 - Actual,,,1
G-00000000020415,I-0000092430,Integrante · 2018/7 - 2020/12,,,0
G-00000000020415,I-0000112231,Integrante · 2025/2 - Actual,,,1
G-00000000020415,I-0000116197,Integrante · 2021/3 - Actual,,,1
G-00000000020415,I-0000122739,Integrante · 2023/8 - Actual,,,1
G-00000000020415,I-0000125392,Integrante · 2017/8 - Actual,,,1
G-00000000020415,I-0000140213,Integrante · 2022/2 - Actual,,,1
G-00000000020415,I-0000141572,Integrante · 2023/8 - Actual,,,1
G-00000000020415,I-0000152182,Integrante · 2023/8 - Actual,,,1
G-00000000020415,I-0000152794,Integrante · 2023/8 - Actual,,,1
G-00000000020415,I-0000155863,Integrante · 2022/2 - Actual,,,1
G-00000000020415,I-0000155864,Integrante · 2022/3 - Actual,,,1
G-00000000020415,I-0000169171,Integrante · 2017/8 - Actual,,,1
G-00000000020415,I-0000172652,Integrante · 2025/8 - Actual,,,1
G-00000000020415,I-0000181613,Integrante · 2020/3 - Actual,,,1
G-00000000020415,I-0000311294,Integrante · 2020/2 - Actual,,,1
G-00000000020415,I-0000607924,Integrante · 2022/8 - Actual,,,1
G-00000000020415,I-0000610291,Integrante · 2021/2 - 2022/6,,,0
G-00000000020415,I-0000634484,Integrante · 2016/11 - Actual,,,1
G-00000000020415,I-0000770000,Integrante · 2025/2 - Actual,,,1
G-00000000020415,I-0001350660,Integrante · 2021/2 - 2021/12,,,0
G-00000000020415,I-0001358619,Integrante · 2016/4 - 2021/12,,,0
G-00000000020415,I-0001362231,Integrante · 2023/3 - Actual,,,1
G-00000000020415,I-0001394929,Integrante · 2019/8 - Actual,,,1
G-00000000020415,I-0001410761,Integrante · 2016/3 - Actual,,,1
G-00000000020415,I-0001411054,Integrante · 2021/2 - Actual,,,1
G-00000000020415,I-0001419235,Integrante · 2022/3 - Actual,,,1
G-00000000020415,I-0001453275,Integrante · 2023/2 - Actual,,,1
G-00000000020415,I-0001468600,Integrante · 2020/7 - Actual,,,1
G-00000000020415,I-0001483252,Integrante · 2019/8 - Actual,,,1
G-00000000020415,I-0001489007,Integrante · 2025/3 - Actual,,,1
G-00000000020415,I-0001525826,Integrante · 2019/8 - Actual,,,1
G-00000000020415,I-0001535662,Integrante · 2021/10 - Actual,,,1
G-00000000020415,I-0001537018,Integrante · 2021/10 - 2022/11,,,0
G-00000000020415,I-0001567147,Integrante · 2021/2 - Actual,,,1
G-00000000020415,I-0001579334,Integrante · 2017/8 - 2022/6,,,0
G-00000000020415,I-0001586122,Integrante · 2021/2 - Actual,,,1
G-00000000020415,I-0001602456,Integrante · 2021/12 - Actual,,,1
G-00000000020415,I-0001629185,Integrante · 2023/8 - Actual,,,1
G-00000000020415,I-0001665548,Integrante · 2021/8 - Actual,,,1
G-00000000020415,I-0001679614,Integrante · 2022/2 - Actual,,,1
G-00000000020415,I-0001681257,Integrante · 2023/2 - Actual,,,1
G-00000000020415,I-0001734997,Integrante · 2019/8 - Actual,,,1
G-00000000020415,I-0001742599,Integrante · 2020/6 - Actual,,,1
G-00000000020415,I-0001748912,Integrante · 2019/8 - Actual,,,1
G-00000000020415,I-0001847621,Integrante · 2023/8 - Actual,,,1
G-00000000020415,I-0001852023,Integrante · 2021/10 - Actual,,,1
G-00000000020415,I-0001864276,Integrante · 2023/8 - 2023/null,,,1
G-00000000020415,I-0002002591,Integrante · 2023/8 - Actual,,,1
G-00000000020415,I-0002019521,Integrante · 2022/2 - Actual,,,1
G-00000000020415,I-0002082201,Integrante · 2023/8 - Actual,,,1
G-00000000020415,I-0002098708,Integrante · 2023/3 - 2023/null,,,1
G-00000000020415,I-0002114053,Integrante · 2024/4 - Actual,,,1
G-00000000020415,I-0002114087,Integrante · 2023/8 - Actual,,,1
G-00000000020415,I-0002114284,Integrante · 2023/8 - Actual,,,1
G-00000000020415,I-0002140223,Integrante · 2023/8 - Actual,,,1
G-00000000020415,I-0002176561,Integrante · 2023/8 - Actual,,,1
G-00000000020415,I-0002186001,Integrante · 2024/2 - Actual,,,1
G-00000000020415,I-0002261800,Integrante · 2024/6 - Actual,,,1
G-00000000020415,I-0002262731,Integrante · 2025/2 - Actual,,,1
G-00000000020415,I-0002397698,Integrante · 2025/2 - Actual,,,1
G-00000000020417,I-0000000063,Integrante · 2019/10 - 2019/12,,,0
G-00000000020417,I-0000002556,Integrante · 2022/7 - Actual,,,1
G-00000000020417,I-0000027716,Integrante · 2023/9 - Actual,,,1
G-00000000020417,I-0000052664,Integrante · 2023/2 - Actual,,,1
G-00000000020417,I-0000064046,Integrante · 2020/1 - Actual,,,1
G-00000000020417,I-0000068159,Integrante · 2019/2 - Actual,,,1
G-00000000020417,I-0000157064,Integrante · 2025/2 - Actual,,,1
G-00000000020417,I-0000171936,Integrante · 2019/8 - Actual,,,1
G-00000000020417,I-0000570486,Integrante · 2020/11 - 2021/2,,,0
G-00000000020417,I-0000635731,Integrante · 2023/8 - Actual,,,1
G-00000000020417,I-0000651559,Integrante · 2017/11 - Actual,,,1
G-00000000020417,I-0000655309,Integrante · 2017/11 - 2018/2,,,0
G-00000000020417,I-0000706167,Integrante · 2026/6 - Actual,,,1
G-00000000020417,I-0001343627,Integrante · 2017/11 - 2025/1,,,0
G-00000000020417,I-0001398447,Integrante · 2021/1 - 2025/1,,,0
G-00000000020417,I-0001409046,Integrante · 2025/2 - Actual,,,1
G-00000000020417,I-0001410761,Integrante · 2017/11 - 2024/5,,,0
G-00000000020417,I-0001428804,Integrante · 2019/2 - Actual,,,1
G-00000000020417,I-0001449769,Integrante · 2017/11 - 2019/7,,,0
G-00000000020417,I-0001453275,Integrante · 2023/2 - 2025/12,,,0
G-00000000020417,I-0001459431,Integrante · 2022/2 - 2024/5,,,0
G-00000000020417,I-0001498233,Integrante · 2019/9 - Actual,,,1
G-00000000020417,I-0001537020,Integrante · 2017/11 - Actual,,,1
G-00000000020417,I-0001615273,Integrante · 2019/2 - Actual,,,1
G-00000000020417,I-0001651312,Integrante · 2017/11 - Actual,,,1
G-00000000020417,I-0001746260,Integrante · 2019/6 - Actual,,,1
G-00000000020417,I-0001931530,Integrante · 2024/2 - Actual,,,1
G-00000000020417,I-0002059627,Integrante · 2022/8 - Actual,,,1
G-00000000020417,I-0002060749,Integrante · 2023/10 - Actual,,,1
G-00000000020417,I-0002069342,Integrante · 2025/6 - Actual,,,1
G-00000000020417,I-0002113926,Integrante · 2025/7 - Actual,,,1
G-00000000020417,I-0002113933,Integrante · 2024/8 - Actual,,,1
G-00000000020417,I-0002138904,Integrante · 2023/9 - Actual,,,1
G-00000000020417,I-0002156557,Integrante · 2024/2 - Actual,,,1
G-00000000020417,I-0002161526,Integrante · 2024/8 - Actual,,,1
G-00000000020417,I-0002169432,Integrante · 2024/8 - Actual,,,1
G-00000000020417,I-0002180930,Integrante · 2024/2 - Actual,,,1
G-00000000020417,I-0002261903,Integrante · 2024/8 - Actual,,,1
G-00000000020417,I-0002269026,Integrante · 2024/8 - Actual,,,1
G-00000000020417,I-0002387854,Integrante · 2025/8 - Actual,,,1
G-00000000020734,I-0000008984,Integrante · 2022/4 - 2023/6,,,0
G-00000000020734,I-0000041749,Integrante · 2022/1 - Actual,,,1
G-00000000020734,I-0000082185,Integrante · 2019/3 - 2023/2,,,0
G-00000000020734,I-0000122096,Integrante · 2022/1 - Actual,,,1
G-00000000020734,I-0000148756,Integrante · 2023/1 - 2023/12,,,0
G-00000000020734,I-0000171252,Integrante · 2018/3 - 2021/3,,,0
G-00000000020734,I-0000185819,Integrante · 2023/2 - 2024/12,,,0
G-00000000020734,I-0000241687,Integrante · 2020/2 - Actual,,,1
G-00000000020734,I-0000593982,Integrante · 2019/5 - Actual,,,1
G-00000000020734,I-0000599514,Integrante · 2025/5 - Actual,,,1
G-00000000020734,I-0000713899,Integrante · 2017/1 - Actual,,,1
G-00000000020734,I-0000871516,Integrante · 2022/1 - Actual,,,1
G-00000000020734,I-0000986020,Integrante · 2025/3 - Actual,,,1
G-00000000020734,I-0001177362,Integrante · 2019/5 - 2019/12,,,0
G-00000000020734,I-0001349276,Integrante · 2021/3 - 2021/12,,,0
G-00000000020734,I-0001401450,Integrante · 2023/5 - 2023/12,,,0
G-00000000020734,I-0001412422,Integrante · 2022/8 - Actual,,,1
G-00000000020734,I-0001414874,Integrante · 2021/1 - 2021/12,,,0
G-00000000020734,I-0001425831,Integrante · 2022/11 - 2023/6,,,0
G-00000000020734,I-0001482630,Integrante · 2022/1 - 2022/12,,,0
G-00000000020734,I-0001503437,Integrante · 2022/5 - 2023/12,,,0
G-00000000020734,I-0001510894,Integrante · 2017/6 - Actual,,,1
G-00000000020734,I-0001526255,Integrante · 2019/2 - 2020/11,,,0
G-00000000020734,I-0001554092,Integrante · 2026/3 - Actual,,,1
G-00000000020734,I-0001570355,Integrante · 2018/2 - 2023/2,,,0
G-00000000020734,I-0001601441,Integrante · 2022/1 - 2022/12,,,0
G-00000000020734,I-0001631067,Integrante · 2020/8 - Actual,,,1
G-00000000020734,I-0001653161,Integrante · 2019/6 - Actual,,,1
G-00000000020734,I-0001668782,Integrante · 2025/1 - Actual,,,1
G-00000000020734,I-0001686469,Integrante · 2018/9 - 2020/12,,,0
G-00000000020734,I-0001740927,Integrante · 2023/12 - Actual,,,1
G-00000000020734,I-0001750937,Integrante · 2023/5 - Actual,,,1
G-00000000020734,I-0001823730,Integrante · 2023/4 - 2023/12,,,0
G-00000000020734,I-0002052195,Integrante · 2023/4 - Actual,,,1
G-00000000020734,I-0002062413,Integrante · 2023/1 - 2023/12,,,0
G-00000000020734,I-0002063293,Integrante · 2024/4 - Actual,,,1
G-00000000020734,I-0002095334,Integrante · 2023/4 - 2023/12,,,0
G-00000000020734,I-0002100647,Integrante · 2023/2 - 2023/12,,,0
G-00000000020734,I-0002113021,Integrante · 2023/2 - Actual,,,1
G-00000000020734,I-0002151034,Integrante · 2025/5 - Actual,,,1
G-00000000020734,I-0002159522,Integrante · 2022/1 - 2022/6,,,0
G-00000000020734,I-0002159529,Integrante · 2022/1 - 2023/12,,,0
G-00000000020734,I-0002159533,Integrante · 2022/1 - 2023/12,,,0
G-00000000020734,I-0002159536,Integrante · 2022/2 - 2022/12,,,0
G-00000000020734,I-0002159539,Integrante · 2023/1 - 2023/12,,,0
G-00000000020734,I-0002159625,Integrante · 2022/1 - 2022/12,,,0
G-00000000020734,I-0002159629,Integrante · 2022/1 - 2023/2,,,0
G-00000000020734,I-0002159641,Integrante · 2022/1 - 2023/12,,,0
G-00000000020734,I-0002227342,Integrante · 2023/1 - Actual,,,1
G-00000000020734,I-0002230959,Integrante · 2023/12 - Actual,,,1
G-00000000020734,I-0002384671,Integrante · 2025/6 - Actual,,,1
G-00000000020734,I-0002390981,Integrante · 2025/3 - Actual,,,1
G-00000000022006,I-0000007942,Integrante · 2021/2 - 2022/11,,,0
G-00000000022006,I-0000010033,Integrante · 2022/8 - Actual,,,1
G-00000000022006,I-0000030926,Integrante · 2021/7 - 2024/4,,,0
G-00000000022006,I-0000060277,Integrante · 2021/7 - 2021/12,,,0
G-00000000022006,I-0000092430,Integrante · 2025/8 - Actual,,,1
G-00000000022006,I-0000169157,Integrante · 2023/5 - Actual,,,1
G-00000000022006,I-0000338907,Integrante · 2021/1 - Actual,,,1
G-00000000022006,I-0000449709,Integrante · 2019/1 - Actual,,,1
G-00000000022006,I-0000562998,Integrante · 2023/1 - Actual,,,1
G-00000000022006,I-0000563668,Integrante · 2019/1 - 2023/4,,,0
G-00000000022006,I-0000605816,Integrante · 2022/1 - Actual,,,1
G-00000000022006,I-0000705438,Integrante · 2021/10 - 2024/12,,,0
G-00000000022006,I-0000781541,Integrante · 2019/1 - 2022/11,,,0
G-00000000022006,I-0000938262,Integrante · 2025/1 - Actual,,,1
G-00000000022006,I-0001024256,Integrante · 2021/3 - 2022/11,,,0
G-00000000022006,I-0001426122,Integrante · 2021/8 - 2022/11,,,0
G-00000000022006,I-0001481900,Integrante · 2021/8 - 2022/12,,,0
G-00000000022006,I-0001482027,Integrante · 2024/8 - Actual,,,1
G-00000000022006,I-0001502063,Integrante · 2021/7 - 2022/12,,,0
G-00000000022006,I-0001503437,Integrante · 2023/2 - 2024/12,,,0
G-00000000022006,I-0001516099,Integrante · 2019/3 - Actual,,,1
G-00000000022006,I-0001553351,Integrante · 2019/1 - Actual,,,1
G-00000000022006,I-0001617014,Integrante · 2024/1 - Actual,,,1
G-00000000022006,I-0001680239,Integrante · 2021/8 - 2022/11,,,0
G-00000000022006,I-0001799246,Integrante · 2021/3 - 2022/2,,,0
G-00000000022006,I-0001836976,Integrante · 2021/4 - 2022/11,,,0
G-00000000022006,I-0001842950,Integrante · 2023/1 - Actual,,,1
G-00000000022006,I-0001860271,Integrante · 2022/8 - Actual,,,1
G-00000000022006,I-0001864211,Integrante · 2025/8 - Actual,,,1
G-00000000022006,I-0001918513,Integrante · 2021/8 - Actual,,,1
G-00000000022006,I-0001923212,Integrante · 2021/8 - 2022/11,,,0
G-00000000022006,I-0001935975,Integrante · 2024/1 - Actual,,,1
G-00000000022105,I-0000013527,Integrante · 2021/1 - Actual,,,1
G-00000000022105,I-0000021049,Integrante · 2021/1 - Actual,,,1
G-00000000022105,I-0000047376,Integrante · 2023/1 - Actual,,,1
G-00000000022105,I-0000055615,Integrante · 2021/7 - Actual,,,1
G-00000000022105,I-0000057409,Integrante · 2022/1 - Actual,,,1
G-00000000022105,I-0000106055,Integrante · 2022/1 - 2025/12,,,0
G-00000000022105,I-0001218921,Integrante · 2024/1 - Actual,,,1
G-00000000022105,I-0001362341,Integrante · 2021/1 - Actual,,,1
G-00000000022105,I-0001375035,Integrante · 2021/1 - Actual,,,1
G-00000000022105,I-0001375483,Integrante · 2023/1 - Actual,,,1
G-00000000022105,I-0001388015,Integrante · 2023/1 - Actual,,,1
G-00000000022105,I-0001448856,Integrante · 2021/1 - Actual,,,1
G-00000000022105,I-0001646452,Integrante · 2020/1 - Actual,,,1
G-00000000022105,I-0001740589,Integrante · 2022/2 - Actual,,,1
G-00000000022105,I-0001762013,Integrante · 2021/1 - 2023/11,,,0
G-00000000022105,I-0001765225,Integrante · 2021/1 - Actual,,,1
G-00000000022105,I-0001818181,Integrante · 2021/6 - Actual,,,1
G-00000000022105,I-0001818229,Integrante · 2023/1 - Actual,,,1
G-00000000022105,I-0001818327,Integrante · 2021/2 - Actual,,,1
G-00000000022105,I-0001822866,Integrante · 2021/2 - Actual,,,1
G-00000000022105,I-0001851358,Integrante · 2022/1 - Actual,,,1
G-00000000022105,I-0001899977,Integrante · 2021/7 - Actual,,,1
G-00000000022105,I-0001899978,Integrante · 2021/7 - Actual,,,1
G-00000000022105,I-0001910774,Integrante · 2021/7 - Actual,,,1
G-00000000022105,I-0001924509,Integrante · 2025/1 - Actual,,,1
G-00000000022105,I-0001996254,Integrante · 2021/1 - Actual,,,1
G-00000000022105,I-0001998250,Integrante · 2025/1 - Actual,,,1
G-00000000022105,I-0002070072,Integrante · 2026/1 - Actual,,,1
G-00000000022105,I-0002262632,Integrante · 2023/1 - Actual,,,1
G-00000000023299,I-0000155864,Integrante · 2023/11 - Actual,,,1
G-00000000023299,I-0001362231,Integrante · 2025/2 - Actual,,,1
G-00000000023299,I-0001410761,Integrante · 2021/1 - Actual,,,1
G-00000000023299,I-0001411054,Integrante · 2026/2 - Actual,,,1
G-00000000023299,I-0001483252,Integrante · 2021/1 - Actual,,,1
G-00000000023299,I-0001498233,Integrante · 2021/1 - Actual,,,1
G-00000000023299,I-0001609963,Integrante · 2025/2 - Actual,,,1
G-00000000023299,I-0001668963,Integrante · 2025/8 - Actual,,,1
G-00000000023299,I-0001742599,Integrante · 2022/11 - Actual,,,1
G-00000000023299,I-0002082201,Integrante · 2025/2 - Actual,,,1
G-00000000023299,I-0002201660,Integrante · 2024/9 - Actual,,,1
G-00000000023299,I-0002201675,Integrante · 2025/8 - Actual,,,1
G-00000000023299,I-0002482540,Integrante · 2026/2 - Actual,,,1
G-00000000023768,I-0000038814,Integrante · 2020/1 - Actual,,,1
G-00000000023768,I-0000160322,Integrante · 2025/6 - Actual,,,1
G-00000000023768,I-0000185819,Integrante · 2025/1 - Actual,,,1
G-00000000023768,I-0000338907,Integrante · 2022/12 - Actual,,,1
G-00000000023768,I-0000554693,Integrante · 2022/1 - 2025/12,,,0
G-00000000023768,I-0001401450,Integrante · 2025/6 - Actual,,,1
G-00000000023768,I-0001414874,Integrante · 2022/1 - 2025/12,,,0
G-00000000023768,I-0001420767,Integrante · 2025/1 - Actual,,,1
G-00000000023768,I-0001425831,Integrante · 2024/2 - 2024/10,,,0
G-00000000023768,I-0001425992,Integrante · 2019/1 - Actual,,,1
G-00000000023768,I-0001455875,Integrante · 2019/1 - Actual,,,1
G-00000000023768,I-0001503437,Integrante · 2022/1 - Actual,,,1
G-00000000023768,I-0001542629,Integrante · 2022/1 - Actual,,,1
G-00000000023768,I-0001631067,Integrante · 2022/1 - Actual,,,1
G-00000000023768,I-0001724998,Integrante · 2020/1 - Actual,,,1
G-00000000023768,I-0001740794,Integrante · 2019/1 - Actual,,,1
G-00000000023768,I-0001933253,Integrante · 2023/10 - Actual,,,1
G-00000000023768,I-0002049701,Integrante · 2022/1 - Actual,,,1
G-00000000023768,I-0002144404,Integrante · 2023/1 - Actual,,,1
G-00000000023768,I-0002236495,Integrante · 2022/1 - Actual,,,1
G-00000000023779,I-0000041749,Integrante · 2022/1 - 2022/1,,,0
G-00000000023779,I-0000185819,Integrante · 2022/1 - 2023/12,,,0
G-00000000023779,I-0000241687,Integrante · 2023/7 - 2023/8,,,0
G-00000000023779,I-0000713899,Integrante · 2022/1 - Actual,,,1
G-00000000023779,I-0001401450,Integrante · 2023/7 - 2023/8,,,0
G-00000000023779,I-0001503437,Integrante · 2023/2 - 2023/12,,,0
G-00000000023779,I-0001510894,Integrante · 2022/1 - Actual,,,1
G-00000000023779,I-0001601441,Integrante · 2023/10 - Actual,,,1
G-00000000023779,I-0001740927,Integrante · 2023/6 - Actual,,,1
G-00000000023779,I-0002062780,Integrante · 2023/5 - 2023/11,,,0
G-00000000023779,I-0002100647,Integrante · 2023/2 - 2024/6,,,0
G-00000000023779,I-0002113021,Integrante · 2023/2 - Actual,,,1
G-00000000023779,I-0002152072,Integrante · 2022/1 - Actual,,,1
G-00000000023784,I-0000082507,Integrante · 2022/1 - Actual,,,1
G-00000000023784,I-0000092430,Integrante · 2022/11 - Actual,,,1
G-00000000023784,I-0000655384,Integrante · 2023/10 - Actual,,,1
G-00000000023784,I-0001212052,Integrante · 2022/11 - Actual,,,1
G-00000000023784,I-0001508379,Integrante · 2022/11 - Actual,,,1
G-00000000023784,I-0001582471,Integrante · 2022/11 - Actual,,,1
G-00000000023784,I-0001640061,Integrante · 2022/2 - Actual,,,1
G-00000000023784,I-0001706783,Integrante · 2026/5 - 2026/null,,,1
G-00000000023784,I-0002059616,Integrante · 2023/11 - Actual,,,1
G-00000000023784,I-0002068094,Integrante · 2023/11 - Actual,,,1
G-00000000023784,I-0002150114,Integrante · 2023/11 - Actual,,,1
G-00000000023784,I-0002153449,Integrante · 2023/11 - Actual,,,1
G-00000000023784,I-0002159557,Integrante · 2023/11 - Actual,,,1
G-00000000023784,I-0002263491,Integrante · 2024/4 - Actual,,,1
G-00000000023784,I-0002369142,Integrante · 2025/1 - Actual,,,1
G-00000000023784,I-0002392785,Integrante · 2025/2 - Actual,,,1
G-00000000023785,I-0001281240,Integrante · 2020/10 - Actual,,,1
G-00000000023785,I-0001392422,Integrante · 2020/10 - Actual,,,1
G-00000000023785,I-0001643085,Integrante · 2025/1 - Actual,,,1
G-00000000023785,I-0001729336,Integrante · 2020/10 - Actual,,,1
G-00000000023785,I-0001842350,Integrante · 2020/10 - Actual,,,1
G-00000000023785,I-0001842388,Integrante · 2020/10 - Actual,,,1
G-00000000023785,I-0001925068,Integrante · 2020/10 - Actual,,,1
G-00000000023799,I-0000051775,Integrante · 2023/1 - Actual,,,1
G-00000000023799,I-0000164660,Integrante · 2023/1 - Actual,,,1
G-00000000023799,I-0000284009,Integrante · 2023/1 - Actual,,,1
G-00000000023799,I-0000424226,Integrante · 2023/1 - Actual,,,1
G-00000000023799,I-0000684660,Integrante · 2023/1 - Actual,,,1
G-00000000023799,I-0000834904,Integrante · 2023/1 - Actual,,,1
G-00000000023799,I-0000996378,Integrante · 2023/1 - Actual,,,1
G-00000000023799,I-0001044010,Integrante · 2023/1 - Actual,,,1
G-00000000023799,I-0001356529,Integrante · 2023/3 - Actual,,,1
G-00000000023799,I-0001638385,Integrante · 2023/1 - Actual,,,1
G-00000000023799,I-0002059253,Integrante · 2026/2 - Actual,,,1
G-00000000023799,I-0002067184,Integrante · 2025/5 - Actual,,,1
G-00000000023799,I-0002090466,Integrante · 2025/11 - Actual,,,1
G-00000000023799,I-0002361178,Integrante · 2026/1 - Actual,,,1
G-00000000023954,I-0000035825,Integrante · 2022/1 - Actual,,,1
G-00000000023954,I-0000056136,Integrante · 2023/1 - Actual,,,1
G-00000000023954,I-0000074315,Integrante · 2022/1 - Actual,,,1
G-00000000023954,I-0000074929,Integrante · 2022/1 - Actual,,,1
G-00000000023954,I-0000122089,Integrante · 2022/1 - Actual,,,1
G-00000000023954,I-0000185854,Integrante · 2022/1 - Actual,,,1
G-00000000023954,I-0000562998,Integrante · 2022/1 - Actual,,,1
G-00000000023954,I-0000758078,Integrante · 2022/1 - Actual,,,1
G-00000000023954,I-0001171739,Integrante · 2022/1 - Actual,,,1
G-00000000023954,I-0001482027,Integrante · 2022/1 - Actual,,,1
G-00000000023954,I-0001601952,Integrante · 2022/1 - 2026/7,,,0
G-00000000023954,I-0001667502,Integrante · 2022/1 - Actual,,,1
G-00000000023954,I-0001682069,Integrante · 2022/1 - Actual,,,1
G-00000000023954,I-0001748966,Integrante · 2022/1 - Actual,,,1
G-00000000023954,I-0001836499,Integrante · 2022/1 - Actual,,,1
G-00000000023954,I-0001865235,Integrante · 2022/1 - 2026/7,,,0
G-00000000023954,I-0002070563,Integrante · 2022/1 - Actual,,,1
G-00000000023954,I-0002106572,Integrante · 2022/1 - Actual,,,1
G-00000000023954,I-0002281449,Integrante · 2024/1 - Actual,,,1
G-00000000023954,I-0002287999,Integrante · 2025/1 - Actual,,,1
G-00000000024231,I-0000081184,Integrante · 2022/2 - Actual,,,1
G-00000000024231,I-0000141572,Integrante · 2025/2 - Actual,,,1
G-00000000024231,I-0000150928,Integrante · 2023/2 - Actual,,,1
G-00000000024231,I-0000961884,Integrante · 2026/1 - Actual,,,1
G-00000000024231,I-0001432110,Integrante · 2021/12 - Actual,,,1
G-00000000024231,I-0001718115,Integrante · 2024/8 - Actual,,,1
G-00000000024231,I-0001773374,Integrante · 2026/3 - Actual,,,1
G-00000000024231,I-0001852023,Integrante · 2021/12 - Actual,,,1
G-00000000024231,I-0001926774,Integrante · 2026/1 - Actual,,,1
G-00000000024231,I-0002069077,Integrante · 2023/1 - Actual,,,1
G-00000000024231,I-0002092856,Integrante · 2021/12 - Actual,,,1
G-00000000024231,I-0002173630,Integrante · 2025/1 - Actual,,,1
G-00000000024231,I-0002262731,Integrante · 2025/1 - Actual,,,1
G-00000000024231,I-0002381132,Integrante · 2025/2 - Actual,,,1
G-00000000024231,I-0002514652,Integrante · 2025/1 - Actual,,,1
G-00000000024231,I-0002528635,Integrante · 2025/1 - Actual,,,1
G-00000000024259,I-0000112231,Integrante · 2021/12 - Actual,,,1
G-00000000024259,I-0001406106,Integrante · 2021/11 - Actual,,,1
G-00000000024259,I-0001443019,Integrante · 2021/12 - Actual,,,1
G-00000000024259,I-0001615273,Integrante · 2021/11 - Actual,,,1
G-00000000024259,I-0001794928,Integrante · 2021/12 - Actual,,,1
G-00000000024259,I-0001795985,Integrante · 2021/12 - Actual,,,1
G-00000000024259,I-0002113926,Integrante · 2025/2 - Actual,,,1
G-00000000024259,I-0002175291,Integrante · 2025/2 - Actual,,,1
G-00000000024277,I-0000056359,Integrante · 2022/2 - Actual,,,1
G-00000000024277,I-0000162546,Integrante · 2025/10 - Actual,,,1
G-00000000024277,I-0000211374,Integrante · 2024/7 - Actual,,,1
G-00000000024277,I-0000728187,Integrante · 2022/1 - Actual,,,1
G-00000000024277,I-0001386978,Integrante · 2024/2 - Actual,,,1
G-00000000024277,I-0001425567,Integrante · 2022/2 - Actual,,,1
G-00000000024277,I-0001465942,Integrante · 2023/2 - Actual,,,1
G-00000000024277,I-0001467688,Integrante · 2024/2 - Actual,,,1
G-00000000024277,I-0001514421,Integrante · 2024/1 - Actual,,,1
G-00000000024277,I-0001514792,Integrante · 2024/2 - Actual,,,1
G-00000000024277,I-0001562432,Integrante · 2025/2 - Actual,,,1
G-00000000024277,I-0001621784,Integrante · 2025/8 - Actual,,,1
G-00000000024277,I-0001634427,Integrante · 2022/1 - Actual,,,1
G-00000000024277,I-0001635812,Integrante · 2022/1 - Actual,,,1
G-00000000024277,I-0001813356,Integrante · 2025/3 - Actual,,,1
G-00000000024277,I-0001905936,Integrante · 2022/1 - Actual,,,1
G-00000000024277,I-0002056379,Integrante · 2024/10 - Actual,,,1
G-00000000024277,I-0002061709,Integrante · 2025/6 - Actual,,,1
G-00000000024277,I-0002112496,Integrante · 2025/7 - Actual,,,1
G-00000000024277,I-0002114045,Integrante · 2024/8 - Actual,,,1
G-00000000024277,I-0002114275,Integrante · 2024/5 - Actual,,,1
G-00000000024277,I-0002138904,Integrante · 2024/8 - Actual,,,1
G-00000000024277,I-0002186001,Integrante · 2024/1 - Actual,,,1
G-00000000024277,I-0002240786,Integrante · 2022/2 - Actual,,,1
G-00000000024277,I-0002264967,Integrante · 2024/9 - Actual,,,1
G-00000000024277,I-0002313903,Integrante · 2024/6 - Actual,,,1
G-00000000024277,I-0002434331,Integrante · 2024/9 - Actual,,,1
G-00000000024291,I-0000102210,Integrante · 2026/2 - Actual,,,1
G-00000000024291,I-0000883603,Integrante · 2023/1 - Actual,,,1
G-00000000024291,I-0001281321,Integrante · 2023/1 - Actual,,,1
G-00000000024291,I-0001578081,Integrante · 2023/1 - Actual,,,1
G-00000000024291,I-0001729338,Integrante · 2023/1 - Actual,,,1
G-00000000024291,I-0001729359,Integrante · 2024/2 - Actual,,,1
G-00000000024291,I-0001743931,Integrante · 2023/1 - Actual,,,1
G-00000000024291,I-0001744017,Integrante · 2023/1 - Actual,,,1
G-00000000024297,I-0000020588,Integrante · 2023/2 - Actual,,,1
G-00000000024297,I-0000053338,Integrante · 2024/1 - Actual,,,1
G-00000000024297,I-0000085794,Integrante · 2025/7 - Actual,,,1
G-00000000024297,I-0001236059,Integrante · 2023/1 - Actual,,,1
G-00000000024297,I-0001373732,Integrante · 2023/2 - Actual,,,1
G-00000000024297,I-0001400071,Integrante · 2025/1 - 2025/12,,,0
G-00000000024297,I-0001448347,Integrante · 2024/1 - 2025/12,,,0
G-00000000024297,I-0001638711,Integrante · 2022/2 - Actual,,,1
G-00000000024297,I-0001645108,Integrante · 2022/2 - 2023/2,,,0
G-00000000024297,I-0001785259,Integrante · 2024/1 - Actual,,,1
G-00000000024297,I-0001834804,Integrante · 2025/2 - Actual,,,1
G-00000000024297,I-0001911297,Integrante · 2025/9 - Actual,,,1
G-00000000024297,I-0002031169,Integrante · 2023/2 - Actual,,,1
G-00000000024297,I-0002095061,Integrante · 2025/1 - 2026/9,,,0
G-00000000024297,I-0002134449,Integrante · 2025/1 - Actual,,,1
G-00000000024297,I-0002186749,Integrante · 2024/2 - 2025/12,,,0
G-00000000024297,I-0002231097,Integrante · 2024/2 - Actual,,,1
G-00000000024297,I-0002231114,Integrante · 2024/1 - Actual,,,1
G-00000000024297,I-0002231123,Integrante · 2024/1 - Actual,,,1
G-00000000024297,I-0002231124,Integrante · 2024/1 - Actual,,,1
G-00000000024297,I-0002260593,Integrante · 2024/2 - Actual,,,1
G-00000000024297,I-0002299719,Integrante · 2024/7 - 2025/12,,,0
G-00000000024297,I-0002310331,Integrante · 2024/2 - Actual,,,1
G-00000000024297,I-0002387014,Integrante · 2025/1 - Actual,,,1
G-00000000024297,I-0002387412,Integrante · 2025/1 - Actual,,,1
G-00000000024297,I-0002387414,Integrante · 2025/1 - Actual,,,1
G-00000000024297,I-0002397294,Integrante · 2025/1 - Actual,,,1
G-00000000024297,I-0002500329,Integrante · 2025/2 - Actual,,,1
G-00000000024297,I-0002500337,Integrante · 2025/2 - Actual,,,1
G-00000000024297,I-0002527544,Integrante · 2026/1 - Actual,,,1
G-00000000024331,I-0000028528,Integrante · 2022/1 - Actual,,,1
G-00000000024331,I-0000053790,Integrante · 2022/2 - Actual,,,1
G-00000000024331,I-0000059193,Integrante · 2024/2 - Actual,,,1
G-00000000024331,I-0000537349,Integrante · 2022/1 - Actual,,,1
G-00000000024331,I-0001393656,Integrante · 2025/1 - Actual,,,1
G-00000000024331,I-0001450071,Integrante · 2022/1 - Actual,,,1
G-00000000024331,I-0001627619,Integrante · 2022/1 - Actual,,,1
G-00000000024331,I-0001635580,Integrante · 2025/1 - Actual,,,1
G-00000000024331,I-0001745538,Integrante · 2022/1 - Actual,,,1
G-00000000024331,I-0001806246,Integrante · 2022/1 - Actual,,,1
G-00000000024331,I-0001922603,Integrante · 2025/3 - Actual,,,1
G-00000000024331,I-0002019853,Integrante · 2022/1 - Actual,,,1
G-00000000024331,I-0002022036,Integrante · 2022/2 - Actual,,,1
G-00000000024331,I-0002083093,Integrante · 2022/2 - Actual,,,1
G-00000000024331,I-0002208404,Integrante · 2023/1 - Actual,,,1
